ISO-10303-21;
HEADER;
/* Generated by software containing ST-Developer
 * from STEP Tools, Inc. (www.steptools.com) 
 */
/* OPTION: using custom renumber hook */

FILE_DESCRIPTION(
/* description */ ('STEP AP242 Edition 2',
'CAx-IF Rec.Pracs.---Representation and Presentation of Product Manufa
cturing Information (PMI)---4.0---2014-10-13',
'CAx-IF Rec.Pracs.---3D Tessellated Geometry---0.4---2014-09-14','2;1',
'CAx-IF Rec.Pracs.---User Defined Attributes---1.5---2016-08-15'),
/* implementation_level */ '2;1');

FILE_NAME(
/* name */ 'Part Studio 1 - ComputePillow',
/* time_stamp */ '2026-09-11T10:33:52Z',
/* author */ (''),
/* organization */ (''),
/* preprocessor_version */ 'ST-DEVELOPER v20',
/* originating_system */ 'ONSHAPE BY PTC INC, 1.220',
/* authorisation */ '  ');

FILE_SCHEMA (('AP242_MANAGED_MODEL_BASED_3D_ENGINEERING_MIM_LF { 1 0 10303 442 3 1 4 }'));
ENDSEC;

DATA;
#10=SHAPE_REPRESENTATION_RELATIONSHIP('','',#4591,#11);
#11=ADVANCED_BREP_SHAPE_REPRESENTATION('',(#4589),#7455);
#12=(
BOUNDED_SURFACE()
B_SPLINE_SURFACE(3,2,((#6240,#6241,#6242),(#6243,#6244,#6245),(#6246,#6247,
#6248),(#6249,#6250,#6251)),.UNSPECIFIED.,.F.,.F.,.F.)
B_SPLINE_SURFACE_WITH_KNOTS((4,4),(3,3),(1.4216897649679,1.72942492761128),
(0.446615535794852,1.),.PIECEWISE_BEZIER_KNOTS.)
GEOMETRIC_REPRESENTATION_ITEM()
RATIONAL_B_SPLINE_SURFACE(((0.847011617985884,0.828724742253045,1.),(0.852686066323098,
0.835077463869765,1.),(0.858346382556824,0.841414364156554,1.),(0.863747611361459,
0.847461207998453,1.)))
REPRESENTATION_ITEM('')
SURFACE()
);
#13=(
BOUNDED_SURFACE()
B_SPLINE_SURFACE(3,2,((#7141,#7142,#7143),(#7144,#7145,#7146),(#7147,#7148,
#7149),(#7150,#7151,#7152)),.UNSPECIFIED.,.F.,.F.,.F.)
B_SPLINE_SURFACE_WITH_KNOTS((4,4),(3,3),(1.41170452053672,1.71990565127835),
(0.446615280055716,1.),.PIECEWISE_BEZIER_KNOTS.)
GEOMETRIC_REPRESENTATION_ITEM()
RATIONAL_B_SPLINE_SURFACE(((0.863772014595812,0.847488440848695,1.),(0.858363377750731,
0.84143330000756,1.),(0.852694522125563,0.835086835972046,1.),(0.847011482062913,
0.828724492007975,1.)))
REPRESENTATION_ITEM('')
SURFACE()
);
#14=CYLINDRICAL_SURFACE('',#4606,2.25);
#15=CYLINDRICAL_SURFACE('',#4618,1.);
#16=CYLINDRICAL_SURFACE('',#4646,2.);
#17=CYLINDRICAL_SURFACE('',#4648,2.);
#18=CYLINDRICAL_SURFACE('',#4650,2.);
#19=CYLINDRICAL_SURFACE('',#4683,2.25);
#20=CYLINDRICAL_SURFACE('',#4686,2.25);
#21=CYLINDRICAL_SURFACE('',#4687,2.25);
#22=CYLINDRICAL_SURFACE('',#4689,2.);
#23=CYLINDRICAL_SURFACE('',#4691,2.25);
#24=CYLINDRICAL_SURFACE('',#4696,2.25);
#25=CYLINDRICAL_SURFACE('',#4697,2.);
#26=CYLINDRICAL_SURFACE('',#4700,2.25);
#27=CYLINDRICAL_SURFACE('',#4702,2.25);
#28=CYLINDRICAL_SURFACE('',#4704,2.25);
#29=CYLINDRICAL_SURFACE('',#4705,2.25);
#30=CYLINDRICAL_SURFACE('',#4706,2.);
#31=CYLINDRICAL_SURFACE('',#4708,2.25);
#32=CYLINDRICAL_SURFACE('',#4709,2.25);
#33=CYLINDRICAL_SURFACE('',#4710,1.75);
#34=CYLINDRICAL_SURFACE('',#4711,1.75);
#35=CYLINDRICAL_SURFACE('',#4735,2.);
#36=CYLINDRICAL_SURFACE('',#4738,2.);
#37=CYLINDRICAL_SURFACE('',#4739,2.);
#38=CYLINDRICAL_SURFACE('',#4741,2.);
#39=CYLINDRICAL_SURFACE('',#4742,2.);
#40=CYLINDRICAL_SURFACE('',#4743,2.);
#41=CYLINDRICAL_SURFACE('',#4745,2.);
#42=CYLINDRICAL_SURFACE('',#4747,2.);
#43=CYLINDRICAL_SURFACE('',#4749,2.);
#44=CYLINDRICAL_SURFACE('',#4750,2.);
#45=CYLINDRICAL_SURFACE('',#4751,2.);
#46=CYLINDRICAL_SURFACE('',#4752,2.);
#47=CYLINDRICAL_SURFACE('',#4753,2.);
#48=CYLINDRICAL_SURFACE('',#4754,2.);
#49=CYLINDRICAL_SURFACE('',#4755,1.);
#50=CYLINDRICAL_SURFACE('',#4876,0.1625);
#51=CYLINDRICAL_SURFACE('',#4877,0.1625);
#52=CYLINDRICAL_SURFACE('',#4878,0.1625);
#53=CYLINDRICAL_SURFACE('',#4879,0.1625);
#54=CYLINDRICAL_SURFACE('',#4880,0.1625);
#55=CYLINDRICAL_SURFACE('',#4881,0.1625);
#56=B_SPLINE_CURVE_WITH_KNOTS('',3,(#6189,#6190,#6191,#6192,#6193,#6194),
 .UNSPECIFIED.,.F.,.F.,(4,1,1,4),(0.,0.00222072457032406,0.00444144914064812,
0.00888289828129623),.UNSPECIFIED.);
#57=B_SPLINE_CURVE_WITH_KNOTS('',3,(#6210,#6211,#6212,#6213),
 .UNSPECIFIED.,.F.,.F.,(4,4),(0.00754988366896872,0.0164230864497883),
 .UNSPECIFIED.);
#58=B_SPLINE_CURVE_WITH_KNOTS('',3,(#6252,#6253,#6254,#6255),
 .UNSPECIFIED.,.F.,.F.,(4,4),(0.00131917411820738,0.00234663528079837),
 .UNSPECIFIED.);
#59=B_SPLINE_CURVE_WITH_KNOTS('',3,(#6257,#6258,#6259,#6260,#6261,#6262,
#6263),.UNSPECIFIED.,.F.,.F.,(4,1,1,1,4),(0.,0.00238788246593293,0.00477576493186587,
0.0071636473977988,0.00955152986373174),.UNSPECIFIED.);
#60=B_SPLINE_CURVE_WITH_KNOTS('',3,(#6766,#6767,#6768,#6769,#6770,#6771,
#6772,#6773,#6774,#6775,#6776),.UNSPECIFIED.,.F.,.F.,(4,1,1,1,1,1,1,1,4),
(0.23306860023896,0.237964437097535,0.24286027395611,0.247756110814686,
0.252651947673261,0.257547784531836,0.262443621390411,0.267339458248986,
0.272235295107561),.UNSPECIFIED.);
#61=B_SPLINE_CURVE_WITH_KNOTS('',3,(#6785,#6786,#6787,#6788,#6789,#6790,
#6791,#6792,#6793,#6794,#6795),.UNSPECIFIED.,.F.,.F.,(4,1,1,1,1,1,1,1,4),
(0.233068600238964,0.23796443709754,0.242860273956115,0.247756110814691,
0.252651947673266,0.257547784531842,0.262443621390417,0.267339458248993,
0.272235295107568),.UNSPECIFIED.);
#62=B_SPLINE_CURVE_WITH_KNOTS('',3,(#6931,#6932,#6933,#6934,#6935,#6936,
#6937,#6938,#6939,#6940,#6941,#6942),.UNSPECIFIED.,.F.,.F.,(4,1,1,1,1,1,
1,1,1,4),(0.127341668486469,0.129340565672605,0.131339462858742,0.135337257231014,
0.139335051603286,0.143332845975558,0.14733064034783,0.151328434720102,
0.155326229092374,0.159324023464646),.UNSPECIFIED.);
#63=B_SPLINE_CURVE_WITH_KNOTS('',3,(#6968,#6969,#6970,#6971,#6972,#6973,
#6974,#6975,#6976,#6977,#6978,#6979),.UNSPECIFIED.,.F.,.F.,(4,1,1,1,1,1,
1,1,1,4),(0.125713847977766,0.129728405590669,0.133742963203572,0.137757520816476,
0.141772078429379,0.145786636042282,0.149801193655185,0.151808472461637,
0.153815751268088,0.157830308880991),.UNSPECIFIED.);
#64=B_SPLINE_CURVE_WITH_KNOTS('',3,(#7047,#7048,#7049,#7050),
 .UNSPECIFIED.,.F.,.F.,(4,4),(0.00131917411821167,0.00234663528079836),
 .UNSPECIFIED.);
#65=B_SPLINE_CURVE_WITH_KNOTS('',3,(#7102,#7103,#7104,#7105,#7106,#7107,
#7108),.UNSPECIFIED.,.F.,.F.,(4,1,1,1,4),(0.,0.00237219062842325,0.0047443812568465,
0.00711657188526974,0.00948876251369299),.UNSPECIFIED.);
#66=ELLIPSE('',#4599,1.7804960026984,1.75);
#67=ELLIPSE('',#4600,1.7804960026984,1.75);
#68=ELLIPSE('',#4603,2.37922791108787,2.25);
#69=ELLIPSE('',#4605,2.37922791108787,2.25);
#70=ELLIPSE('',#4607,2.82418056049675,2.25);
#71=ELLIPSE('',#4608,3.72278346610936,2.25);
#72=ELLIPSE('',#4609,3.72278346610936,2.25);
#73=ELLIPSE('',#4610,3.72278346610936,2.25);
#74=ELLIPSE('',#4611,2.96725799399774,2.25);
#75=ELLIPSE('',#4612,2.27420933346286,2.25);
#76=ELLIPSE('',#4613,12.2091154470748,2.25);
#77=ELLIPSE('',#4614,3.72278346610936,2.25);
#78=ELLIPSE('',#4615,2.02688841431651,2.);
#79=ELLIPSE('',#4617,3.30914085876388,2.);
#80=ELLIPSE('',#4625,2.03485257451247,2.);
#81=ELLIPSE('',#4626,2.03485257451247,2.);
#82=ELLIPSE('',#4647,2.03719045356645,2.);
#83=ELLIPSE('',#4649,3.44286762526279,2.);
#84=ELLIPSE('',#4651,2.03719045356645,2.);
#85=ELLIPSE('',#4653,6.02463076532336,2.25);
#86=ELLIPSE('',#4654,2.46067511875367,2.25);
#87=ELLIPSE('',#4657,2.46067511875367,2.25);
#88=ELLIPSE('',#4658,6.02463076532336,2.25);
#89=ELLIPSE('',#4661,2.46067511875367,2.25);
#90=ELLIPSE('',#4662,1.78465682975747,1.75);
#91=ELLIPSE('',#4664,1.7804960026984,1.75);
#92=ELLIPSE('',#4665,1.7804960026984,1.75);
#93=ELLIPSE('',#4668,2.27198698290726,2.25);
#94=ELLIPSE('',#4671,1.78465682975747,1.75);
#95=ELLIPSE('',#4672,2.46067511875367,2.25);
#96=ELLIPSE('',#4674,3.72278346610936,2.25);
#97=ELLIPSE('',#4675,3.72278346610936,2.25);
#98=ELLIPSE('',#4677,12.2091154470748,2.25);
#99=ELLIPSE('',#4680,2.27198698290726,2.25);
#100=ELLIPSE('',#4684,2.2598625644689,2.25);
#101=ELLIPSE('',#4685,3.4287960318856,2.25);
#102=ELLIPSE('',#4688,2.27420933346286,2.25);
#103=ELLIPSE('',#4690,2.38632750761123,2.);
#104=ELLIPSE('',#4692,3.72278346610936,2.25);
#105=ELLIPSE('',#4693,2.82418056049675,2.25);
#106=ELLIPSE('',#4694,2.96725799399774,2.25);
#107=ELLIPSE('',#4695,3.72278346610936,2.25);
#108=ELLIPSE('',#4698,3.44286762526279,2.);
#109=ELLIPSE('',#4699,2.02688841431651,2.);
#110=ELLIPSE('',#4701,2.2598625644689,2.25);
#111=ELLIPSE('',#4703,3.4287960318856,2.25);
#112=ELLIPSE('',#4707,2.38632750761123,2.);
#113=ELLIPSE('',#4713,2.03960780543711,2.);
#114=ELLIPSE('',#4714,2.18726677222549,2.);
#115=ELLIPSE('',#4716,2.03485257451247,2.);
#116=ELLIPSE('',#4717,2.03485257451247,2.);
#117=ELLIPSE('',#4720,2.01954398480645,2.);
#118=ELLIPSE('',#4723,2.18726677222549,2.);
#119=ELLIPSE('',#4724,2.03960780543711,2.);
#120=ELLIPSE('',#4726,3.30914085876388,2.);
#121=ELLIPSE('',#4728,10.8525470640665,2.);
#122=ELLIPSE('',#4729,10.8525470640665,2.);
#123=ELLIPSE('',#4732,2.01954398480645,2.);
#124=ELLIPSE('',#4736,2.00876672397236,2.);
#125=ELLIPSE('',#4737,3.04781869500942,2.);
#126=ELLIPSE('',#4740,2.02151940752254,2.);
#127=ELLIPSE('',#4744,2.02151940752254,2.);
#128=ELLIPSE('',#4746,2.00876672397236,2.);
#129=ELLIPSE('',#4748,3.04781869500942,2.);
#130=CIRCLE('',#4594,2.25);
#131=CIRCLE('',#4595,2.);
#132=CIRCLE('',#4596,2.);
#133=CIRCLE('',#4597,2.25);
#134=CIRCLE('',#4619,1.);
#135=CIRCLE('',#4620,1.);
#136=CIRCLE('',#4621,1.);
#137=CIRCLE('',#4630,0.1625);
#138=CIRCLE('',#4631,0.1625);
#139=CIRCLE('',#4632,0.1625);
#140=CIRCLE('',#4634,0.1625);
#141=CIRCLE('',#4635,0.1625);
#142=CIRCLE('',#4636,0.1625);
#143=CIRCLE('',#4638,0.1625);
#144=CIRCLE('',#4639,0.1625);
#145=CIRCLE('',#4640,0.1625);
#146=CIRCLE('',#4642,0.1625);
#147=CIRCLE('',#4643,0.1625);
#148=CIRCLE('',#4644,0.1625);
#149=CIRCLE('',#4645,1.);
#150=CIRCLE('',#4756,1.);
#151=CIRCLE('',#4757,1.);
#152=ORIENTED_EDGE('',*,*,#1468,.F.);
#153=ORIENTED_EDGE('',*,*,#1469,.T.);
#154=ORIENTED_EDGE('',*,*,#1470,.T.);
#155=ORIENTED_EDGE('',*,*,#1471,.T.);
#156=ORIENTED_EDGE('',*,*,#1472,.F.);
#157=ORIENTED_EDGE('',*,*,#1473,.F.);
#158=ORIENTED_EDGE('',*,*,#1474,.F.);
#159=ORIENTED_EDGE('',*,*,#1475,.F.);
#160=ORIENTED_EDGE('',*,*,#1476,.T.);
#161=ORIENTED_EDGE('',*,*,#1477,.T.);
#162=ORIENTED_EDGE('',*,*,#1478,.T.);
#163=ORIENTED_EDGE('',*,*,#1479,.F.);
#164=ORIENTED_EDGE('',*,*,#1480,.F.);
#165=ORIENTED_EDGE('',*,*,#1481,.T.);
#166=ORIENTED_EDGE('',*,*,#1482,.T.);
#167=ORIENTED_EDGE('',*,*,#1483,.T.);
#168=ORIENTED_EDGE('',*,*,#1484,.F.);
#169=ORIENTED_EDGE('',*,*,#1485,.T.);
#170=ORIENTED_EDGE('',*,*,#1486,.F.);
#171=ORIENTED_EDGE('',*,*,#1487,.F.);
#172=ORIENTED_EDGE('',*,*,#1488,.T.);
#173=ORIENTED_EDGE('',*,*,#1489,.F.);
#174=ORIENTED_EDGE('',*,*,#1490,.F.);
#175=ORIENTED_EDGE('',*,*,#1491,.T.);
#176=ORIENTED_EDGE('',*,*,#1492,.T.);
#177=ORIENTED_EDGE('',*,*,#1493,.F.);
#178=ORIENTED_EDGE('',*,*,#1494,.F.);
#179=ORIENTED_EDGE('',*,*,#1495,.T.);
#180=ORIENTED_EDGE('',*,*,#1496,.F.);
#181=ORIENTED_EDGE('',*,*,#1497,.F.);
#182=ORIENTED_EDGE('',*,*,#1498,.T.);
#183=ORIENTED_EDGE('',*,*,#1499,.T.);
#184=ORIENTED_EDGE('',*,*,#1500,.T.);
#185=ORIENTED_EDGE('',*,*,#1501,.F.);
#186=ORIENTED_EDGE('',*,*,#1472,.T.);
#187=ORIENTED_EDGE('',*,*,#1502,.T.);
#188=ORIENTED_EDGE('',*,*,#1503,.T.);
#189=ORIENTED_EDGE('',*,*,#1504,.T.);
#190=ORIENTED_EDGE('',*,*,#1484,.T.);
#191=ORIENTED_EDGE('',*,*,#1505,.T.);
#192=ORIENTED_EDGE('',*,*,#1506,.F.);
#193=ORIENTED_EDGE('',*,*,#1507,.T.);
#194=ORIENTED_EDGE('',*,*,#1508,.T.);
#195=ORIENTED_EDGE('',*,*,#1509,.T.);
#196=ORIENTED_EDGE('',*,*,#1510,.F.);
#197=ORIENTED_EDGE('',*,*,#1511,.T.);
#198=ORIENTED_EDGE('',*,*,#1512,.T.);
#199=ORIENTED_EDGE('',*,*,#1513,.F.);
#200=ORIENTED_EDGE('',*,*,#1514,.T.);
#201=ORIENTED_EDGE('',*,*,#1515,.T.);
#202=ORIENTED_EDGE('',*,*,#1516,.T.);
#203=ORIENTED_EDGE('',*,*,#1517,.T.);
#204=ORIENTED_EDGE('',*,*,#1518,.T.);
#205=ORIENTED_EDGE('',*,*,#1519,.F.);
#206=ORIENTED_EDGE('',*,*,#1520,.F.);
#207=ORIENTED_EDGE('',*,*,#1521,.T.);
#208=ORIENTED_EDGE('',*,*,#1522,.F.);
#209=ORIENTED_EDGE('',*,*,#1523,.F.);
#210=ORIENTED_EDGE('',*,*,#1524,.F.);
#211=ORIENTED_EDGE('',*,*,#1525,.T.);
#212=ORIENTED_EDGE('',*,*,#1526,.T.);
#213=ORIENTED_EDGE('',*,*,#1527,.F.);
#214=ORIENTED_EDGE('',*,*,#1528,.F.);
#215=ORIENTED_EDGE('',*,*,#1529,.F.);
#216=ORIENTED_EDGE('',*,*,#1530,.T.);
#217=ORIENTED_EDGE('',*,*,#1531,.F.);
#218=ORIENTED_EDGE('',*,*,#1532,.T.);
#219=ORIENTED_EDGE('',*,*,#1533,.F.);
#220=ORIENTED_EDGE('',*,*,#1534,.T.);
#221=ORIENTED_EDGE('',*,*,#1530,.F.);
#222=ORIENTED_EDGE('',*,*,#1535,.F.);
#223=ORIENTED_EDGE('',*,*,#1536,.F.);
#224=ORIENTED_EDGE('',*,*,#1537,.F.);
#225=ORIENTED_EDGE('',*,*,#1538,.T.);
#226=ORIENTED_EDGE('',*,*,#1539,.F.);
#227=ORIENTED_EDGE('',*,*,#1540,.F.);
#228=ORIENTED_EDGE('',*,*,#1541,.F.);
#229=ORIENTED_EDGE('',*,*,#1542,.F.);
#230=ORIENTED_EDGE('',*,*,#1543,.F.);
#231=ORIENTED_EDGE('',*,*,#1544,.F.);
#232=ORIENTED_EDGE('',*,*,#1545,.F.);
#233=ORIENTED_EDGE('',*,*,#1532,.F.);
#234=ORIENTED_EDGE('',*,*,#1546,.T.);
#235=ORIENTED_EDGE('',*,*,#1547,.F.);
#236=ORIENTED_EDGE('',*,*,#1548,.F.);
#237=ORIENTED_EDGE('',*,*,#1549,.T.);
#238=ORIENTED_EDGE('',*,*,#1550,.T.);
#239=ORIENTED_EDGE('',*,*,#1551,.T.);
#240=ORIENTED_EDGE('',*,*,#1552,.F.);
#241=ORIENTED_EDGE('',*,*,#1546,.F.);
#242=ORIENTED_EDGE('',*,*,#1531,.T.);
#243=ORIENTED_EDGE('',*,*,#1534,.F.);
#244=ORIENTED_EDGE('',*,*,#1553,.F.);
#245=ORIENTED_EDGE('',*,*,#1554,.F.);
#246=ORIENTED_EDGE('',*,*,#1536,.T.);
#247=ORIENTED_EDGE('',*,*,#1555,.T.);
#248=ORIENTED_EDGE('',*,*,#1556,.F.);
#249=ORIENTED_EDGE('',*,*,#1557,.T.);
#250=ORIENTED_EDGE('',*,*,#1549,.F.);
#251=ORIENTED_EDGE('',*,*,#1558,.T.);
#252=ORIENTED_EDGE('',*,*,#1559,.F.);
#253=ORIENTED_EDGE('',*,*,#1560,.F.);
#254=ORIENTED_EDGE('',*,*,#1561,.T.);
#255=ORIENTED_EDGE('',*,*,#1562,.T.);
#256=ORIENTED_EDGE('',*,*,#1563,.T.);
#257=ORIENTED_EDGE('',*,*,#1564,.F.);
#258=ORIENTED_EDGE('',*,*,#1565,.T.);
#259=ORIENTED_EDGE('',*,*,#1566,.T.);
#260=ORIENTED_EDGE('',*,*,#1567,.F.);
#261=ORIENTED_EDGE('',*,*,#1568,.F.);
#262=ORIENTED_EDGE('',*,*,#1569,.T.);
#263=ORIENTED_EDGE('',*,*,#1570,.T.);
#264=ORIENTED_EDGE('',*,*,#1571,.F.);
#265=ORIENTED_EDGE('',*,*,#1572,.T.);
#266=ORIENTED_EDGE('',*,*,#1573,.T.);
#267=ORIENTED_EDGE('',*,*,#1574,.F.);
#268=ORIENTED_EDGE('',*,*,#1575,.F.);
#269=ORIENTED_EDGE('',*,*,#1576,.F.);
#270=ORIENTED_EDGE('',*,*,#1577,.T.);
#271=ORIENTED_EDGE('',*,*,#1578,.F.);
#272=ORIENTED_EDGE('',*,*,#1579,.F.);
#273=ORIENTED_EDGE('',*,*,#1580,.T.);
#274=ORIENTED_EDGE('',*,*,#1581,.F.);
#275=ORIENTED_EDGE('',*,*,#1582,.F.);
#276=ORIENTED_EDGE('',*,*,#1583,.T.);
#277=ORIENTED_EDGE('',*,*,#1584,.T.);
#278=ORIENTED_EDGE('',*,*,#1585,.F.);
#279=ORIENTED_EDGE('',*,*,#1586,.F.);
#280=ORIENTED_EDGE('',*,*,#1587,.T.);
#281=ORIENTED_EDGE('',*,*,#1588,.F.);
#282=ORIENTED_EDGE('',*,*,#1589,.F.);
#283=ORIENTED_EDGE('',*,*,#1590,.F.);
#284=ORIENTED_EDGE('',*,*,#1591,.T.);
#285=ORIENTED_EDGE('',*,*,#1592,.F.);
#286=ORIENTED_EDGE('',*,*,#1593,.F.);
#287=ORIENTED_EDGE('',*,*,#1594,.T.);
#288=ORIENTED_EDGE('',*,*,#1595,.T.);
#289=ORIENTED_EDGE('',*,*,#1596,.F.);
#290=ORIENTED_EDGE('',*,*,#1597,.F.);
#291=ORIENTED_EDGE('',*,*,#1598,.T.);
#292=ORIENTED_EDGE('',*,*,#1599,.T.);
#293=ORIENTED_EDGE('',*,*,#1600,.T.);
#294=ORIENTED_EDGE('',*,*,#1601,.F.);
#295=ORIENTED_EDGE('',*,*,#1602,.F.);
#296=ORIENTED_EDGE('',*,*,#1603,.T.);
#297=ORIENTED_EDGE('',*,*,#1604,.F.);
#298=ORIENTED_EDGE('',*,*,#1478,.F.);
#299=ORIENTED_EDGE('',*,*,#1605,.F.);
#300=ORIENTED_EDGE('',*,*,#1606,.T.);
#301=ORIENTED_EDGE('',*,*,#1607,.T.);
#302=ORIENTED_EDGE('',*,*,#1608,.F.);
#303=ORIENTED_EDGE('',*,*,#1609,.F.);
#304=ORIENTED_EDGE('',*,*,#1610,.F.);
#305=ORIENTED_EDGE('',*,*,#1611,.F.);
#306=ORIENTED_EDGE('',*,*,#1612,.T.);
#307=ORIENTED_EDGE('',*,*,#1613,.F.);
#308=ORIENTED_EDGE('',*,*,#1614,.F.);
#309=ORIENTED_EDGE('',*,*,#1615,.F.);
#310=ORIENTED_EDGE('',*,*,#1616,.F.);
#311=ORIENTED_EDGE('',*,*,#1617,.T.);
#312=ORIENTED_EDGE('',*,*,#1618,.F.);
#313=ORIENTED_EDGE('',*,*,#1619,.T.);
#314=ORIENTED_EDGE('',*,*,#1620,.F.);
#315=ORIENTED_EDGE('',*,*,#1621,.T.);
#316=ORIENTED_EDGE('',*,*,#1622,.F.);
#317=ORIENTED_EDGE('',*,*,#1623,.F.);
#318=ORIENTED_EDGE('',*,*,#1624,.F.);
#319=ORIENTED_EDGE('',*,*,#1625,.T.);
#320=ORIENTED_EDGE('',*,*,#1626,.T.);
#321=ORIENTED_EDGE('',*,*,#1627,.F.);
#322=ORIENTED_EDGE('',*,*,#1628,.F.);
#323=ORIENTED_EDGE('',*,*,#1629,.T.);
#324=ORIENTED_EDGE('',*,*,#1630,.T.);
#325=ORIENTED_EDGE('',*,*,#1631,.F.);
#326=ORIENTED_EDGE('',*,*,#1632,.F.);
#327=ORIENTED_EDGE('',*,*,#1633,.F.);
#328=ORIENTED_EDGE('',*,*,#1634,.T.);
#329=ORIENTED_EDGE('',*,*,#1635,.F.);
#330=ORIENTED_EDGE('',*,*,#1636,.T.);
#331=ORIENTED_EDGE('',*,*,#1637,.F.);
#332=ORIENTED_EDGE('',*,*,#1638,.T.);
#333=ORIENTED_EDGE('',*,*,#1639,.F.);
#334=ORIENTED_EDGE('',*,*,#1640,.T.);
#335=ORIENTED_EDGE('',*,*,#1641,.T.);
#336=ORIENTED_EDGE('',*,*,#1642,.T.);
#337=ORIENTED_EDGE('',*,*,#1643,.F.);
#338=ORIENTED_EDGE('',*,*,#1644,.T.);
#339=ORIENTED_EDGE('',*,*,#1645,.T.);
#340=ORIENTED_EDGE('',*,*,#1646,.T.);
#341=ORIENTED_EDGE('',*,*,#1647,.F.);
#342=ORIENTED_EDGE('',*,*,#1648,.T.);
#343=ORIENTED_EDGE('',*,*,#1649,.T.);
#344=ORIENTED_EDGE('',*,*,#1650,.T.);
#345=ORIENTED_EDGE('',*,*,#1651,.T.);
#346=ORIENTED_EDGE('',*,*,#1652,.T.);
#347=ORIENTED_EDGE('',*,*,#1513,.T.);
#348=ORIENTED_EDGE('',*,*,#1653,.T.);
#349=ORIENTED_EDGE('',*,*,#1654,.T.);
#350=ORIENTED_EDGE('',*,*,#1655,.F.);
#351=ORIENTED_EDGE('',*,*,#1656,.T.);
#352=ORIENTED_EDGE('',*,*,#1657,.T.);
#353=ORIENTED_EDGE('',*,*,#1658,.F.);
#354=ORIENTED_EDGE('',*,*,#1659,.T.);
#355=ORIENTED_EDGE('',*,*,#1660,.T.);
#356=ORIENTED_EDGE('',*,*,#1661,.F.);
#357=ORIENTED_EDGE('',*,*,#1662,.F.);
#358=ORIENTED_EDGE('',*,*,#1663,.T.);
#359=ORIENTED_EDGE('',*,*,#1664,.F.);
#360=ORIENTED_EDGE('',*,*,#1665,.F.);
#361=ORIENTED_EDGE('',*,*,#1666,.T.);
#362=ORIENTED_EDGE('',*,*,#1667,.F.);
#363=ORIENTED_EDGE('',*,*,#1668,.F.);
#364=ORIENTED_EDGE('',*,*,#1669,.F.);
#365=ORIENTED_EDGE('',*,*,#1670,.F.);
#366=ORIENTED_EDGE('',*,*,#1671,.F.);
#367=ORIENTED_EDGE('',*,*,#1672,.T.);
#368=ORIENTED_EDGE('',*,*,#1673,.F.);
#369=ORIENTED_EDGE('',*,*,#1674,.F.);
#370=ORIENTED_EDGE('',*,*,#1675,.F.);
#371=ORIENTED_EDGE('',*,*,#1676,.T.);
#372=ORIENTED_EDGE('',*,*,#1677,.F.);
#373=ORIENTED_EDGE('',*,*,#1678,.F.);
#374=ORIENTED_EDGE('',*,*,#1679,.F.);
#375=ORIENTED_EDGE('',*,*,#1680,.T.);
#376=ORIENTED_EDGE('',*,*,#1681,.F.);
#377=ORIENTED_EDGE('',*,*,#1682,.T.);
#378=ORIENTED_EDGE('',*,*,#1683,.F.);
#379=ORIENTED_EDGE('',*,*,#1612,.F.);
#380=ORIENTED_EDGE('',*,*,#1684,.F.);
#381=ORIENTED_EDGE('',*,*,#1685,.T.);
#382=ORIENTED_EDGE('',*,*,#1686,.T.);
#383=ORIENTED_EDGE('',*,*,#1687,.T.);
#384=ORIENTED_EDGE('',*,*,#1688,.F.);
#385=ORIENTED_EDGE('',*,*,#1689,.F.);
#386=ORIENTED_EDGE('',*,*,#1690,.T.);
#387=ORIENTED_EDGE('',*,*,#1691,.T.);
#388=ORIENTED_EDGE('',*,*,#1692,.F.);
#389=ORIENTED_EDGE('',*,*,#1693,.F.);
#390=ORIENTED_EDGE('',*,*,#1694,.T.);
#391=ORIENTED_EDGE('',*,*,#1695,.T.);
#392=ORIENTED_EDGE('',*,*,#1696,.T.);
#393=ORIENTED_EDGE('',*,*,#1541,.T.);
#394=ORIENTED_EDGE('',*,*,#1697,.T.);
#395=ORIENTED_EDGE('',*,*,#1698,.T.);
#396=ORIENTED_EDGE('',*,*,#1699,.T.);
#397=ORIENTED_EDGE('',*,*,#1700,.T.);
#398=ORIENTED_EDGE('',*,*,#1474,.T.);
#399=ORIENTED_EDGE('',*,*,#1701,.T.);
#400=ORIENTED_EDGE('',*,*,#1702,.T.);
#401=ORIENTED_EDGE('',*,*,#1703,.T.);
#402=ORIENTED_EDGE('',*,*,#1704,.T.);
#403=ORIENTED_EDGE('',*,*,#1705,.T.);
#404=ORIENTED_EDGE('',*,*,#1706,.T.);
#405=ORIENTED_EDGE('',*,*,#1707,.T.);
#406=ORIENTED_EDGE('',*,*,#1708,.F.);
#407=ORIENTED_EDGE('',*,*,#1709,.F.);
#408=ORIENTED_EDGE('',*,*,#1710,.F.);
#409=ORIENTED_EDGE('',*,*,#1711,.T.);
#410=ORIENTED_EDGE('',*,*,#1712,.F.);
#411=ORIENTED_EDGE('',*,*,#1713,.F.);
#412=ORIENTED_EDGE('',*,*,#1714,.F.);
#413=ORIENTED_EDGE('',*,*,#1715,.F.);
#414=ORIENTED_EDGE('',*,*,#1716,.F.);
#415=ORIENTED_EDGE('',*,*,#1717,.F.);
#416=ORIENTED_EDGE('',*,*,#1718,.T.);
#417=ORIENTED_EDGE('',*,*,#1719,.T.);
#418=ORIENTED_EDGE('',*,*,#1720,.T.);
#419=ORIENTED_EDGE('',*,*,#1721,.F.);
#420=ORIENTED_EDGE('',*,*,#1722,.T.);
#421=ORIENTED_EDGE('',*,*,#1723,.T.);
#422=ORIENTED_EDGE('',*,*,#1724,.T.);
#423=ORIENTED_EDGE('',*,*,#1725,.F.);
#424=ORIENTED_EDGE('',*,*,#1726,.F.);
#425=ORIENTED_EDGE('',*,*,#1727,.T.);
#426=ORIENTED_EDGE('',*,*,#1728,.T.);
#427=ORIENTED_EDGE('',*,*,#1729,.F.);
#428=ORIENTED_EDGE('',*,*,#1476,.F.);
#429=ORIENTED_EDGE('',*,*,#1730,.F.);
#430=ORIENTED_EDGE('',*,*,#1731,.F.);
#431=ORIENTED_EDGE('',*,*,#1732,.F.);
#432=ORIENTED_EDGE('',*,*,#1733,.F.);
#433=ORIENTED_EDGE('',*,*,#1558,.F.);
#434=ORIENTED_EDGE('',*,*,#1555,.F.);
#435=ORIENTED_EDGE('',*,*,#1535,.T.);
#436=ORIENTED_EDGE('',*,*,#1529,.T.);
#437=ORIENTED_EDGE('',*,*,#1734,.T.);
#438=ORIENTED_EDGE('',*,*,#1735,.F.);
#439=ORIENTED_EDGE('',*,*,#1736,.F.);
#440=ORIENTED_EDGE('',*,*,#1737,.F.);
#441=ORIENTED_EDGE('',*,*,#1738,.F.);
#442=ORIENTED_EDGE('',*,*,#1739,.F.);
#443=ORIENTED_EDGE('',*,*,#1740,.T.);
#444=ORIENTED_EDGE('',*,*,#1741,.T.);
#445=ORIENTED_EDGE('',*,*,#1742,.T.);
#446=ORIENTED_EDGE('',*,*,#1743,.T.);
#447=ORIENTED_EDGE('',*,*,#1744,.F.);
#448=ORIENTED_EDGE('',*,*,#1745,.F.);
#449=ORIENTED_EDGE('',*,*,#1746,.F.);
#450=ORIENTED_EDGE('',*,*,#1747,.F.);
#451=ORIENTED_EDGE('',*,*,#1748,.F.);
#452=ORIENTED_EDGE('',*,*,#1749,.F.);
#453=ORIENTED_EDGE('',*,*,#1750,.F.);
#454=ORIENTED_EDGE('',*,*,#1751,.T.);
#455=ORIENTED_EDGE('',*,*,#1482,.F.);
#456=ORIENTED_EDGE('',*,*,#1752,.T.);
#457=ORIENTED_EDGE('',*,*,#1753,.T.);
#458=ORIENTED_EDGE('',*,*,#1754,.T.);
#459=ORIENTED_EDGE('',*,*,#1755,.T.);
#460=ORIENTED_EDGE('',*,*,#1756,.T.);
#461=ORIENTED_EDGE('',*,*,#1757,.T.);
#462=ORIENTED_EDGE('',*,*,#1758,.T.);
#463=ORIENTED_EDGE('',*,*,#1759,.T.);
#464=ORIENTED_EDGE('',*,*,#1760,.T.);
#465=ORIENTED_EDGE('',*,*,#1761,.F.);
#466=ORIENTED_EDGE('',*,*,#1762,.T.);
#467=ORIENTED_EDGE('',*,*,#1763,.T.);
#468=ORIENTED_EDGE('',*,*,#1764,.F.);
#469=ORIENTED_EDGE('',*,*,#1765,.F.);
#470=ORIENTED_EDGE('',*,*,#1766,.T.);
#471=ORIENTED_EDGE('',*,*,#1767,.F.);
#472=ORIENTED_EDGE('',*,*,#1768,.F.);
#473=ORIENTED_EDGE('',*,*,#1769,.T.);
#474=ORIENTED_EDGE('',*,*,#1770,.T.);
#475=ORIENTED_EDGE('',*,*,#1771,.T.);
#476=ORIENTED_EDGE('',*,*,#1772,.T.);
#477=ORIENTED_EDGE('',*,*,#1773,.T.);
#478=ORIENTED_EDGE('',*,*,#1774,.T.);
#479=ORIENTED_EDGE('',*,*,#1775,.T.);
#480=ORIENTED_EDGE('',*,*,#1776,.F.);
#481=ORIENTED_EDGE('',*,*,#1777,.T.);
#482=ORIENTED_EDGE('',*,*,#1778,.T.);
#483=ORIENTED_EDGE('',*,*,#1779,.F.);
#484=ORIENTED_EDGE('',*,*,#1780,.T.);
#485=ORIENTED_EDGE('',*,*,#1781,.T.);
#486=ORIENTED_EDGE('',*,*,#1782,.F.);
#487=ORIENTED_EDGE('',*,*,#1783,.F.);
#488=ORIENTED_EDGE('',*,*,#1784,.F.);
#489=ORIENTED_EDGE('',*,*,#1785,.F.);
#490=ORIENTED_EDGE('',*,*,#1480,.T.);
#491=ORIENTED_EDGE('',*,*,#1786,.F.);
#492=ORIENTED_EDGE('',*,*,#1787,.F.);
#493=ORIENTED_EDGE('',*,*,#1788,.F.);
#494=ORIENTED_EDGE('',*,*,#1789,.F.);
#495=ORIENTED_EDGE('',*,*,#1790,.F.);
#496=ORIENTED_EDGE('',*,*,#1791,.F.);
#497=ORIENTED_EDGE('',*,*,#1792,.T.);
#498=ORIENTED_EDGE('',*,*,#1528,.T.);
#499=ORIENTED_EDGE('',*,*,#1793,.F.);
#500=ORIENTED_EDGE('',*,*,#1794,.F.);
#501=ORIENTED_EDGE('',*,*,#1795,.T.);
#502=ORIENTED_EDGE('',*,*,#1796,.T.);
#503=ORIENTED_EDGE('',*,*,#1797,.T.);
#504=ORIENTED_EDGE('',*,*,#1798,.F.);
#505=ORIENTED_EDGE('',*,*,#1799,.F.);
#506=ORIENTED_EDGE('',*,*,#1800,.T.);
#507=ORIENTED_EDGE('',*,*,#1801,.F.);
#508=ORIENTED_EDGE('',*,*,#1734,.F.);
#509=ORIENTED_EDGE('',*,*,#1548,.T.);
#510=ORIENTED_EDGE('',*,*,#1802,.F.);
#511=ORIENTED_EDGE('',*,*,#1803,.F.);
#512=ORIENTED_EDGE('',*,*,#1804,.T.);
#513=ORIENTED_EDGE('',*,*,#1805,.F.);
#514=ORIENTED_EDGE('',*,*,#1806,.F.);
#515=ORIENTED_EDGE('',*,*,#1807,.T.);
#516=ORIENTED_EDGE('',*,*,#1787,.T.);
#517=ORIENTED_EDGE('',*,*,#1803,.T.);
#518=ORIENTED_EDGE('',*,*,#1808,.F.);
#519=ORIENTED_EDGE('',*,*,#1760,.F.);
#520=ORIENTED_EDGE('',*,*,#1809,.T.);
#521=ORIENTED_EDGE('',*,*,#1805,.T.);
#522=ORIENTED_EDGE('',*,*,#1810,.T.);
#523=ORIENTED_EDGE('',*,*,#1811,.T.);
#524=ORIENTED_EDGE('',*,*,#1812,.F.);
#525=ORIENTED_EDGE('',*,*,#1813,.F.);
#526=ORIENTED_EDGE('',*,*,#1510,.T.);
#527=ORIENTED_EDGE('',*,*,#1799,.T.);
#528=ORIENTED_EDGE('',*,*,#1739,.T.);
#529=ORIENTED_EDGE('',*,*,#1814,.T.);
#530=ORIENTED_EDGE('',*,*,#1815,.F.);
#531=ORIENTED_EDGE('',*,*,#1702,.F.);
#532=ORIENTED_EDGE('',*,*,#1816,.T.);
#533=ORIENTED_EDGE('',*,*,#1817,.T.);
#534=ORIENTED_EDGE('',*,*,#1818,.T.);
#535=ORIENTED_EDGE('',*,*,#1801,.T.);
#536=ORIENTED_EDGE('',*,*,#1516,.F.);
#537=ORIENTED_EDGE('',*,*,#1819,.F.);
#538=ORIENTED_EDGE('',*,*,#1820,.T.);
#539=ORIENTED_EDGE('',*,*,#1511,.F.);
#540=ORIENTED_EDGE('',*,*,#1813,.T.);
#541=ORIENTED_EDGE('',*,*,#1821,.T.);
#542=ORIENTED_EDGE('',*,*,#1822,.T.);
#543=ORIENTED_EDGE('',*,*,#1564,.T.);
#544=ORIENTED_EDGE('',*,*,#1823,.T.);
#545=ORIENTED_EDGE('',*,*,#1824,.F.);
#546=ORIENTED_EDGE('',*,*,#1825,.T.);
#547=ORIENTED_EDGE('',*,*,#1826,.T.);
#548=ORIENTED_EDGE('',*,*,#1543,.T.);
#549=ORIENTED_EDGE('',*,*,#1827,.F.);
#550=ORIENTED_EDGE('',*,*,#1828,.T.);
#551=ORIENTED_EDGE('',*,*,#1829,.T.);
#552=ORIENTED_EDGE('',*,*,#1635,.T.);
#553=ORIENTED_EDGE('',*,*,#1830,.T.);
#554=ORIENTED_EDGE('',*,*,#1572,.F.);
#555=ORIENTED_EDGE('',*,*,#1831,.F.);
#556=ORIENTED_EDGE('',*,*,#1832,.T.);
#557=ORIENTED_EDGE('',*,*,#1824,.T.);
#558=ORIENTED_EDGE('',*,*,#1571,.T.);
#559=ORIENTED_EDGE('',*,*,#1833,.F.);
#560=ORIENTED_EDGE('',*,*,#1834,.T.);
#561=ORIENTED_EDGE('',*,*,#1831,.T.);
#562=ORIENTED_EDGE('',*,*,#1570,.F.);
#563=ORIENTED_EDGE('',*,*,#1835,.T.);
#564=ORIENTED_EDGE('',*,*,#1821,.F.);
#565=ORIENTED_EDGE('',*,*,#1812,.T.);
#566=ORIENTED_EDGE('',*,*,#1836,.T.);
#567=ORIENTED_EDGE('',*,*,#1833,.T.);
#568=ORIENTED_EDGE('',*,*,#1837,.T.);
#569=ORIENTED_EDGE('',*,*,#1838,.T.);
#570=ORIENTED_EDGE('',*,*,#1819,.T.);
#571=ORIENTED_EDGE('',*,*,#1515,.F.);
#572=ORIENTED_EDGE('',*,*,#1839,.T.);
#573=ORIENTED_EDGE('',*,*,#1840,.F.);
#574=ORIENTED_EDGE('',*,*,#1841,.T.);
#575=ORIENTED_EDGE('',*,*,#1842,.F.);
#576=ORIENTED_EDGE('',*,*,#1843,.T.);
#577=ORIENTED_EDGE('',*,*,#1844,.T.);
#578=ORIENTED_EDGE('',*,*,#1845,.T.);
#579=ORIENTED_EDGE('',*,*,#1846,.F.);
#580=ORIENTED_EDGE('',*,*,#1556,.T.);
#581=ORIENTED_EDGE('',*,*,#1847,.T.);
#582=ORIENTED_EDGE('',*,*,#1848,.T.);
#583=ORIENTED_EDGE('',*,*,#1849,.F.);
#584=ORIENTED_EDGE('',*,*,#1538,.F.);
#585=ORIENTED_EDGE('',*,*,#1850,.T.);
#586=ORIENTED_EDGE('',*,*,#1851,.T.);
#587=ORIENTED_EDGE('',*,*,#1545,.T.);
#588=ORIENTED_EDGE('',*,*,#1852,.F.);
#589=ORIENTED_EDGE('',*,*,#1853,.T.);
#590=ORIENTED_EDGE('',*,*,#1854,.F.);
#591=ORIENTED_EDGE('',*,*,#1855,.F.);
#592=ORIENTED_EDGE('',*,*,#1856,.F.);
#593=ORIENTED_EDGE('',*,*,#1522,.T.);
#594=ORIENTED_EDGE('',*,*,#1857,.F.);
#595=ORIENTED_EDGE('',*,*,#1826,.F.);
#596=ORIENTED_EDGE('',*,*,#1858,.T.);
#597=ORIENTED_EDGE('',*,*,#1852,.T.);
#598=ORIENTED_EDGE('',*,*,#1544,.T.);
#599=ORIENTED_EDGE('',*,*,#1827,.T.);
#600=ORIENTED_EDGE('',*,*,#1859,.T.);
#601=ORIENTED_EDGE('',*,*,#1860,.F.);
#602=ORIENTED_EDGE('',*,*,#1861,.F.);
#603=ORIENTED_EDGE('',*,*,#1860,.T.);
#604=ORIENTED_EDGE('',*,*,#1862,.T.);
#605=ORIENTED_EDGE('',*,*,#1863,.F.);
#606=ORIENTED_EDGE('',*,*,#1864,.T.);
#607=ORIENTED_EDGE('',*,*,#1865,.T.);
#608=ORIENTED_EDGE('',*,*,#1863,.T.);
#609=ORIENTED_EDGE('',*,*,#1866,.T.);
#610=ORIENTED_EDGE('',*,*,#1820,.F.);
#611=ORIENTED_EDGE('',*,*,#1838,.F.);
#612=ORIENTED_EDGE('',*,*,#1867,.T.);
#613=ORIENTED_EDGE('',*,*,#1868,.T.);
#614=ORIENTED_EDGE('',*,*,#1869,.T.);
#615=ORIENTED_EDGE('',*,*,#1870,.T.);
#616=ORIENTED_EDGE('',*,*,#1871,.F.);
#617=ORIENTED_EDGE('',*,*,#1872,.T.);
#618=ORIENTED_EDGE('',*,*,#1828,.F.);
#619=ORIENTED_EDGE('',*,*,#1861,.T.);
#620=ORIENTED_EDGE('',*,*,#1865,.F.);
#621=ORIENTED_EDGE('',*,*,#1873,.T.);
#622=ORIENTED_EDGE('',*,*,#1874,.F.);
#623=ORIENTED_EDGE('',*,*,#1875,.F.);
#624=ORIENTED_EDGE('',*,*,#1876,.T.);
#625=ORIENTED_EDGE('',*,*,#1877,.T.);
#626=ORIENTED_EDGE('',*,*,#1840,.T.);
#627=ORIENTED_EDGE('',*,*,#1878,.F.);
#628=ORIENTED_EDGE('',*,*,#1834,.F.);
#629=ORIENTED_EDGE('',*,*,#1879,.F.);
#630=ORIENTED_EDGE('',*,*,#1758,.F.);
#631=ORIENTED_EDGE('',*,*,#1879,.T.);
#632=ORIENTED_EDGE('',*,*,#1836,.F.);
#633=ORIENTED_EDGE('',*,*,#1880,.F.);
#634=ORIENTED_EDGE('',*,*,#1809,.F.);
#635=ORIENTED_EDGE('',*,*,#1759,.F.);
#636=ORIENTED_EDGE('',*,*,#1878,.T.);
#637=ORIENTED_EDGE('',*,*,#1757,.F.);
#638=ORIENTED_EDGE('',*,*,#1881,.F.);
#639=ORIENTED_EDGE('',*,*,#1832,.F.);
#640=ORIENTED_EDGE('',*,*,#1882,.F.);
#641=ORIENTED_EDGE('',*,*,#1807,.F.);
#642=ORIENTED_EDGE('',*,*,#1880,.T.);
#643=ORIENTED_EDGE('',*,*,#1811,.F.);
#644=ORIENTED_EDGE('',*,*,#1883,.F.);
#645=ORIENTED_EDGE('',*,*,#1884,.T.);
#646=ORIENTED_EDGE('',*,*,#1853,.F.);
#647=ORIENTED_EDGE('',*,*,#1858,.F.);
#648=ORIENTED_EDGE('',*,*,#1825,.F.);
#649=ORIENTED_EDGE('',*,*,#1881,.T.);
#650=ORIENTED_EDGE('',*,*,#1756,.F.);
#651=ORIENTED_EDGE('',*,*,#1885,.T.);
#652=ORIENTED_EDGE('',*,*,#1523,.T.);
#653=ORIENTED_EDGE('',*,*,#1856,.T.);
#654=ORIENTED_EDGE('',*,*,#1886,.F.);
#655=ORIENTED_EDGE('',*,*,#1887,.F.);
#656=ORIENTED_EDGE('',*,*,#1793,.T.);
#657=ORIENTED_EDGE('',*,*,#1527,.T.);
#658=ORIENTED_EDGE('',*,*,#1806,.T.);
#659=ORIENTED_EDGE('',*,*,#1509,.F.);
#660=ORIENTED_EDGE('',*,*,#1888,.F.);
#661=ORIENTED_EDGE('',*,*,#1505,.F.);
#662=ORIENTED_EDGE('',*,*,#1483,.F.);
#663=ORIENTED_EDGE('',*,*,#1751,.F.);
#664=ORIENTED_EDGE('',*,*,#1808,.T.);
#665=ORIENTED_EDGE('',*,*,#1889,.F.);
#666=ORIENTED_EDGE('',*,*,#1890,.T.);
#667=ORIENTED_EDGE('',*,*,#1792,.F.);
#668=ORIENTED_EDGE('',*,*,#1542,.T.);
#669=ORIENTED_EDGE('',*,*,#1705,.F.);
#670=ORIENTED_EDGE('',*,*,#1891,.F.);
#671=ORIENTED_EDGE('',*,*,#1859,.F.);
#672=ORIENTED_EDGE('',*,*,#1891,.T.);
#673=ORIENTED_EDGE('',*,*,#1704,.F.);
#674=ORIENTED_EDGE('',*,*,#1892,.F.);
#675=ORIENTED_EDGE('',*,*,#1862,.F.);
#676=ORIENTED_EDGE('',*,*,#1701,.F.);
#677=ORIENTED_EDGE('',*,*,#1473,.T.);
#678=ORIENTED_EDGE('',*,*,#1521,.F.);
#679=ORIENTED_EDGE('',*,*,#1893,.F.);
#680=ORIENTED_EDGE('',*,*,#1517,.F.);
#681=ORIENTED_EDGE('',*,*,#1800,.F.);
#682=ORIENTED_EDGE('',*,*,#1816,.F.);
#683=ORIENTED_EDGE('',*,*,#1892,.T.);
#684=ORIENTED_EDGE('',*,*,#1703,.F.);
#685=ORIENTED_EDGE('',*,*,#1815,.T.);
#686=ORIENTED_EDGE('',*,*,#1894,.F.);
#687=ORIENTED_EDGE('',*,*,#1866,.F.);
#688=ORIENTED_EDGE('',*,*,#1895,.F.);
#689=ORIENTED_EDGE('',*,*,#1817,.F.);
#690=ORIENTED_EDGE('',*,*,#1894,.T.);
#691=ORIENTED_EDGE('',*,*,#1814,.F.);
#692=ORIENTED_EDGE('',*,*,#1822,.F.);
#693=ORIENTED_EDGE('',*,*,#1837,.F.);
#694=ORIENTED_EDGE('',*,*,#1835,.F.);
#695=ORIENTED_EDGE('',*,*,#1569,.F.);
#696=ORIENTED_EDGE('',*,*,#1896,.F.);
#697=ORIENTED_EDGE('',*,*,#1565,.F.);
#698=ORIENTED_EDGE('',*,*,#1841,.F.);
#699=ORIENTED_EDGE('',*,*,#1877,.F.);
#700=ORIENTED_EDGE('',*,*,#1897,.T.);
#701=ORIENTED_EDGE('',*,*,#1873,.F.);
#702=ORIENTED_EDGE('',*,*,#1864,.F.);
#703=ORIENTED_EDGE('',*,*,#1867,.F.);
#704=ORIENTED_EDGE('',*,*,#1829,.F.);
#705=ORIENTED_EDGE('',*,*,#1872,.F.);
#706=ORIENTED_EDGE('',*,*,#1898,.F.);
#707=ORIENTED_EDGE('',*,*,#1868,.F.);
#708=ORIENTED_EDGE('',*,*,#1839,.F.);
#709=ORIENTED_EDGE('',*,*,#1514,.F.);
#710=ORIENTED_EDGE('',*,*,#1652,.F.);
#711=ORIENTED_EDGE('',*,*,#1899,.F.);
#712=ORIENTED_EDGE('',*,*,#1648,.F.);
#713=ORIENTED_EDGE('',*,*,#1900,.F.);
#714=ORIENTED_EDGE('',*,*,#1644,.F.);
#715=ORIENTED_EDGE('',*,*,#1901,.F.);
#716=ORIENTED_EDGE('',*,*,#1640,.F.);
#717=ORIENTED_EDGE('',*,*,#1902,.F.);
#718=ORIENTED_EDGE('',*,*,#1636,.F.);
#719=ORIENTED_EDGE('',*,*,#1830,.F.);
#720=ORIENTED_EDGE('',*,*,#1634,.F.);
#721=ORIENTED_EDGE('',*,*,#1903,.F.);
#722=ORIENTED_EDGE('',*,*,#1630,.F.);
#723=ORIENTED_EDGE('',*,*,#1904,.F.);
#724=ORIENTED_EDGE('',*,*,#1626,.F.);
#725=ORIENTED_EDGE('',*,*,#1905,.F.);
#726=ORIENTED_EDGE('',*,*,#1657,.F.);
#727=ORIENTED_EDGE('',*,*,#1906,.F.);
#728=ORIENTED_EDGE('',*,*,#1653,.F.);
#729=ORIENTED_EDGE('',*,*,#1512,.F.);
#730=ORIENTED_EDGE('',*,*,#1823,.F.);
#731=ORIENTED_EDGE('',*,*,#1563,.F.);
#732=ORIENTED_EDGE('',*,*,#1907,.F.);
#733=ORIENTED_EDGE('',*,*,#1573,.F.);
#734=ORIENTED_EDGE('',*,*,#1614,.T.);
#735=ORIENTED_EDGE('',*,*,#1908,.F.);
#736=ORIENTED_EDGE('',*,*,#1587,.F.);
#737=ORIENTED_EDGE('',*,*,#1909,.F.);
#738=ORIENTED_EDGE('',*,*,#1910,.F.);
#739=ORIENTED_EDGE('',*,*,#1810,.F.);
#740=ORIENTED_EDGE('',*,*,#1911,.T.);
#741=ORIENTED_EDGE('',*,*,#1579,.T.);
#742=ORIENTED_EDGE('',*,*,#1912,.F.);
#743=ORIENTED_EDGE('',*,*,#1666,.F.);
#744=ORIENTED_EDGE('',*,*,#1913,.F.);
#745=ORIENTED_EDGE('',*,*,#1914,.F.);
#746=ORIENTED_EDGE('',*,*,#1915,.T.);
#747=ORIENTED_EDGE('',*,*,#1916,.F.);
#748=ORIENTED_EDGE('',*,*,#1917,.F.);
#749=ORIENTED_EDGE('',*,*,#1918,.F.);
#750=ORIENTED_EDGE('',*,*,#1919,.T.);
#751=ORIENTED_EDGE('',*,*,#1580,.F.);
#752=ORIENTED_EDGE('',*,*,#1911,.F.);
#753=ORIENTED_EDGE('',*,*,#1920,.F.);
#754=ORIENTED_EDGE('',*,*,#1921,.T.);
#755=ORIENTED_EDGE('',*,*,#1922,.F.);
#756=ORIENTED_EDGE('',*,*,#1581,.T.);
#757=ORIENTED_EDGE('',*,*,#1919,.F.);
#758=ORIENTED_EDGE('',*,*,#1923,.F.);
#759=ORIENTED_EDGE('',*,*,#1910,.T.);
#760=ORIENTED_EDGE('',*,*,#1924,.F.);
#761=ORIENTED_EDGE('',*,*,#1921,.F.);
#762=ORIENTED_EDGE('',*,*,#1925,.F.);
#763=ORIENTED_EDGE('',*,*,#1926,.F.);
#764=ORIENTED_EDGE('',*,*,#1927,.F.);
#765=ORIENTED_EDGE('',*,*,#1928,.T.);
#766=ORIENTED_EDGE('',*,*,#1929,.F.);
#767=ORIENTED_EDGE('',*,*,#1610,.T.);
#768=ORIENTED_EDGE('',*,*,#1818,.F.);
#769=ORIENTED_EDGE('',*,*,#1930,.F.);
#770=ORIENTED_EDGE('',*,*,#1931,.T.);
#771=ORIENTED_EDGE('',*,*,#1780,.F.);
#772=ORIENTED_EDGE('',*,*,#1887,.T.);
#773=ORIENTED_EDGE('',*,*,#1932,.T.);
#774=ORIENTED_EDGE('',*,*,#1933,.T.);
#775=ORIENTED_EDGE('',*,*,#1883,.T.);
#776=ORIENTED_EDGE('',*,*,#1526,.F.);
#777=ORIENTED_EDGE('',*,*,#1934,.T.);
#778=ORIENTED_EDGE('',*,*,#1935,.F.);
#779=ORIENTED_EDGE('',*,*,#1936,.T.);
#780=ORIENTED_EDGE('',*,*,#1917,.T.);
#781=ORIENTED_EDGE('',*,*,#1937,.F.);
#782=ORIENTED_EDGE('',*,*,#1551,.F.);
#783=ORIENTED_EDGE('',*,*,#1938,.F.);
#784=ORIENTED_EDGE('',*,*,#1936,.F.);
#785=ORIENTED_EDGE('',*,*,#1939,.F.);
#786=ORIENTED_EDGE('',*,*,#1915,.F.);
#787=ORIENTED_EDGE('',*,*,#1940,.T.);
#788=ORIENTED_EDGE('',*,*,#1941,.T.);
#789=ORIENTED_EDGE('',*,*,#1942,.F.);
#790=ORIENTED_EDGE('',*,*,#1941,.F.);
#791=ORIENTED_EDGE('',*,*,#1943,.F.);
#792=ORIENTED_EDGE('',*,*,#1944,.F.);
#793=ORIENTED_EDGE('',*,*,#1945,.T.);
#794=ORIENTED_EDGE('',*,*,#1946,.F.);
#795=ORIENTED_EDGE('',*,*,#1945,.F.);
#796=ORIENTED_EDGE('',*,*,#1947,.F.);
#797=ORIENTED_EDGE('',*,*,#1926,.T.);
#798=ORIENTED_EDGE('',*,*,#1948,.F.);
#799=ORIENTED_EDGE('',*,*,#1949,.F.);
#800=ORIENTED_EDGE('',*,*,#1950,.F.);
#801=ORIENTED_EDGE('',*,*,#1928,.F.);
#802=ORIENTED_EDGE('',*,*,#1951,.F.);
#803=ORIENTED_EDGE('',*,*,#1952,.F.);
#804=ORIENTED_EDGE('',*,*,#1953,.T.);
#805=ORIENTED_EDGE('',*,*,#1954,.T.);
#806=ORIENTED_EDGE('',*,*,#1955,.F.);
#807=ORIENTED_EDGE('',*,*,#1943,.T.);
#808=ORIENTED_EDGE('',*,*,#1940,.F.);
#809=ORIENTED_EDGE('',*,*,#1914,.T.);
#810=ORIENTED_EDGE('',*,*,#1956,.F.);
#811=ORIENTED_EDGE('',*,*,#1957,.T.);
#812=ORIENTED_EDGE('',*,*,#1958,.F.);
#813=ORIENTED_EDGE('',*,*,#1959,.T.);
#814=ORIENTED_EDGE('',*,*,#1789,.T.);
#815=ORIENTED_EDGE('',*,*,#1960,.T.);
#816=ORIENTED_EDGE('',*,*,#1923,.T.);
#817=ORIENTED_EDGE('',*,*,#1960,.F.);
#818=ORIENTED_EDGE('',*,*,#1788,.T.);
#819=ORIENTED_EDGE('',*,*,#1882,.T.);
#820=ORIENTED_EDGE('',*,*,#1925,.T.);
#821=ORIENTED_EDGE('',*,*,#1959,.F.);
#822=ORIENTED_EDGE('',*,*,#1920,.T.);
#823=ORIENTED_EDGE('',*,*,#1961,.T.);
#824=ORIENTED_EDGE('',*,*,#1790,.T.);
#825=ORIENTED_EDGE('',*,*,#1935,.T.);
#826=ORIENTED_EDGE('',*,*,#1962,.T.);
#827=ORIENTED_EDGE('',*,*,#1889,.T.);
#828=ORIENTED_EDGE('',*,*,#1791,.T.);
#829=ORIENTED_EDGE('',*,*,#1961,.F.);
#830=ORIENTED_EDGE('',*,*,#1918,.T.);
#831=ORIENTED_EDGE('',*,*,#1939,.T.);
#832=ORIENTED_EDGE('',*,*,#1804,.F.);
#833=ORIENTED_EDGE('',*,*,#1786,.T.);
#834=ORIENTED_EDGE('',*,*,#1479,.T.);
#835=ORIENTED_EDGE('',*,*,#1604,.T.);
#836=ORIENTED_EDGE('',*,*,#1963,.T.);
#837=ORIENTED_EDGE('',*,*,#1615,.T.);
#838=ORIENTED_EDGE('',*,*,#1802,.T.);
#839=ORIENTED_EDGE('',*,*,#1547,.T.);
#840=ORIENTED_EDGE('',*,*,#1552,.T.);
#841=ORIENTED_EDGE('',*,*,#1937,.T.);
#842=ORIENTED_EDGE('',*,*,#1916,.T.);
#843=ORIENTED_EDGE('',*,*,#1964,.T.);
#844=ORIENTED_EDGE('',*,*,#1735,.T.);
#845=ORIENTED_EDGE('',*,*,#1964,.F.);
#846=ORIENTED_EDGE('',*,*,#1942,.T.);
#847=ORIENTED_EDGE('',*,*,#1965,.T.);
#848=ORIENTED_EDGE('',*,*,#1736,.T.);
#849=ORIENTED_EDGE('',*,*,#1965,.F.);
#850=ORIENTED_EDGE('',*,*,#1946,.T.);
#851=ORIENTED_EDGE('',*,*,#1966,.T.);
#852=ORIENTED_EDGE('',*,*,#1737,.T.);
#853=ORIENTED_EDGE('',*,*,#1609,.T.);
#854=ORIENTED_EDGE('',*,*,#1967,.T.);
#855=ORIENTED_EDGE('',*,*,#1605,.T.);
#856=ORIENTED_EDGE('',*,*,#1477,.F.);
#857=ORIENTED_EDGE('',*,*,#1729,.T.);
#858=ORIENTED_EDGE('',*,*,#1798,.T.);
#859=ORIENTED_EDGE('',*,*,#1966,.F.);
#860=ORIENTED_EDGE('',*,*,#1948,.T.);
#861=ORIENTED_EDGE('',*,*,#1895,.T.);
#862=ORIENTED_EDGE('',*,*,#1738,.T.);
#863=ORIENTED_EDGE('',*,*,#1909,.T.);
#864=ORIENTED_EDGE('',*,*,#1586,.T.);
#865=ORIENTED_EDGE('',*,*,#1968,.T.);
#866=ORIENTED_EDGE('',*,*,#1582,.T.);
#867=ORIENTED_EDGE('',*,*,#1922,.T.);
#868=ORIENTED_EDGE('',*,*,#1924,.T.);
#869=ORIENTED_EDGE('',*,*,#1927,.T.);
#870=ORIENTED_EDGE('',*,*,#1947,.T.);
#871=ORIENTED_EDGE('',*,*,#1944,.T.);
#872=ORIENTED_EDGE('',*,*,#1955,.T.);
#873=ORIENTED_EDGE('',*,*,#1969,.T.);
#874=ORIENTED_EDGE('',*,*,#1951,.T.);
#875=ORIENTED_EDGE('',*,*,#1913,.T.);
#876=ORIENTED_EDGE('',*,*,#1665,.T.);
#877=ORIENTED_EDGE('',*,*,#1970,.T.);
#878=ORIENTED_EDGE('',*,*,#1661,.T.);
#879=ORIENTED_EDGE('',*,*,#1971,.T.);
#880=ORIENTED_EDGE('',*,*,#1692,.T.);
#881=ORIENTED_EDGE('',*,*,#1972,.T.);
#882=ORIENTED_EDGE('',*,*,#1688,.T.);
#883=ORIENTED_EDGE('',*,*,#1973,.T.);
#884=ORIENTED_EDGE('',*,*,#1684,.T.);
#885=ORIENTED_EDGE('',*,*,#1611,.T.);
#886=ORIENTED_EDGE('',*,*,#1929,.T.);
#887=ORIENTED_EDGE('',*,*,#1950,.T.);
#888=ORIENTED_EDGE('',*,*,#1974,.T.);
#889=ORIENTED_EDGE('',*,*,#1956,.T.);
#890=ORIENTED_EDGE('',*,*,#1912,.T.);
#891=ORIENTED_EDGE('',*,*,#1578,.T.);
#892=ORIENTED_EDGE('',*,*,#1975,.T.);
#893=ORIENTED_EDGE('',*,*,#1588,.T.);
#894=ORIENTED_EDGE('',*,*,#1908,.T.);
#895=ORIENTED_EDGE('',*,*,#1613,.T.);
#896=ORIENTED_EDGE('',*,*,#1683,.T.);
#897=ORIENTED_EDGE('',*,*,#1976,.T.);
#898=ORIENTED_EDGE('',*,*,#1679,.T.);
#899=ORIENTED_EDGE('',*,*,#1977,.T.);
#900=ORIENTED_EDGE('',*,*,#1675,.T.);
#901=ORIENTED_EDGE('',*,*,#1978,.T.);
#902=ORIENTED_EDGE('',*,*,#1671,.T.);
#903=ORIENTED_EDGE('',*,*,#1979,.T.);
#904=ORIENTED_EDGE('',*,*,#1667,.T.);
#905=ORIENTED_EDGE('',*,*,#1980,.F.);
#906=ORIENTED_EDGE('',*,*,#1843,.F.);
#907=ORIENTED_EDGE('',*,*,#1981,.T.);
#908=ORIENTED_EDGE('',*,*,#1982,.T.);
#909=ORIENTED_EDGE('',*,*,#1781,.F.);
#910=ORIENTED_EDGE('',*,*,#1931,.F.);
#911=ORIENTED_EDGE('',*,*,#1934,.F.);
#912=ORIENTED_EDGE('',*,*,#1525,.F.);
#913=ORIENTED_EDGE('',*,*,#1890,.F.);
#914=ORIENTED_EDGE('',*,*,#1962,.F.);
#915=ORIENTED_EDGE('',*,*,#1983,.T.);
#916=ORIENTED_EDGE('',*,*,#1519,.T.);
#917=ORIENTED_EDGE('',*,*,#1984,.F.);
#918=ORIENTED_EDGE('',*,*,#1607,.F.);
#919=ORIENTED_EDGE('',*,*,#1608,.T.);
#920=ORIENTED_EDGE('',*,*,#1984,.T.);
#921=ORIENTED_EDGE('',*,*,#1518,.F.);
#922=ORIENTED_EDGE('',*,*,#1985,.F.);
#923=ORIENTED_EDGE('',*,*,#1985,.T.);
#924=ORIENTED_EDGE('',*,*,#1893,.T.);
#925=ORIENTED_EDGE('',*,*,#1986,.F.);
#926=ORIENTED_EDGE('',*,*,#1967,.F.);
#927=ORIENTED_EDGE('',*,*,#1986,.T.);
#928=ORIENTED_EDGE('',*,*,#1520,.T.);
#929=ORIENTED_EDGE('',*,*,#1983,.F.);
#930=ORIENTED_EDGE('',*,*,#1606,.F.);
#931=ORIENTED_EDGE('',*,*,#1602,.T.);
#932=ORIENTED_EDGE('',*,*,#1987,.T.);
#933=ORIENTED_EDGE('',*,*,#1507,.F.);
#934=ORIENTED_EDGE('',*,*,#1988,.F.);
#935=ORIENTED_EDGE('',*,*,#1601,.T.);
#936=ORIENTED_EDGE('',*,*,#1989,.T.);
#937=ORIENTED_EDGE('',*,*,#1508,.F.);
#938=ORIENTED_EDGE('',*,*,#1987,.F.);
#939=ORIENTED_EDGE('',*,*,#1988,.T.);
#940=ORIENTED_EDGE('',*,*,#1506,.T.);
#941=ORIENTED_EDGE('',*,*,#1990,.F.);
#942=ORIENTED_EDGE('',*,*,#1603,.F.);
#943=ORIENTED_EDGE('',*,*,#1990,.T.);
#944=ORIENTED_EDGE('',*,*,#1888,.T.);
#945=ORIENTED_EDGE('',*,*,#1989,.F.);
#946=ORIENTED_EDGE('',*,*,#1963,.F.);
#947=ORIENTED_EDGE('',*,*,#1991,.T.);
#948=ORIENTED_EDGE('',*,*,#1490,.T.);
#949=ORIENTED_EDGE('',*,*,#1992,.F.);
#950=ORIENTED_EDGE('',*,*,#1594,.F.);
#951=ORIENTED_EDGE('',*,*,#1992,.T.);
#952=ORIENTED_EDGE('',*,*,#1493,.T.);
#953=ORIENTED_EDGE('',*,*,#1993,.F.);
#954=ORIENTED_EDGE('',*,*,#1595,.F.);
#955=ORIENTED_EDGE('',*,*,#1596,.T.);
#956=ORIENTED_EDGE('',*,*,#1993,.T.);
#957=ORIENTED_EDGE('',*,*,#1492,.F.);
#958=ORIENTED_EDGE('',*,*,#1994,.F.);
#959=ORIENTED_EDGE('',*,*,#1593,.T.);
#960=ORIENTED_EDGE('',*,*,#1994,.T.);
#961=ORIENTED_EDGE('',*,*,#1491,.F.);
#962=ORIENTED_EDGE('',*,*,#1991,.F.);
#963=ORIENTED_EDGE('',*,*,#1597,.T.);
#964=ORIENTED_EDGE('',*,*,#1995,.T.);
#965=ORIENTED_EDGE('',*,*,#1495,.F.);
#966=ORIENTED_EDGE('',*,*,#1996,.F.);
#967=ORIENTED_EDGE('',*,*,#1996,.T.);
#968=ORIENTED_EDGE('',*,*,#1494,.T.);
#969=ORIENTED_EDGE('',*,*,#1997,.F.);
#970=ORIENTED_EDGE('',*,*,#1598,.F.);
#971=ORIENTED_EDGE('',*,*,#1997,.T.);
#972=ORIENTED_EDGE('',*,*,#1497,.T.);
#973=ORIENTED_EDGE('',*,*,#1998,.F.);
#974=ORIENTED_EDGE('',*,*,#1599,.F.);
#975=ORIENTED_EDGE('',*,*,#1998,.T.);
#976=ORIENTED_EDGE('',*,*,#1496,.T.);
#977=ORIENTED_EDGE('',*,*,#1995,.F.);
#978=ORIENTED_EDGE('',*,*,#1600,.F.);
#979=ORIENTED_EDGE('',*,*,#1589,.T.);
#980=ORIENTED_EDGE('',*,*,#1999,.T.);
#981=ORIENTED_EDGE('',*,*,#1499,.F.);
#982=ORIENTED_EDGE('',*,*,#2000,.F.);
#983=ORIENTED_EDGE('',*,*,#1590,.T.);
#984=ORIENTED_EDGE('',*,*,#2000,.T.);
#985=ORIENTED_EDGE('',*,*,#1498,.F.);
#986=ORIENTED_EDGE('',*,*,#2001,.F.);
#987=ORIENTED_EDGE('',*,*,#2001,.T.);
#988=ORIENTED_EDGE('',*,*,#1501,.T.);
#989=ORIENTED_EDGE('',*,*,#2002,.F.);
#990=ORIENTED_EDGE('',*,*,#1591,.F.);
#991=ORIENTED_EDGE('',*,*,#1592,.T.);
#992=ORIENTED_EDGE('',*,*,#2002,.T.);
#993=ORIENTED_EDGE('',*,*,#1500,.F.);
#994=ORIENTED_EDGE('',*,*,#1999,.F.);
#995=ORIENTED_EDGE('',*,*,#1776,.T.);
#996=ORIENTED_EDGE('',*,*,#2003,.T.);
#997=ORIENTED_EDGE('',*,*,#1762,.F.);
#998=ORIENTED_EDGE('',*,*,#2004,.F.);
#999=ORIENTED_EDGE('',*,*,#2004,.T.);
#1000=ORIENTED_EDGE('',*,*,#1761,.T.);
#1001=ORIENTED_EDGE('',*,*,#2005,.F.);
#1002=ORIENTED_EDGE('',*,*,#1777,.F.);
#1003=ORIENTED_EDGE('',*,*,#2005,.T.);
#1004=ORIENTED_EDGE('',*,*,#1764,.T.);
#1005=ORIENTED_EDGE('',*,*,#2006,.F.);
#1006=ORIENTED_EDGE('',*,*,#1778,.F.);
#1007=ORIENTED_EDGE('',*,*,#1779,.T.);
#1008=ORIENTED_EDGE('',*,*,#2006,.T.);
#1009=ORIENTED_EDGE('',*,*,#1763,.F.);
#1010=ORIENTED_EDGE('',*,*,#2003,.F.);
#1011=ORIENTED_EDGE('',*,*,#1794,.T.);
#1012=ORIENTED_EDGE('',*,*,#2007,.T.);
#1013=ORIENTED_EDGE('',*,*,#1766,.F.);
#1014=ORIENTED_EDGE('',*,*,#2008,.F.);
#1015=ORIENTED_EDGE('',*,*,#2008,.T.);
#1016=ORIENTED_EDGE('',*,*,#1765,.T.);
#1017=ORIENTED_EDGE('',*,*,#2009,.F.);
#1018=ORIENTED_EDGE('',*,*,#1795,.F.);
#1019=ORIENTED_EDGE('',*,*,#2009,.T.);
#1020=ORIENTED_EDGE('',*,*,#1768,.T.);
#1021=ORIENTED_EDGE('',*,*,#2010,.F.);
#1022=ORIENTED_EDGE('',*,*,#1796,.F.);
#1023=ORIENTED_EDGE('',*,*,#2010,.T.);
#1024=ORIENTED_EDGE('',*,*,#1767,.T.);
#1025=ORIENTED_EDGE('',*,*,#2007,.F.);
#1026=ORIENTED_EDGE('',*,*,#1797,.F.);
#1027=ORIENTED_EDGE('',*,*,#2011,.T.);
#1028=ORIENTED_EDGE('',*,*,#1747,.T.);
#1029=ORIENTED_EDGE('',*,*,#2012,.F.);
#1030=ORIENTED_EDGE('',*,*,#1773,.F.);
#1031=ORIENTED_EDGE('',*,*,#2012,.T.);
#1032=ORIENTED_EDGE('',*,*,#1750,.T.);
#1033=ORIENTED_EDGE('',*,*,#2013,.F.);
#1034=ORIENTED_EDGE('',*,*,#1774,.F.);
#1035=ORIENTED_EDGE('',*,*,#2013,.T.);
#1036=ORIENTED_EDGE('',*,*,#1749,.T.);
#1037=ORIENTED_EDGE('',*,*,#2014,.F.);
#1038=ORIENTED_EDGE('',*,*,#1775,.F.);
#1039=ORIENTED_EDGE('',*,*,#2014,.T.);
#1040=ORIENTED_EDGE('',*,*,#1748,.T.);
#1041=ORIENTED_EDGE('',*,*,#2011,.F.);
#1042=ORIENTED_EDGE('',*,*,#1772,.F.);
#1043=ORIENTED_EDGE('',*,*,#2015,.F.);
#1044=ORIENTED_EDGE('',*,*,#1725,.T.);
#1045=ORIENTED_EDGE('',*,*,#2016,.T.);
#1046=ORIENTED_EDGE('',*,*,#1707,.F.);
#1047=ORIENTED_EDGE('',*,*,#1708,.T.);
#1048=ORIENTED_EDGE('',*,*,#2016,.F.);
#1049=ORIENTED_EDGE('',*,*,#1728,.F.);
#1050=ORIENTED_EDGE('',*,*,#2017,.T.);
#1051=ORIENTED_EDGE('',*,*,#1709,.T.);
#1052=ORIENTED_EDGE('',*,*,#2017,.F.);
#1053=ORIENTED_EDGE('',*,*,#1727,.F.);
#1054=ORIENTED_EDGE('',*,*,#2018,.T.);
#1055=ORIENTED_EDGE('',*,*,#2018,.F.);
#1056=ORIENTED_EDGE('',*,*,#1726,.T.);
#1057=ORIENTED_EDGE('',*,*,#2015,.T.);
#1058=ORIENTED_EDGE('',*,*,#1706,.F.);
#1059=ORIENTED_EDGE('',*,*,#2019,.F.);
#1060=ORIENTED_EDGE('',*,*,#1721,.T.);
#1061=ORIENTED_EDGE('',*,*,#2020,.T.);
#1062=ORIENTED_EDGE('',*,*,#1711,.F.);
#1063=ORIENTED_EDGE('',*,*,#1712,.T.);
#1064=ORIENTED_EDGE('',*,*,#2020,.F.);
#1065=ORIENTED_EDGE('',*,*,#1724,.F.);
#1066=ORIENTED_EDGE('',*,*,#2021,.T.);
#1067=ORIENTED_EDGE('',*,*,#1713,.T.);
#1068=ORIENTED_EDGE('',*,*,#2021,.F.);
#1069=ORIENTED_EDGE('',*,*,#1723,.F.);
#1070=ORIENTED_EDGE('',*,*,#2022,.T.);
#1071=ORIENTED_EDGE('',*,*,#1710,.T.);
#1072=ORIENTED_EDGE('',*,*,#2022,.F.);
#1073=ORIENTED_EDGE('',*,*,#1722,.F.);
#1074=ORIENTED_EDGE('',*,*,#2019,.T.);
#1075=ORIENTED_EDGE('',*,*,#1714,.T.);
#1076=ORIENTED_EDGE('',*,*,#2023,.F.);
#1077=ORIENTED_EDGE('',*,*,#1741,.F.);
#1078=ORIENTED_EDGE('',*,*,#2024,.T.);
#1079=ORIENTED_EDGE('',*,*,#1715,.T.);
#1080=ORIENTED_EDGE('',*,*,#2024,.F.);
#1081=ORIENTED_EDGE('',*,*,#1740,.F.);
#1082=ORIENTED_EDGE('',*,*,#2025,.T.);
#1083=ORIENTED_EDGE('',*,*,#1716,.T.);
#1084=ORIENTED_EDGE('',*,*,#2025,.F.);
#1085=ORIENTED_EDGE('',*,*,#1743,.F.);
#1086=ORIENTED_EDGE('',*,*,#2026,.T.);
#1087=ORIENTED_EDGE('',*,*,#1717,.T.);
#1088=ORIENTED_EDGE('',*,*,#2026,.F.);
#1089=ORIENTED_EDGE('',*,*,#1742,.F.);
#1090=ORIENTED_EDGE('',*,*,#2023,.T.);
#1091=ORIENTED_EDGE('',*,*,#1976,.F.);
#1092=ORIENTED_EDGE('',*,*,#2027,.T.);
#1093=ORIENTED_EDGE('',*,*,#1906,.T.);
#1094=ORIENTED_EDGE('',*,*,#2028,.F.);
#1095=ORIENTED_EDGE('',*,*,#2029,.T.);
#1096=ORIENTED_EDGE('',*,*,#1654,.F.);
#1097=ORIENTED_EDGE('',*,*,#2027,.F.);
#1098=ORIENTED_EDGE('',*,*,#1682,.F.);
#1099=ORIENTED_EDGE('',*,*,#1681,.T.);
#1100=ORIENTED_EDGE('',*,*,#2030,.T.);
#1101=ORIENTED_EDGE('',*,*,#1655,.T.);
#1102=ORIENTED_EDGE('',*,*,#2029,.F.);
#1103=ORIENTED_EDGE('',*,*,#2028,.T.);
#1104=ORIENTED_EDGE('',*,*,#1656,.F.);
#1105=ORIENTED_EDGE('',*,*,#2030,.F.);
#1106=ORIENTED_EDGE('',*,*,#1680,.F.);
#1107=ORIENTED_EDGE('',*,*,#2031,.T.);
#1108=ORIENTED_EDGE('',*,*,#1629,.F.);
#1109=ORIENTED_EDGE('',*,*,#2032,.F.);
#1110=ORIENTED_EDGE('',*,*,#1672,.F.);
#1111=ORIENTED_EDGE('',*,*,#1673,.T.);
#1112=ORIENTED_EDGE('',*,*,#2032,.T.);
#1113=ORIENTED_EDGE('',*,*,#1628,.T.);
#1114=ORIENTED_EDGE('',*,*,#2033,.F.);
#1115=ORIENTED_EDGE('',*,*,#1674,.T.);
#1116=ORIENTED_EDGE('',*,*,#2033,.T.);
#1117=ORIENTED_EDGE('',*,*,#1627,.T.);
#1118=ORIENTED_EDGE('',*,*,#2034,.F.);
#1119=ORIENTED_EDGE('',*,*,#1978,.F.);
#1120=ORIENTED_EDGE('',*,*,#2034,.T.);
#1121=ORIENTED_EDGE('',*,*,#1904,.T.);
#1122=ORIENTED_EDGE('',*,*,#2031,.F.);
#1123=ORIENTED_EDGE('',*,*,#1668,.T.);
#1124=ORIENTED_EDGE('',*,*,#2035,.T.);
#1125=ORIENTED_EDGE('',*,*,#1633,.T.);
#1126=ORIENTED_EDGE('',*,*,#2036,.F.);
#1127=ORIENTED_EDGE('',*,*,#1669,.T.);
#1128=ORIENTED_EDGE('',*,*,#2036,.T.);
#1129=ORIENTED_EDGE('',*,*,#1632,.T.);
#1130=ORIENTED_EDGE('',*,*,#2037,.F.);
#1131=ORIENTED_EDGE('',*,*,#1670,.T.);
#1132=ORIENTED_EDGE('',*,*,#2037,.T.);
#1133=ORIENTED_EDGE('',*,*,#1631,.T.);
#1134=ORIENTED_EDGE('',*,*,#2038,.F.);
#1135=ORIENTED_EDGE('',*,*,#1979,.F.);
#1136=ORIENTED_EDGE('',*,*,#2038,.T.);
#1137=ORIENTED_EDGE('',*,*,#1903,.T.);
#1138=ORIENTED_EDGE('',*,*,#2035,.F.);
#1139=ORIENTED_EDGE('',*,*,#2039,.T.);
#1140=ORIENTED_EDGE('',*,*,#1625,.F.);
#1141=ORIENTED_EDGE('',*,*,#2040,.F.);
#1142=ORIENTED_EDGE('',*,*,#1676,.F.);
#1143=ORIENTED_EDGE('',*,*,#1677,.T.);
#1144=ORIENTED_EDGE('',*,*,#2040,.T.);
#1145=ORIENTED_EDGE('',*,*,#1624,.T.);
#1146=ORIENTED_EDGE('',*,*,#2041,.F.);
#1147=ORIENTED_EDGE('',*,*,#1678,.T.);
#1148=ORIENTED_EDGE('',*,*,#2041,.T.);
#1149=ORIENTED_EDGE('',*,*,#1658,.T.);
#1150=ORIENTED_EDGE('',*,*,#2042,.F.);
#1151=ORIENTED_EDGE('',*,*,#1977,.F.);
#1152=ORIENTED_EDGE('',*,*,#2042,.T.);
#1153=ORIENTED_EDGE('',*,*,#1905,.T.);
#1154=ORIENTED_EDGE('',*,*,#2039,.F.);
#1155=ORIENTED_EDGE('',*,*,#2043,.T.);
#1156=ORIENTED_EDGE('',*,*,#1638,.F.);
#1157=ORIENTED_EDGE('',*,*,#2044,.F.);
#1158=ORIENTED_EDGE('',*,*,#1663,.F.);
#1159=ORIENTED_EDGE('',*,*,#1664,.T.);
#1160=ORIENTED_EDGE('',*,*,#2044,.T.);
#1161=ORIENTED_EDGE('',*,*,#1637,.T.);
#1162=ORIENTED_EDGE('',*,*,#2045,.F.);
#1163=ORIENTED_EDGE('',*,*,#1970,.F.);
#1164=ORIENTED_EDGE('',*,*,#2045,.T.);
#1165=ORIENTED_EDGE('',*,*,#1902,.T.);
#1166=ORIENTED_EDGE('',*,*,#2046,.F.);
#1167=ORIENTED_EDGE('',*,*,#1662,.T.);
#1168=ORIENTED_EDGE('',*,*,#2046,.T.);
#1169=ORIENTED_EDGE('',*,*,#1639,.T.);
#1170=ORIENTED_EDGE('',*,*,#2043,.F.);
#1171=ORIENTED_EDGE('',*,*,#1973,.F.);
#1172=ORIENTED_EDGE('',*,*,#2047,.T.);
#1173=ORIENTED_EDGE('',*,*,#1899,.T.);
#1174=ORIENTED_EDGE('',*,*,#2048,.F.);
#1175=ORIENTED_EDGE('',*,*,#2048,.T.);
#1176=ORIENTED_EDGE('',*,*,#1651,.F.);
#1177=ORIENTED_EDGE('',*,*,#2049,.F.);
#1178=ORIENTED_EDGE('',*,*,#1685,.F.);
#1179=ORIENTED_EDGE('',*,*,#2050,.T.);
#1180=ORIENTED_EDGE('',*,*,#1649,.F.);
#1181=ORIENTED_EDGE('',*,*,#2047,.F.);
#1182=ORIENTED_EDGE('',*,*,#1687,.F.);
#1183=ORIENTED_EDGE('',*,*,#2049,.T.);
#1184=ORIENTED_EDGE('',*,*,#1650,.F.);
#1185=ORIENTED_EDGE('',*,*,#2050,.F.);
#1186=ORIENTED_EDGE('',*,*,#1686,.F.);
#1187=ORIENTED_EDGE('',*,*,#2051,.T.);
#1188=ORIENTED_EDGE('',*,*,#1646,.F.);
#1189=ORIENTED_EDGE('',*,*,#2052,.F.);
#1190=ORIENTED_EDGE('',*,*,#1690,.F.);
#1191=ORIENTED_EDGE('',*,*,#2052,.T.);
#1192=ORIENTED_EDGE('',*,*,#1645,.F.);
#1193=ORIENTED_EDGE('',*,*,#2053,.F.);
#1194=ORIENTED_EDGE('',*,*,#1691,.F.);
#1195=ORIENTED_EDGE('',*,*,#1972,.F.);
#1196=ORIENTED_EDGE('',*,*,#2053,.T.);
#1197=ORIENTED_EDGE('',*,*,#1900,.T.);
#1198=ORIENTED_EDGE('',*,*,#2054,.F.);
#1199=ORIENTED_EDGE('',*,*,#1689,.T.);
#1200=ORIENTED_EDGE('',*,*,#2054,.T.);
#1201=ORIENTED_EDGE('',*,*,#1647,.T.);
#1202=ORIENTED_EDGE('',*,*,#2051,.F.);
#1203=ORIENTED_EDGE('',*,*,#2055,.T.);
#1204=ORIENTED_EDGE('',*,*,#1642,.F.);
#1205=ORIENTED_EDGE('',*,*,#2056,.F.);
#1206=ORIENTED_EDGE('',*,*,#1659,.F.);
#1207=ORIENTED_EDGE('',*,*,#2056,.T.);
#1208=ORIENTED_EDGE('',*,*,#1641,.F.);
#1209=ORIENTED_EDGE('',*,*,#2057,.F.);
#1210=ORIENTED_EDGE('',*,*,#1660,.F.);
#1211=ORIENTED_EDGE('',*,*,#1971,.F.);
#1212=ORIENTED_EDGE('',*,*,#2057,.T.);
#1213=ORIENTED_EDGE('',*,*,#1901,.T.);
#1214=ORIENTED_EDGE('',*,*,#2058,.F.);
#1215=ORIENTED_EDGE('',*,*,#1693,.T.);
#1216=ORIENTED_EDGE('',*,*,#2058,.T.);
#1217=ORIENTED_EDGE('',*,*,#1643,.T.);
#1218=ORIENTED_EDGE('',*,*,#2055,.F.);
#1219=ORIENTED_EDGE('',*,*,#1618,.T.);
#1220=ORIENTED_EDGE('',*,*,#2059,.T.);
#1221=ORIENTED_EDGE('',*,*,#2060,.F.);
#1222=ORIENTED_EDGE('',*,*,#2061,.T.);
#1223=ORIENTED_EDGE('',*,*,#2062,.F.);
#1224=ORIENTED_EDGE('',*,*,#2059,.F.);
#1225=ORIENTED_EDGE('',*,*,#1617,.F.);
#1226=ORIENTED_EDGE('',*,*,#1616,.T.);
#1227=ORIENTED_EDGE('',*,*,#2063,.F.);
#1228=ORIENTED_EDGE('',*,*,#2060,.T.);
#1229=ORIENTED_EDGE('',*,*,#2062,.T.);
#1230=ORIENTED_EDGE('',*,*,#2061,.F.);
#1231=ORIENTED_EDGE('',*,*,#2063,.T.);
#1232=ORIENTED_EDGE('',*,*,#1619,.F.);
#1233=ORIENTED_EDGE('',*,*,#1622,.T.);
#1234=ORIENTED_EDGE('',*,*,#2064,.T.);
#1235=ORIENTED_EDGE('',*,*,#2065,.F.);
#1236=ORIENTED_EDGE('',*,*,#2066,.F.);
#1237=ORIENTED_EDGE('',*,*,#1623,.T.);
#1238=ORIENTED_EDGE('',*,*,#2066,.T.);
#1239=ORIENTED_EDGE('',*,*,#2067,.T.);
#1240=ORIENTED_EDGE('',*,*,#2068,.F.);
#1241=ORIENTED_EDGE('',*,*,#2064,.F.);
#1242=ORIENTED_EDGE('',*,*,#1621,.F.);
#1243=ORIENTED_EDGE('',*,*,#1620,.T.);
#1244=ORIENTED_EDGE('',*,*,#2067,.F.);
#1245=ORIENTED_EDGE('',*,*,#2065,.T.);
#1246=ORIENTED_EDGE('',*,*,#2068,.T.);
#1247=ORIENTED_EDGE('',*,*,#1576,.T.);
#1248=ORIENTED_EDGE('',*,*,#2069,.T.);
#1249=ORIENTED_EDGE('',*,*,#1561,.F.);
#1250=ORIENTED_EDGE('',*,*,#2070,.F.);
#1251=ORIENTED_EDGE('',*,*,#1575,.T.);
#1252=ORIENTED_EDGE('',*,*,#2071,.T.);
#1253=ORIENTED_EDGE('',*,*,#1562,.F.);
#1254=ORIENTED_EDGE('',*,*,#2069,.F.);
#1255=ORIENTED_EDGE('',*,*,#2070,.T.);
#1256=ORIENTED_EDGE('',*,*,#1574,.T.);
#1257=ORIENTED_EDGE('',*,*,#2072,.F.);
#1258=ORIENTED_EDGE('',*,*,#1577,.F.);
#1259=ORIENTED_EDGE('',*,*,#1975,.F.);
#1260=ORIENTED_EDGE('',*,*,#2072,.T.);
#1261=ORIENTED_EDGE('',*,*,#1907,.T.);
#1262=ORIENTED_EDGE('',*,*,#2071,.F.);
#1263=ORIENTED_EDGE('',*,*,#2073,.T.);
#1264=ORIENTED_EDGE('',*,*,#1567,.T.);
#1265=ORIENTED_EDGE('',*,*,#2074,.F.);
#1266=ORIENTED_EDGE('',*,*,#1584,.F.);
#1267=ORIENTED_EDGE('',*,*,#1585,.T.);
#1268=ORIENTED_EDGE('',*,*,#2074,.T.);
#1269=ORIENTED_EDGE('',*,*,#1566,.F.);
#1270=ORIENTED_EDGE('',*,*,#2075,.F.);
#1271=ORIENTED_EDGE('',*,*,#2075,.T.);
#1272=ORIENTED_EDGE('',*,*,#1896,.T.);
#1273=ORIENTED_EDGE('',*,*,#2076,.F.);
#1274=ORIENTED_EDGE('',*,*,#1968,.F.);
#1275=ORIENTED_EDGE('',*,*,#2076,.T.);
#1276=ORIENTED_EDGE('',*,*,#1568,.T.);
#1277=ORIENTED_EDGE('',*,*,#2073,.F.);
#1278=ORIENTED_EDGE('',*,*,#1583,.F.);
#1279=ORIENTED_EDGE('',*,*,#2077,.F.);
#1280=ORIENTED_EDGE('',*,*,#1958,.T.);
#1281=ORIENTED_EDGE('',*,*,#2078,.T.);
#1282=ORIENTED_EDGE('',*,*,#1870,.F.);
#1283=ORIENTED_EDGE('',*,*,#2079,.F.);
#1284=ORIENTED_EDGE('',*,*,#1949,.T.);
#1285=ORIENTED_EDGE('',*,*,#2077,.T.);
#1286=ORIENTED_EDGE('',*,*,#1869,.F.);
#1287=ORIENTED_EDGE('',*,*,#1871,.T.);
#1288=ORIENTED_EDGE('',*,*,#2078,.F.);
#1289=ORIENTED_EDGE('',*,*,#1957,.F.);
#1290=ORIENTED_EDGE('',*,*,#2080,.T.);
#1291=ORIENTED_EDGE('',*,*,#1898,.T.);
#1292=ORIENTED_EDGE('',*,*,#2080,.F.);
#1293=ORIENTED_EDGE('',*,*,#1974,.F.);
#1294=ORIENTED_EDGE('',*,*,#2079,.T.);
#1295=ORIENTED_EDGE('',*,*,#1875,.T.);
#1296=ORIENTED_EDGE('',*,*,#2081,.F.);
#1297=ORIENTED_EDGE('',*,*,#1953,.F.);
#1298=ORIENTED_EDGE('',*,*,#2082,.T.);
#1299=ORIENTED_EDGE('',*,*,#2082,.F.);
#1300=ORIENTED_EDGE('',*,*,#1952,.T.);
#1301=ORIENTED_EDGE('',*,*,#2083,.T.);
#1302=ORIENTED_EDGE('',*,*,#1876,.F.);
#1303=ORIENTED_EDGE('',*,*,#2083,.F.);
#1304=ORIENTED_EDGE('',*,*,#1969,.F.);
#1305=ORIENTED_EDGE('',*,*,#2084,.T.);
#1306=ORIENTED_EDGE('',*,*,#1897,.F.);
#1307=ORIENTED_EDGE('',*,*,#1874,.T.);
#1308=ORIENTED_EDGE('',*,*,#2084,.F.);
#1309=ORIENTED_EDGE('',*,*,#1954,.F.);
#1310=ORIENTED_EDGE('',*,*,#2081,.T.);
#1311=ORIENTED_EDGE('',*,*,#2085,.T.);
#1312=ORIENTED_EDGE('',*,*,#1938,.T.);
#1313=ORIENTED_EDGE('',*,*,#2086,.F.);
#1314=ORIENTED_EDGE('',*,*,#1845,.F.);
#1315=ORIENTED_EDGE('',*,*,#1980,.T.);
#1316=ORIENTED_EDGE('',*,*,#1930,.T.);
#1317=ORIENTED_EDGE('',*,*,#2085,.F.);
#1318=ORIENTED_EDGE('',*,*,#1844,.F.);
#1319=ORIENTED_EDGE('',*,*,#1846,.T.);
#1320=ORIENTED_EDGE('',*,*,#2086,.T.);
#1321=ORIENTED_EDGE('',*,*,#1550,.F.);
#1322=ORIENTED_EDGE('',*,*,#1557,.F.);
#1323=ORIENTED_EDGE('',*,*,#1539,.T.);
#1324=ORIENTED_EDGE('',*,*,#1849,.T.);
#1325=ORIENTED_EDGE('',*,*,#2087,.F.);
#1326=ORIENTED_EDGE('',*,*,#2088,.F.);
#1327=ORIENTED_EDGE('',*,*,#1752,.F.);
#1328=ORIENTED_EDGE('',*,*,#1481,.F.);
#1329=ORIENTED_EDGE('',*,*,#1785,.T.);
#1330=ORIENTED_EDGE('',*,*,#2089,.F.);
#1331=ORIENTED_EDGE('',*,*,#1730,.T.);
#1332=ORIENTED_EDGE('',*,*,#1475,.T.);
#1333=ORIENTED_EDGE('',*,*,#1700,.F.);
#1334=ORIENTED_EDGE('',*,*,#2090,.F.);
#1335=ORIENTED_EDGE('',*,*,#1731,.T.);
#1336=ORIENTED_EDGE('',*,*,#2089,.T.);
#1337=ORIENTED_EDGE('',*,*,#1699,.F.);
#1338=ORIENTED_EDGE('',*,*,#2091,.F.);
#1339=ORIENTED_EDGE('',*,*,#1732,.T.);
#1340=ORIENTED_EDGE('',*,*,#2090,.T.);
#1341=ORIENTED_EDGE('',*,*,#1698,.F.);
#1342=ORIENTED_EDGE('',*,*,#1848,.F.);
#1343=ORIENTED_EDGE('',*,*,#2092,.T.);
#1344=ORIENTED_EDGE('',*,*,#1559,.T.);
#1345=ORIENTED_EDGE('',*,*,#1733,.T.);
#1346=ORIENTED_EDGE('',*,*,#2091,.T.);
#1347=ORIENTED_EDGE('',*,*,#1697,.F.);
#1348=ORIENTED_EDGE('',*,*,#1540,.T.);
#1349=ORIENTED_EDGE('',*,*,#2087,.T.);
#1350=ORIENTED_EDGE('',*,*,#1982,.F.);
#1351=ORIENTED_EDGE('',*,*,#2093,.F.);
#1352=ORIENTED_EDGE('',*,*,#1857,.T.);
#1353=ORIENTED_EDGE('',*,*,#1524,.T.);
#1354=ORIENTED_EDGE('',*,*,#1885,.F.);
#1355=ORIENTED_EDGE('',*,*,#1755,.F.);
#1356=ORIENTED_EDGE('',*,*,#2094,.T.);
#1357=ORIENTED_EDGE('',*,*,#1782,.T.);
#1358=ORIENTED_EDGE('',*,*,#1783,.T.);
#1359=ORIENTED_EDGE('',*,*,#2094,.F.);
#1360=ORIENTED_EDGE('',*,*,#1754,.F.);
#1361=ORIENTED_EDGE('',*,*,#2095,.T.);
#1362=ORIENTED_EDGE('',*,*,#1784,.T.);
#1363=ORIENTED_EDGE('',*,*,#2095,.F.);
#1364=ORIENTED_EDGE('',*,*,#1753,.F.);
#1365=ORIENTED_EDGE('',*,*,#2088,.T.);
#1366=ORIENTED_EDGE('',*,*,#1850,.F.);
#1367=ORIENTED_EDGE('',*,*,#1537,.T.);
#1368=ORIENTED_EDGE('',*,*,#1554,.T.);
#1369=ORIENTED_EDGE('',*,*,#2096,.F.);
#1370=ORIENTED_EDGE('',*,*,#1553,.T.);
#1371=ORIENTED_EDGE('',*,*,#1533,.T.);
#1372=ORIENTED_EDGE('',*,*,#1851,.F.);
#1373=ORIENTED_EDGE('',*,*,#2096,.T.);
#1374=ORIENTED_EDGE('',*,*,#2092,.F.);
#1375=ORIENTED_EDGE('',*,*,#1847,.F.);
#1376=ORIENTED_EDGE('',*,*,#1560,.T.);
#1377=ORIENTED_EDGE('',*,*,#1932,.F.);
#1378=ORIENTED_EDGE('',*,*,#1886,.T.);
#1379=ORIENTED_EDGE('',*,*,#1855,.T.);
#1380=ORIENTED_EDGE('',*,*,#2097,.T.);
#1381=ORIENTED_EDGE('',*,*,#1884,.F.);
#1382=ORIENTED_EDGE('',*,*,#1933,.F.);
#1383=ORIENTED_EDGE('',*,*,#2097,.F.);
#1384=ORIENTED_EDGE('',*,*,#1854,.T.);
#1385=ORIENTED_EDGE('',*,*,#1842,.T.);
#1386=ORIENTED_EDGE('',*,*,#2093,.T.);
#1387=ORIENTED_EDGE('',*,*,#1981,.F.);
#1388=ORIENTED_EDGE('',*,*,#1746,.T.);
#1389=ORIENTED_EDGE('',*,*,#1771,.F.);
#1390=ORIENTED_EDGE('',*,*,#1745,.T.);
#1391=ORIENTED_EDGE('',*,*,#1770,.F.);
#1392=ORIENTED_EDGE('',*,*,#1744,.T.);
#1393=ORIENTED_EDGE('',*,*,#1769,.F.);
#1394=ORIENTED_EDGE('',*,*,#1720,.F.);
#1395=ORIENTED_EDGE('',*,*,#1696,.F.);
#1396=ORIENTED_EDGE('',*,*,#1719,.F.);
#1397=ORIENTED_EDGE('',*,*,#1695,.F.);
#1398=ORIENTED_EDGE('',*,*,#1718,.F.);
#1399=ORIENTED_EDGE('',*,*,#1694,.F.);
#1400=ORIENTED_EDGE('',*,*,#2098,.F.);
#1401=ORIENTED_EDGE('',*,*,#2099,.T.);
#1402=ORIENTED_EDGE('',*,*,#2100,.T.);
#1403=ORIENTED_EDGE('',*,*,#2101,.T.);
#1404=ORIENTED_EDGE('',*,*,#1503,.F.);
#1405=ORIENTED_EDGE('',*,*,#2102,.T.);
#1406=ORIENTED_EDGE('',*,*,#2098,.T.);
#1407=ORIENTED_EDGE('',*,*,#2103,.T.);
#1408=ORIENTED_EDGE('',*,*,#1470,.F.);
#1409=ORIENTED_EDGE('',*,*,#2104,.T.);
#1410=ORIENTED_EDGE('',*,*,#1468,.T.);
#1411=ORIENTED_EDGE('',*,*,#2105,.T.);
#1412=ORIENTED_EDGE('',*,*,#2100,.F.);
#1413=ORIENTED_EDGE('',*,*,#2106,.T.);
#1414=ORIENTED_EDGE('',*,*,#2107,.T.);
#1415=ORIENTED_EDGE('',*,*,#2108,.T.);
#1416=ORIENTED_EDGE('',*,*,#2109,.T.);
#1417=ORIENTED_EDGE('',*,*,#2110,.T.);
#1418=ORIENTED_EDGE('',*,*,#2102,.F.);
#1419=ORIENTED_EDGE('',*,*,#1502,.F.);
#1420=ORIENTED_EDGE('',*,*,#1471,.F.);
#1421=ORIENTED_EDGE('',*,*,#2103,.F.);
#1422=ORIENTED_EDGE('',*,*,#2101,.F.);
#1423=ORIENTED_EDGE('',*,*,#2105,.F.);
#1424=ORIENTED_EDGE('',*,*,#1485,.F.);
#1425=ORIENTED_EDGE('',*,*,#1504,.F.);
#1426=ORIENTED_EDGE('',*,*,#2111,.F.);
#1427=ORIENTED_EDGE('',*,*,#2110,.F.);
#1428=ORIENTED_EDGE('',*,*,#2112,.F.);
#1429=ORIENTED_EDGE('',*,*,#1469,.F.);
#1430=ORIENTED_EDGE('',*,*,#2112,.T.);
#1431=ORIENTED_EDGE('',*,*,#2109,.F.);
#1432=ORIENTED_EDGE('',*,*,#2113,.F.);
#1433=ORIENTED_EDGE('',*,*,#2104,.F.);
#1434=ORIENTED_EDGE('',*,*,#2111,.T.);
#1435=ORIENTED_EDGE('',*,*,#2106,.F.);
#1436=ORIENTED_EDGE('',*,*,#2114,.F.);
#1437=ORIENTED_EDGE('',*,*,#2107,.F.);
#1438=ORIENTED_EDGE('',*,*,#2113,.T.);
#1439=ORIENTED_EDGE('',*,*,#2108,.F.);
#1440=ORIENTED_EDGE('',*,*,#2114,.T.);
#1441=ORIENTED_EDGE('',*,*,#2099,.F.);
#1442=ORIENTED_EDGE('',*,*,#1486,.T.);
#1443=ORIENTED_EDGE('',*,*,#2115,.T.);
#1444=ORIENTED_EDGE('',*,*,#2116,.F.);
#1445=ORIENTED_EDGE('',*,*,#2117,.F.);
#1446=ORIENTED_EDGE('',*,*,#2118,.T.);
#1447=ORIENTED_EDGE('',*,*,#1488,.F.);
#1448=ORIENTED_EDGE('',*,*,#2119,.F.);
#1449=ORIENTED_EDGE('',*,*,#2120,.T.);
#1450=ORIENTED_EDGE('',*,*,#2121,.T.);
#1451=ORIENTED_EDGE('',*,*,#2122,.F.);
#1452=ORIENTED_EDGE('',*,*,#2115,.F.);
#1453=ORIENTED_EDGE('',*,*,#1489,.T.);
#1454=ORIENTED_EDGE('',*,*,#2122,.T.);
#1455=ORIENTED_EDGE('',*,*,#2123,.F.);
#1456=ORIENTED_EDGE('',*,*,#2121,.F.);
#1457=ORIENTED_EDGE('',*,*,#2124,.T.);
#1458=ORIENTED_EDGE('',*,*,#2116,.T.);
#1459=ORIENTED_EDGE('',*,*,#2123,.T.);
#1460=ORIENTED_EDGE('',*,*,#1487,.T.);
#1461=ORIENTED_EDGE('',*,*,#2118,.F.);
#1462=ORIENTED_EDGE('',*,*,#2125,.F.);
#1463=ORIENTED_EDGE('',*,*,#2119,.T.);
#1464=ORIENTED_EDGE('',*,*,#2124,.F.);
#1465=ORIENTED_EDGE('',*,*,#2120,.F.);
#1466=ORIENTED_EDGE('',*,*,#2125,.T.);
#1467=ORIENTED_EDGE('',*,*,#2117,.T.);
#1468=EDGE_CURVE('',#2126,#2127,#2538,.T.);
#1469=EDGE_CURVE('',#2126,#2128,#2539,.T.);
#1470=EDGE_CURVE('',#2128,#2129,#2540,.T.);
#1471=EDGE_CURVE('',#2129,#2130,#2541,.T.);
#1472=EDGE_CURVE('',#2131,#2130,#2542,.T.);
#1473=EDGE_CURVE('',#2132,#2131,#130,.T.);
#1474=EDGE_CURVE('',#2133,#2132,#2543,.T.);
#1475=EDGE_CURVE('',#2134,#2133,#2544,.F.);
#1476=EDGE_CURVE('',#2134,#2135,#2545,.T.);
#1477=EDGE_CURVE('',#2135,#2136,#131,.F.);
#1478=EDGE_CURVE('',#2136,#2137,#2546,.F.);
#1479=EDGE_CURVE('',#2138,#2137,#132,.T.);
#1480=EDGE_CURVE('',#2139,#2138,#2547,.T.);
#1481=EDGE_CURVE('',#2139,#2140,#2548,.T.);
#1482=EDGE_CURVE('',#2140,#2141,#2549,.T.);
#1483=EDGE_CURVE('',#2141,#2142,#133,.F.);
#1484=EDGE_CURVE('',#2143,#2142,#2550,.T.);
#1485=EDGE_CURVE('',#2143,#2127,#2551,.F.);
#1486=EDGE_CURVE('',#2144,#2145,#2552,.T.);
#1487=EDGE_CURVE('',#2146,#2144,#2553,.T.);
#1488=EDGE_CURVE('',#2146,#2147,#2554,.T.);
#1489=EDGE_CURVE('',#2145,#2147,#2555,.T.);
#1490=EDGE_CURVE('',#2148,#2149,#2556,.T.);
#1491=EDGE_CURVE('',#2148,#2150,#2557,.T.);
#1492=EDGE_CURVE('',#2150,#2151,#2558,.T.);
#1493=EDGE_CURVE('',#2149,#2151,#2559,.T.);
#1494=EDGE_CURVE('',#2152,#2153,#2560,.T.);
#1495=EDGE_CURVE('',#2152,#2154,#2561,.T.);
#1496=EDGE_CURVE('',#2155,#2154,#2562,.T.);
#1497=EDGE_CURVE('',#2153,#2155,#2563,.T.);
#1498=EDGE_CURVE('',#2156,#2157,#2564,.T.);
#1499=EDGE_CURVE('',#2157,#2158,#2565,.T.);
#1500=EDGE_CURVE('',#2158,#2159,#2566,.T.);
#1501=EDGE_CURVE('',#2156,#2159,#2567,.T.);
#1502=EDGE_CURVE('',#2130,#2160,#2568,.T.);
#1503=EDGE_CURVE('',#2160,#2161,#2569,.T.);
#1504=EDGE_CURVE('',#2161,#2143,#2570,.T.);
#1505=EDGE_CURVE('',#2142,#2162,#2571,.T.);
#1506=EDGE_CURVE('',#2163,#2162,#2572,.T.);
#1507=EDGE_CURVE('',#2163,#2164,#2573,.T.);
#1508=EDGE_CURVE('',#2164,#2165,#2574,.T.);
#1509=EDGE_CURVE('',#2165,#2166,#2575,.T.);
#1510=EDGE_CURVE('',#2167,#2166,#2576,.F.);
#1511=EDGE_CURVE('',#2167,#2168,#2577,.T.);
#1512=EDGE_CURVE('',#2168,#2169,#66,.F.);
#1513=EDGE_CURVE('',#2170,#2169,#2578,.T.);
#1514=EDGE_CURVE('',#2170,#2171,#67,.F.);
#1515=EDGE_CURVE('',#2171,#2172,#2579,.T.);
#1516=EDGE_CURVE('',#2172,#2173,#2580,.F.);
#1517=EDGE_CURVE('',#2173,#2174,#2581,.F.);
#1518=EDGE_CURVE('',#2174,#2175,#2582,.T.);
#1519=EDGE_CURVE('',#2176,#2175,#2583,.T.);
#1520=EDGE_CURVE('',#2177,#2176,#2584,.T.);
#1521=EDGE_CURVE('',#2177,#2131,#2585,.F.);
#1522=EDGE_CURVE('',#2178,#2179,#2586,.T.);
#1523=EDGE_CURVE('',#2180,#2178,#2587,.T.);
#1524=EDGE_CURVE('',#2179,#2180,#2588,.T.);
#1525=EDGE_CURVE('',#2181,#2182,#56,.T.);
#1526=EDGE_CURVE('',#2182,#2183,#2589,.T.);
#1527=EDGE_CURVE('',#2184,#2183,#68,.T.);
#1528=EDGE_CURVE('',#2181,#2184,#2590,.F.);
#1529=EDGE_CURVE('',#2185,#2186,#2591,.T.);
#1530=EDGE_CURVE('',#2185,#2187,#69,.T.);
#1531=EDGE_CURVE('',#2188,#2187,#2592,.F.);
#1532=EDGE_CURVE('',#2188,#2186,#57,.T.);
#1533=EDGE_CURVE('',#2189,#2190,#70,.F.);
#1534=EDGE_CURVE('',#2189,#2187,#71,.F.);
#1535=EDGE_CURVE('',#2191,#2185,#2593,.T.);
#1536=EDGE_CURVE('',#2192,#2191,#72,.T.);
#1537=EDGE_CURVE('',#2193,#2192,#2594,.T.);
#1538=EDGE_CURVE('',#2193,#2194,#73,.T.);
#1539=EDGE_CURVE('',#2195,#2194,#2595,.T.);
#1540=EDGE_CURVE('',#2196,#2195,#74,.T.);
#1541=EDGE_CURVE('',#2197,#2196,#2596,.F.);
#1542=EDGE_CURVE('',#2198,#2197,#75,.T.);
#1543=EDGE_CURVE('',#2199,#2198,#2597,.T.);
#1544=EDGE_CURVE('',#2200,#2199,#76,.T.);
#1545=EDGE_CURVE('',#2190,#2200,#77,.F.);
#1546=EDGE_CURVE('',#2188,#2201,#58,.T.);
#1547=EDGE_CURVE('',#2202,#2201,#59,.T.);
#1548=EDGE_CURVE('',#2186,#2202,#78,.F.);
#1549=EDGE_CURVE('',#2203,#2204,#2598,.T.);
#1550=EDGE_CURVE('',#2204,#2205,#2599,.T.);
#1551=EDGE_CURVE('',#2205,#2206,#2600,.T.);
#1552=EDGE_CURVE('',#2201,#2206,#79,.F.);
#1553=EDGE_CURVE('',#2207,#2189,#2601,.T.);
#1554=EDGE_CURVE('',#2192,#2207,#2602,.T.);
#1555=EDGE_CURVE('',#2191,#2203,#2603,.T.);
#1556=EDGE_CURVE('',#2208,#2209,#2604,.T.);
#1557=EDGE_CURVE('',#2208,#2204,#134,.F.);
#1558=EDGE_CURVE('',#2203,#2210,#135,.F.);
#1559=EDGE_CURVE('',#2211,#2210,#2605,.T.);
#1560=EDGE_CURVE('',#2209,#2211,#136,.F.);
#1561=EDGE_CURVE('',#2212,#2213,#2606,.T.);
#1562=EDGE_CURVE('',#2213,#2214,#2607,.T.);
#1563=EDGE_CURVE('',#2214,#2215,#2608,.T.);
#1564=EDGE_CURVE('',#2216,#2215,#2609,.T.);
#1565=EDGE_CURVE('',#2216,#2217,#2610,.F.);
#1566=EDGE_CURVE('',#2217,#2218,#2611,.T.);
#1567=EDGE_CURVE('',#2219,#2218,#2612,.T.);
#1568=EDGE_CURVE('',#2220,#2219,#2613,.T.);
#1569=EDGE_CURVE('',#2220,#2221,#2614,.F.);
#1570=EDGE_CURVE('',#2221,#2222,#2615,.T.);
#1571=EDGE_CURVE('',#2223,#2222,#2616,.T.);
#1572=EDGE_CURVE('',#2223,#2224,#2617,.T.);
#1573=EDGE_CURVE('',#2224,#2225,#2618,.T.);
#1574=EDGE_CURVE('',#2212,#2225,#2619,.T.);
#1575=EDGE_CURVE('',#2226,#2227,#2620,.T.);
#1576=EDGE_CURVE('',#2228,#2226,#2621,.T.);
#1577=EDGE_CURVE('',#2228,#2229,#2622,.T.);
#1578=EDGE_CURVE('',#2230,#2229,#2623,.T.);
#1579=EDGE_CURVE('',#2231,#2230,#2624,.T.);
#1580=EDGE_CURVE('',#2231,#2232,#2625,.T.);
#1581=EDGE_CURVE('',#2233,#2232,#2626,.T.);
#1582=EDGE_CURVE('',#2234,#2233,#2627,.T.);
#1583=EDGE_CURVE('',#2234,#2235,#2628,.T.);
#1584=EDGE_CURVE('',#2235,#2236,#2629,.T.);
#1585=EDGE_CURVE('',#2237,#2236,#2630,.T.);
#1586=EDGE_CURVE('',#2238,#2237,#2631,.T.);
#1587=EDGE_CURVE('',#2238,#2239,#2632,.T.);
#1588=EDGE_CURVE('',#2227,#2239,#2633,.T.);
#1589=EDGE_CURVE('',#2240,#2241,#2634,.T.);
#1590=EDGE_CURVE('',#2242,#2240,#2635,.T.);
#1591=EDGE_CURVE('',#2242,#2243,#2636,.T.);
#1592=EDGE_CURVE('',#2241,#2243,#2637,.T.);
#1593=EDGE_CURVE('',#2244,#2245,#2638,.T.);
#1594=EDGE_CURVE('',#2244,#2246,#2639,.T.);
#1595=EDGE_CURVE('',#2246,#2247,#2640,.T.);
#1596=EDGE_CURVE('',#2245,#2247,#2641,.T.);
#1597=EDGE_CURVE('',#2248,#2249,#2642,.T.);
#1598=EDGE_CURVE('',#2248,#2250,#2643,.T.);
#1599=EDGE_CURVE('',#2250,#2251,#2644,.T.);
#1600=EDGE_CURVE('',#2251,#2249,#2645,.T.);
#1601=EDGE_CURVE('',#2252,#2253,#2646,.T.);
#1602=EDGE_CURVE('',#2254,#2252,#2647,.T.);
#1603=EDGE_CURVE('',#2254,#2255,#2648,.T.);
#1604=EDGE_CURVE('',#2137,#2255,#2649,.T.);
#1605=EDGE_CURVE('',#2256,#2136,#2650,.F.);
#1606=EDGE_CURVE('',#2256,#2257,#2651,.T.);
#1607=EDGE_CURVE('',#2257,#2258,#2652,.T.);
#1608=EDGE_CURVE('',#2259,#2258,#2653,.T.);
#1609=EDGE_CURVE('',#2260,#2259,#2654,.F.);
#1610=EDGE_CURVE('',#2261,#2260,#2655,.T.);
#1611=EDGE_CURVE('',#2262,#2261,#80,.F.);
#1612=EDGE_CURVE('',#2262,#2263,#2656,.T.);
#1613=EDGE_CURVE('',#2264,#2263,#81,.F.);
#1614=EDGE_CURVE('',#2265,#2264,#2657,.T.);
#1615=EDGE_CURVE('',#2253,#2265,#2658,.T.);
#1616=EDGE_CURVE('',#2266,#2267,#2659,.T.);
#1617=EDGE_CURVE('',#2266,#2268,#2660,.T.);
#1618=EDGE_CURVE('',#2269,#2268,#2661,.T.);
#1619=EDGE_CURVE('',#2269,#2267,#2662,.T.);
#1620=EDGE_CURVE('',#2270,#2271,#2663,.T.);
#1621=EDGE_CURVE('',#2270,#2272,#2664,.T.);
#1622=EDGE_CURVE('',#2273,#2272,#2665,.T.);
#1623=EDGE_CURVE('',#2271,#2273,#2666,.T.);
#1624=EDGE_CURVE('',#2274,#2275,#2667,.T.);
#1625=EDGE_CURVE('',#2274,#2276,#2668,.T.);
#1626=EDGE_CURVE('',#2276,#2277,#2669,.F.);
#1627=EDGE_CURVE('',#2278,#2277,#2670,.T.);
#1628=EDGE_CURVE('',#2279,#2278,#2671,.T.);
#1629=EDGE_CURVE('',#2279,#2280,#2672,.T.);
#1630=EDGE_CURVE('',#2280,#2281,#2673,.F.);
#1631=EDGE_CURVE('',#2282,#2281,#2674,.T.);
#1632=EDGE_CURVE('',#2283,#2282,#2675,.T.);
#1633=EDGE_CURVE('',#2284,#2283,#2676,.T.);
#1634=EDGE_CURVE('',#2284,#2285,#2677,.F.);
#1635=EDGE_CURVE('',#2286,#2285,#2678,.T.);
#1636=EDGE_CURVE('',#2286,#2287,#2679,.T.);
#1637=EDGE_CURVE('',#2288,#2287,#2680,.T.);
#1638=EDGE_CURVE('',#2288,#2289,#2681,.T.);
#1639=EDGE_CURVE('',#2290,#2289,#2682,.T.);
#1640=EDGE_CURVE('',#2290,#2291,#2683,.T.);
#1641=EDGE_CURVE('',#2291,#2292,#2684,.T.);
#1642=EDGE_CURVE('',#2292,#2293,#2685,.T.);
#1643=EDGE_CURVE('',#2294,#2293,#2686,.T.);
#1644=EDGE_CURVE('',#2294,#2295,#2687,.T.);
#1645=EDGE_CURVE('',#2295,#2296,#2688,.T.);
#1646=EDGE_CURVE('',#2296,#2297,#2689,.T.);
#1647=EDGE_CURVE('',#2298,#2297,#2690,.T.);
#1648=EDGE_CURVE('',#2298,#2299,#2691,.T.);
#1649=EDGE_CURVE('',#2299,#2300,#2692,.T.);
#1650=EDGE_CURVE('',#2300,#2301,#2693,.T.);
#1651=EDGE_CURVE('',#2301,#2302,#2694,.T.);
#1652=EDGE_CURVE('',#2302,#2170,#2695,.T.);
#1653=EDGE_CURVE('',#2169,#2303,#2696,.F.);
#1654=EDGE_CURVE('',#2303,#2304,#2697,.T.);
#1655=EDGE_CURVE('',#2305,#2304,#2698,.T.);
#1656=EDGE_CURVE('',#2305,#2306,#2699,.T.);
#1657=EDGE_CURVE('',#2306,#2307,#2700,.F.);
#1658=EDGE_CURVE('',#2275,#2307,#2701,.T.);
#1659=EDGE_CURVE('',#2308,#2309,#2702,.T.);
#1660=EDGE_CURVE('',#2309,#2310,#2703,.T.);
#1661=EDGE_CURVE('',#2311,#2310,#2704,.T.);
#1662=EDGE_CURVE('',#2312,#2311,#2705,.T.);
#1663=EDGE_CURVE('',#2312,#2313,#2706,.T.);
#1664=EDGE_CURVE('',#2314,#2313,#2707,.T.);
#1665=EDGE_CURVE('',#2315,#2314,#2708,.T.);
#1666=EDGE_CURVE('',#2315,#2316,#2709,.T.);
#1667=EDGE_CURVE('',#2317,#2316,#2710,.F.);
#1668=EDGE_CURVE('',#2318,#2317,#2711,.T.);
#1669=EDGE_CURVE('',#2319,#2318,#2712,.T.);
#1670=EDGE_CURVE('',#2320,#2319,#2713,.T.);
#1671=EDGE_CURVE('',#2321,#2320,#2714,.F.);
#1672=EDGE_CURVE('',#2321,#2322,#2715,.T.);
#1673=EDGE_CURVE('',#2323,#2322,#2716,.T.);
#1674=EDGE_CURVE('',#2324,#2323,#2717,.T.);
#1675=EDGE_CURVE('',#2325,#2324,#2718,.F.);
#1676=EDGE_CURVE('',#2325,#2326,#2719,.T.);
#1677=EDGE_CURVE('',#2327,#2326,#2720,.T.);
#1678=EDGE_CURVE('',#2328,#2327,#2721,.T.);
#1679=EDGE_CURVE('',#2329,#2328,#2722,.F.);
#1680=EDGE_CURVE('',#2329,#2330,#2723,.T.);
#1681=EDGE_CURVE('',#2331,#2330,#2724,.T.);
#1682=EDGE_CURVE('',#2331,#2332,#2725,.T.);
#1683=EDGE_CURVE('',#2263,#2332,#2726,.F.);
#1684=EDGE_CURVE('',#2333,#2262,#2727,.T.);
#1685=EDGE_CURVE('',#2333,#2334,#2728,.T.);
#1686=EDGE_CURVE('',#2334,#2335,#2729,.T.);
#1687=EDGE_CURVE('',#2335,#2336,#2730,.T.);
#1688=EDGE_CURVE('',#2337,#2336,#2731,.T.);
#1689=EDGE_CURVE('',#2338,#2337,#2732,.T.);
#1690=EDGE_CURVE('',#2338,#2339,#2733,.T.);
#1691=EDGE_CURVE('',#2339,#2340,#2734,.T.);
#1692=EDGE_CURVE('',#2341,#2340,#2735,.T.);
#1693=EDGE_CURVE('',#2308,#2341,#2736,.T.);
#1694=EDGE_CURVE('',#2342,#2342,#137,.T.);
#1695=EDGE_CURVE('',#2343,#2343,#138,.T.);
#1696=EDGE_CURVE('',#2344,#2344,#139,.T.);
#1697=EDGE_CURVE('',#2196,#2345,#2737,.T.);
#1698=EDGE_CURVE('',#2345,#2346,#2738,.T.);
#1699=EDGE_CURVE('',#2346,#2347,#2739,.T.);
#1700=EDGE_CURVE('',#2347,#2133,#2740,.F.);
#1701=EDGE_CURVE('',#2132,#2348,#2741,.F.);
#1702=EDGE_CURVE('',#2348,#2349,#2742,.F.);
#1703=EDGE_CURVE('',#2349,#2350,#2743,.F.);
#1704=EDGE_CURVE('',#2350,#2351,#2744,.F.);
#1705=EDGE_CURVE('',#2351,#2197,#2745,.F.);
#1706=EDGE_CURVE('',#2352,#2353,#2746,.T.);
#1707=EDGE_CURVE('',#2353,#2354,#2747,.T.);
#1708=EDGE_CURVE('',#2355,#2354,#2748,.T.);
#1709=EDGE_CURVE('',#2352,#2355,#2749,.T.);
#1710=EDGE_CURVE('',#2356,#2357,#2750,.T.);
#1711=EDGE_CURVE('',#2356,#2358,#2751,.T.);
#1712=EDGE_CURVE('',#2359,#2358,#2752,.T.);
#1713=EDGE_CURVE('',#2357,#2359,#2753,.T.);
#1714=EDGE_CURVE('',#2360,#2361,#2754,.T.);
#1715=EDGE_CURVE('',#2362,#2360,#2755,.T.);
#1716=EDGE_CURVE('',#2363,#2362,#2756,.T.);
#1717=EDGE_CURVE('',#2361,#2363,#2757,.T.);
#1718=EDGE_CURVE('',#2364,#2364,#140,.F.);
#1719=EDGE_CURVE('',#2365,#2365,#141,.F.);
#1720=EDGE_CURVE('',#2366,#2366,#142,.F.);
#1721=EDGE_CURVE('',#2367,#2368,#2758,.T.);
#1722=EDGE_CURVE('',#2367,#2369,#2759,.T.);
#1723=EDGE_CURVE('',#2369,#2370,#2760,.T.);
#1724=EDGE_CURVE('',#2370,#2368,#2761,.T.);
#1725=EDGE_CURVE('',#2371,#2372,#2762,.T.);
#1726=EDGE_CURVE('',#2373,#2371,#2763,.T.);
#1727=EDGE_CURVE('',#2373,#2374,#2764,.T.);
#1728=EDGE_CURVE('',#2374,#2372,#2765,.T.);
#1729=EDGE_CURVE('',#2135,#2375,#2766,.T.);
#1730=EDGE_CURVE('',#2376,#2134,#2767,.T.);
#1731=EDGE_CURVE('',#2377,#2376,#2768,.T.);
#1732=EDGE_CURVE('',#2378,#2377,#2769,.T.);
#1733=EDGE_CURVE('',#2210,#2378,#2770,.T.);
#1734=EDGE_CURVE('',#2186,#2379,#2771,.T.);
#1735=EDGE_CURVE('',#2380,#2379,#2772,.F.);
#1736=EDGE_CURVE('',#2381,#2380,#2773,.T.);
#1737=EDGE_CURVE('',#2382,#2381,#2774,.F.);
#1738=EDGE_CURVE('',#2383,#2382,#2775,.F.);
#1739=EDGE_CURVE('',#2375,#2383,#2776,.T.);
#1740=EDGE_CURVE('',#2384,#2385,#2777,.T.);
#1741=EDGE_CURVE('',#2385,#2386,#2778,.T.);
#1742=EDGE_CURVE('',#2386,#2387,#2779,.T.);
#1743=EDGE_CURVE('',#2387,#2384,#2780,.T.);
#1744=EDGE_CURVE('',#2388,#2388,#143,.T.);
#1745=EDGE_CURVE('',#2389,#2389,#144,.T.);
#1746=EDGE_CURVE('',#2390,#2390,#145,.T.);
#1747=EDGE_CURVE('',#2391,#2392,#2781,.T.);
#1748=EDGE_CURVE('',#2393,#2391,#2782,.T.);
#1749=EDGE_CURVE('',#2394,#2393,#2783,.T.);
#1750=EDGE_CURVE('',#2392,#2394,#2784,.T.);
#1751=EDGE_CURVE('',#2395,#2141,#2785,.F.);
#1752=EDGE_CURVE('',#2140,#2396,#2786,.T.);
#1753=EDGE_CURVE('',#2396,#2397,#2787,.T.);
#1754=EDGE_CURVE('',#2397,#2398,#2788,.T.);
#1755=EDGE_CURVE('',#2398,#2399,#2789,.T.);
#1756=EDGE_CURVE('',#2399,#2400,#2790,.F.);
#1757=EDGE_CURVE('',#2400,#2401,#2791,.F.);
#1758=EDGE_CURVE('',#2401,#2402,#2792,.F.);
#1759=EDGE_CURVE('',#2402,#2403,#2793,.F.);
#1760=EDGE_CURVE('',#2403,#2395,#2794,.T.);
#1761=EDGE_CURVE('',#2404,#2405,#2795,.T.);
#1762=EDGE_CURVE('',#2404,#2406,#2796,.T.);
#1763=EDGE_CURVE('',#2406,#2407,#2797,.T.);
#1764=EDGE_CURVE('',#2405,#2407,#2798,.T.);
#1765=EDGE_CURVE('',#2408,#2409,#2799,.T.);
#1766=EDGE_CURVE('',#2408,#2410,#2800,.T.);
#1767=EDGE_CURVE('',#2411,#2410,#2801,.T.);
#1768=EDGE_CURVE('',#2409,#2411,#2802,.T.);
#1769=EDGE_CURVE('',#2412,#2412,#146,.T.);
#1770=EDGE_CURVE('',#2413,#2413,#147,.T.);
#1771=EDGE_CURVE('',#2414,#2414,#148,.T.);
#1772=EDGE_CURVE('',#2415,#2416,#2803,.T.);
#1773=EDGE_CURVE('',#2416,#2417,#2804,.T.);
#1774=EDGE_CURVE('',#2417,#2418,#2805,.T.);
#1775=EDGE_CURVE('',#2418,#2415,#2806,.T.);
#1776=EDGE_CURVE('',#2419,#2420,#2807,.T.);
#1777=EDGE_CURVE('',#2419,#2421,#2808,.T.);
#1778=EDGE_CURVE('',#2421,#2422,#2809,.T.);
#1779=EDGE_CURVE('',#2420,#2422,#2810,.T.);
#1780=EDGE_CURVE('',#2423,#2424,#2811,.T.);
#1781=EDGE_CURVE('',#2424,#2425,#149,.T.);
#1782=EDGE_CURVE('',#2426,#2425,#2812,.T.);
#1783=EDGE_CURVE('',#2427,#2426,#2813,.T.);
#1784=EDGE_CURVE('',#2428,#2427,#2814,.T.);
#1785=EDGE_CURVE('',#2139,#2428,#2815,.F.);
#1786=EDGE_CURVE('',#2429,#2138,#2816,.F.);
#1787=EDGE_CURVE('',#2430,#2429,#2817,.F.);
#1788=EDGE_CURVE('',#2431,#2430,#2818,.T.);
#1789=EDGE_CURVE('',#2432,#2431,#2819,.T.);
#1790=EDGE_CURVE('',#2433,#2432,#2820,.F.);
#1791=EDGE_CURVE('',#2434,#2433,#2821,.T.);
#1792=EDGE_CURVE('',#2434,#2181,#2822,.F.);
#1793=EDGE_CURVE('',#2423,#2184,#2823,.T.);
#1794=EDGE_CURVE('',#2435,#2436,#2824,.T.);
#1795=EDGE_CURVE('',#2435,#2437,#2825,.T.);
#1796=EDGE_CURVE('',#2437,#2438,#2826,.T.);
#1797=EDGE_CURVE('',#2438,#2436,#2827,.T.);
#1798=EDGE_CURVE('',#2375,#2260,#82,.F.);
#1799=EDGE_CURVE('',#2439,#2375,#2828,.T.);
#1800=EDGE_CURVE('',#2439,#2173,#60,.T.);
#1801=EDGE_CURVE('',#2260,#2173,#2829,.F.);
#1802=EDGE_CURVE('',#2379,#2202,#83,.F.);
#1803=EDGE_CURVE('',#2429,#2440,#2830,.F.);
#1804=EDGE_CURVE('',#2429,#2265,#84,.F.);
#1805=EDGE_CURVE('',#2166,#2265,#2831,.T.);
#1806=EDGE_CURVE('',#2440,#2166,#61,.T.);
#1807=EDGE_CURVE('',#2441,#2430,#2832,.F.);
#1808=EDGE_CURVE('',#2395,#2440,#85,.T.);
#1809=EDGE_CURVE('',#2403,#2441,#86,.F.);
#1810=EDGE_CURVE('',#2265,#2442,#2833,.T.);
#1811=EDGE_CURVE('',#2442,#2443,#2834,.T.);
#1812=EDGE_CURVE('',#2444,#2443,#2835,.F.);
#1813=EDGE_CURVE('',#2167,#2444,#2836,.F.);
#1814=EDGE_CURVE('',#2383,#2445,#2837,.T.);
#1815=EDGE_CURVE('',#2349,#2445,#87,.F.);
#1816=EDGE_CURVE('',#2348,#2439,#88,.T.);
#1817=EDGE_CURVE('',#2446,#2447,#2838,.F.);
#1818=EDGE_CURVE('',#2447,#2260,#2839,.F.);
#1819=EDGE_CURVE('',#2448,#2172,#2840,.T.);
#1820=EDGE_CURVE('',#2448,#2446,#2841,.F.);
#1821=EDGE_CURVE('',#2444,#2449,#2842,.T.);
#1822=EDGE_CURVE('',#2449,#2216,#89,.T.);
#1823=EDGE_CURVE('',#2215,#2168,#90,.F.);
#1824=EDGE_CURVE('',#2450,#2223,#2843,.T.);
#1825=EDGE_CURVE('',#2450,#2451,#2844,.F.);
#1826=EDGE_CURVE('',#2451,#2199,#2845,.T.);
#1827=EDGE_CURVE('',#2452,#2198,#2846,.T.);
#1828=EDGE_CURVE('',#2452,#2453,#2847,.T.);
#1829=EDGE_CURVE('',#2453,#2286,#91,.T.);
#1830=EDGE_CURVE('',#2285,#2224,#92,.T.);
#1831=EDGE_CURVE('',#2454,#2222,#2848,.T.);
#1832=EDGE_CURVE('',#2454,#2450,#2849,.T.);
#1833=EDGE_CURVE('',#2455,#2456,#2850,.T.);
#1834=EDGE_CURVE('',#2455,#2454,#2851,.F.);
#1835=EDGE_CURVE('',#2221,#2456,#93,.F.);
#1836=EDGE_CURVE('',#2443,#2455,#2852,.F.);
#1837=EDGE_CURVE('',#2456,#2449,#2853,.T.);
#1838=EDGE_CURVE('',#2457,#2448,#2854,.T.);
#1839=EDGE_CURVE('',#2171,#2458,#94,.F.);
#1840=EDGE_CURVE('',#2459,#2458,#2855,.T.);
#1841=EDGE_CURVE('',#2459,#2457,#95,.T.);
#1842=EDGE_CURVE('',#2460,#2461,#2856,.T.);
#1843=EDGE_CURVE('',#2460,#2462,#2857,.T.);
#1844=EDGE_CURVE('',#2462,#2463,#2858,.T.);
#1845=EDGE_CURVE('',#2463,#2464,#2859,.T.);
#1846=EDGE_CURVE('',#2208,#2464,#2860,.T.);
#1847=EDGE_CURVE('',#2209,#2465,#2861,.T.);
#1848=EDGE_CURVE('',#2465,#2466,#2862,.T.);
#1849=EDGE_CURVE('',#2194,#2466,#2863,.T.);
#1850=EDGE_CURVE('',#2193,#2467,#2864,.T.);
#1851=EDGE_CURVE('',#2467,#2190,#2865,.T.);
#1852=EDGE_CURVE('',#2468,#2200,#2866,.T.);
#1853=EDGE_CURVE('',#2468,#2469,#96,.F.);
#1854=EDGE_CURVE('',#2470,#2469,#2867,.T.);
#1855=EDGE_CURVE('',#2471,#2470,#2868,.T.);
#1856=EDGE_CURVE('',#2178,#2471,#97,.F.);
#1857=EDGE_CURVE('',#2461,#2179,#2869,.T.);
#1858=EDGE_CURVE('',#2451,#2468,#98,.T.);
#1859=EDGE_CURVE('',#2198,#2472,#2870,.F.);
#1860=EDGE_CURVE('',#2473,#2472,#2871,.T.);
#1861=EDGE_CURVE('',#2452,#2473,#2872,.T.);
#1862=EDGE_CURVE('',#2472,#2474,#2873,.T.);
#1863=EDGE_CURVE('',#2475,#2474,#2874,.T.);
#1864=EDGE_CURVE('',#2475,#2476,#99,.F.);
#1865=EDGE_CURVE('',#2476,#2473,#2875,.T.);
#1866=EDGE_CURVE('',#2474,#2446,#2876,.T.);
#1867=EDGE_CURVE('',#2457,#2475,#2877,.F.);
#1868=EDGE_CURVE('',#2458,#2477,#2878,.F.);
#1869=EDGE_CURVE('',#2477,#2478,#2879,.T.);
#1870=EDGE_CURVE('',#2478,#2479,#2880,.T.);
#1871=EDGE_CURVE('',#2480,#2479,#2881,.T.);
#1872=EDGE_CURVE('',#2480,#2453,#2882,.F.);
#1873=EDGE_CURVE('',#2476,#2481,#2883,.F.);
#1874=EDGE_CURVE('',#2482,#2481,#2884,.T.);
#1875=EDGE_CURVE('',#2483,#2482,#2885,.T.);
#1876=EDGE_CURVE('',#2483,#2484,#2886,.T.);
#1877=EDGE_CURVE('',#2484,#2459,#2887,.F.);
#1878=EDGE_CURVE('',#2454,#2401,#100,.T.);
#1879=EDGE_CURVE('',#2402,#2455,#101,.F.);
#1880=EDGE_CURVE('',#2441,#2443,#62,.T.);
#1881=EDGE_CURVE('',#2450,#2400,#102,.T.);
#1882=EDGE_CURVE('',#2430,#2442,#103,.F.);
#1883=EDGE_CURVE('',#2485,#2183,#104,.F.);
#1884=EDGE_CURVE('',#2485,#2469,#105,.F.);
#1885=EDGE_CURVE('',#2399,#2180,#106,.F.);
#1886=EDGE_CURVE('',#2486,#2471,#2888,.T.);
#1887=EDGE_CURVE('',#2423,#2486,#107,.F.);
#1888=EDGE_CURVE('',#2162,#2165,#2889,.T.);
#1889=EDGE_CURVE('',#2487,#2434,#108,.T.);
#1890=EDGE_CURVE('',#2487,#2181,#109,.F.);
#1891=EDGE_CURVE('',#2472,#2351,#110,.T.);
#1892=EDGE_CURVE('',#2474,#2350,#111,.T.);
#1893=EDGE_CURVE('',#2174,#2177,#2890,.F.);
#1894=EDGE_CURVE('',#2446,#2445,#63,.T.);
#1895=EDGE_CURVE('',#2447,#2383,#112,.T.);
#1896=EDGE_CURVE('',#2217,#2220,#2891,.F.);
#1897=EDGE_CURVE('',#2484,#2481,#2892,.T.);
#1898=EDGE_CURVE('',#2477,#2480,#2893,.T.);
#1899=EDGE_CURVE('',#2299,#2302,#2894,.T.);
#1900=EDGE_CURVE('',#2295,#2298,#2895,.T.);
#1901=EDGE_CURVE('',#2291,#2294,#2896,.T.);
#1902=EDGE_CURVE('',#2287,#2290,#2897,.T.);
#1903=EDGE_CURVE('',#2281,#2284,#2898,.F.);
#1904=EDGE_CURVE('',#2277,#2280,#2899,.F.);
#1905=EDGE_CURVE('',#2307,#2276,#2900,.F.);
#1906=EDGE_CURVE('',#2303,#2306,#2901,.F.);
#1907=EDGE_CURVE('',#2225,#2214,#2902,.T.);
#1908=EDGE_CURVE('',#2239,#2264,#113,.F.);
#1909=EDGE_CURVE('',#2488,#2238,#114,.T.);
#1910=EDGE_CURVE('',#2442,#2488,#2903,.T.);
#1911=EDGE_CURVE('',#2489,#2231,#2904,.T.);
#1912=EDGE_CURVE('',#2316,#2230,#115,.T.);
#1913=EDGE_CURVE('',#2490,#2315,#116,.T.);
#1914=EDGE_CURVE('',#2491,#2490,#2905,.T.);
#1915=EDGE_CURVE('',#2491,#2492,#2906,.T.);
#1916=EDGE_CURVE('',#2493,#2492,#2907,.T.);
#1917=EDGE_CURVE('',#2494,#2493,#2908,.T.);
#1918=EDGE_CURVE('',#2489,#2494,#2909,.F.);
#1919=EDGE_CURVE('',#2495,#2232,#2910,.T.);
#1920=EDGE_CURVE('',#2495,#2489,#2911,.T.);
#1921=EDGE_CURVE('',#2496,#2497,#2912,.T.);
#1922=EDGE_CURVE('',#2233,#2497,#117,.F.);
#1923=EDGE_CURVE('',#2496,#2495,#2913,.F.);
#1924=EDGE_CURVE('',#2497,#2488,#2914,.F.);
#1925=EDGE_CURVE('',#2442,#2496,#2915,.F.);
#1926=EDGE_CURVE('',#2498,#2447,#2916,.T.);
#1927=EDGE_CURVE('',#2499,#2498,#118,.T.);
#1928=EDGE_CURVE('',#2499,#2500,#2917,.T.);
#1929=EDGE_CURVE('',#2261,#2500,#119,.F.);
#1930=EDGE_CURVE('',#2501,#2502,#2918,.T.);
#1931=EDGE_CURVE('',#2501,#2424,#2919,.T.);
#1932=EDGE_CURVE('',#2486,#2503,#2920,.T.);
#1933=EDGE_CURVE('',#2503,#2485,#2921,.T.);
#1934=EDGE_CURVE('',#2182,#2504,#64,.T.);
#1935=EDGE_CURVE('',#2505,#2504,#120,.F.);
#1936=EDGE_CURVE('',#2505,#2502,#2922,.T.);
#1937=EDGE_CURVE('',#2206,#2493,#121,.T.);
#1938=EDGE_CURVE('',#2502,#2205,#2923,.T.);
#1939=EDGE_CURVE('',#2494,#2505,#122,.T.);
#1940=EDGE_CURVE('',#2491,#2506,#2924,.T.);
#1941=EDGE_CURVE('',#2506,#2507,#2925,.T.);
#1942=EDGE_CURVE('',#2492,#2507,#2926,.F.);
#1943=EDGE_CURVE('',#2508,#2506,#2927,.T.);
#1944=EDGE_CURVE('',#2509,#2508,#123,.F.);
#1945=EDGE_CURVE('',#2509,#2510,#2928,.T.);
#1946=EDGE_CURVE('',#2507,#2510,#2929,.T.);
#1947=EDGE_CURVE('',#2498,#2509,#2930,.T.);
#1948=EDGE_CURVE('',#2510,#2447,#2931,.T.);
#1949=EDGE_CURVE('',#2511,#2512,#2932,.T.);
#1950=EDGE_CURVE('',#2500,#2511,#2933,.F.);
#1951=EDGE_CURVE('',#2513,#2499,#2934,.F.);
#1952=EDGE_CURVE('',#2514,#2513,#2935,.T.);
#1953=EDGE_CURVE('',#2514,#2515,#2936,.T.);
#1954=EDGE_CURVE('',#2515,#2516,#2937,.T.);
#1955=EDGE_CURVE('',#2508,#2516,#2938,.F.);
#1956=EDGE_CURVE('',#2517,#2490,#2939,.F.);
#1957=EDGE_CURVE('',#2517,#2518,#2940,.T.);
#1958=EDGE_CURVE('',#2512,#2518,#2941,.T.);
#1959=EDGE_CURVE('',#2495,#2432,#124,.T.);
#1960=EDGE_CURVE('',#2431,#2496,#125,.F.);
#1961=EDGE_CURVE('',#2489,#2433,#126,.T.);
#1962=EDGE_CURVE('',#2504,#2487,#65,.T.);
#1963=EDGE_CURVE('',#2255,#2253,#2942,.T.);
#1964=EDGE_CURVE('',#2492,#2380,#127,.T.);
#1965=EDGE_CURVE('',#2507,#2381,#128,.T.);
#1966=EDGE_CURVE('',#2510,#2382,#129,.T.);
#1967=EDGE_CURVE('',#2259,#2256,#2943,.F.);
#1968=EDGE_CURVE('',#2237,#2234,#2944,.T.);
#1969=EDGE_CURVE('',#2516,#2513,#2945,.F.);
#1970=EDGE_CURVE('',#2314,#2311,#2946,.T.);
#1971=EDGE_CURVE('',#2310,#2341,#2947,.T.);
#1972=EDGE_CURVE('',#2340,#2337,#2948,.T.);
#1973=EDGE_CURVE('',#2336,#2333,#2949,.T.);
#1974=EDGE_CURVE('',#2511,#2517,#2950,.F.);
#1975=EDGE_CURVE('',#2229,#2227,#2951,.T.);
#1976=EDGE_CURVE('',#2332,#2329,#2952,.F.);
#1977=EDGE_CURVE('',#2328,#2325,#2953,.F.);
#1978=EDGE_CURVE('',#2324,#2321,#2954,.F.);
#1979=EDGE_CURVE('',#2320,#2317,#2955,.F.);
#1980=EDGE_CURVE('',#2462,#2501,#150,.F.);
#1981=EDGE_CURVE('',#2460,#2519,#151,.F.);
#1982=EDGE_CURVE('',#2519,#2425,#2956,.T.);
#1983=EDGE_CURVE('',#2257,#2176,#2957,.T.);
#1984=EDGE_CURVE('',#2258,#2175,#2958,.T.);
#1985=EDGE_CURVE('',#2259,#2174,#2959,.T.);
#1986=EDGE_CURVE('',#2256,#2177,#2960,.T.);
#1987=EDGE_CURVE('',#2252,#2164,#2961,.T.);
#1988=EDGE_CURVE('',#2254,#2163,#2962,.T.);
#1989=EDGE_CURVE('',#2253,#2165,#2963,.T.);
#1990=EDGE_CURVE('',#2255,#2162,#2964,.T.);
#1991=EDGE_CURVE('',#2244,#2148,#2965,.T.);
#1992=EDGE_CURVE('',#2246,#2149,#2966,.T.);
#1993=EDGE_CURVE('',#2247,#2151,#2967,.T.);
#1994=EDGE_CURVE('',#2245,#2150,#2968,.T.);
#1995=EDGE_CURVE('',#2249,#2154,#2969,.T.);
#1996=EDGE_CURVE('',#2248,#2152,#2970,.T.);
#1997=EDGE_CURVE('',#2250,#2153,#2971,.T.);
#1998=EDGE_CURVE('',#2251,#2155,#2972,.T.);
#1999=EDGE_CURVE('',#2241,#2158,#2973,.T.);
#2000=EDGE_CURVE('',#2240,#2157,#2974,.T.);
#2001=EDGE_CURVE('',#2242,#2156,#2975,.T.);
#2002=EDGE_CURVE('',#2243,#2159,#2976,.T.);
#2003=EDGE_CURVE('',#2420,#2406,#2977,.T.);
#2004=EDGE_CURVE('',#2419,#2404,#2978,.T.);
#2005=EDGE_CURVE('',#2421,#2405,#2979,.T.);
#2006=EDGE_CURVE('',#2422,#2407,#2980,.T.);
#2007=EDGE_CURVE('',#2436,#2410,#2981,.T.);
#2008=EDGE_CURVE('',#2435,#2408,#2982,.T.);
#2009=EDGE_CURVE('',#2437,#2409,#2983,.T.);
#2010=EDGE_CURVE('',#2438,#2411,#2984,.T.);
#2011=EDGE_CURVE('',#2416,#2391,#2985,.T.);
#2012=EDGE_CURVE('',#2417,#2392,#2986,.T.);
#2013=EDGE_CURVE('',#2418,#2394,#2987,.T.);
#2014=EDGE_CURVE('',#2415,#2393,#2988,.T.);
#2015=EDGE_CURVE('',#2371,#2353,#2989,.T.);
#2016=EDGE_CURVE('',#2372,#2354,#2990,.T.);
#2017=EDGE_CURVE('',#2374,#2355,#2991,.T.);
#2018=EDGE_CURVE('',#2373,#2352,#2992,.T.);
#2019=EDGE_CURVE('',#2367,#2356,#2993,.T.);
#2020=EDGE_CURVE('',#2368,#2358,#2994,.T.);
#2021=EDGE_CURVE('',#2370,#2359,#2995,.T.);
#2022=EDGE_CURVE('',#2369,#2357,#2996,.T.);
#2023=EDGE_CURVE('',#2386,#2361,#2997,.T.);
#2024=EDGE_CURVE('',#2385,#2360,#2998,.T.);
#2025=EDGE_CURVE('',#2384,#2362,#2999,.T.);
#2026=EDGE_CURVE('',#2387,#2363,#3000,.T.);
#2027=EDGE_CURVE('',#2332,#2303,#3001,.T.);
#2028=EDGE_CURVE('',#2329,#2306,#3002,.T.);
#2029=EDGE_CURVE('',#2331,#2304,#3003,.T.);
#2030=EDGE_CURVE('',#2330,#2305,#3004,.T.);
#2031=EDGE_CURVE('',#2321,#2280,#3005,.T.);
#2032=EDGE_CURVE('',#2322,#2279,#3006,.T.);
#2033=EDGE_CURVE('',#2323,#2278,#3007,.T.);
#2034=EDGE_CURVE('',#2324,#2277,#3008,.T.);
#2035=EDGE_CURVE('',#2317,#2284,#3009,.T.);
#2036=EDGE_CURVE('',#2318,#2283,#3010,.T.);
#2037=EDGE_CURVE('',#2319,#2282,#3011,.T.);
#2038=EDGE_CURVE('',#2320,#2281,#3012,.T.);
#2039=EDGE_CURVE('',#2325,#2276,#3013,.T.);
#2040=EDGE_CURVE('',#2326,#2274,#3014,.T.);
#2041=EDGE_CURVE('',#2327,#2275,#3015,.T.);
#2042=EDGE_CURVE('',#2328,#2307,#3016,.T.);
#2043=EDGE_CURVE('',#2312,#2289,#3017,.T.);
#2044=EDGE_CURVE('',#2313,#2288,#3018,.T.);
#2045=EDGE_CURVE('',#2314,#2287,#3019,.T.);
#2046=EDGE_CURVE('',#2311,#2290,#3020,.T.);
#2047=EDGE_CURVE('',#2336,#2299,#3021,.T.);
#2048=EDGE_CURVE('',#2333,#2302,#3022,.T.);
#2049=EDGE_CURVE('',#2334,#2301,#3023,.T.);
#2050=EDGE_CURVE('',#2335,#2300,#3024,.T.);
#2051=EDGE_CURVE('',#2338,#2297,#3025,.T.);
#2052=EDGE_CURVE('',#2339,#2296,#3026,.T.);
#2053=EDGE_CURVE('',#2340,#2295,#3027,.T.);
#2054=EDGE_CURVE('',#2337,#2298,#3028,.T.);
#2055=EDGE_CURVE('',#2308,#2293,#3029,.T.);
#2056=EDGE_CURVE('',#2309,#2292,#3030,.T.);
#2057=EDGE_CURVE('',#2310,#2291,#3031,.T.);
#2058=EDGE_CURVE('',#2341,#2294,#3032,.T.);
#2059=EDGE_CURVE('',#2268,#2520,#3033,.T.);
#2060=EDGE_CURVE('',#2521,#2520,#3034,.T.);
#2061=EDGE_CURVE('',#2521,#2269,#3035,.F.);
#2062=EDGE_CURVE('',#2520,#2266,#3036,.T.);
#2063=EDGE_CURVE('',#2521,#2267,#3037,.T.);
#2064=EDGE_CURVE('',#2272,#2522,#3038,.T.);
#2065=EDGE_CURVE('',#2523,#2522,#3039,.T.);
#2066=EDGE_CURVE('',#2273,#2523,#3040,.T.);
#2067=EDGE_CURVE('',#2523,#2271,#3041,.T.);
#2068=EDGE_CURVE('',#2522,#2270,#3042,.T.);
#2069=EDGE_CURVE('',#2226,#2213,#3043,.T.);
#2070=EDGE_CURVE('',#2228,#2212,#3044,.T.);
#2071=EDGE_CURVE('',#2227,#2214,#3045,.T.);
#2072=EDGE_CURVE('',#2229,#2225,#3046,.T.);
#2073=EDGE_CURVE('',#2235,#2219,#3047,.T.);
#2074=EDGE_CURVE('',#2236,#2218,#3048,.T.);
#2075=EDGE_CURVE('',#2237,#2217,#3049,.T.);
#2076=EDGE_CURVE('',#2234,#2220,#3050,.T.);
#2077=EDGE_CURVE('',#2512,#2478,#3051,.T.);
#2078=EDGE_CURVE('',#2518,#2479,#3052,.T.);
#2079=EDGE_CURVE('',#2511,#2477,#3053,.T.);
#2080=EDGE_CURVE('',#2517,#2480,#3054,.T.);
#2081=EDGE_CURVE('',#2515,#2482,#3055,.T.);
#2082=EDGE_CURVE('',#2514,#2483,#3056,.T.);
#2083=EDGE_CURVE('',#2513,#2484,#3057,.T.);
#2084=EDGE_CURVE('',#2516,#2481,#3058,.T.);
#2085=EDGE_CURVE('',#2463,#2502,#3059,.T.);
#2086=EDGE_CURVE('',#2464,#2205,#3060,.T.);
#2087=EDGE_CURVE('',#2195,#2466,#3061,.T.);
#2088=EDGE_CURVE('',#2396,#2428,#3062,.T.);
#2089=EDGE_CURVE('',#2376,#2347,#3063,.T.);
#2090=EDGE_CURVE('',#2377,#2346,#3064,.T.);
#2091=EDGE_CURVE('',#2378,#2345,#3065,.T.);
#2092=EDGE_CURVE('',#2465,#2211,#3066,.T.);
#2093=EDGE_CURVE('',#2461,#2519,#3067,.T.);
#2094=EDGE_CURVE('',#2398,#2426,#3068,.T.);
#2095=EDGE_CURVE('',#2397,#2427,#3069,.T.);
#2096=EDGE_CURVE('',#2467,#2207,#3070,.T.);
#2097=EDGE_CURVE('',#2470,#2503,#3071,.T.);
#2098=EDGE_CURVE('',#2524,#2525,#3072,.T.);
#2099=EDGE_CURVE('',#2524,#2526,#3073,.T.);
#2100=EDGE_CURVE('',#2526,#2527,#3074,.T.);
#2101=EDGE_CURVE('',#2527,#2161,#3075,.F.);
#2102=EDGE_CURVE('',#2160,#2525,#3076,.T.);
#2103=EDGE_CURVE('',#2525,#2129,#3077,.T.);
#2104=EDGE_CURVE('',#2128,#2524,#3078,.T.);
#2105=EDGE_CURVE('',#2127,#2527,#3079,.T.);
#2106=EDGE_CURVE('',#2526,#2126,#3080,.T.);
#2107=EDGE_CURVE('',#2528,#2529,#3081,.T.);
#2108=EDGE_CURVE('',#2529,#2530,#3082,.T.);
#2109=EDGE_CURVE('',#2530,#2531,#3083,.T.);
#2110=EDGE_CURVE('',#2531,#2528,#3084,.T.);
#2111=EDGE_CURVE('',#2528,#2126,#3085,.T.);
#2112=EDGE_CURVE('',#2128,#2531,#3086,.T.);
#2113=EDGE_CURVE('',#2524,#2530,#3087,.T.);
#2114=EDGE_CURVE('',#2529,#2526,#3088,.F.);
#2115=EDGE_CURVE('',#2145,#2532,#3089,.T.);
#2116=EDGE_CURVE('',#2533,#2532,#3090,.T.);
#2117=EDGE_CURVE('',#2534,#2533,#3091,.T.);
#2118=EDGE_CURVE('',#2534,#2144,#3092,.T.);
#2119=EDGE_CURVE('',#2535,#2146,#3093,.T.);
#2120=EDGE_CURVE('',#2535,#2536,#3094,.T.);
#2121=EDGE_CURVE('',#2536,#2537,#3095,.T.);
#2122=EDGE_CURVE('',#2147,#2537,#3096,.T.);
#2123=EDGE_CURVE('',#2532,#2537,#3097,.T.);
#2124=EDGE_CURVE('',#2536,#2533,#3098,.T.);
#2125=EDGE_CURVE('',#2535,#2534,#3099,.T.);
#2126=VERTEX_POINT('',#6075);
#2127=VERTEX_POINT('',#6076);
#2128=VERTEX_POINT('',#6078);
#2129=VERTEX_POINT('',#6080);
#2130=VERTEX_POINT('',#6082);
#2131=VERTEX_POINT('',#6084);
#2132=VERTEX_POINT('',#6086);
#2133=VERTEX_POINT('',#6088);
#2134=VERTEX_POINT('',#6090);
#2135=VERTEX_POINT('',#6092);
#2136=VERTEX_POINT('',#6094);
#2137=VERTEX_POINT('',#6096);
#2138=VERTEX_POINT('',#6098);
#2139=VERTEX_POINT('',#6100);
#2140=VERTEX_POINT('',#6102);
#2141=VERTEX_POINT('',#6104);
#2142=VERTEX_POINT('',#6106);
#2143=VERTEX_POINT('',#6108);
#2144=VERTEX_POINT('',#6111);
#2145=VERTEX_POINT('',#6112);
#2146=VERTEX_POINT('',#6114);
#2147=VERTEX_POINT('',#6116);
#2148=VERTEX_POINT('',#6120);
#2149=VERTEX_POINT('',#6121);
#2150=VERTEX_POINT('',#6123);
#2151=VERTEX_POINT('',#6125);
#2152=VERTEX_POINT('',#6128);
#2153=VERTEX_POINT('',#6129);
#2154=VERTEX_POINT('',#6131);
#2155=VERTEX_POINT('',#6133);
#2156=VERTEX_POINT('',#6136);
#2157=VERTEX_POINT('',#6137);
#2158=VERTEX_POINT('',#6139);
#2159=VERTEX_POINT('',#6141);
#2160=VERTEX_POINT('',#6144);
#2161=VERTEX_POINT('',#6146);
#2162=VERTEX_POINT('',#6149);
#2163=VERTEX_POINT('',#6151);
#2164=VERTEX_POINT('',#6153);
#2165=VERTEX_POINT('',#6155);
#2166=VERTEX_POINT('',#6157);
#2167=VERTEX_POINT('',#6159);
#2168=VERTEX_POINT('',#6161);
#2169=VERTEX_POINT('',#6163);
#2170=VERTEX_POINT('',#6165);
#2171=VERTEX_POINT('',#6167);
#2172=VERTEX_POINT('',#6169);
#2173=VERTEX_POINT('',#6171);
#2174=VERTEX_POINT('',#6173);
#2175=VERTEX_POINT('',#6175);
#2176=VERTEX_POINT('',#6177);
#2177=VERTEX_POINT('',#6179);
#2178=VERTEX_POINT('',#6183);
#2179=VERTEX_POINT('',#6184);
#2180=VERTEX_POINT('',#6186);
#2181=VERTEX_POINT('',#6195);
#2182=VERTEX_POINT('',#6196);
#2183=VERTEX_POINT('',#6198);
#2184=VERTEX_POINT('',#6200);
#2185=VERTEX_POINT('',#6204);
#2186=VERTEX_POINT('',#6205);
#2187=VERTEX_POINT('',#6207);
#2188=VERTEX_POINT('',#6209);
#2189=VERTEX_POINT('',#6216);
#2190=VERTEX_POINT('',#6217);
#2191=VERTEX_POINT('',#6220);
#2192=VERTEX_POINT('',#6222);
#2193=VERTEX_POINT('',#6224);
#2194=VERTEX_POINT('',#6226);
#2195=VERTEX_POINT('',#6228);
#2196=VERTEX_POINT('',#6230);
#2197=VERTEX_POINT('',#6232);
#2198=VERTEX_POINT('',#6234);
#2199=VERTEX_POINT('',#6236);
#2200=VERTEX_POINT('',#6238);
#2201=VERTEX_POINT('',#6256);
#2202=VERTEX_POINT('',#6264);
#2203=VERTEX_POINT('',#6268);
#2204=VERTEX_POINT('',#6269);
#2205=VERTEX_POINT('',#6271);
#2206=VERTEX_POINT('',#6273);
#2207=VERTEX_POINT('',#6276);
#2208=VERTEX_POINT('',#6281);
#2209=VERTEX_POINT('',#6282);
#2210=VERTEX_POINT('',#6285);
#2211=VERTEX_POINT('',#6287);
#2212=VERTEX_POINT('',#6291);
#2213=VERTEX_POINT('',#6292);
#2214=VERTEX_POINT('',#6294);
#2215=VERTEX_POINT('',#6296);
#2216=VERTEX_POINT('',#6298);
#2217=VERTEX_POINT('',#6300);
#2218=VERTEX_POINT('',#6302);
#2219=VERTEX_POINT('',#6304);
#2220=VERTEX_POINT('',#6306);
#2221=VERTEX_POINT('',#6308);
#2222=VERTEX_POINT('',#6310);
#2223=VERTEX_POINT('',#6312);
#2224=VERTEX_POINT('',#6314);
#2225=VERTEX_POINT('',#6316);
#2226=VERTEX_POINT('',#6320);
#2227=VERTEX_POINT('',#6321);
#2228=VERTEX_POINT('',#6323);
#2229=VERTEX_POINT('',#6325);
#2230=VERTEX_POINT('',#6327);
#2231=VERTEX_POINT('',#6329);
#2232=VERTEX_POINT('',#6331);
#2233=VERTEX_POINT('',#6333);
#2234=VERTEX_POINT('',#6335);
#2235=VERTEX_POINT('',#6337);
#2236=VERTEX_POINT('',#6339);
#2237=VERTEX_POINT('',#6341);
#2238=VERTEX_POINT('',#6343);
#2239=VERTEX_POINT('',#6345);
#2240=VERTEX_POINT('',#6349);
#2241=VERTEX_POINT('',#6350);
#2242=VERTEX_POINT('',#6352);
#2243=VERTEX_POINT('',#6354);
#2244=VERTEX_POINT('',#6357);
#2245=VERTEX_POINT('',#6358);
#2246=VERTEX_POINT('',#6360);
#2247=VERTEX_POINT('',#6362);
#2248=VERTEX_POINT('',#6365);
#2249=VERTEX_POINT('',#6366);
#2250=VERTEX_POINT('',#6368);
#2251=VERTEX_POINT('',#6370);
#2252=VERTEX_POINT('',#6373);
#2253=VERTEX_POINT('',#6374);
#2254=VERTEX_POINT('',#6376);
#2255=VERTEX_POINT('',#6378);
#2256=VERTEX_POINT('',#6381);
#2257=VERTEX_POINT('',#6383);
#2258=VERTEX_POINT('',#6385);
#2259=VERTEX_POINT('',#6387);
#2260=VERTEX_POINT('',#6389);
#2261=VERTEX_POINT('',#6391);
#2262=VERTEX_POINT('',#6393);
#2263=VERTEX_POINT('',#6395);
#2264=VERTEX_POINT('',#6397);
#2265=VERTEX_POINT('',#6399);
#2266=VERTEX_POINT('',#6402);
#2267=VERTEX_POINT('',#6403);
#2268=VERTEX_POINT('',#6405);
#2269=VERTEX_POINT('',#6407);
#2270=VERTEX_POINT('',#6410);
#2271=VERTEX_POINT('',#6411);
#2272=VERTEX_POINT('',#6413);
#2273=VERTEX_POINT('',#6415);
#2274=VERTEX_POINT('',#6419);
#2275=VERTEX_POINT('',#6420);
#2276=VERTEX_POINT('',#6422);
#2277=VERTEX_POINT('',#6424);
#2278=VERTEX_POINT('',#6426);
#2279=VERTEX_POINT('',#6428);
#2280=VERTEX_POINT('',#6430);
#2281=VERTEX_POINT('',#6432);
#2282=VERTEX_POINT('',#6434);
#2283=VERTEX_POINT('',#6436);
#2284=VERTEX_POINT('',#6438);
#2285=VERTEX_POINT('',#6440);
#2286=VERTEX_POINT('',#6442);
#2287=VERTEX_POINT('',#6444);
#2288=VERTEX_POINT('',#6446);
#2289=VERTEX_POINT('',#6448);
#2290=VERTEX_POINT('',#6450);
#2291=VERTEX_POINT('',#6452);
#2292=VERTEX_POINT('',#6454);
#2293=VERTEX_POINT('',#6456);
#2294=VERTEX_POINT('',#6458);
#2295=VERTEX_POINT('',#6460);
#2296=VERTEX_POINT('',#6462);
#2297=VERTEX_POINT('',#6464);
#2298=VERTEX_POINT('',#6466);
#2299=VERTEX_POINT('',#6468);
#2300=VERTEX_POINT('',#6470);
#2301=VERTEX_POINT('',#6472);
#2302=VERTEX_POINT('',#6474);
#2303=VERTEX_POINT('',#6477);
#2304=VERTEX_POINT('',#6479);
#2305=VERTEX_POINT('',#6481);
#2306=VERTEX_POINT('',#6483);
#2307=VERTEX_POINT('',#6485);
#2308=VERTEX_POINT('',#6489);
#2309=VERTEX_POINT('',#6490);
#2310=VERTEX_POINT('',#6492);
#2311=VERTEX_POINT('',#6494);
#2312=VERTEX_POINT('',#6496);
#2313=VERTEX_POINT('',#6498);
#2314=VERTEX_POINT('',#6500);
#2315=VERTEX_POINT('',#6502);
#2316=VERTEX_POINT('',#6504);
#2317=VERTEX_POINT('',#6506);
#2318=VERTEX_POINT('',#6508);
#2319=VERTEX_POINT('',#6510);
#2320=VERTEX_POINT('',#6512);
#2321=VERTEX_POINT('',#6514);
#2322=VERTEX_POINT('',#6516);
#2323=VERTEX_POINT('',#6518);
#2324=VERTEX_POINT('',#6520);
#2325=VERTEX_POINT('',#6522);
#2326=VERTEX_POINT('',#6524);
#2327=VERTEX_POINT('',#6526);
#2328=VERTEX_POINT('',#6528);
#2329=VERTEX_POINT('',#6530);
#2330=VERTEX_POINT('',#6532);
#2331=VERTEX_POINT('',#6534);
#2332=VERTEX_POINT('',#6536);
#2333=VERTEX_POINT('',#6539);
#2334=VERTEX_POINT('',#6541);
#2335=VERTEX_POINT('',#6543);
#2336=VERTEX_POINT('',#6545);
#2337=VERTEX_POINT('',#6547);
#2338=VERTEX_POINT('',#6549);
#2339=VERTEX_POINT('',#6551);
#2340=VERTEX_POINT('',#6553);
#2341=VERTEX_POINT('',#6555);
#2342=VERTEX_POINT('',#6559);
#2343=VERTEX_POINT('',#6561);
#2344=VERTEX_POINT('',#6563);
#2345=VERTEX_POINT('',#6565);
#2346=VERTEX_POINT('',#6567);
#2347=VERTEX_POINT('',#6569);
#2348=VERTEX_POINT('',#6572);
#2349=VERTEX_POINT('',#6574);
#2350=VERTEX_POINT('',#6576);
#2351=VERTEX_POINT('',#6578);
#2352=VERTEX_POINT('',#6581);
#2353=VERTEX_POINT('',#6582);
#2354=VERTEX_POINT('',#6584);
#2355=VERTEX_POINT('',#6586);
#2356=VERTEX_POINT('',#6589);
#2357=VERTEX_POINT('',#6590);
#2358=VERTEX_POINT('',#6592);
#2359=VERTEX_POINT('',#6594);
#2360=VERTEX_POINT('',#6597);
#2361=VERTEX_POINT('',#6598);
#2362=VERTEX_POINT('',#6600);
#2363=VERTEX_POINT('',#6602);
#2364=VERTEX_POINT('',#6606);
#2365=VERTEX_POINT('',#6608);
#2366=VERTEX_POINT('',#6610);
#2367=VERTEX_POINT('',#6612);
#2368=VERTEX_POINT('',#6613);
#2369=VERTEX_POINT('',#6615);
#2370=VERTEX_POINT('',#6617);
#2371=VERTEX_POINT('',#6620);
#2372=VERTEX_POINT('',#6621);
#2373=VERTEX_POINT('',#6623);
#2374=VERTEX_POINT('',#6625);
#2375=VERTEX_POINT('',#6628);
#2376=VERTEX_POINT('',#6630);
#2377=VERTEX_POINT('',#6632);
#2378=VERTEX_POINT('',#6634);
#2379=VERTEX_POINT('',#6637);
#2380=VERTEX_POINT('',#6639);
#2381=VERTEX_POINT('',#6641);
#2382=VERTEX_POINT('',#6643);
#2383=VERTEX_POINT('',#6645);
#2384=VERTEX_POINT('',#6648);
#2385=VERTEX_POINT('',#6649);
#2386=VERTEX_POINT('',#6651);
#2387=VERTEX_POINT('',#6653);
#2388=VERTEX_POINT('',#6657);
#2389=VERTEX_POINT('',#6659);
#2390=VERTEX_POINT('',#6661);
#2391=VERTEX_POINT('',#6663);
#2392=VERTEX_POINT('',#6664);
#2393=VERTEX_POINT('',#6666);
#2394=VERTEX_POINT('',#6668);
#2395=VERTEX_POINT('',#6671);
#2396=VERTEX_POINT('',#6673);
#2397=VERTEX_POINT('',#6675);
#2398=VERTEX_POINT('',#6677);
#2399=VERTEX_POINT('',#6679);
#2400=VERTEX_POINT('',#6681);
#2401=VERTEX_POINT('',#6683);
#2402=VERTEX_POINT('',#6685);
#2403=VERTEX_POINT('',#6687);
#2404=VERTEX_POINT('',#6690);
#2405=VERTEX_POINT('',#6691);
#2406=VERTEX_POINT('',#6693);
#2407=VERTEX_POINT('',#6695);
#2408=VERTEX_POINT('',#6698);
#2409=VERTEX_POINT('',#6699);
#2410=VERTEX_POINT('',#6701);
#2411=VERTEX_POINT('',#6703);
#2412=VERTEX_POINT('',#6707);
#2413=VERTEX_POINT('',#6709);
#2414=VERTEX_POINT('',#6711);
#2415=VERTEX_POINT('',#6713);
#2416=VERTEX_POINT('',#6714);
#2417=VERTEX_POINT('',#6716);
#2418=VERTEX_POINT('',#6718);
#2419=VERTEX_POINT('',#6721);
#2420=VERTEX_POINT('',#6722);
#2421=VERTEX_POINT('',#6724);
#2422=VERTEX_POINT('',#6726);
#2423=VERTEX_POINT('',#6729);
#2424=VERTEX_POINT('',#6730);
#2425=VERTEX_POINT('',#6732);
#2426=VERTEX_POINT('',#6734);
#2427=VERTEX_POINT('',#6736);
#2428=VERTEX_POINT('',#6738);
#2429=VERTEX_POINT('',#6741);
#2430=VERTEX_POINT('',#6743);
#2431=VERTEX_POINT('',#6745);
#2432=VERTEX_POINT('',#6747);
#2433=VERTEX_POINT('',#6749);
#2434=VERTEX_POINT('',#6751);
#2435=VERTEX_POINT('',#6755);
#2436=VERTEX_POINT('',#6756);
#2437=VERTEX_POINT('',#6758);
#2438=VERTEX_POINT('',#6760);
#2439=VERTEX_POINT('',#6765);
#2440=VERTEX_POINT('',#6782);
#2441=VERTEX_POINT('',#6798);
#2442=VERTEX_POINT('',#6803);
#2443=VERTEX_POINT('',#6805);
#2444=VERTEX_POINT('',#6807);
#2445=VERTEX_POINT('',#6811);
#2446=VERTEX_POINT('',#6816);
#2447=VERTEX_POINT('',#6817);
#2448=VERTEX_POINT('',#6820);
#2449=VERTEX_POINT('',#6824);
#2450=VERTEX_POINT('',#6829);
#2451=VERTEX_POINT('',#6831);
#2452=VERTEX_POINT('',#6834);
#2453=VERTEX_POINT('',#6836);
#2454=VERTEX_POINT('',#6841);
#2455=VERTEX_POINT('',#6845);
#2456=VERTEX_POINT('',#6846);
#2457=VERTEX_POINT('',#6854);
#2458=VERTEX_POINT('',#6856);
#2459=VERTEX_POINT('',#6858);
#2460=VERTEX_POINT('',#6862);
#2461=VERTEX_POINT('',#6863);
#2462=VERTEX_POINT('',#6865);
#2463=VERTEX_POINT('',#6867);
#2464=VERTEX_POINT('',#6869);
#2465=VERTEX_POINT('',#6872);
#2466=VERTEX_POINT('',#6874);
#2467=VERTEX_POINT('',#6877);
#2468=VERTEX_POINT('',#6880);
#2469=VERTEX_POINT('',#6882);
#2470=VERTEX_POINT('',#6884);
#2471=VERTEX_POINT('',#6886);
#2472=VERTEX_POINT('',#6893);
#2473=VERTEX_POINT('',#6895);
#2474=VERTEX_POINT('',#6899);
#2475=VERTEX_POINT('',#6901);
#2476=VERTEX_POINT('',#6903);
#2477=VERTEX_POINT('',#6910);
#2478=VERTEX_POINT('',#6912);
#2479=VERTEX_POINT('',#6914);
#2480=VERTEX_POINT('',#6916);
#2481=VERTEX_POINT('',#6919);
#2482=VERTEX_POINT('',#6921);
#2483=VERTEX_POINT('',#6923);
#2484=VERTEX_POINT('',#6925);
#2485=VERTEX_POINT('',#6949);
#2486=VERTEX_POINT('',#6953);
#2487=VERTEX_POINT('',#6959);
#2488=VERTEX_POINT('',#7001);
#2489=VERTEX_POINT('',#7005);
#2490=VERTEX_POINT('',#7008);
#2491=VERTEX_POINT('',#7010);
#2492=VERTEX_POINT('',#7012);
#2493=VERTEX_POINT('',#7014);
#2494=VERTEX_POINT('',#7016);
#2495=VERTEX_POINT('',#7020);
#2496=VERTEX_POINT('',#7024);
#2497=VERTEX_POINT('',#7025);
#2498=VERTEX_POINT('',#7033);
#2499=VERTEX_POINT('',#7035);
#2500=VERTEX_POINT('',#7037);
#2501=VERTEX_POINT('',#7041);
#2502=VERTEX_POINT('',#7042);
#2503=VERTEX_POINT('',#7045);
#2504=VERTEX_POINT('',#7051);
#2505=VERTEX_POINT('',#7053);
#2506=VERTEX_POINT('',#7061);
#2507=VERTEX_POINT('',#7063);
#2508=VERTEX_POINT('',#7067);
#2509=VERTEX_POINT('',#7069);
#2510=VERTEX_POINT('',#7071);
#2511=VERTEX_POINT('',#7078);
#2512=VERTEX_POINT('',#7079);
#2513=VERTEX_POINT('',#7082);
#2514=VERTEX_POINT('',#7084);
#2515=VERTEX_POINT('',#7086);
#2516=VERTEX_POINT('',#7088);
#2517=VERTEX_POINT('',#7091);
#2518=VERTEX_POINT('',#7093);
#2519=VERTEX_POINT('',#7139);
#2520=VERTEX_POINT('',#7307);
#2521=VERTEX_POINT('',#7309);
#2522=VERTEX_POINT('',#7318);
#2523=VERTEX_POINT('',#7320);
#2524=VERTEX_POINT('',#7398);
#2525=VERTEX_POINT('',#7399);
#2526=VERTEX_POINT('',#7401);
#2527=VERTEX_POINT('',#7403);
#2528=VERTEX_POINT('',#7414);
#2529=VERTEX_POINT('',#7415);
#2530=VERTEX_POINT('',#7417);
#2531=VERTEX_POINT('',#7419);
#2532=VERTEX_POINT('',#7433);
#2533=VERTEX_POINT('',#7435);
#2534=VERTEX_POINT('',#7437);
#2535=VERTEX_POINT('',#7441);
#2536=VERTEX_POINT('',#7443);
#2537=VERTEX_POINT('',#7445);
#2538=LINE('',#6074,#3100);
#2539=LINE('',#6077,#3101);
#2540=LINE('',#6079,#3102);
#2541=LINE('',#6081,#3103);
#2542=LINE('',#6083,#3104);
#2543=LINE('',#6087,#3105);
#2544=LINE('',#6089,#3106);
#2545=LINE('',#6091,#3107);
#2546=LINE('',#6095,#3108);
#2547=LINE('',#6099,#3109);
#2548=LINE('',#6101,#3110);
#2549=LINE('',#6103,#3111);
#2550=LINE('',#6107,#3112);
#2551=LINE('',#6109,#3113);
#2552=LINE('',#6110,#3114);
#2553=LINE('',#6113,#3115);
#2554=LINE('',#6115,#3116);
#2555=LINE('',#6117,#3117);
#2556=LINE('',#6119,#3118);
#2557=LINE('',#6122,#3119);
#2558=LINE('',#6124,#3120);
#2559=LINE('',#6126,#3121);
#2560=LINE('',#6127,#3122);
#2561=LINE('',#6130,#3123);
#2562=LINE('',#6132,#3124);
#2563=LINE('',#6134,#3125);
#2564=LINE('',#6135,#3126);
#2565=LINE('',#6138,#3127);
#2566=LINE('',#6140,#3128);
#2567=LINE('',#6142,#3129);
#2568=LINE('',#6143,#3130);
#2569=LINE('',#6145,#3131);
#2570=LINE('',#6147,#3132);
#2571=LINE('',#6148,#3133);
#2572=LINE('',#6150,#3134);
#2573=LINE('',#6152,#3135);
#2574=LINE('',#6154,#3136);
#2575=LINE('',#6156,#3137);
#2576=LINE('',#6158,#3138);
#2577=LINE('',#6160,#3139);
#2578=LINE('',#6164,#3140);
#2579=LINE('',#6168,#3141);
#2580=LINE('',#6170,#3142);
#2581=LINE('',#6172,#3143);
#2582=LINE('',#6174,#3144);
#2583=LINE('',#6176,#3145);
#2584=LINE('',#6178,#3146);
#2585=LINE('',#6180,#3147);
#2586=LINE('',#6182,#3148);
#2587=LINE('',#6185,#3149);
#2588=LINE('',#6187,#3150);
#2589=LINE('',#6197,#3151);
#2590=LINE('',#6201,#3152);
#2591=LINE('',#6203,#3153);
#2592=LINE('',#6208,#3154);
#2593=LINE('',#6219,#3155);
#2594=LINE('',#6223,#3156);
#2595=LINE('',#6227,#3157);
#2596=LINE('',#6231,#3158);
#2597=LINE('',#6235,#3159);
#2598=LINE('',#6267,#3160);
#2599=LINE('',#6270,#3161);
#2600=LINE('',#6272,#3162);
#2601=LINE('',#6275,#3163);
#2602=LINE('',#6277,#3164);
#2603=LINE('',#6278,#3165);
#2604=LINE('',#6280,#3166);
#2605=LINE('',#6286,#3167);
#2606=LINE('',#6290,#3168);
#2607=LINE('',#6293,#3169);
#2608=LINE('',#6295,#3170);
#2609=LINE('',#6297,#3171);
#2610=LINE('',#6299,#3172);
#2611=LINE('',#6301,#3173);
#2612=LINE('',#6303,#3174);
#2613=LINE('',#6305,#3175);
#2614=LINE('',#6307,#3176);
#2615=LINE('',#6309,#3177);
#2616=LINE('',#6311,#3178);
#2617=LINE('',#6313,#3179);
#2618=LINE('',#6315,#3180);
#2619=LINE('',#6317,#3181);
#2620=LINE('',#6319,#3182);
#2621=LINE('',#6322,#3183);
#2622=LINE('',#6324,#3184);
#2623=LINE('',#6326,#3185);
#2624=LINE('',#6328,#3186);
#2625=LINE('',#6330,#3187);
#2626=LINE('',#6332,#3188);
#2627=LINE('',#6334,#3189);
#2628=LINE('',#6336,#3190);
#2629=LINE('',#6338,#3191);
#2630=LINE('',#6340,#3192);
#2631=LINE('',#6342,#3193);
#2632=LINE('',#6344,#3194);
#2633=LINE('',#6346,#3195);
#2634=LINE('',#6348,#3196);
#2635=LINE('',#6351,#3197);
#2636=LINE('',#6353,#3198);
#2637=LINE('',#6355,#3199);
#2638=LINE('',#6356,#3200);
#2639=LINE('',#6359,#3201);
#2640=LINE('',#6361,#3202);
#2641=LINE('',#6363,#3203);
#2642=LINE('',#6364,#3204);
#2643=LINE('',#6367,#3205);
#2644=LINE('',#6369,#3206);
#2645=LINE('',#6371,#3207);
#2646=LINE('',#6372,#3208);
#2647=LINE('',#6375,#3209);
#2648=LINE('',#6377,#3210);
#2649=LINE('',#6379,#3211);
#2650=LINE('',#6380,#3212);
#2651=LINE('',#6382,#3213);
#2652=LINE('',#6384,#3214);
#2653=LINE('',#6386,#3215);
#2654=LINE('',#6388,#3216);
#2655=LINE('',#6390,#3217);
#2656=LINE('',#6394,#3218);
#2657=LINE('',#6398,#3219);
#2658=LINE('',#6400,#3220);
#2659=LINE('',#6401,#3221);
#2660=LINE('',#6404,#3222);
#2661=LINE('',#6406,#3223);
#2662=LINE('',#6408,#3224);
#2663=LINE('',#6409,#3225);
#2664=LINE('',#6412,#3226);
#2665=LINE('',#6414,#3227);
#2666=LINE('',#6416,#3228);
#2667=LINE('',#6418,#3229);
#2668=LINE('',#6421,#3230);
#2669=LINE('',#6423,#3231);
#2670=LINE('',#6425,#3232);
#2671=LINE('',#6427,#3233);
#2672=LINE('',#6429,#3234);
#2673=LINE('',#6431,#3235);
#2674=LINE('',#6433,#3236);
#2675=LINE('',#6435,#3237);
#2676=LINE('',#6437,#3238);
#2677=LINE('',#6439,#3239);
#2678=LINE('',#6441,#3240);
#2679=LINE('',#6443,#3241);
#2680=LINE('',#6445,#3242);
#2681=LINE('',#6447,#3243);
#2682=LINE('',#6449,#3244);
#2683=LINE('',#6451,#3245);
#2684=LINE('',#6453,#3246);
#2685=LINE('',#6455,#3247);
#2686=LINE('',#6457,#3248);
#2687=LINE('',#6459,#3249);
#2688=LINE('',#6461,#3250);
#2689=LINE('',#6463,#3251);
#2690=LINE('',#6465,#3252);
#2691=LINE('',#6467,#3253);
#2692=LINE('',#6469,#3254);
#2693=LINE('',#6471,#3255);
#2694=LINE('',#6473,#3256);
#2695=LINE('',#6475,#3257);
#2696=LINE('',#6476,#3258);
#2697=LINE('',#6478,#3259);
#2698=LINE('',#6480,#3260);
#2699=LINE('',#6482,#3261);
#2700=LINE('',#6484,#3262);
#2701=LINE('',#6486,#3263);
#2702=LINE('',#6488,#3264);
#2703=LINE('',#6491,#3265);
#2704=LINE('',#6493,#3266);
#2705=LINE('',#6495,#3267);
#2706=LINE('',#6497,#3268);
#2707=LINE('',#6499,#3269);
#2708=LINE('',#6501,#3270);
#2709=LINE('',#6503,#3271);
#2710=LINE('',#6505,#3272);
#2711=LINE('',#6507,#3273);
#2712=LINE('',#6509,#3274);
#2713=LINE('',#6511,#3275);
#2714=LINE('',#6513,#3276);
#2715=LINE('',#6515,#3277);
#2716=LINE('',#6517,#3278);
#2717=LINE('',#6519,#3279);
#2718=LINE('',#6521,#3280);
#2719=LINE('',#6523,#3281);
#2720=LINE('',#6525,#3282);
#2721=LINE('',#6527,#3283);
#2722=LINE('',#6529,#3284);
#2723=LINE('',#6531,#3285);
#2724=LINE('',#6533,#3286);
#2725=LINE('',#6535,#3287);
#2726=LINE('',#6537,#3288);
#2727=LINE('',#6538,#3289);
#2728=LINE('',#6540,#3290);
#2729=LINE('',#6542,#3291);
#2730=LINE('',#6544,#3292);
#2731=LINE('',#6546,#3293);
#2732=LINE('',#6548,#3294);
#2733=LINE('',#6550,#3295);
#2734=LINE('',#6552,#3296);
#2735=LINE('',#6554,#3297);
#2736=LINE('',#6556,#3298);
#2737=LINE('',#6564,#3299);
#2738=LINE('',#6566,#3300);
#2739=LINE('',#6568,#3301);
#2740=LINE('',#6570,#3302);
#2741=LINE('',#6571,#3303);
#2742=LINE('',#6573,#3304);
#2743=LINE('',#6575,#3305);
#2744=LINE('',#6577,#3306);
#2745=LINE('',#6579,#3307);
#2746=LINE('',#6580,#3308);
#2747=LINE('',#6583,#3309);
#2748=LINE('',#6585,#3310);
#2749=LINE('',#6587,#3311);
#2750=LINE('',#6588,#3312);
#2751=LINE('',#6591,#3313);
#2752=LINE('',#6593,#3314);
#2753=LINE('',#6595,#3315);
#2754=LINE('',#6596,#3316);
#2755=LINE('',#6599,#3317);
#2756=LINE('',#6601,#3318);
#2757=LINE('',#6603,#3319);
#2758=LINE('',#6611,#3320);
#2759=LINE('',#6614,#3321);
#2760=LINE('',#6616,#3322);
#2761=LINE('',#6618,#3323);
#2762=LINE('',#6619,#3324);
#2763=LINE('',#6622,#3325);
#2764=LINE('',#6624,#3326);
#2765=LINE('',#6626,#3327);
#2766=LINE('',#6627,#3328);
#2767=LINE('',#6629,#3329);
#2768=LINE('',#6631,#3330);
#2769=LINE('',#6633,#3331);
#2770=LINE('',#6635,#3332);
#2771=LINE('',#6636,#3333);
#2772=LINE('',#6638,#3334);
#2773=LINE('',#6640,#3335);
#2774=LINE('',#6642,#3336);
#2775=LINE('',#6644,#3337);
#2776=LINE('',#6646,#3338);
#2777=LINE('',#6647,#3339);
#2778=LINE('',#6650,#3340);
#2779=LINE('',#6652,#3341);
#2780=LINE('',#6654,#3342);
#2781=LINE('',#6662,#3343);
#2782=LINE('',#6665,#3344);
#2783=LINE('',#6667,#3345);
#2784=LINE('',#6669,#3346);
#2785=LINE('',#6670,#3347);
#2786=LINE('',#6672,#3348);
#2787=LINE('',#6674,#3349);
#2788=LINE('',#6676,#3350);
#2789=LINE('',#6678,#3351);
#2790=LINE('',#6680,#3352);
#2791=LINE('',#6682,#3353);
#2792=LINE('',#6684,#3354);
#2793=LINE('',#6686,#3355);
#2794=LINE('',#6688,#3356);
#2795=LINE('',#6689,#3357);
#2796=LINE('',#6692,#3358);
#2797=LINE('',#6694,#3359);
#2798=LINE('',#6696,#3360);
#2799=LINE('',#6697,#3361);
#2800=LINE('',#6700,#3362);
#2801=LINE('',#6702,#3363);
#2802=LINE('',#6704,#3364);
#2803=LINE('',#6712,#3365);
#2804=LINE('',#6715,#3366);
#2805=LINE('',#6717,#3367);
#2806=LINE('',#6719,#3368);
#2807=LINE('',#6720,#3369);
#2808=LINE('',#6723,#3370);
#2809=LINE('',#6725,#3371);
#2810=LINE('',#6727,#3372);
#2811=LINE('',#6728,#3373);
#2812=LINE('',#6733,#3374);
#2813=LINE('',#6735,#3375);
#2814=LINE('',#6737,#3376);
#2815=LINE('',#6739,#3377);
#2816=LINE('',#6740,#3378);
#2817=LINE('',#6742,#3379);
#2818=LINE('',#6744,#3380);
#2819=LINE('',#6746,#3381);
#2820=LINE('',#6748,#3382);
#2821=LINE('',#6750,#3383);
#2822=LINE('',#6752,#3384);
#2823=LINE('',#6753,#3385);
#2824=LINE('',#6754,#3386);
#2825=LINE('',#6757,#3387);
#2826=LINE('',#6759,#3388);
#2827=LINE('',#6761,#3389);
#2828=LINE('',#6764,#3390);
#2829=LINE('',#6777,#3391);
#2830=LINE('',#6781,#3392);
#2831=LINE('',#6784,#3393);
#2832=LINE('',#6797,#3394);
#2833=LINE('',#6802,#3395);
#2834=LINE('',#6804,#3396);
#2835=LINE('',#6806,#3397);
#2836=LINE('',#6808,#3398);
#2837=LINE('',#6810,#3399);
#2838=LINE('',#6815,#3400);
#2839=LINE('',#6818,#3401);
#2840=LINE('',#6819,#3402);
#2841=LINE('',#6821,#3403);
#2842=LINE('',#6823,#3404);
#2843=LINE('',#6828,#3405);
#2844=LINE('',#6830,#3406);
#2845=LINE('',#6832,#3407);
#2846=LINE('',#6833,#3408);
#2847=LINE('',#6835,#3409);
#2848=LINE('',#6840,#3410);
#2849=LINE('',#6842,#3411);
#2850=LINE('',#6844,#3412);
#2851=LINE('',#6847,#3413);
#2852=LINE('',#6850,#3414);
#2853=LINE('',#6851,#3415);
#2854=LINE('',#6853,#3416);
#2855=LINE('',#6857,#3417);
#2856=LINE('',#6861,#3418);
#2857=LINE('',#6864,#3419);
#2858=LINE('',#6866,#3420);
#2859=LINE('',#6868,#3421);
#2860=LINE('',#6870,#3422);
#2861=LINE('',#6871,#3423);
#2862=LINE('',#6873,#3424);
#2863=LINE('',#6875,#3425);
#2864=LINE('',#6876,#3426);
#2865=LINE('',#6878,#3427);
#2866=LINE('',#6879,#3428);
#2867=LINE('',#6883,#3429);
#2868=LINE('',#6885,#3430);
#2869=LINE('',#6888,#3431);
#2870=LINE('',#6892,#3432);
#2871=LINE('',#6894,#3433);
#2872=LINE('',#6896,#3434);
#2873=LINE('',#6898,#3435);
#2874=LINE('',#6900,#3436);
#2875=LINE('',#6904,#3437);
#2876=LINE('',#6906,#3438);
#2877=LINE('',#6907,#3439);
#2878=LINE('',#6909,#3440);
#2879=LINE('',#6911,#3441);
#2880=LINE('',#6913,#3442);
#2881=LINE('',#6915,#3443);
#2882=LINE('',#6917,#3444);
#2883=LINE('',#6918,#3445);
#2884=LINE('',#6920,#3446);
#2885=LINE('',#6922,#3447);
#2886=LINE('',#6924,#3448);
#2887=LINE('',#6926,#3449);
#2888=LINE('',#6952,#3450);
#2889=LINE('',#6956,#3451);
#2890=LINE('',#6966,#3452);
#2891=LINE('',#6983,#3453);
#2892=LINE('',#6985,#3454);
#2893=LINE('',#6987,#3455);
#2894=LINE('',#6988,#3456);
#2895=LINE('',#6989,#3457);
#2896=LINE('',#6990,#3458);
#2897=LINE('',#6991,#3459);
#2898=LINE('',#6993,#3460);
#2899=LINE('',#6994,#3461);
#2900=LINE('',#6995,#3462);
#2901=LINE('',#6996,#3463);
#2902=LINE('',#6997,#3464);
#2903=LINE('',#7002,#3465);
#2904=LINE('',#7004,#3466);
#2905=LINE('',#7009,#3467);
#2906=LINE('',#7011,#3468);
#2907=LINE('',#7013,#3469);
#2908=LINE('',#7015,#3470);
#2909=LINE('',#7017,#3471);
#2910=LINE('',#7019,#3472);
#2911=LINE('',#7021,#3473);
#2912=LINE('',#7023,#3474);
#2913=LINE('',#7027,#3475);
#2914=LINE('',#7029,#3476);
#2915=LINE('',#7030,#3477);
#2916=LINE('',#7032,#3478);
#2917=LINE('',#7036,#3479);
#2918=LINE('',#7040,#3480);
#2919=LINE('',#7043,#3481);
#2920=LINE('',#7044,#3482);
#2921=LINE('',#7046,#3483);
#2922=LINE('',#7054,#3484);
#2923=LINE('',#7057,#3485);
#2924=LINE('',#7060,#3486);
#2925=LINE('',#7062,#3487);
#2926=LINE('',#7064,#3488);
#2927=LINE('',#7066,#3489);
#2928=LINE('',#7070,#3490);
#2929=LINE('',#7072,#3491);
#2930=LINE('',#7074,#3492);
#2931=LINE('',#7075,#3493);
#2932=LINE('',#7077,#3494);
#2933=LINE('',#7080,#3495);
#2934=LINE('',#7081,#3496);
#2935=LINE('',#7083,#3497);
#2936=LINE('',#7085,#3498);
#2937=LINE('',#7087,#3499);
#2938=LINE('',#7089,#3500);
#2939=LINE('',#7090,#3501);
#2940=LINE('',#7092,#3502);
#2941=LINE('',#7094,#3503);
#2942=LINE('',#7110,#3504);
#2943=LINE('',#7118,#3505);
#2944=LINE('',#7121,#3506);
#2945=LINE('',#7123,#3507);
#2946=LINE('',#7125,#3508);
#2947=LINE('',#7126,#3509);
#2948=LINE('',#7127,#3510);
#2949=LINE('',#7128,#3511);
#2950=LINE('',#7129,#3512);
#2951=LINE('',#7131,#3513);
#2952=LINE('',#7132,#3514);
#2953=LINE('',#7133,#3515);
#2954=LINE('',#7134,#3516);
#2955=LINE('',#7135,#3517);
#2956=LINE('',#7140,#3518);
#2957=LINE('',#7154,#3519);
#2958=LINE('',#7155,#3520);
#2959=LINE('',#7157,#3521);
#2960=LINE('',#7159,#3522);
#2961=LINE('',#7162,#3523);
#2962=LINE('',#7163,#3524);
#2963=LINE('',#7165,#3525);
#2964=LINE('',#7167,#3526);
#2965=LINE('',#7170,#3527);
#2966=LINE('',#7171,#3528);
#2967=LINE('',#7173,#3529);
#2968=LINE('',#7175,#3530);
#2969=LINE('',#7178,#3531);
#2970=LINE('',#7179,#3532);
#2971=LINE('',#7181,#3533);
#2972=LINE('',#7183,#3534);
#2973=LINE('',#7186,#3535);
#2974=LINE('',#7187,#3536);
#2975=LINE('',#7189,#3537);
#2976=LINE('',#7191,#3538);
#2977=LINE('',#7194,#3539);
#2978=LINE('',#7195,#3540);
#2979=LINE('',#7197,#3541);
#2980=LINE('',#7199,#3542);
#2981=LINE('',#7202,#3543);
#2982=LINE('',#7203,#3544);
#2983=LINE('',#7205,#3545);
#2984=LINE('',#7207,#3546);
#2985=LINE('',#7210,#3547);
#2986=LINE('',#7211,#3548);
#2987=LINE('',#7213,#3549);
#2988=LINE('',#7215,#3550);
#2989=LINE('',#7218,#3551);
#2990=LINE('',#7219,#3552);
#2991=LINE('',#7221,#3553);
#2992=LINE('',#7223,#3554);
#2993=LINE('',#7226,#3555);
#2994=LINE('',#7227,#3556);
#2995=LINE('',#7229,#3557);
#2996=LINE('',#7231,#3558);
#2997=LINE('',#7234,#3559);
#2998=LINE('',#7235,#3560);
#2999=LINE('',#7237,#3561);
#3000=LINE('',#7239,#3562);
#3001=LINE('',#7242,#3563);
#3002=LINE('',#7243,#3564);
#3003=LINE('',#7245,#3565);
#3004=LINE('',#7247,#3566);
#3005=LINE('',#7250,#3567);
#3006=LINE('',#7251,#3568);
#3007=LINE('',#7253,#3569);
#3008=LINE('',#7255,#3570);
#3009=LINE('',#7258,#3571);
#3010=LINE('',#7259,#3572);
#3011=LINE('',#7261,#3573);
#3012=LINE('',#7263,#3574);
#3013=LINE('',#7266,#3575);
#3014=LINE('',#7267,#3576);
#3015=LINE('',#7269,#3577);
#3016=LINE('',#7271,#3578);
#3017=LINE('',#7274,#3579);
#3018=LINE('',#7275,#3580);
#3019=LINE('',#7277,#3581);
#3020=LINE('',#7279,#3582);
#3021=LINE('',#7282,#3583);
#3022=LINE('',#7283,#3584);
#3023=LINE('',#7285,#3585);
#3024=LINE('',#7287,#3586);
#3025=LINE('',#7290,#3587);
#3026=LINE('',#7291,#3588);
#3027=LINE('',#7293,#3589);
#3028=LINE('',#7295,#3590);
#3029=LINE('',#7298,#3591);
#3030=LINE('',#7299,#3592);
#3031=LINE('',#7301,#3593);
#3032=LINE('',#7303,#3594);
#3033=LINE('',#7306,#3595);
#3034=LINE('',#7308,#3596);
#3035=LINE('',#7310,#3597);
#3036=LINE('',#7312,#3598);
#3037=LINE('',#7314,#3599);
#3038=LINE('',#7317,#3600);
#3039=LINE('',#7319,#3601);
#3040=LINE('',#7321,#3602);
#3041=LINE('',#7323,#3603);
#3042=LINE('',#7325,#3604);
#3043=LINE('',#7328,#3605);
#3044=LINE('',#7329,#3606);
#3045=LINE('',#7331,#3607);
#3046=LINE('',#7333,#3608);
#3047=LINE('',#7336,#3609);
#3048=LINE('',#7337,#3610);
#3049=LINE('',#7339,#3611);
#3050=LINE('',#7341,#3612);
#3051=LINE('',#7344,#3613);
#3052=LINE('',#7345,#3614);
#3053=LINE('',#7347,#3615);
#3054=LINE('',#7349,#3616);
#3055=LINE('',#7352,#3617);
#3056=LINE('',#7353,#3618);
#3057=LINE('',#7355,#3619);
#3058=LINE('',#7357,#3620);
#3059=LINE('',#7360,#3621);
#3060=LINE('',#7361,#3622);
#3061=LINE('',#7365,#3623);
#3062=LINE('',#7367,#3624);
#3063=LINE('',#7369,#3625);
#3064=LINE('',#7371,#3626);
#3065=LINE('',#7373,#3627);
#3066=LINE('',#7375,#3628);
#3067=LINE('',#7377,#3629);
#3068=LINE('',#7378,#3630);
#3069=LINE('',#7380,#3631);
#3070=LINE('',#7383,#3632);
#3071=LINE('',#7387,#3633);
#3072=LINE('',#7397,#3634);
#3073=LINE('',#7400,#3635);
#3074=LINE('',#7402,#3636);
#3075=LINE('',#7404,#3637);
#3076=LINE('',#7405,#3638);
#3077=LINE('',#7407,#3639);
#3078=LINE('',#7408,#3640);
#3079=LINE('',#7410,#3641);
#3080=LINE('',#7411,#3642);
#3081=LINE('',#7413,#3643);
#3082=LINE('',#7416,#3644);
#3083=LINE('',#7418,#3645);
#3084=LINE('',#7420,#3646);
#3085=LINE('',#7424,#3647);
#3086=LINE('',#7425,#3648);
#3087=LINE('',#7427,#3649);
#3088=LINE('',#7429,#3650);
#3089=LINE('',#7432,#3651);
#3090=LINE('',#7434,#3652);
#3091=LINE('',#7436,#3653);
#3092=LINE('',#7438,#3654);
#3093=LINE('',#7440,#3655);
#3094=LINE('',#7442,#3656);
#3095=LINE('',#7444,#3657);
#3096=LINE('',#7446,#3658);
#3097=LINE('',#7448,#3659);
#3098=LINE('',#7450,#3660);
#3099=LINE('',#7452,#3661);
#3100=VECTOR('',#4902,100.);
#3101=VECTOR('',#4903,100.);
#3102=VECTOR('',#4904,100.);
#3103=VECTOR('',#4905,100.);
#3104=VECTOR('',#4906,100.);
#3105=VECTOR('',#4909,100.);
#3106=VECTOR('',#4910,100.);
#3107=VECTOR('',#4911,100.);
#3108=VECTOR('',#4914,100.);
#3109=VECTOR('',#4917,100.);
#3110=VECTOR('',#4918,100.);
#3111=VECTOR('',#4919,100.);
#3112=VECTOR('',#4922,100.);
#3113=VECTOR('',#4923,100.);
#3114=VECTOR('',#4924,100.);
#3115=VECTOR('',#4925,100.);
#3116=VECTOR('',#4926,100.);
#3117=VECTOR('',#4927,100.);
#3118=VECTOR('',#4930,100.);
#3119=VECTOR('',#4931,100.);
#3120=VECTOR('',#4932,100.);
#3121=VECTOR('',#4933,100.);
#3122=VECTOR('',#4934,100.);
#3123=VECTOR('',#4935,100.);
#3124=VECTOR('',#4936,100.);
#3125=VECTOR('',#4937,100.);
#3126=VECTOR('',#4938,100.);
#3127=VECTOR('',#4939,100.);
#3128=VECTOR('',#4940,100.);
#3129=VECTOR('',#4941,100.);
#3130=VECTOR('',#4942,100.);
#3131=VECTOR('',#4943,100.);
#3132=VECTOR('',#4944,100.);
#3133=VECTOR('',#4945,100.);
#3134=VECTOR('',#4946,100.);
#3135=VECTOR('',#4947,100.);
#3136=VECTOR('',#4948,100.);
#3137=VECTOR('',#4949,100.);
#3138=VECTOR('',#4950,100.);
#3139=VECTOR('',#4951,100.);
#3140=VECTOR('',#4954,100.);
#3141=VECTOR('',#4957,100.);
#3142=VECTOR('',#4958,100.);
#3143=VECTOR('',#4959,100.);
#3144=VECTOR('',#4960,100.);
#3145=VECTOR('',#4961,100.);
#3146=VECTOR('',#4962,100.);
#3147=VECTOR('',#4963,100.);
#3148=VECTOR('',#4966,100.);
#3149=VECTOR('',#4967,100.);
#3150=VECTOR('',#4968,100.);
#3151=VECTOR('',#4971,100.);
#3152=VECTOR('',#4974,100.);
#3153=VECTOR('',#4977,100.);
#3154=VECTOR('',#4980,100.);
#3155=VECTOR('',#4987,100.);
#3156=VECTOR('',#4990,100.);
#3157=VECTOR('',#4993,100.);
#3158=VECTOR('',#4996,100.);
#3159=VECTOR('',#4999,100.);
#3160=VECTOR('',#5008,100.);
#3161=VECTOR('',#5009,100.);
#3162=VECTOR('',#5010,100.);
#3163=VECTOR('',#5013,100.);
#3164=VECTOR('',#5014,100.);
#3165=VECTOR('',#5015,100.);
#3166=VECTOR('',#5018,100.);
#3167=VECTOR('',#5023,100.);
#3168=VECTOR('',#5028,100.);
#3169=VECTOR('',#5029,100.);
#3170=VECTOR('',#5030,100.);
#3171=VECTOR('',#5031,100.);
#3172=VECTOR('',#5032,100.);
#3173=VECTOR('',#5033,100.);
#3174=VECTOR('',#5034,100.);
#3175=VECTOR('',#5035,100.);
#3176=VECTOR('',#5036,100.);
#3177=VECTOR('',#5037,100.);
#3178=VECTOR('',#5038,100.);
#3179=VECTOR('',#5039,100.);
#3180=VECTOR('',#5040,100.);
#3181=VECTOR('',#5041,100.);
#3182=VECTOR('',#5044,100.);
#3183=VECTOR('',#5045,100.);
#3184=VECTOR('',#5046,100.);
#3185=VECTOR('',#5047,100.);
#3186=VECTOR('',#5048,100.);
#3187=VECTOR('',#5049,100.);
#3188=VECTOR('',#5050,100.);
#3189=VECTOR('',#5051,100.);
#3190=VECTOR('',#5052,100.);
#3191=VECTOR('',#5053,100.);
#3192=VECTOR('',#5054,100.);
#3193=VECTOR('',#5055,100.);
#3194=VECTOR('',#5056,100.);
#3195=VECTOR('',#5057,100.);
#3196=VECTOR('',#5060,100.);
#3197=VECTOR('',#5061,100.);
#3198=VECTOR('',#5062,100.);
#3199=VECTOR('',#5063,100.);
#3200=VECTOR('',#5064,100.);
#3201=VECTOR('',#5065,100.);
#3202=VECTOR('',#5066,100.);
#3203=VECTOR('',#5067,100.);
#3204=VECTOR('',#5068,100.);
#3205=VECTOR('',#5069,100.);
#3206=VECTOR('',#5070,100.);
#3207=VECTOR('',#5071,100.);
#3208=VECTOR('',#5072,100.);
#3209=VECTOR('',#5073,100.);
#3210=VECTOR('',#5074,100.);
#3211=VECTOR('',#5075,100.);
#3212=VECTOR('',#5076,100.);
#3213=VECTOR('',#5077,100.);
#3214=VECTOR('',#5078,100.);
#3215=VECTOR('',#5079,100.);
#3216=VECTOR('',#5080,100.);
#3217=VECTOR('',#5081,100.);
#3218=VECTOR('',#5084,100.);
#3219=VECTOR('',#5087,100.);
#3220=VECTOR('',#5088,100.);
#3221=VECTOR('',#5089,100.);
#3222=VECTOR('',#5090,100.);
#3223=VECTOR('',#5091,100.);
#3224=VECTOR('',#5092,100.);
#3225=VECTOR('',#5093,100.);
#3226=VECTOR('',#5094,100.);
#3227=VECTOR('',#5095,100.);
#3228=VECTOR('',#5096,100.);
#3229=VECTOR('',#5099,100.);
#3230=VECTOR('',#5100,100.);
#3231=VECTOR('',#5101,100.);
#3232=VECTOR('',#5102,100.);
#3233=VECTOR('',#5103,100.);
#3234=VECTOR('',#5104,100.);
#3235=VECTOR('',#5105,100.);
#3236=VECTOR('',#5106,100.);
#3237=VECTOR('',#5107,100.);
#3238=VECTOR('',#5108,100.);
#3239=VECTOR('',#5109,100.);
#3240=VECTOR('',#5110,100.);
#3241=VECTOR('',#5111,100.);
#3242=VECTOR('',#5112,100.);
#3243=VECTOR('',#5113,100.);
#3244=VECTOR('',#5114,100.);
#3245=VECTOR('',#5115,100.);
#3246=VECTOR('',#5116,100.);
#3247=VECTOR('',#5117,100.);
#3248=VECTOR('',#5118,100.);
#3249=VECTOR('',#5119,100.);
#3250=VECTOR('',#5120,100.);
#3251=VECTOR('',#5121,100.);
#3252=VECTOR('',#5122,100.);
#3253=VECTOR('',#5123,100.);
#3254=VECTOR('',#5124,100.);
#3255=VECTOR('',#5125,100.);
#3256=VECTOR('',#5126,100.);
#3257=VECTOR('',#5127,100.);
#3258=VECTOR('',#5128,100.);
#3259=VECTOR('',#5129,100.);
#3260=VECTOR('',#5130,100.);
#3261=VECTOR('',#5131,100.);
#3262=VECTOR('',#5132,100.);
#3263=VECTOR('',#5133,100.);
#3264=VECTOR('',#5136,100.);
#3265=VECTOR('',#5137,100.);
#3266=VECTOR('',#5138,100.);
#3267=VECTOR('',#5139,100.);
#3268=VECTOR('',#5140,100.);
#3269=VECTOR('',#5141,100.);
#3270=VECTOR('',#5142,100.);
#3271=VECTOR('',#5143,100.);
#3272=VECTOR('',#5144,100.);
#3273=VECTOR('',#5145,100.);
#3274=VECTOR('',#5146,100.);
#3275=VECTOR('',#5147,100.);
#3276=VECTOR('',#5148,100.);
#3277=VECTOR('',#5149,100.);
#3278=VECTOR('',#5150,100.);
#3279=VECTOR('',#5151,100.);
#3280=VECTOR('',#5152,100.);
#3281=VECTOR('',#5153,100.);
#3282=VECTOR('',#5154,100.);
#3283=VECTOR('',#5155,100.);
#3284=VECTOR('',#5156,100.);
#3285=VECTOR('',#5157,100.);
#3286=VECTOR('',#5158,100.);
#3287=VECTOR('',#5159,100.);
#3288=VECTOR('',#5160,100.);
#3289=VECTOR('',#5161,100.);
#3290=VECTOR('',#5162,100.);
#3291=VECTOR('',#5163,100.);
#3292=VECTOR('',#5164,100.);
#3293=VECTOR('',#5165,100.);
#3294=VECTOR('',#5166,100.);
#3295=VECTOR('',#5167,100.);
#3296=VECTOR('',#5168,100.);
#3297=VECTOR('',#5169,100.);
#3298=VECTOR('',#5170,100.);
#3299=VECTOR('',#5179,100.);
#3300=VECTOR('',#5180,100.);
#3301=VECTOR('',#5181,100.);
#3302=VECTOR('',#5182,100.);
#3303=VECTOR('',#5183,100.);
#3304=VECTOR('',#5184,100.);
#3305=VECTOR('',#5185,100.);
#3306=VECTOR('',#5186,100.);
#3307=VECTOR('',#5187,100.);
#3308=VECTOR('',#5188,100.);
#3309=VECTOR('',#5189,100.);
#3310=VECTOR('',#5190,100.);
#3311=VECTOR('',#5191,100.);
#3312=VECTOR('',#5192,100.);
#3313=VECTOR('',#5193,100.);
#3314=VECTOR('',#5194,100.);
#3315=VECTOR('',#5195,100.);
#3316=VECTOR('',#5196,100.);
#3317=VECTOR('',#5197,100.);
#3318=VECTOR('',#5198,100.);
#3319=VECTOR('',#5199,100.);
#3320=VECTOR('',#5208,100.);
#3321=VECTOR('',#5209,100.);
#3322=VECTOR('',#5210,100.);
#3323=VECTOR('',#5211,100.);
#3324=VECTOR('',#5212,100.);
#3325=VECTOR('',#5213,100.);
#3326=VECTOR('',#5214,100.);
#3327=VECTOR('',#5215,100.);
#3328=VECTOR('',#5216,100.);
#3329=VECTOR('',#5217,100.);
#3330=VECTOR('',#5218,100.);
#3331=VECTOR('',#5219,100.);
#3332=VECTOR('',#5220,100.);
#3333=VECTOR('',#5221,100.);
#3334=VECTOR('',#5222,100.);
#3335=VECTOR('',#5223,100.);
#3336=VECTOR('',#5224,100.);
#3337=VECTOR('',#5225,100.);
#3338=VECTOR('',#5226,100.);
#3339=VECTOR('',#5227,100.);
#3340=VECTOR('',#5228,100.);
#3341=VECTOR('',#5229,100.);
#3342=VECTOR('',#5230,100.);
#3343=VECTOR('',#5239,100.);
#3344=VECTOR('',#5240,100.);
#3345=VECTOR('',#5241,100.);
#3346=VECTOR('',#5242,100.);
#3347=VECTOR('',#5243,100.);
#3348=VECTOR('',#5244,100.);
#3349=VECTOR('',#5245,100.);
#3350=VECTOR('',#5246,100.);
#3351=VECTOR('',#5247,100.);
#3352=VECTOR('',#5248,100.);
#3353=VECTOR('',#5249,100.);
#3354=VECTOR('',#5250,100.);
#3355=VECTOR('',#5251,100.);
#3356=VECTOR('',#5252,100.);
#3357=VECTOR('',#5253,100.);
#3358=VECTOR('',#5254,100.);
#3359=VECTOR('',#5255,100.);
#3360=VECTOR('',#5256,100.);
#3361=VECTOR('',#5257,100.);
#3362=VECTOR('',#5258,100.);
#3363=VECTOR('',#5259,100.);
#3364=VECTOR('',#5260,100.);
#3365=VECTOR('',#5269,100.);
#3366=VECTOR('',#5270,100.);
#3367=VECTOR('',#5271,100.);
#3368=VECTOR('',#5272,100.);
#3369=VECTOR('',#5273,100.);
#3370=VECTOR('',#5274,100.);
#3371=VECTOR('',#5275,100.);
#3372=VECTOR('',#5276,100.);
#3373=VECTOR('',#5277,100.);
#3374=VECTOR('',#5280,100.);
#3375=VECTOR('',#5281,100.);
#3376=VECTOR('',#5282,100.);
#3377=VECTOR('',#5283,100.);
#3378=VECTOR('',#5284,100.);
#3379=VECTOR('',#5285,100.);
#3380=VECTOR('',#5286,100.);
#3381=VECTOR('',#5287,100.);
#3382=VECTOR('',#5288,100.);
#3383=VECTOR('',#5289,100.);
#3384=VECTOR('',#5290,100.);
#3385=VECTOR('',#5291,100.);
#3386=VECTOR('',#5292,100.);
#3387=VECTOR('',#5293,100.);
#3388=VECTOR('',#5294,100.);
#3389=VECTOR('',#5295,100.);
#3390=VECTOR('',#5300,100.);
#3391=VECTOR('',#5301,100.);
#3392=VECTOR('',#5308,100.);
#3393=VECTOR('',#5311,100.);
#3394=VECTOR('',#5314,100.);
#3395=VECTOR('',#5321,100.);
#3396=VECTOR('',#5322,100.);
#3397=VECTOR('',#5323,100.);
#3398=VECTOR('',#5324,100.);
#3399=VECTOR('',#5327,100.);
#3400=VECTOR('',#5334,100.);
#3401=VECTOR('',#5335,100.);
#3402=VECTOR('',#5336,100.);
#3403=VECTOR('',#5337,100.);
#3404=VECTOR('',#5340,100.);
#3405=VECTOR('',#5347,100.);
#3406=VECTOR('',#5348,100.);
#3407=VECTOR('',#5349,100.);
#3408=VECTOR('',#5350,100.);
#3409=VECTOR('',#5351,100.);
#3410=VECTOR('',#5358,100.);
#3411=VECTOR('',#5359,100.);
#3412=VECTOR('',#5362,100.);
#3413=VECTOR('',#5363,100.);
#3414=VECTOR('',#5368,100.);
#3415=VECTOR('',#5369,100.);
#3416=VECTOR('',#5372,100.);
#3417=VECTOR('',#5375,100.);
#3418=VECTOR('',#5380,100.);
#3419=VECTOR('',#5381,100.);
#3420=VECTOR('',#5382,100.);
#3421=VECTOR('',#5383,100.);
#3422=VECTOR('',#5384,100.);
#3423=VECTOR('',#5385,100.);
#3424=VECTOR('',#5386,100.);
#3425=VECTOR('',#5387,100.);
#3426=VECTOR('',#5388,100.);
#3427=VECTOR('',#5389,100.);
#3428=VECTOR('',#5390,100.);
#3429=VECTOR('',#5393,100.);
#3430=VECTOR('',#5394,100.);
#3431=VECTOR('',#5397,100.);
#3432=VECTOR('',#5404,100.);
#3433=VECTOR('',#5405,100.);
#3434=VECTOR('',#5406,100.);
#3435=VECTOR('',#5409,100.);
#3436=VECTOR('',#5410,100.);
#3437=VECTOR('',#5413,100.);
#3438=VECTOR('',#5416,100.);
#3439=VECTOR('',#5417,100.);
#3440=VECTOR('',#5420,100.);
#3441=VECTOR('',#5421,100.);
#3442=VECTOR('',#5422,100.);
#3443=VECTOR('',#5423,100.);
#3444=VECTOR('',#5424,100.);
#3445=VECTOR('',#5425,100.);
#3446=VECTOR('',#5426,100.);
#3447=VECTOR('',#5427,100.);
#3448=VECTOR('',#5428,100.);
#3449=VECTOR('',#5429,100.);
#3450=VECTOR('',#5454,100.);
#3451=VECTOR('',#5459,100.);
#3452=VECTOR('',#5476,100.);
#3453=VECTOR('',#5485,100.);
#3454=VECTOR('',#5488,100.);
#3455=VECTOR('',#5491,100.);
#3456=VECTOR('',#5492,100.);
#3457=VECTOR('',#5493,100.);
#3458=VECTOR('',#5494,100.);
#3459=VECTOR('',#5495,100.);
#3460=VECTOR('',#5498,100.);
#3461=VECTOR('',#5499,100.);
#3462=VECTOR('',#5500,100.);
#3463=VECTOR('',#5501,100.);
#3464=VECTOR('',#5502,100.);
#3465=VECTOR('',#5509,100.);
#3466=VECTOR('',#5512,100.);
#3467=VECTOR('',#5517,100.);
#3468=VECTOR('',#5518,100.);
#3469=VECTOR('',#5519,100.);
#3470=VECTOR('',#5520,100.);
#3471=VECTOR('',#5521,100.);
#3472=VECTOR('',#5524,100.);
#3473=VECTOR('',#5525,100.);
#3474=VECTOR('',#5528,100.);
#3475=VECTOR('',#5531,100.);
#3476=VECTOR('',#5534,100.);
#3477=VECTOR('',#5535,100.);
#3478=VECTOR('',#5538,100.);
#3479=VECTOR('',#5541,100.);
#3480=VECTOR('',#5546,100.);
#3481=VECTOR('',#5547,100.);
#3482=VECTOR('',#5548,100.);
#3483=VECTOR('',#5549,100.);
#3484=VECTOR('',#5552,100.);
#3485=VECTOR('',#5557,100.);
#3486=VECTOR('',#5562,100.);
#3487=VECTOR('',#5563,100.);
#3488=VECTOR('',#5564,100.);
#3489=VECTOR('',#5567,100.);
#3490=VECTOR('',#5570,100.);
#3491=VECTOR('',#5571,100.);
#3492=VECTOR('',#5574,100.);
#3493=VECTOR('',#5575,100.);
#3494=VECTOR('',#5578,100.);
#3495=VECTOR('',#5579,100.);
#3496=VECTOR('',#5580,100.);
#3497=VECTOR('',#5581,100.);
#3498=VECTOR('',#5582,100.);
#3499=VECTOR('',#5583,100.);
#3500=VECTOR('',#5584,100.);
#3501=VECTOR('',#5585,100.);
#3502=VECTOR('',#5586,100.);
#3503=VECTOR('',#5587,100.);
#3504=VECTOR('',#5604,100.);
#3505=VECTOR('',#5619,100.);
#3506=VECTOR('',#5624,100.);
#3507=VECTOR('',#5627,100.);
#3508=VECTOR('',#5630,100.);
#3509=VECTOR('',#5631,100.);
#3510=VECTOR('',#5632,100.);
#3511=VECTOR('',#5633,100.);
#3512=VECTOR('',#5634,100.);
#3513=VECTOR('',#5637,100.);
#3514=VECTOR('',#5638,100.);
#3515=VECTOR('',#5639,100.);
#3516=VECTOR('',#5640,100.);
#3517=VECTOR('',#5641,100.);
#3518=VECTOR('',#5648,100.);
#3519=VECTOR('',#5651,100.);
#3520=VECTOR('',#5652,100.);
#3521=VECTOR('',#5655,100.);
#3522=VECTOR('',#5658,100.);
#3523=VECTOR('',#5663,100.);
#3524=VECTOR('',#5664,100.);
#3525=VECTOR('',#5667,100.);
#3526=VECTOR('',#5670,100.);
#3527=VECTOR('',#5675,100.);
#3528=VECTOR('',#5676,100.);
#3529=VECTOR('',#5679,100.);
#3530=VECTOR('',#5682,100.);
#3531=VECTOR('',#5687,100.);
#3532=VECTOR('',#5688,100.);
#3533=VECTOR('',#5691,100.);
#3534=VECTOR('',#5694,100.);
#3535=VECTOR('',#5699,100.);
#3536=VECTOR('',#5700,100.);
#3537=VECTOR('',#5703,100.);
#3538=VECTOR('',#5706,100.);
#3539=VECTOR('',#5711,100.);
#3540=VECTOR('',#5712,100.);
#3541=VECTOR('',#5715,100.);
#3542=VECTOR('',#5718,100.);
#3543=VECTOR('',#5723,100.);
#3544=VECTOR('',#5724,100.);
#3545=VECTOR('',#5727,100.);
#3546=VECTOR('',#5730,100.);
#3547=VECTOR('',#5735,100.);
#3548=VECTOR('',#5736,100.);
#3549=VECTOR('',#5739,100.);
#3550=VECTOR('',#5742,100.);
#3551=VECTOR('',#5747,100.);
#3552=VECTOR('',#5748,100.);
#3553=VECTOR('',#5751,100.);
#3554=VECTOR('',#5754,100.);
#3555=VECTOR('',#5759,100.);
#3556=VECTOR('',#5760,100.);
#3557=VECTOR('',#5763,100.);
#3558=VECTOR('',#5766,100.);
#3559=VECTOR('',#5771,100.);
#3560=VECTOR('',#5772,100.);
#3561=VECTOR('',#5775,100.);
#3562=VECTOR('',#5778,100.);
#3563=VECTOR('',#5783,100.);
#3564=VECTOR('',#5784,100.);
#3565=VECTOR('',#5787,100.);
#3566=VECTOR('',#5790,100.);
#3567=VECTOR('',#5795,100.);
#3568=VECTOR('',#5796,100.);
#3569=VECTOR('',#5799,100.);
#3570=VECTOR('',#5802,100.);
#3571=VECTOR('',#5807,100.);
#3572=VECTOR('',#5808,100.);
#3573=VECTOR('',#5811,100.);
#3574=VECTOR('',#5814,100.);
#3575=VECTOR('',#5819,100.);
#3576=VECTOR('',#5820,100.);
#3577=VECTOR('',#5823,100.);
#3578=VECTOR('',#5826,100.);
#3579=VECTOR('',#5831,100.);
#3580=VECTOR('',#5832,100.);
#3581=VECTOR('',#5835,100.);
#3582=VECTOR('',#5838,100.);
#3583=VECTOR('',#5843,100.);
#3584=VECTOR('',#5844,100.);
#3585=VECTOR('',#5847,100.);
#3586=VECTOR('',#5850,100.);
#3587=VECTOR('',#5855,100.);
#3588=VECTOR('',#5856,100.);
#3589=VECTOR('',#5859,100.);
#3590=VECTOR('',#5862,100.);
#3591=VECTOR('',#5867,100.);
#3592=VECTOR('',#5868,100.);
#3593=VECTOR('',#5871,100.);
#3594=VECTOR('',#5874,100.);
#3595=VECTOR('',#5879,100.);
#3596=VECTOR('',#5880,100.);
#3597=VECTOR('',#5881,100.);
#3598=VECTOR('',#5884,100.);
#3599=VECTOR('',#5887,100.);
#3600=VECTOR('',#5892,100.);
#3601=VECTOR('',#5893,100.);
#3602=VECTOR('',#5894,100.);
#3603=VECTOR('',#5897,100.);
#3604=VECTOR('',#5900,100.);
#3605=VECTOR('',#5905,100.);
#3606=VECTOR('',#5906,100.);
#3607=VECTOR('',#5909,100.);
#3608=VECTOR('',#5912,100.);
#3609=VECTOR('',#5917,100.);
#3610=VECTOR('',#5918,100.);
#3611=VECTOR('',#5921,100.);
#3612=VECTOR('',#5924,100.);
#3613=VECTOR('',#5929,100.);
#3614=VECTOR('',#5930,100.);
#3615=VECTOR('',#5933,100.);
#3616=VECTOR('',#5936,100.);
#3617=VECTOR('',#5941,100.);
#3618=VECTOR('',#5942,100.);
#3619=VECTOR('',#5945,100.);
#3620=VECTOR('',#5948,100.);
#3621=VECTOR('',#5953,100.);
#3622=VECTOR('',#5954,100.);
#3623=VECTOR('',#5961,100.);
#3624=VECTOR('',#5964,100.);
#3625=VECTOR('',#5967,100.);
#3626=VECTOR('',#5970,100.);
#3627=VECTOR('',#5973,100.);
#3628=VECTOR('',#5976,100.);
#3629=VECTOR('',#5979,100.);
#3630=VECTOR('',#5980,100.);
#3631=VECTOR('',#5983,100.);
#3632=VECTOR('',#5988,100.);
#3633=VECTOR('',#5995,100.);
#3634=VECTOR('',#6014,100.);
#3635=VECTOR('',#6015,100.);
#3636=VECTOR('',#6016,100.);
#3637=VECTOR('',#6017,100.);
#3638=VECTOR('',#6018,100.);
#3639=VECTOR('',#6021,100.);
#3640=VECTOR('',#6022,100.);
#3641=VECTOR('',#6025,100.);
#3642=VECTOR('',#6026,100.);
#3643=VECTOR('',#6029,100.);
#3644=VECTOR('',#6030,100.);
#3645=VECTOR('',#6031,100.);
#3646=VECTOR('',#6032,100.);
#3647=VECTOR('',#6039,100.);
#3648=VECTOR('',#6040,100.);
#3649=VECTOR('',#6043,100.);
#3650=VECTOR('',#6046,100.);
#3651=VECTOR('',#6051,100.);
#3652=VECTOR('',#6052,100.);
#3653=VECTOR('',#6053,100.);
#3654=VECTOR('',#6054,100.);
#3655=VECTOR('',#6057,100.);
#3656=VECTOR('',#6058,100.);
#3657=VECTOR('',#6059,100.);
#3658=VECTOR('',#6060,100.);
#3659=VECTOR('',#6063,100.);
#3660=VECTOR('',#6066,100.);
#3661=VECTOR('',#6069,100.);
#3662=EDGE_LOOP('',(#152,#153,#154,#155,#156,#157,#158,#159,#160,#161,#162,
#163,#164,#165,#166,#167,#168,#169));
#3663=EDGE_LOOP('',(#170,#171,#172,#173));
#3664=EDGE_LOOP('',(#174,#175,#176,#177));
#3665=EDGE_LOOP('',(#178,#179,#180,#181));
#3666=EDGE_LOOP('',(#182,#183,#184,#185));
#3667=EDGE_LOOP('',(#186,#187,#188,#189,#190,#191,#192,#193,#194,#195,#196,
#197,#198,#199,#200,#201,#202,#203,#204,#205,#206,#207));
#3668=EDGE_LOOP('',(#208,#209,#210));
#3669=EDGE_LOOP('',(#211,#212,#213,#214));
#3670=EDGE_LOOP('',(#215,#216,#217,#218));
#3671=EDGE_LOOP('',(#219,#220,#221,#222,#223,#224,#225,#226,#227,#228,#229,
#230,#231,#232));
#3672=EDGE_LOOP('',(#233,#234,#235,#236));
#3673=EDGE_LOOP('',(#237,#238,#239,#240,#241,#242,#243,#244,#245,#246,#247));
#3674=EDGE_LOOP('',(#248,#249,#250,#251,#252,#253));
#3675=EDGE_LOOP('',(#254,#255,#256,#257,#258,#259,#260,#261,#262,#263,#264,
#265,#266,#267));
#3676=EDGE_LOOP('',(#268,#269,#270,#271,#272,#273,#274,#275,#276,#277,#278,
#279,#280,#281));
#3677=EDGE_LOOP('',(#282,#283,#284,#285));
#3678=EDGE_LOOP('',(#286,#287,#288,#289));
#3679=EDGE_LOOP('',(#290,#291,#292,#293));
#3680=EDGE_LOOP('',(#294,#295,#296,#297,#298,#299,#300,#301,#302,#303,#304,
#305,#306,#307,#308,#309));
#3681=EDGE_LOOP('',(#310,#311,#312,#313));
#3682=EDGE_LOOP('',(#314,#315,#316,#317));
#3683=EDGE_LOOP('',(#318,#319,#320,#321,#322,#323,#324,#325,#326,#327,#328,
#329,#330,#331,#332,#333,#334,#335,#336,#337,#338,#339,#340,#341,#342,#343,
#344,#345,#346,#347,#348,#349,#350,#351,#352,#353));
#3684=EDGE_LOOP('',(#354,#355,#356,#357,#358,#359,#360,#361,#362,#363,#364,
#365,#366,#367,#368,#369,#370,#371,#372,#373,#374,#375,#376,#377,#378,#379,
#380,#381,#382,#383,#384,#385,#386,#387,#388,#389));
#3685=EDGE_LOOP('',(#390));
#3686=EDGE_LOOP('',(#391));
#3687=EDGE_LOOP('',(#392));
#3688=EDGE_LOOP('',(#393,#394,#395,#396,#397,#398,#399,#400,#401,#402,#403));
#3689=EDGE_LOOP('',(#404,#405,#406,#407));
#3690=EDGE_LOOP('',(#408,#409,#410,#411));
#3691=EDGE_LOOP('',(#412,#413,#414,#415));
#3692=EDGE_LOOP('',(#416));
#3693=EDGE_LOOP('',(#417));
#3694=EDGE_LOOP('',(#418));
#3695=EDGE_LOOP('',(#419,#420,#421,#422));
#3696=EDGE_LOOP('',(#423,#424,#425,#426));
#3697=EDGE_LOOP('',(#427,#428,#429,#430,#431,#432,#433,#434,#435,#436,#437,
#438,#439,#440,#441,#442));
#3698=EDGE_LOOP('',(#443,#444,#445,#446));
#3699=EDGE_LOOP('',(#447));
#3700=EDGE_LOOP('',(#448));
#3701=EDGE_LOOP('',(#449));
#3702=EDGE_LOOP('',(#450,#451,#452,#453));
#3703=EDGE_LOOP('',(#454,#455,#456,#457,#458,#459,#460,#461,#462,#463,#464));
#3704=EDGE_LOOP('',(#465,#466,#467,#468));
#3705=EDGE_LOOP('',(#469,#470,#471,#472));
#3706=EDGE_LOOP('',(#473));
#3707=EDGE_LOOP('',(#474));
#3708=EDGE_LOOP('',(#475));
#3709=EDGE_LOOP('',(#476,#477,#478,#479));
#3710=EDGE_LOOP('',(#480,#481,#482,#483));
#3711=EDGE_LOOP('',(#484,#485,#486,#487,#488,#489,#490,#491,#492,#493,#494,
#495,#496,#497,#498,#499));
#3712=EDGE_LOOP('',(#500,#501,#502,#503));
#3713=EDGE_LOOP('',(#504,#505,#506,#507));
#3714=EDGE_LOOP('',(#508,#509,#510));
#3715=EDGE_LOOP('',(#511,#512,#513,#514));
#3716=EDGE_LOOP('',(#515,#516,#517,#518,#519,#520));
#3717=EDGE_LOOP('',(#521,#522,#523,#524,#525,#526));
#3718=EDGE_LOOP('',(#527,#528,#529,#530,#531,#532));
#3719=EDGE_LOOP('',(#533,#534,#535,#536,#537,#538));
#3720=EDGE_LOOP('',(#539,#540,#541,#542,#543,#544));
#3721=EDGE_LOOP('',(#545,#546,#547,#548,#549,#550,#551,#552,#553,#554));
#3722=EDGE_LOOP('',(#555,#556,#557,#558));
#3723=EDGE_LOOP('',(#559,#560,#561,#562,#563));
#3724=EDGE_LOOP('',(#564,#565,#566,#567,#568));
#3725=EDGE_LOOP('',(#569,#570,#571,#572,#573,#574));
#3726=EDGE_LOOP('',(#575,#576,#577,#578,#579,#580,#581,#582,#583,#584,#585,
#586,#587,#588,#589,#590,#591,#592,#593,#594));
#3727=EDGE_LOOP('',(#595,#596,#597,#598));
#3728=EDGE_LOOP('',(#599,#600,#601,#602));
#3729=EDGE_LOOP('',(#603,#604,#605,#606,#607));
#3730=EDGE_LOOP('',(#608,#609,#610,#611,#612));
#3731=EDGE_LOOP('',(#613,#614,#615,#616,#617,#618,#619,#620,#621,#622,#623,
#624,#625,#626));
#3732=EDGE_LOOP('',(#627,#628,#629,#630));
#3733=EDGE_LOOP('',(#631,#632,#633,#634,#635));
#3734=EDGE_LOOP('',(#636,#637,#638,#639));
#3735=EDGE_LOOP('',(#640,#641,#642,#643));
#3736=EDGE_LOOP('',(#644,#645,#646,#647,#648,#649,#650,#651,#652,#653,#654,
#655,#656,#657));
#3737=EDGE_LOOP('',(#658,#659,#660,#661,#662,#663,#664));
#3738=EDGE_LOOP('',(#665,#666,#667));
#3739=EDGE_LOOP('',(#668,#669,#670,#671));
#3740=EDGE_LOOP('',(#672,#673,#674,#675));
#3741=EDGE_LOOP('',(#676,#677,#678,#679,#680,#681,#682));
#3742=EDGE_LOOP('',(#683,#684,#685,#686,#687));
#3743=EDGE_LOOP('',(#688,#689,#690,#691));
#3744=EDGE_LOOP('',(#692,#693,#694,#695,#696,#697));
#3745=EDGE_LOOP('',(#698,#699,#700,#701,#702,#703));
#3746=EDGE_LOOP('',(#704,#705,#706,#707,#708,#709,#710,#711,#712,#713,#714,
#715,#716,#717,#718));
#3747=EDGE_LOOP('',(#719,#720,#721,#722,#723,#724,#725,#726,#727,#728,#729,
#730,#731,#732,#733));
#3748=EDGE_LOOP('',(#734,#735,#736,#737,#738,#739));
#3749=EDGE_LOOP('',(#740,#741,#742,#743,#744,#745,#746,#747,#748,#749));
#3750=EDGE_LOOP('',(#750,#751,#752,#753));
#3751=EDGE_LOOP('',(#754,#755,#756,#757,#758));
#3752=EDGE_LOOP('',(#759,#760,#761,#762));
#3753=EDGE_LOOP('',(#763,#764,#765,#766,#767,#768));
#3754=EDGE_LOOP('',(#769,#770,#771,#772,#773,#774,#775,#776,#777,#778,#779));
#3755=EDGE_LOOP('',(#780,#781,#782,#783,#784,#785));
#3756=EDGE_LOOP('',(#786,#787,#788,#789));
#3757=EDGE_LOOP('',(#790,#791,#792,#793,#794));
#3758=EDGE_LOOP('',(#795,#796,#797,#798));
#3759=EDGE_LOOP('',(#799,#800,#801,#802,#803,#804,#805,#806,#807,#808,#809,
#810,#811,#812));
#3760=EDGE_LOOP('',(#813,#814,#815,#816));
#3761=EDGE_LOOP('',(#817,#818,#819,#820));
#3762=EDGE_LOOP('',(#821,#822,#823,#824));
#3763=EDGE_LOOP('',(#825,#826,#827,#828,#829,#830,#831));
#3764=EDGE_LOOP('',(#832,#833,#834,#835,#836,#837));
#3765=EDGE_LOOP('',(#838,#839,#840,#841,#842,#843,#844));
#3766=EDGE_LOOP('',(#845,#846,#847,#848));
#3767=EDGE_LOOP('',(#849,#850,#851,#852));
#3768=EDGE_LOOP('',(#853,#854,#855,#856,#857,#858));
#3769=EDGE_LOOP('',(#859,#860,#861,#862));
#3770=EDGE_LOOP('',(#863,#864,#865,#866,#867,#868));
#3771=EDGE_LOOP('',(#869,#870,#871,#872,#873,#874));
#3772=EDGE_LOOP('',(#875,#876,#877,#878,#879,#880,#881,#882,#883,#884,#885,
#886,#887,#888,#889));
#3773=EDGE_LOOP('',(#890,#891,#892,#893,#894,#895,#896,#897,#898,#899,#900,
#901,#902,#903,#904));
#3774=EDGE_LOOP('',(#905,#906,#907,#908,#909,#910));
#3775=EDGE_LOOP('',(#911,#912,#913,#914));
#3776=EDGE_LOOP('',(#915,#916,#917,#918));
#3777=EDGE_LOOP('',(#919,#920,#921,#922));
#3778=EDGE_LOOP('',(#923,#924,#925,#926));
#3779=EDGE_LOOP('',(#927,#928,#929,#930));
#3780=EDGE_LOOP('',(#931,#932,#933,#934));
#3781=EDGE_LOOP('',(#935,#936,#937,#938));
#3782=EDGE_LOOP('',(#939,#940,#941,#942));
#3783=EDGE_LOOP('',(#943,#944,#945,#946));
#3784=EDGE_LOOP('',(#947,#948,#949,#950));
#3785=EDGE_LOOP('',(#951,#952,#953,#954));
#3786=EDGE_LOOP('',(#955,#956,#957,#958));
#3787=EDGE_LOOP('',(#959,#960,#961,#962));
#3788=EDGE_LOOP('',(#963,#964,#965,#966));
#3789=EDGE_LOOP('',(#967,#968,#969,#970));
#3790=EDGE_LOOP('',(#971,#972,#973,#974));
#3791=EDGE_LOOP('',(#975,#976,#977,#978));
#3792=EDGE_LOOP('',(#979,#980,#981,#982));
#3793=EDGE_LOOP('',(#983,#984,#985,#986));
#3794=EDGE_LOOP('',(#987,#988,#989,#990));
#3795=EDGE_LOOP('',(#991,#992,#993,#994));
#3796=EDGE_LOOP('',(#995,#996,#997,#998));
#3797=EDGE_LOOP('',(#999,#1000,#1001,#1002));
#3798=EDGE_LOOP('',(#1003,#1004,#1005,#1006));
#3799=EDGE_LOOP('',(#1007,#1008,#1009,#1010));
#3800=EDGE_LOOP('',(#1011,#1012,#1013,#1014));
#3801=EDGE_LOOP('',(#1015,#1016,#1017,#1018));
#3802=EDGE_LOOP('',(#1019,#1020,#1021,#1022));
#3803=EDGE_LOOP('',(#1023,#1024,#1025,#1026));
#3804=EDGE_LOOP('',(#1027,#1028,#1029,#1030));
#3805=EDGE_LOOP('',(#1031,#1032,#1033,#1034));
#3806=EDGE_LOOP('',(#1035,#1036,#1037,#1038));
#3807=EDGE_LOOP('',(#1039,#1040,#1041,#1042));
#3808=EDGE_LOOP('',(#1043,#1044,#1045,#1046));
#3809=EDGE_LOOP('',(#1047,#1048,#1049,#1050));
#3810=EDGE_LOOP('',(#1051,#1052,#1053,#1054));
#3811=EDGE_LOOP('',(#1055,#1056,#1057,#1058));
#3812=EDGE_LOOP('',(#1059,#1060,#1061,#1062));
#3813=EDGE_LOOP('',(#1063,#1064,#1065,#1066));
#3814=EDGE_LOOP('',(#1067,#1068,#1069,#1070));
#3815=EDGE_LOOP('',(#1071,#1072,#1073,#1074));
#3816=EDGE_LOOP('',(#1075,#1076,#1077,#1078));
#3817=EDGE_LOOP('',(#1079,#1080,#1081,#1082));
#3818=EDGE_LOOP('',(#1083,#1084,#1085,#1086));
#3819=EDGE_LOOP('',(#1087,#1088,#1089,#1090));
#3820=EDGE_LOOP('',(#1091,#1092,#1093,#1094));
#3821=EDGE_LOOP('',(#1095,#1096,#1097,#1098));
#3822=EDGE_LOOP('',(#1099,#1100,#1101,#1102));
#3823=EDGE_LOOP('',(#1103,#1104,#1105,#1106));
#3824=EDGE_LOOP('',(#1107,#1108,#1109,#1110));
#3825=EDGE_LOOP('',(#1111,#1112,#1113,#1114));
#3826=EDGE_LOOP('',(#1115,#1116,#1117,#1118));
#3827=EDGE_LOOP('',(#1119,#1120,#1121,#1122));
#3828=EDGE_LOOP('',(#1123,#1124,#1125,#1126));
#3829=EDGE_LOOP('',(#1127,#1128,#1129,#1130));
#3830=EDGE_LOOP('',(#1131,#1132,#1133,#1134));
#3831=EDGE_LOOP('',(#1135,#1136,#1137,#1138));
#3832=EDGE_LOOP('',(#1139,#1140,#1141,#1142));
#3833=EDGE_LOOP('',(#1143,#1144,#1145,#1146));
#3834=EDGE_LOOP('',(#1147,#1148,#1149,#1150));
#3835=EDGE_LOOP('',(#1151,#1152,#1153,#1154));
#3836=EDGE_LOOP('',(#1155,#1156,#1157,#1158));
#3837=EDGE_LOOP('',(#1159,#1160,#1161,#1162));
#3838=EDGE_LOOP('',(#1163,#1164,#1165,#1166));
#3839=EDGE_LOOP('',(#1167,#1168,#1169,#1170));
#3840=EDGE_LOOP('',(#1171,#1172,#1173,#1174));
#3841=EDGE_LOOP('',(#1175,#1176,#1177,#1178));
#3842=EDGE_LOOP('',(#1179,#1180,#1181,#1182));
#3843=EDGE_LOOP('',(#1183,#1184,#1185,#1186));
#3844=EDGE_LOOP('',(#1187,#1188,#1189,#1190));
#3845=EDGE_LOOP('',(#1191,#1192,#1193,#1194));
#3846=EDGE_LOOP('',(#1195,#1196,#1197,#1198));
#3847=EDGE_LOOP('',(#1199,#1200,#1201,#1202));
#3848=EDGE_LOOP('',(#1203,#1204,#1205,#1206));
#3849=EDGE_LOOP('',(#1207,#1208,#1209,#1210));
#3850=EDGE_LOOP('',(#1211,#1212,#1213,#1214));
#3851=EDGE_LOOP('',(#1215,#1216,#1217,#1218));
#3852=EDGE_LOOP('',(#1219,#1220,#1221,#1222));
#3853=EDGE_LOOP('',(#1223,#1224,#1225));
#3854=EDGE_LOOP('',(#1226,#1227,#1228,#1229));
#3855=EDGE_LOOP('',(#1230,#1231,#1232));
#3856=EDGE_LOOP('',(#1233,#1234,#1235,#1236));
#3857=EDGE_LOOP('',(#1237,#1238,#1239));
#3858=EDGE_LOOP('',(#1240,#1241,#1242));
#3859=EDGE_LOOP('',(#1243,#1244,#1245,#1246));
#3860=EDGE_LOOP('',(#1247,#1248,#1249,#1250));
#3861=EDGE_LOOP('',(#1251,#1252,#1253,#1254));
#3862=EDGE_LOOP('',(#1255,#1256,#1257,#1258));
#3863=EDGE_LOOP('',(#1259,#1260,#1261,#1262));
#3864=EDGE_LOOP('',(#1263,#1264,#1265,#1266));
#3865=EDGE_LOOP('',(#1267,#1268,#1269,#1270));
#3866=EDGE_LOOP('',(#1271,#1272,#1273,#1274));
#3867=EDGE_LOOP('',(#1275,#1276,#1277,#1278));
#3868=EDGE_LOOP('',(#1279,#1280,#1281,#1282));
#3869=EDGE_LOOP('',(#1283,#1284,#1285,#1286));
#3870=EDGE_LOOP('',(#1287,#1288,#1289,#1290));
#3871=EDGE_LOOP('',(#1291,#1292,#1293,#1294));
#3872=EDGE_LOOP('',(#1295,#1296,#1297,#1298));
#3873=EDGE_LOOP('',(#1299,#1300,#1301,#1302));
#3874=EDGE_LOOP('',(#1303,#1304,#1305,#1306));
#3875=EDGE_LOOP('',(#1307,#1308,#1309,#1310));
#3876=EDGE_LOOP('',(#1311,#1312,#1313,#1314));
#3877=EDGE_LOOP('',(#1315,#1316,#1317,#1318));
#3878=EDGE_LOOP('',(#1319,#1320,#1321,#1322));
#3879=EDGE_LOOP('',(#1323,#1324,#1325));
#3880=EDGE_LOOP('',(#1326,#1327,#1328,#1329));
#3881=EDGE_LOOP('',(#1330,#1331,#1332,#1333));
#3882=EDGE_LOOP('',(#1334,#1335,#1336,#1337));
#3883=EDGE_LOOP('',(#1338,#1339,#1340,#1341));
#3884=EDGE_LOOP('',(#1342,#1343,#1344,#1345,#1346,#1347,#1348,#1349));
#3885=EDGE_LOOP('',(#1350,#1351,#1352,#1353,#1354,#1355,#1356,#1357));
#3886=EDGE_LOOP('',(#1358,#1359,#1360,#1361));
#3887=EDGE_LOOP('',(#1362,#1363,#1364,#1365));
#3888=EDGE_LOOP('',(#1366,#1367,#1368,#1369));
#3889=EDGE_LOOP('',(#1370,#1371,#1372,#1373));
#3890=EDGE_LOOP('',(#1374,#1375,#1376));
#3891=EDGE_LOOP('',(#1377,#1378,#1379,#1380));
#3892=EDGE_LOOP('',(#1381,#1382,#1383,#1384));
#3893=EDGE_LOOP('',(#1385,#1386,#1387));
#3894=EDGE_LOOP('',(#1388));
#3895=EDGE_LOOP('',(#1389));
#3896=EDGE_LOOP('',(#1390));
#3897=EDGE_LOOP('',(#1391));
#3898=EDGE_LOOP('',(#1392));
#3899=EDGE_LOOP('',(#1393));
#3900=EDGE_LOOP('',(#1394));
#3901=EDGE_LOOP('',(#1395));
#3902=EDGE_LOOP('',(#1396));
#3903=EDGE_LOOP('',(#1397));
#3904=EDGE_LOOP('',(#1398));
#3905=EDGE_LOOP('',(#1399));
#3906=EDGE_LOOP('',(#1400,#1401,#1402,#1403,#1404,#1405));
#3907=EDGE_LOOP('',(#1406,#1407,#1408,#1409));
#3908=EDGE_LOOP('',(#1410,#1411,#1412,#1413));
#3909=EDGE_LOOP('',(#1414,#1415,#1416,#1417));
#3910=EDGE_LOOP('',(#1418,#1419,#1420,#1421));
#3911=EDGE_LOOP('',(#1422,#1423,#1424,#1425));
#3912=EDGE_LOOP('',(#1426,#1427,#1428,#1429));
#3913=EDGE_LOOP('',(#1430,#1431,#1432,#1433));
#3914=EDGE_LOOP('',(#1434,#1435,#1436,#1437));
#3915=EDGE_LOOP('',(#1438,#1439,#1440,#1441));
#3916=EDGE_LOOP('',(#1442,#1443,#1444,#1445,#1446));
#3917=EDGE_LOOP('',(#1447,#1448,#1449,#1450,#1451));
#3918=EDGE_LOOP('',(#1452,#1453,#1454,#1455));
#3919=EDGE_LOOP('',(#1456,#1457,#1458,#1459));
#3920=EDGE_LOOP('',(#1460,#1461,#1462,#1463));
#3921=EDGE_LOOP('',(#1464,#1465,#1466,#1467));
#3922=FACE_BOUND('',#3662,.T.);
#3923=FACE_BOUND('',#3663,.T.);
#3924=FACE_BOUND('',#3664,.T.);
#3925=FACE_BOUND('',#3665,.T.);
#3926=FACE_BOUND('',#3666,.T.);
#3927=FACE_BOUND('',#3667,.T.);
#3928=FACE_BOUND('',#3668,.T.);
#3929=FACE_BOUND('',#3669,.T.);
#3930=FACE_BOUND('',#3670,.T.);
#3931=FACE_BOUND('',#3671,.T.);
#3932=FACE_BOUND('',#3672,.T.);
#3933=FACE_BOUND('',#3673,.T.);
#3934=FACE_BOUND('',#3674,.T.);
#3935=FACE_BOUND('',#3675,.T.);
#3936=FACE_BOUND('',#3676,.T.);
#3937=FACE_BOUND('',#3677,.T.);
#3938=FACE_BOUND('',#3678,.T.);
#3939=FACE_BOUND('',#3679,.T.);
#3940=FACE_BOUND('',#3680,.T.);
#3941=FACE_BOUND('',#3681,.T.);
#3942=FACE_BOUND('',#3682,.T.);
#3943=FACE_BOUND('',#3683,.T.);
#3944=FACE_BOUND('',#3684,.T.);
#3945=FACE_BOUND('',#3685,.T.);
#3946=FACE_BOUND('',#3686,.T.);
#3947=FACE_BOUND('',#3687,.T.);
#3948=FACE_BOUND('',#3688,.T.);
#3949=FACE_BOUND('',#3689,.T.);
#3950=FACE_BOUND('',#3690,.T.);
#3951=FACE_BOUND('',#3691,.T.);
#3952=FACE_BOUND('',#3692,.T.);
#3953=FACE_BOUND('',#3693,.T.);
#3954=FACE_BOUND('',#3694,.T.);
#3955=FACE_BOUND('',#3695,.T.);
#3956=FACE_BOUND('',#3696,.T.);
#3957=FACE_BOUND('',#3697,.T.);
#3958=FACE_BOUND('',#3698,.T.);
#3959=FACE_BOUND('',#3699,.T.);
#3960=FACE_BOUND('',#3700,.T.);
#3961=FACE_BOUND('',#3701,.T.);
#3962=FACE_BOUND('',#3702,.T.);
#3963=FACE_BOUND('',#3703,.T.);
#3964=FACE_BOUND('',#3704,.T.);
#3965=FACE_BOUND('',#3705,.T.);
#3966=FACE_BOUND('',#3706,.T.);
#3967=FACE_BOUND('',#3707,.T.);
#3968=FACE_BOUND('',#3708,.T.);
#3969=FACE_BOUND('',#3709,.T.);
#3970=FACE_BOUND('',#3710,.T.);
#3971=FACE_BOUND('',#3711,.T.);
#3972=FACE_BOUND('',#3712,.T.);
#3973=FACE_BOUND('',#3713,.T.);
#3974=FACE_BOUND('',#3714,.T.);
#3975=FACE_BOUND('',#3715,.T.);
#3976=FACE_BOUND('',#3716,.T.);
#3977=FACE_BOUND('',#3717,.T.);
#3978=FACE_BOUND('',#3718,.T.);
#3979=FACE_BOUND('',#3719,.T.);
#3980=FACE_BOUND('',#3720,.T.);
#3981=FACE_BOUND('',#3721,.T.);
#3982=FACE_BOUND('',#3722,.T.);
#3983=FACE_BOUND('',#3723,.T.);
#3984=FACE_BOUND('',#3724,.T.);
#3985=FACE_BOUND('',#3725,.T.);
#3986=FACE_BOUND('',#3726,.T.);
#3987=FACE_BOUND('',#3727,.T.);
#3988=FACE_BOUND('',#3728,.T.);
#3989=FACE_BOUND('',#3729,.T.);
#3990=FACE_BOUND('',#3730,.T.);
#3991=FACE_BOUND('',#3731,.T.);
#3992=FACE_BOUND('',#3732,.T.);
#3993=FACE_BOUND('',#3733,.T.);
#3994=FACE_BOUND('',#3734,.T.);
#3995=FACE_BOUND('',#3735,.T.);
#3996=FACE_BOUND('',#3736,.T.);
#3997=FACE_BOUND('',#3737,.T.);
#3998=FACE_BOUND('',#3738,.T.);
#3999=FACE_BOUND('',#3739,.T.);
#4000=FACE_BOUND('',#3740,.T.);
#4001=FACE_BOUND('',#3741,.T.);
#4002=FACE_BOUND('',#3742,.T.);
#4003=FACE_BOUND('',#3743,.T.);
#4004=FACE_BOUND('',#3744,.T.);
#4005=FACE_BOUND('',#3745,.T.);
#4006=FACE_BOUND('',#3746,.T.);
#4007=FACE_BOUND('',#3747,.T.);
#4008=FACE_BOUND('',#3748,.T.);
#4009=FACE_BOUND('',#3749,.T.);
#4010=FACE_BOUND('',#3750,.T.);
#4011=FACE_BOUND('',#3751,.T.);
#4012=FACE_BOUND('',#3752,.T.);
#4013=FACE_BOUND('',#3753,.T.);
#4014=FACE_BOUND('',#3754,.T.);
#4015=FACE_BOUND('',#3755,.T.);
#4016=FACE_BOUND('',#3756,.T.);
#4017=FACE_BOUND('',#3757,.T.);
#4018=FACE_BOUND('',#3758,.T.);
#4019=FACE_BOUND('',#3759,.T.);
#4020=FACE_BOUND('',#3760,.T.);
#4021=FACE_BOUND('',#3761,.T.);
#4022=FACE_BOUND('',#3762,.T.);
#4023=FACE_BOUND('',#3763,.T.);
#4024=FACE_BOUND('',#3764,.T.);
#4025=FACE_BOUND('',#3765,.T.);
#4026=FACE_BOUND('',#3766,.T.);
#4027=FACE_BOUND('',#3767,.T.);
#4028=FACE_BOUND('',#3768,.T.);
#4029=FACE_BOUND('',#3769,.T.);
#4030=FACE_BOUND('',#3770,.T.);
#4031=FACE_BOUND('',#3771,.T.);
#4032=FACE_BOUND('',#3772,.T.);
#4033=FACE_BOUND('',#3773,.T.);
#4034=FACE_BOUND('',#3774,.T.);
#4035=FACE_BOUND('',#3775,.T.);
#4036=FACE_BOUND('',#3776,.T.);
#4037=FACE_BOUND('',#3777,.T.);
#4038=FACE_BOUND('',#3778,.T.);
#4039=FACE_BOUND('',#3779,.T.);
#4040=FACE_BOUND('',#3780,.T.);
#4041=FACE_BOUND('',#3781,.T.);
#4042=FACE_BOUND('',#3782,.T.);
#4043=FACE_BOUND('',#3783,.T.);
#4044=FACE_BOUND('',#3784,.T.);
#4045=FACE_BOUND('',#3785,.T.);
#4046=FACE_BOUND('',#3786,.T.);
#4047=FACE_BOUND('',#3787,.T.);
#4048=FACE_BOUND('',#3788,.T.);
#4049=FACE_BOUND('',#3789,.T.);
#4050=FACE_BOUND('',#3790,.T.);
#4051=FACE_BOUND('',#3791,.T.);
#4052=FACE_BOUND('',#3792,.T.);
#4053=FACE_BOUND('',#3793,.T.);
#4054=FACE_BOUND('',#3794,.T.);
#4055=FACE_BOUND('',#3795,.T.);
#4056=FACE_BOUND('',#3796,.T.);
#4057=FACE_BOUND('',#3797,.T.);
#4058=FACE_BOUND('',#3798,.T.);
#4059=FACE_BOUND('',#3799,.T.);
#4060=FACE_BOUND('',#3800,.T.);
#4061=FACE_BOUND('',#3801,.T.);
#4062=FACE_BOUND('',#3802,.T.);
#4063=FACE_BOUND('',#3803,.T.);
#4064=FACE_BOUND('',#3804,.T.);
#4065=FACE_BOUND('',#3805,.T.);
#4066=FACE_BOUND('',#3806,.T.);
#4067=FACE_BOUND('',#3807,.T.);
#4068=FACE_BOUND('',#3808,.T.);
#4069=FACE_BOUND('',#3809,.T.);
#4070=FACE_BOUND('',#3810,.T.);
#4071=FACE_BOUND('',#3811,.T.);
#4072=FACE_BOUND('',#3812,.T.);
#4073=FACE_BOUND('',#3813,.T.);
#4074=FACE_BOUND('',#3814,.T.);
#4075=FACE_BOUND('',#3815,.T.);
#4076=FACE_BOUND('',#3816,.T.);
#4077=FACE_BOUND('',#3817,.T.);
#4078=FACE_BOUND('',#3818,.T.);
#4079=FACE_BOUND('',#3819,.T.);
#4080=FACE_BOUND('',#3820,.T.);
#4081=FACE_BOUND('',#3821,.T.);
#4082=FACE_BOUND('',#3822,.T.);
#4083=FACE_BOUND('',#3823,.T.);
#4084=FACE_BOUND('',#3824,.T.);
#4085=FACE_BOUND('',#3825,.T.);
#4086=FACE_BOUND('',#3826,.T.);
#4087=FACE_BOUND('',#3827,.T.);
#4088=FACE_BOUND('',#3828,.T.);
#4089=FACE_BOUND('',#3829,.T.);
#4090=FACE_BOUND('',#3830,.T.);
#4091=FACE_BOUND('',#3831,.T.);
#4092=FACE_BOUND('',#3832,.T.);
#4093=FACE_BOUND('',#3833,.T.);
#4094=FACE_BOUND('',#3834,.T.);
#4095=FACE_BOUND('',#3835,.T.);
#4096=FACE_BOUND('',#3836,.T.);
#4097=FACE_BOUND('',#3837,.T.);
#4098=FACE_BOUND('',#3838,.T.);
#4099=FACE_BOUND('',#3839,.T.);
#4100=FACE_BOUND('',#3840,.T.);
#4101=FACE_BOUND('',#3841,.T.);
#4102=FACE_BOUND('',#3842,.T.);
#4103=FACE_BOUND('',#3843,.T.);
#4104=FACE_BOUND('',#3844,.T.);
#4105=FACE_BOUND('',#3845,.T.);
#4106=FACE_BOUND('',#3846,.T.);
#4107=FACE_BOUND('',#3847,.T.);
#4108=FACE_BOUND('',#3848,.T.);
#4109=FACE_BOUND('',#3849,.T.);
#4110=FACE_BOUND('',#3850,.T.);
#4111=FACE_BOUND('',#3851,.T.);
#4112=FACE_BOUND('',#3852,.T.);
#4113=FACE_BOUND('',#3853,.T.);
#4114=FACE_BOUND('',#3854,.T.);
#4115=FACE_BOUND('',#3855,.T.);
#4116=FACE_BOUND('',#3856,.T.);
#4117=FACE_BOUND('',#3857,.T.);
#4118=FACE_BOUND('',#3858,.T.);
#4119=FACE_BOUND('',#3859,.T.);
#4120=FACE_BOUND('',#3860,.T.);
#4121=FACE_BOUND('',#3861,.T.);
#4122=FACE_BOUND('',#3862,.T.);
#4123=FACE_BOUND('',#3863,.T.);
#4124=FACE_BOUND('',#3864,.T.);
#4125=FACE_BOUND('',#3865,.T.);
#4126=FACE_BOUND('',#3866,.T.);
#4127=FACE_BOUND('',#3867,.T.);
#4128=FACE_BOUND('',#3868,.T.);
#4129=FACE_BOUND('',#3869,.T.);
#4130=FACE_BOUND('',#3870,.T.);
#4131=FACE_BOUND('',#3871,.T.);
#4132=FACE_BOUND('',#3872,.T.);
#4133=FACE_BOUND('',#3873,.T.);
#4134=FACE_BOUND('',#3874,.T.);
#4135=FACE_BOUND('',#3875,.T.);
#4136=FACE_BOUND('',#3876,.T.);
#4137=FACE_BOUND('',#3877,.T.);
#4138=FACE_BOUND('',#3878,.T.);
#4139=FACE_BOUND('',#3879,.T.);
#4140=FACE_BOUND('',#3880,.T.);
#4141=FACE_BOUND('',#3881,.T.);
#4142=FACE_BOUND('',#3882,.T.);
#4143=FACE_BOUND('',#3883,.T.);
#4144=FACE_BOUND('',#3884,.T.);
#4145=FACE_BOUND('',#3885,.T.);
#4146=FACE_BOUND('',#3886,.T.);
#4147=FACE_BOUND('',#3887,.T.);
#4148=FACE_BOUND('',#3888,.T.);
#4149=FACE_BOUND('',#3889,.T.);
#4150=FACE_BOUND('',#3890,.T.);
#4151=FACE_BOUND('',#3891,.T.);
#4152=FACE_BOUND('',#3892,.T.);
#4153=FACE_BOUND('',#3893,.T.);
#4154=FACE_BOUND('',#3894,.T.);
#4155=FACE_BOUND('',#3895,.T.);
#4156=FACE_BOUND('',#3896,.T.);
#4157=FACE_BOUND('',#3897,.T.);
#4158=FACE_BOUND('',#3898,.T.);
#4159=FACE_BOUND('',#3899,.T.);
#4160=FACE_BOUND('',#3900,.T.);
#4161=FACE_BOUND('',#3901,.T.);
#4162=FACE_BOUND('',#3902,.T.);
#4163=FACE_BOUND('',#3903,.T.);
#4164=FACE_BOUND('',#3904,.T.);
#4165=FACE_BOUND('',#3905,.T.);
#4166=FACE_BOUND('',#3906,.T.);
#4167=FACE_BOUND('',#3907,.T.);
#4168=FACE_BOUND('',#3908,.T.);
#4169=FACE_BOUND('',#3909,.T.);
#4170=FACE_BOUND('',#3910,.T.);
#4171=FACE_BOUND('',#3911,.T.);
#4172=FACE_BOUND('',#3912,.T.);
#4173=FACE_BOUND('',#3913,.T.);
#4174=FACE_BOUND('',#3914,.T.);
#4175=FACE_BOUND('',#3915,.T.);
#4176=FACE_BOUND('',#3916,.T.);
#4177=FACE_BOUND('',#3917,.T.);
#4178=FACE_BOUND('',#3918,.T.);
#4179=FACE_BOUND('',#3919,.T.);
#4180=FACE_BOUND('',#3920,.T.);
#4181=FACE_BOUND('',#3921,.T.);
#4182=PLANE('',#4593);
#4183=PLANE('',#4598);
#4184=PLANE('',#4601);
#4185=PLANE('',#4602);
#4186=PLANE('',#4604);
#4187=PLANE('',#4616);
#4188=PLANE('',#4622);
#4189=PLANE('',#4623);
#4190=PLANE('',#4624);
#4191=PLANE('',#4627);
#4192=PLANE('',#4628);
#4193=PLANE('',#4629);
#4194=PLANE('',#4633);
#4195=PLANE('',#4637);
#4196=PLANE('',#4641);
#4197=PLANE('',#4652);
#4198=PLANE('',#4655);
#4199=PLANE('',#4656);
#4200=PLANE('',#4659);
#4201=PLANE('',#4660);
#4202=PLANE('',#4663);
#4203=PLANE('',#4666);
#4204=PLANE('',#4667);
#4205=PLANE('',#4669);
#4206=PLANE('',#4670);
#4207=PLANE('',#4673);
#4208=PLANE('',#4676);
#4209=PLANE('',#4678);
#4210=PLANE('',#4679);
#4211=PLANE('',#4681);
#4212=PLANE('',#4682);
#4213=PLANE('',#4712);
#4214=PLANE('',#4715);
#4215=PLANE('',#4718);
#4216=PLANE('',#4719);
#4217=PLANE('',#4721);
#4218=PLANE('',#4722);
#4219=PLANE('',#4725);
#4220=PLANE('',#4727);
#4221=PLANE('',#4730);
#4222=PLANE('',#4731);
#4223=PLANE('',#4733);
#4224=PLANE('',#4734);
#4225=PLANE('',#4758);
#4226=PLANE('',#4759);
#4227=PLANE('',#4760);
#4228=PLANE('',#4761);
#4229=PLANE('',#4762);
#4230=PLANE('',#4763);
#4231=PLANE('',#4764);
#4232=PLANE('',#4765);
#4233=PLANE('',#4766);
#4234=PLANE('',#4767);
#4235=PLANE('',#4768);
#4236=PLANE('',#4769);
#4237=PLANE('',#4770);
#4238=PLANE('',#4771);
#4239=PLANE('',#4772);
#4240=PLANE('',#4773);
#4241=PLANE('',#4774);
#4242=PLANE('',#4775);
#4243=PLANE('',#4776);
#4244=PLANE('',#4777);
#4245=PLANE('',#4778);
#4246=PLANE('',#4779);
#4247=PLANE('',#4780);
#4248=PLANE('',#4781);
#4249=PLANE('',#4782);
#4250=PLANE('',#4783);
#4251=PLANE('',#4784);
#4252=PLANE('',#4785);
#4253=PLANE('',#4786);
#4254=PLANE('',#4787);
#4255=PLANE('',#4788);
#4256=PLANE('',#4789);
#4257=PLANE('',#4790);
#4258=PLANE('',#4791);
#4259=PLANE('',#4792);
#4260=PLANE('',#4793);
#4261=PLANE('',#4794);
#4262=PLANE('',#4795);
#4263=PLANE('',#4796);
#4264=PLANE('',#4797);
#4265=PLANE('',#4798);
#4266=PLANE('',#4799);
#4267=PLANE('',#4800);
#4268=PLANE('',#4801);
#4269=PLANE('',#4802);
#4270=PLANE('',#4803);
#4271=PLANE('',#4804);
#4272=PLANE('',#4805);
#4273=PLANE('',#4806);
#4274=PLANE('',#4807);
#4275=PLANE('',#4808);
#4276=PLANE('',#4809);
#4277=PLANE('',#4810);
#4278=PLANE('',#4811);
#4279=PLANE('',#4812);
#4280=PLANE('',#4813);
#4281=PLANE('',#4814);
#4282=PLANE('',#4815);
#4283=PLANE('',#4816);
#4284=PLANE('',#4817);
#4285=PLANE('',#4818);
#4286=PLANE('',#4819);
#4287=PLANE('',#4820);
#4288=PLANE('',#4821);
#4289=PLANE('',#4822);
#4290=PLANE('',#4823);
#4291=PLANE('',#4824);
#4292=PLANE('',#4825);
#4293=PLANE('',#4826);
#4294=PLANE('',#4827);
#4295=PLANE('',#4828);
#4296=PLANE('',#4829);
#4297=PLANE('',#4830);
#4298=PLANE('',#4831);
#4299=PLANE('',#4832);
#4300=PLANE('',#4833);
#4301=PLANE('',#4834);
#4302=PLANE('',#4835);
#4303=PLANE('',#4836);
#4304=PLANE('',#4837);
#4305=PLANE('',#4838);
#4306=PLANE('',#4839);
#4307=PLANE('',#4840);
#4308=PLANE('',#4841);
#4309=PLANE('',#4842);
#4310=PLANE('',#4843);
#4311=PLANE('',#4844);
#4312=PLANE('',#4845);
#4313=PLANE('',#4846);
#4314=PLANE('',#4847);
#4315=PLANE('',#4848);
#4316=PLANE('',#4849);
#4317=PLANE('',#4850);
#4318=PLANE('',#4851);
#4319=PLANE('',#4852);
#4320=PLANE('',#4853);
#4321=PLANE('',#4854);
#4322=PLANE('',#4855);
#4323=PLANE('',#4856);
#4324=PLANE('',#4857);
#4325=PLANE('',#4858);
#4326=PLANE('',#4859);
#4327=PLANE('',#4860);
#4328=PLANE('',#4861);
#4329=PLANE('',#4862);
#4330=PLANE('',#4863);
#4331=PLANE('',#4864);
#4332=PLANE('',#4865);
#4333=PLANE('',#4866);
#4334=PLANE('',#4867);
#4335=PLANE('',#4868);
#4336=PLANE('',#4869);
#4337=PLANE('',#4870);
#4338=PLANE('',#4871);
#4339=PLANE('',#4872);
#4340=PLANE('',#4873);
#4341=PLANE('',#4874);
#4342=PLANE('',#4875);
#4343=PLANE('',#4882);
#4344=PLANE('',#4883);
#4345=PLANE('',#4884);
#4346=PLANE('',#4885);
#4347=PLANE('',#4886);
#4348=PLANE('',#4887);
#4349=PLANE('',#4888);
#4350=PLANE('',#4889);
#4351=PLANE('',#4890);
#4352=PLANE('',#4891);
#4353=PLANE('',#4892);
#4354=PLANE('',#4893);
#4355=PLANE('',#4894);
#4356=PLANE('',#4895);
#4357=PLANE('',#4896);
#4358=PLANE('',#4897);
#4359=ADVANCED_FACE('',(#3922,#3923),#4182,.F.);
#4360=ADVANCED_FACE('',(#3924,#3925,#3926,#3927),#4183,.T.);
#4361=ADVANCED_FACE('',(#3928),#4184,.F.);
#4362=ADVANCED_FACE('',(#3929),#4185,.F.);
#4363=ADVANCED_FACE('',(#3930),#4186,.T.);
#4364=ADVANCED_FACE('',(#3931),#14,.T.);
#4365=ADVANCED_FACE('',(#3932),#12,.T.);
#4366=ADVANCED_FACE('',(#3933),#4187,.T.);
#4367=ADVANCED_FACE('',(#3934),#15,.T.);
#4368=ADVANCED_FACE('',(#3935),#4188,.T.);
#4369=ADVANCED_FACE('',(#3936),#4189,.F.);
#4370=ADVANCED_FACE('',(#3937,#3938,#3939,#3940,#3941,#3942),#4190,.F.);
#4371=ADVANCED_FACE('',(#3943),#4191,.F.);
#4372=ADVANCED_FACE('',(#3944),#4192,.T.);
#4373=ADVANCED_FACE('',(#3945,#3946,#3947,#3948,#3949,#3950,#3951),#4193,
 .F.);
#4374=ADVANCED_FACE('',(#3952,#3953,#3954,#3955,#3956,#3957,#3958),#4194,
 .T.);
#4375=ADVANCED_FACE('',(#3959,#3960,#3961,#3962,#3963,#3964,#3965),#4195,
 .T.);
#4376=ADVANCED_FACE('',(#3966,#3967,#3968,#3969,#3970,#3971,#3972),#4196,
 .F.);
#4377=ADVANCED_FACE('',(#3973),#16,.T.);
#4378=ADVANCED_FACE('',(#3974),#17,.T.);
#4379=ADVANCED_FACE('',(#3975),#18,.T.);
#4380=ADVANCED_FACE('',(#3976),#4197,.F.);
#4381=ADVANCED_FACE('',(#3977),#4198,.T.);
#4382=ADVANCED_FACE('',(#3978),#4199,.T.);
#4383=ADVANCED_FACE('',(#3979),#4200,.F.);
#4384=ADVANCED_FACE('',(#3980),#4201,.T.);
#4385=ADVANCED_FACE('',(#3981),#4202,.F.);
#4386=ADVANCED_FACE('',(#3982),#4203,.T.);
#4387=ADVANCED_FACE('',(#3983),#4204,.F.);
#4388=ADVANCED_FACE('',(#3984),#4205,.F.);
#4389=ADVANCED_FACE('',(#3985),#4206,.T.);
#4390=ADVANCED_FACE('',(#3986),#4207,.F.);
#4391=ADVANCED_FACE('',(#3987),#4208,.T.);
#4392=ADVANCED_FACE('',(#3988),#4209,.T.);
#4393=ADVANCED_FACE('',(#3989),#4210,.F.);
#4394=ADVANCED_FACE('',(#3990),#4211,.F.);
#4395=ADVANCED_FACE('',(#3991),#4212,.F.);
#4396=ADVANCED_FACE('',(#3992),#19,.T.);
#4397=ADVANCED_FACE('',(#3993),#20,.T.);
#4398=ADVANCED_FACE('',(#3994),#21,.T.);
#4399=ADVANCED_FACE('',(#3995),#22,.T.);
#4400=ADVANCED_FACE('',(#3996),#23,.T.);
#4401=ADVANCED_FACE('',(#3997),#24,.T.);
#4402=ADVANCED_FACE('',(#3998),#25,.T.);
#4403=ADVANCED_FACE('',(#3999),#26,.T.);
#4404=ADVANCED_FACE('',(#4000),#27,.T.);
#4405=ADVANCED_FACE('',(#4001),#28,.T.);
#4406=ADVANCED_FACE('',(#4002),#29,.T.);
#4407=ADVANCED_FACE('',(#4003),#30,.T.);
#4408=ADVANCED_FACE('',(#4004),#31,.T.);
#4409=ADVANCED_FACE('',(#4005),#32,.T.);
#4410=ADVANCED_FACE('',(#4006),#33,.F.);
#4411=ADVANCED_FACE('',(#4007),#34,.F.);
#4412=ADVANCED_FACE('',(#4008),#4213,.F.);
#4413=ADVANCED_FACE('',(#4009),#4214,.T.);
#4414=ADVANCED_FACE('',(#4010),#4215,.F.);
#4415=ADVANCED_FACE('',(#4011),#4216,.T.);
#4416=ADVANCED_FACE('',(#4012),#4217,.T.);
#4417=ADVANCED_FACE('',(#4013),#4218,.F.);
#4418=ADVANCED_FACE('',(#4014),#4219,.T.);
#4419=ADVANCED_FACE('',(#4015),#4220,.F.);
#4420=ADVANCED_FACE('',(#4016),#4221,.F.);
#4421=ADVANCED_FACE('',(#4017),#4222,.T.);
#4422=ADVANCED_FACE('',(#4018),#4223,.T.);
#4423=ADVANCED_FACE('',(#4019),#4224,.T.);
#4424=ADVANCED_FACE('',(#4020),#35,.F.);
#4425=ADVANCED_FACE('',(#4021),#36,.F.);
#4426=ADVANCED_FACE('',(#4022),#37,.F.);
#4427=ADVANCED_FACE('',(#4023),#38,.F.);
#4428=ADVANCED_FACE('',(#4024),#39,.F.);
#4429=ADVANCED_FACE('',(#4025),#40,.F.);
#4430=ADVANCED_FACE('',(#4026),#41,.F.);
#4431=ADVANCED_FACE('',(#4027),#42,.F.);
#4432=ADVANCED_FACE('',(#4028),#43,.F.);
#4433=ADVANCED_FACE('',(#4029),#44,.F.);
#4434=ADVANCED_FACE('',(#4030),#45,.F.);
#4435=ADVANCED_FACE('',(#4031),#46,.F.);
#4436=ADVANCED_FACE('',(#4032),#47,.T.);
#4437=ADVANCED_FACE('',(#4033),#48,.T.);
#4438=ADVANCED_FACE('',(#4034),#49,.T.);
#4439=ADVANCED_FACE('',(#4035),#13,.T.);
#4440=ADVANCED_FACE('',(#4036),#4225,.F.);
#4441=ADVANCED_FACE('',(#4037),#4226,.T.);
#4442=ADVANCED_FACE('',(#4038),#4227,.F.);
#4443=ADVANCED_FACE('',(#4039),#4228,.F.);
#4444=ADVANCED_FACE('',(#4040),#4229,.T.);
#4445=ADVANCED_FACE('',(#4041),#4230,.T.);
#4446=ADVANCED_FACE('',(#4042),#4231,.F.);
#4447=ADVANCED_FACE('',(#4043),#4232,.F.);
#4448=ADVANCED_FACE('',(#4044),#4233,.F.);
#4449=ADVANCED_FACE('',(#4045),#4234,.F.);
#4450=ADVANCED_FACE('',(#4046),#4235,.T.);
#4451=ADVANCED_FACE('',(#4047),#4236,.T.);
#4452=ADVANCED_FACE('',(#4048),#4237,.T.);
#4453=ADVANCED_FACE('',(#4049),#4238,.F.);
#4454=ADVANCED_FACE('',(#4050),#4239,.F.);
#4455=ADVANCED_FACE('',(#4051),#4240,.F.);
#4456=ADVANCED_FACE('',(#4052),#4241,.T.);
#4457=ADVANCED_FACE('',(#4053),#4242,.T.);
#4458=ADVANCED_FACE('',(#4054),#4243,.F.);
#4459=ADVANCED_FACE('',(#4055),#4244,.T.);
#4460=ADVANCED_FACE('',(#4056),#4245,.T.);
#4461=ADVANCED_FACE('',(#4057),#4246,.F.);
#4462=ADVANCED_FACE('',(#4058),#4247,.F.);
#4463=ADVANCED_FACE('',(#4059),#4248,.T.);
#4464=ADVANCED_FACE('',(#4060),#4249,.T.);
#4465=ADVANCED_FACE('',(#4061),#4250,.F.);
#4466=ADVANCED_FACE('',(#4062),#4251,.F.);
#4467=ADVANCED_FACE('',(#4063),#4252,.F.);
#4468=ADVANCED_FACE('',(#4064),#4253,.F.);
#4469=ADVANCED_FACE('',(#4065),#4254,.F.);
#4470=ADVANCED_FACE('',(#4066),#4255,.F.);
#4471=ADVANCED_FACE('',(#4067),#4256,.F.);
#4472=ADVANCED_FACE('',(#4068),#4257,.F.);
#4473=ADVANCED_FACE('',(#4069),#4258,.T.);
#4474=ADVANCED_FACE('',(#4070),#4259,.T.);
#4475=ADVANCED_FACE('',(#4071),#4260,.F.);
#4476=ADVANCED_FACE('',(#4072),#4261,.F.);
#4477=ADVANCED_FACE('',(#4073),#4262,.T.);
#4478=ADVANCED_FACE('',(#4074),#4263,.T.);
#4479=ADVANCED_FACE('',(#4075),#4264,.T.);
#4480=ADVANCED_FACE('',(#4076),#4265,.T.);
#4481=ADVANCED_FACE('',(#4077),#4266,.T.);
#4482=ADVANCED_FACE('',(#4078),#4267,.T.);
#4483=ADVANCED_FACE('',(#4079),#4268,.T.);
#4484=ADVANCED_FACE('',(#4080),#4269,.F.);
#4485=ADVANCED_FACE('',(#4081),#4270,.T.);
#4486=ADVANCED_FACE('',(#4082),#4271,.F.);
#4487=ADVANCED_FACE('',(#4083),#4272,.T.);
#4488=ADVANCED_FACE('',(#4084),#4273,.T.);
#4489=ADVANCED_FACE('',(#4085),#4274,.F.);
#4490=ADVANCED_FACE('',(#4086),#4275,.F.);
#4491=ADVANCED_FACE('',(#4087),#4276,.F.);
#4492=ADVANCED_FACE('',(#4088),#4277,.F.);
#4493=ADVANCED_FACE('',(#4089),#4278,.F.);
#4494=ADVANCED_FACE('',(#4090),#4279,.F.);
#4495=ADVANCED_FACE('',(#4091),#4280,.F.);
#4496=ADVANCED_FACE('',(#4092),#4281,.T.);
#4497=ADVANCED_FACE('',(#4093),#4282,.F.);
#4498=ADVANCED_FACE('',(#4094),#4283,.F.);
#4499=ADVANCED_FACE('',(#4095),#4284,.F.);
#4500=ADVANCED_FACE('',(#4096),#4285,.T.);
#4501=ADVANCED_FACE('',(#4097),#4286,.F.);
#4502=ADVANCED_FACE('',(#4098),#4287,.F.);
#4503=ADVANCED_FACE('',(#4099),#4288,.F.);
#4504=ADVANCED_FACE('',(#4100),#4289,.F.);
#4505=ADVANCED_FACE('',(#4101),#4290,.T.);
#4506=ADVANCED_FACE('',(#4102),#4291,.T.);
#4507=ADVANCED_FACE('',(#4103),#4292,.T.);
#4508=ADVANCED_FACE('',(#4104),#4293,.T.);
#4509=ADVANCED_FACE('',(#4105),#4294,.T.);
#4510=ADVANCED_FACE('',(#4106),#4295,.F.);
#4511=ADVANCED_FACE('',(#4107),#4296,.F.);
#4512=ADVANCED_FACE('',(#4108),#4297,.T.);
#4513=ADVANCED_FACE('',(#4109),#4298,.T.);
#4514=ADVANCED_FACE('',(#4110),#4299,.F.);
#4515=ADVANCED_FACE('',(#4111),#4300,.F.);
#4516=ADVANCED_FACE('',(#4112),#4301,.T.);
#4517=ADVANCED_FACE('',(#4113),#4302,.F.);
#4518=ADVANCED_FACE('',(#4114),#4303,.T.);
#4519=ADVANCED_FACE('',(#4115),#4304,.F.);
#4520=ADVANCED_FACE('',(#4116),#4305,.T.);
#4521=ADVANCED_FACE('',(#4117),#4306,.T.);
#4522=ADVANCED_FACE('',(#4118),#4307,.F.);
#4523=ADVANCED_FACE('',(#4119),#4308,.T.);
#4524=ADVANCED_FACE('',(#4120),#4309,.T.);
#4525=ADVANCED_FACE('',(#4121),#4310,.T.);
#4526=ADVANCED_FACE('',(#4122),#4311,.F.);
#4527=ADVANCED_FACE('',(#4123),#4312,.F.);
#4528=ADVANCED_FACE('',(#4124),#4313,.F.);
#4529=ADVANCED_FACE('',(#4125),#4314,.T.);
#4530=ADVANCED_FACE('',(#4126),#4315,.F.);
#4531=ADVANCED_FACE('',(#4127),#4316,.F.);
#4532=ADVANCED_FACE('',(#4128),#4317,.F.);
#4533=ADVANCED_FACE('',(#4129),#4318,.F.);
#4534=ADVANCED_FACE('',(#4130),#4319,.T.);
#4535=ADVANCED_FACE('',(#4131),#4320,.T.);
#4536=ADVANCED_FACE('',(#4132),#4321,.T.);
#4537=ADVANCED_FACE('',(#4133),#4322,.F.);
#4538=ADVANCED_FACE('',(#4134),#4323,.T.);
#4539=ADVANCED_FACE('',(#4135),#4324,.T.);
#4540=ADVANCED_FACE('',(#4136),#4325,.F.);
#4541=ADVANCED_FACE('',(#4137),#4326,.F.);
#4542=ADVANCED_FACE('',(#4138),#4327,.T.);
#4543=ADVANCED_FACE('',(#4139),#4328,.F.);
#4544=ADVANCED_FACE('',(#4140),#4329,.F.);
#4545=ADVANCED_FACE('',(#4141),#4330,.T.);
#4546=ADVANCED_FACE('',(#4142),#4331,.T.);
#4547=ADVANCED_FACE('',(#4143),#4332,.T.);
#4548=ADVANCED_FACE('',(#4144),#4333,.T.);
#4549=ADVANCED_FACE('',(#4145),#4334,.T.);
#4550=ADVANCED_FACE('',(#4146),#4335,.T.);
#4551=ADVANCED_FACE('',(#4147),#4336,.T.);
#4552=ADVANCED_FACE('',(#4148),#4337,.F.);
#4553=ADVANCED_FACE('',(#4149),#4338,.T.);
#4554=ADVANCED_FACE('',(#4150),#4339,.F.);
#4555=ADVANCED_FACE('',(#4151),#4340,.T.);
#4556=ADVANCED_FACE('',(#4152),#4341,.F.);
#4557=ADVANCED_FACE('',(#4153),#4342,.T.);
#4558=ADVANCED_FACE('',(#4154,#4155),#50,.F.);
#4559=ADVANCED_FACE('',(#4156,#4157),#51,.F.);
#4560=ADVANCED_FACE('',(#4158,#4159),#52,.F.);
#4561=ADVANCED_FACE('',(#4160,#4161),#53,.F.);
#4562=ADVANCED_FACE('',(#4162,#4163),#54,.F.);
#4563=ADVANCED_FACE('',(#4164,#4165),#55,.F.);
#4564=ADVANCED_FACE('',(#4166),#4343,.T.);
#4565=ADVANCED_FACE('',(#4167),#4344,.F.);
#4566=ADVANCED_FACE('',(#4168),#4345,.T.);
#4567=ADVANCED_FACE('',(#4169),#4346,.T.);
#4568=ADVANCED_FACE('',(#4170),#4347,.F.);
#4569=ADVANCED_FACE('',(#4171),#4348,.T.);
#4570=ADVANCED_FACE('',(#4172),#4349,.T.);
#4571=ADVANCED_FACE('',(#4173),#4350,.T.);
#4572=ADVANCED_FACE('',(#4174),#4351,.F.);
#4573=ADVANCED_FACE('',(#4175),#4352,.F.);
#4574=ADVANCED_FACE('',(#4176),#4353,.T.);
#4575=ADVANCED_FACE('',(#4177),#4354,.F.);
#4576=ADVANCED_FACE('',(#4178),#4355,.T.);
#4577=ADVANCED_FACE('',(#4179),#4356,.T.);
#4578=ADVANCED_FACE('',(#4180),#4357,.F.);
#4579=ADVANCED_FACE('',(#4181),#4358,.T.);
#4580=CLOSED_SHELL('',(#4359,#4360,#4361,#4362,#4363,#4364,#4365,#4366,
#4367,#4368,#4369,#4370,#4371,#4372,#4373,#4374,#4375,#4376,#4377,#4378,
#4379,#4380,#4381,#4382,#4383,#4384,#4385,#4386,#4387,#4388,#4389,#4390,
#4391,#4392,#4393,#4394,#4395,#4396,#4397,#4398,#4399,#4400,#4401,#4402,
#4403,#4404,#4405,#4406,#4407,#4408,#4409,#4410,#4411,#4412,#4413,#4414,
#4415,#4416,#4417,#4418,#4419,#4420,#4421,#4422,#4423,#4424,#4425,#4426,
#4427,#4428,#4429,#4430,#4431,#4432,#4433,#4434,#4435,#4436,#4437,#4438,
#4439,#4440,#4441,#4442,#4443,#4444,#4445,#4446,#4447,#4448,#4449,#4450,
#4451,#4452,#4453,#4454,#4455,#4456,#4457,#4458,#4459,#4460,#4461,#4462,
#4463,#4464,#4465,#4466,#4467,#4468,#4469,#4470,#4471,#4472,#4473,#4474,
#4475,#4476,#4477,#4478,#4479,#4480,#4481,#4482,#4483,#4484,#4485,#4486,
#4487,#4488,#4489,#4490,#4491,#4492,#4493,#4494,#4495,#4496,#4497,#4498,
#4499,#4500,#4501,#4502,#4503,#4504,#4505,#4506,#4507,#4508,#4509,#4510,
#4511,#4512,#4513,#4514,#4515,#4516,#4517,#4518,#4519,#4520,#4521,#4522,
#4523,#4524,#4525,#4526,#4527,#4528,#4529,#4530,#4531,#4532,#4533,#4534,
#4535,#4536,#4537,#4538,#4539,#4540,#4541,#4542,#4543,#4544,#4545,#4546,
#4547,#4548,#4549,#4550,#4551,#4552,#4553,#4554,#4555,#4556,#4557,#4558,
#4559,#4560,#4561,#4562,#4563,#4564,#4565,#4566,#4567,#4568,#4569,#4570,
#4571,#4572,#4573,#4574,#4575,#4576,#4577,#4578,#4579));
#4581=STYLED_ITEM('',(#4582),#4589);
#4582=PRESENTATION_STYLE_ASSIGNMENT((#4583));
#4583=SURFACE_STYLE_USAGE(.BOTH.,#4584);
#4584=SURFACE_SIDE_STYLE('',(#4585));
#4585=SURFACE_STYLE_FILL_AREA(#4586);
#4586=FILL_AREA_STYLE('',(#4587));
#4587=FILL_AREA_STYLE_COLOUR('',#4588);
#4588=COLOUR_RGB('',0.501960784313726,0.486274509803922,0.43921568627451);
#4589=MANIFOLD_SOLID_BREP('ComputePillow',#4580);
#4590=SHAPE_DEFINITION_REPRESENTATION(#7460,#4591);
#4591=SHAPE_REPRESENTATION('ComputePillow',(#4592),#7455);
#4592=AXIS2_PLACEMENT_3D('',#6072,#4898,#4899);
#4593=AXIS2_PLACEMENT_3D('',#6073,#4900,#4901);
#4594=AXIS2_PLACEMENT_3D('',#6085,#4907,#4908);
#4595=AXIS2_PLACEMENT_3D('',#6093,#4912,#4913);
#4596=AXIS2_PLACEMENT_3D('',#6097,#4915,#4916);
#4597=AXIS2_PLACEMENT_3D('',#6105,#4920,#4921);
#4598=AXIS2_PLACEMENT_3D('',#6118,#4928,#4929);
#4599=AXIS2_PLACEMENT_3D('',#6162,#4952,#4953);
#4600=AXIS2_PLACEMENT_3D('',#6166,#4955,#4956);
#4601=AXIS2_PLACEMENT_3D('',#6181,#4964,#4965);
#4602=AXIS2_PLACEMENT_3D('',#6188,#4969,#4970);
#4603=AXIS2_PLACEMENT_3D('',#6199,#4972,#4973);
#4604=AXIS2_PLACEMENT_3D('',#6202,#4975,#4976);
#4605=AXIS2_PLACEMENT_3D('',#6206,#4978,#4979);
#4606=AXIS2_PLACEMENT_3D('',#6214,#4981,#4982);
#4607=AXIS2_PLACEMENT_3D('',#6215,#4983,#4984);
#4608=AXIS2_PLACEMENT_3D('',#6218,#4985,#4986);
#4609=AXIS2_PLACEMENT_3D('',#6221,#4988,#4989);
#4610=AXIS2_PLACEMENT_3D('',#6225,#4991,#4992);
#4611=AXIS2_PLACEMENT_3D('',#6229,#4994,#4995);
#4612=AXIS2_PLACEMENT_3D('',#6233,#4997,#4998);
#4613=AXIS2_PLACEMENT_3D('',#6237,#5000,#5001);
#4614=AXIS2_PLACEMENT_3D('',#6239,#5002,#5003);
#4615=AXIS2_PLACEMENT_3D('',#6265,#5004,#5005);
#4616=AXIS2_PLACEMENT_3D('',#6266,#5006,#5007);
#4617=AXIS2_PLACEMENT_3D('',#6274,#5011,#5012);
#4618=AXIS2_PLACEMENT_3D('',#6279,#5016,#5017);
#4619=AXIS2_PLACEMENT_3D('',#6283,#5019,#5020);
#4620=AXIS2_PLACEMENT_3D('',#6284,#5021,#5022);
#4621=AXIS2_PLACEMENT_3D('',#6288,#5024,#5025);
#4622=AXIS2_PLACEMENT_3D('',#6289,#5026,#5027);
#4623=AXIS2_PLACEMENT_3D('',#6318,#5042,#5043);
#4624=AXIS2_PLACEMENT_3D('',#6347,#5058,#5059);
#4625=AXIS2_PLACEMENT_3D('',#6392,#5082,#5083);
#4626=AXIS2_PLACEMENT_3D('',#6396,#5085,#5086);
#4627=AXIS2_PLACEMENT_3D('',#6417,#5097,#5098);
#4628=AXIS2_PLACEMENT_3D('',#6487,#5134,#5135);
#4629=AXIS2_PLACEMENT_3D('',#6557,#5171,#5172);
#4630=AXIS2_PLACEMENT_3D('',#6558,#5173,#5174);
#4631=AXIS2_PLACEMENT_3D('',#6560,#5175,#5176);
#4632=AXIS2_PLACEMENT_3D('',#6562,#5177,#5178);
#4633=AXIS2_PLACEMENT_3D('',#6604,#5200,#5201);
#4634=AXIS2_PLACEMENT_3D('',#6605,#5202,#5203);
#4635=AXIS2_PLACEMENT_3D('',#6607,#5204,#5205);
#4636=AXIS2_PLACEMENT_3D('',#6609,#5206,#5207);
#4637=AXIS2_PLACEMENT_3D('',#6655,#5231,#5232);
#4638=AXIS2_PLACEMENT_3D('',#6656,#5233,#5234);
#4639=AXIS2_PLACEMENT_3D('',#6658,#5235,#5236);
#4640=AXIS2_PLACEMENT_3D('',#6660,#5237,#5238);
#4641=AXIS2_PLACEMENT_3D('',#6705,#5261,#5262);
#4642=AXIS2_PLACEMENT_3D('',#6706,#5263,#5264);
#4643=AXIS2_PLACEMENT_3D('',#6708,#5265,#5266);
#4644=AXIS2_PLACEMENT_3D('',#6710,#5267,#5268);
#4645=AXIS2_PLACEMENT_3D('',#6731,#5278,#5279);
#4646=AXIS2_PLACEMENT_3D('',#6762,#5296,#5297);
#4647=AXIS2_PLACEMENT_3D('',#6763,#5298,#5299);
#4648=AXIS2_PLACEMENT_3D('',#6778,#5302,#5303);
#4649=AXIS2_PLACEMENT_3D('',#6779,#5304,#5305);
#4650=AXIS2_PLACEMENT_3D('',#6780,#5306,#5307);
#4651=AXIS2_PLACEMENT_3D('',#6783,#5309,#5310);
#4652=AXIS2_PLACEMENT_3D('',#6796,#5312,#5313);
#4653=AXIS2_PLACEMENT_3D('',#6799,#5315,#5316);
#4654=AXIS2_PLACEMENT_3D('',#6800,#5317,#5318);
#4655=AXIS2_PLACEMENT_3D('',#6801,#5319,#5320);
#4656=AXIS2_PLACEMENT_3D('',#6809,#5325,#5326);
#4657=AXIS2_PLACEMENT_3D('',#6812,#5328,#5329);
#4658=AXIS2_PLACEMENT_3D('',#6813,#5330,#5331);
#4659=AXIS2_PLACEMENT_3D('',#6814,#5332,#5333);
#4660=AXIS2_PLACEMENT_3D('',#6822,#5338,#5339);
#4661=AXIS2_PLACEMENT_3D('',#6825,#5341,#5342);
#4662=AXIS2_PLACEMENT_3D('',#6826,#5343,#5344);
#4663=AXIS2_PLACEMENT_3D('',#6827,#5345,#5346);
#4664=AXIS2_PLACEMENT_3D('',#6837,#5352,#5353);
#4665=AXIS2_PLACEMENT_3D('',#6838,#5354,#5355);
#4666=AXIS2_PLACEMENT_3D('',#6839,#5356,#5357);
#4667=AXIS2_PLACEMENT_3D('',#6843,#5360,#5361);
#4668=AXIS2_PLACEMENT_3D('',#6848,#5364,#5365);
#4669=AXIS2_PLACEMENT_3D('',#6849,#5366,#5367);
#4670=AXIS2_PLACEMENT_3D('',#6852,#5370,#5371);
#4671=AXIS2_PLACEMENT_3D('',#6855,#5373,#5374);
#4672=AXIS2_PLACEMENT_3D('',#6859,#5376,#5377);
#4673=AXIS2_PLACEMENT_3D('',#6860,#5378,#5379);
#4674=AXIS2_PLACEMENT_3D('',#6881,#5391,#5392);
#4675=AXIS2_PLACEMENT_3D('',#6887,#5395,#5396);
#4676=AXIS2_PLACEMENT_3D('',#6889,#5398,#5399);
#4677=AXIS2_PLACEMENT_3D('',#6890,#5400,#5401);
#4678=AXIS2_PLACEMENT_3D('',#6891,#5402,#5403);
#4679=AXIS2_PLACEMENT_3D('',#6897,#5407,#5408);
#4680=AXIS2_PLACEMENT_3D('',#6902,#5411,#5412);
#4681=AXIS2_PLACEMENT_3D('',#6905,#5414,#5415);
#4682=AXIS2_PLACEMENT_3D('',#6908,#5418,#5419);
#4683=AXIS2_PLACEMENT_3D('',#6927,#5430,#5431);
#4684=AXIS2_PLACEMENT_3D('',#6928,#5432,#5433);
#4685=AXIS2_PLACEMENT_3D('',#6929,#5434,#5435);
#4686=AXIS2_PLACEMENT_3D('',#6930,#5436,#5437);
#4687=AXIS2_PLACEMENT_3D('',#6943,#5438,#5439);
#4688=AXIS2_PLACEMENT_3D('',#6944,#5440,#5441);
#4689=AXIS2_PLACEMENT_3D('',#6945,#5442,#5443);
#4690=AXIS2_PLACEMENT_3D('',#6946,#5444,#5445);
#4691=AXIS2_PLACEMENT_3D('',#6947,#5446,#5447);
#4692=AXIS2_PLACEMENT_3D('',#6948,#5448,#5449);
#4693=AXIS2_PLACEMENT_3D('',#6950,#5450,#5451);
#4694=AXIS2_PLACEMENT_3D('',#6951,#5452,#5453);
#4695=AXIS2_PLACEMENT_3D('',#6954,#5455,#5456);
#4696=AXIS2_PLACEMENT_3D('',#6955,#5457,#5458);
#4697=AXIS2_PLACEMENT_3D('',#6957,#5460,#5461);
#4698=AXIS2_PLACEMENT_3D('',#6958,#5462,#5463);
#4699=AXIS2_PLACEMENT_3D('',#6960,#5464,#5465);
#4700=AXIS2_PLACEMENT_3D('',#6961,#5466,#5467);
#4701=AXIS2_PLACEMENT_3D('',#6962,#5468,#5469);
#4702=AXIS2_PLACEMENT_3D('',#6963,#5470,#5471);
#4703=AXIS2_PLACEMENT_3D('',#6964,#5472,#5473);
#4704=AXIS2_PLACEMENT_3D('',#6965,#5474,#5475);
#4705=AXIS2_PLACEMENT_3D('',#6967,#5477,#5478);
#4706=AXIS2_PLACEMENT_3D('',#6980,#5479,#5480);
#4707=AXIS2_PLACEMENT_3D('',#6981,#5481,#5482);
#4708=AXIS2_PLACEMENT_3D('',#6982,#5483,#5484);
#4709=AXIS2_PLACEMENT_3D('',#6984,#5486,#5487);
#4710=AXIS2_PLACEMENT_3D('',#6986,#5489,#5490);
#4711=AXIS2_PLACEMENT_3D('',#6992,#5496,#5497);
#4712=AXIS2_PLACEMENT_3D('',#6998,#5503,#5504);
#4713=AXIS2_PLACEMENT_3D('',#6999,#5505,#5506);
#4714=AXIS2_PLACEMENT_3D('',#7000,#5507,#5508);
#4715=AXIS2_PLACEMENT_3D('',#7003,#5510,#5511);
#4716=AXIS2_PLACEMENT_3D('',#7006,#5513,#5514);
#4717=AXIS2_PLACEMENT_3D('',#7007,#5515,#5516);
#4718=AXIS2_PLACEMENT_3D('',#7018,#5522,#5523);
#4719=AXIS2_PLACEMENT_3D('',#7022,#5526,#5527);
#4720=AXIS2_PLACEMENT_3D('',#7026,#5529,#5530);
#4721=AXIS2_PLACEMENT_3D('',#7028,#5532,#5533);
#4722=AXIS2_PLACEMENT_3D('',#7031,#5536,#5537);
#4723=AXIS2_PLACEMENT_3D('',#7034,#5539,#5540);
#4724=AXIS2_PLACEMENT_3D('',#7038,#5542,#5543);
#4725=AXIS2_PLACEMENT_3D('',#7039,#5544,#5545);
#4726=AXIS2_PLACEMENT_3D('',#7052,#5550,#5551);
#4727=AXIS2_PLACEMENT_3D('',#7055,#5553,#5554);
#4728=AXIS2_PLACEMENT_3D('',#7056,#5555,#5556);
#4729=AXIS2_PLACEMENT_3D('',#7058,#5558,#5559);
#4730=AXIS2_PLACEMENT_3D('',#7059,#5560,#5561);
#4731=AXIS2_PLACEMENT_3D('',#7065,#5565,#5566);
#4732=AXIS2_PLACEMENT_3D('',#7068,#5568,#5569);
#4733=AXIS2_PLACEMENT_3D('',#7073,#5572,#5573);
#4734=AXIS2_PLACEMENT_3D('',#7076,#5576,#5577);
#4735=AXIS2_PLACEMENT_3D('',#7095,#5588,#5589);
#4736=AXIS2_PLACEMENT_3D('',#7096,#5590,#5591);
#4737=AXIS2_PLACEMENT_3D('',#7097,#5592,#5593);
#4738=AXIS2_PLACEMENT_3D('',#7098,#5594,#5595);
#4739=AXIS2_PLACEMENT_3D('',#7099,#5596,#5597);
#4740=AXIS2_PLACEMENT_3D('',#7100,#5598,#5599);
#4741=AXIS2_PLACEMENT_3D('',#7101,#5600,#5601);
#4742=AXIS2_PLACEMENT_3D('',#7109,#5602,#5603);
#4743=AXIS2_PLACEMENT_3D('',#7111,#5605,#5606);
#4744=AXIS2_PLACEMENT_3D('',#7112,#5607,#5608);
#4745=AXIS2_PLACEMENT_3D('',#7113,#5609,#5610);
#4746=AXIS2_PLACEMENT_3D('',#7114,#5611,#5612);
#4747=AXIS2_PLACEMENT_3D('',#7115,#5613,#5614);
#4748=AXIS2_PLACEMENT_3D('',#7116,#5615,#5616);
#4749=AXIS2_PLACEMENT_3D('',#7117,#5617,#5618);
#4750=AXIS2_PLACEMENT_3D('',#7119,#5620,#5621);
#4751=AXIS2_PLACEMENT_3D('',#7120,#5622,#5623);
#4752=AXIS2_PLACEMENT_3D('',#7122,#5625,#5626);
#4753=AXIS2_PLACEMENT_3D('',#7124,#5628,#5629);
#4754=AXIS2_PLACEMENT_3D('',#7130,#5635,#5636);
#4755=AXIS2_PLACEMENT_3D('',#7136,#5642,#5643);
#4756=AXIS2_PLACEMENT_3D('',#7137,#5644,#5645);
#4757=AXIS2_PLACEMENT_3D('',#7138,#5646,#5647);
#4758=AXIS2_PLACEMENT_3D('',#7153,#5649,#5650);
#4759=AXIS2_PLACEMENT_3D('',#7156,#5653,#5654);
#4760=AXIS2_PLACEMENT_3D('',#7158,#5656,#5657);
#4761=AXIS2_PLACEMENT_3D('',#7160,#5659,#5660);
#4762=AXIS2_PLACEMENT_3D('',#7161,#5661,#5662);
#4763=AXIS2_PLACEMENT_3D('',#7164,#5665,#5666);
#4764=AXIS2_PLACEMENT_3D('',#7166,#5668,#5669);
#4765=AXIS2_PLACEMENT_3D('',#7168,#5671,#5672);
#4766=AXIS2_PLACEMENT_3D('',#7169,#5673,#5674);
#4767=AXIS2_PLACEMENT_3D('',#7172,#5677,#5678);
#4768=AXIS2_PLACEMENT_3D('',#7174,#5680,#5681);
#4769=AXIS2_PLACEMENT_3D('',#7176,#5683,#5684);
#4770=AXIS2_PLACEMENT_3D('',#7177,#5685,#5686);
#4771=AXIS2_PLACEMENT_3D('',#7180,#5689,#5690);
#4772=AXIS2_PLACEMENT_3D('',#7182,#5692,#5693);
#4773=AXIS2_PLACEMENT_3D('',#7184,#5695,#5696);
#4774=AXIS2_PLACEMENT_3D('',#7185,#5697,#5698);
#4775=AXIS2_PLACEMENT_3D('',#7188,#5701,#5702);
#4776=AXIS2_PLACEMENT_3D('',#7190,#5704,#5705);
#4777=AXIS2_PLACEMENT_3D('',#7192,#5707,#5708);
#4778=AXIS2_PLACEMENT_3D('',#7193,#5709,#5710);
#4779=AXIS2_PLACEMENT_3D('',#7196,#5713,#5714);
#4780=AXIS2_PLACEMENT_3D('',#7198,#5716,#5717);
#4781=AXIS2_PLACEMENT_3D('',#7200,#5719,#5720);
#4782=AXIS2_PLACEMENT_3D('',#7201,#5721,#5722);
#4783=AXIS2_PLACEMENT_3D('',#7204,#5725,#5726);
#4784=AXIS2_PLACEMENT_3D('',#7206,#5728,#5729);
#4785=AXIS2_PLACEMENT_3D('',#7208,#5731,#5732);
#4786=AXIS2_PLACEMENT_3D('',#7209,#5733,#5734);
#4787=AXIS2_PLACEMENT_3D('',#7212,#5737,#5738);
#4788=AXIS2_PLACEMENT_3D('',#7214,#5740,#5741);
#4789=AXIS2_PLACEMENT_3D('',#7216,#5743,#5744);
#4790=AXIS2_PLACEMENT_3D('',#7217,#5745,#5746);
#4791=AXIS2_PLACEMENT_3D('',#7220,#5749,#5750);
#4792=AXIS2_PLACEMENT_3D('',#7222,#5752,#5753);
#4793=AXIS2_PLACEMENT_3D('',#7224,#5755,#5756);
#4794=AXIS2_PLACEMENT_3D('',#7225,#5757,#5758);
#4795=AXIS2_PLACEMENT_3D('',#7228,#5761,#5762);
#4796=AXIS2_PLACEMENT_3D('',#7230,#5764,#5765);
#4797=AXIS2_PLACEMENT_3D('',#7232,#5767,#5768);
#4798=AXIS2_PLACEMENT_3D('',#7233,#5769,#5770);
#4799=AXIS2_PLACEMENT_3D('',#7236,#5773,#5774);
#4800=AXIS2_PLACEMENT_3D('',#7238,#5776,#5777);
#4801=AXIS2_PLACEMENT_3D('',#7240,#5779,#5780);
#4802=AXIS2_PLACEMENT_3D('',#7241,#5781,#5782);
#4803=AXIS2_PLACEMENT_3D('',#7244,#5785,#5786);
#4804=AXIS2_PLACEMENT_3D('',#7246,#5788,#5789);
#4805=AXIS2_PLACEMENT_3D('',#7248,#5791,#5792);
#4806=AXIS2_PLACEMENT_3D('',#7249,#5793,#5794);
#4807=AXIS2_PLACEMENT_3D('',#7252,#5797,#5798);
#4808=AXIS2_PLACEMENT_3D('',#7254,#5800,#5801);
#4809=AXIS2_PLACEMENT_3D('',#7256,#5803,#5804);
#4810=AXIS2_PLACEMENT_3D('',#7257,#5805,#5806);
#4811=AXIS2_PLACEMENT_3D('',#7260,#5809,#5810);
#4812=AXIS2_PLACEMENT_3D('',#7262,#5812,#5813);
#4813=AXIS2_PLACEMENT_3D('',#7264,#5815,#5816);
#4814=AXIS2_PLACEMENT_3D('',#7265,#5817,#5818);
#4815=AXIS2_PLACEMENT_3D('',#7268,#5821,#5822);
#4816=AXIS2_PLACEMENT_3D('',#7270,#5824,#5825);
#4817=AXIS2_PLACEMENT_3D('',#7272,#5827,#5828);
#4818=AXIS2_PLACEMENT_3D('',#7273,#5829,#5830);
#4819=AXIS2_PLACEMENT_3D('',#7276,#5833,#5834);
#4820=AXIS2_PLACEMENT_3D('',#7278,#5836,#5837);
#4821=AXIS2_PLACEMENT_3D('',#7280,#5839,#5840);
#4822=AXIS2_PLACEMENT_3D('',#7281,#5841,#5842);
#4823=AXIS2_PLACEMENT_3D('',#7284,#5845,#5846);
#4824=AXIS2_PLACEMENT_3D('',#7286,#5848,#5849);
#4825=AXIS2_PLACEMENT_3D('',#7288,#5851,#5852);
#4826=AXIS2_PLACEMENT_3D('',#7289,#5853,#5854);
#4827=AXIS2_PLACEMENT_3D('',#7292,#5857,#5858);
#4828=AXIS2_PLACEMENT_3D('',#7294,#5860,#5861);
#4829=AXIS2_PLACEMENT_3D('',#7296,#5863,#5864);
#4830=AXIS2_PLACEMENT_3D('',#7297,#5865,#5866);
#4831=AXIS2_PLACEMENT_3D('',#7300,#5869,#5870);
#4832=AXIS2_PLACEMENT_3D('',#7302,#5872,#5873);
#4833=AXIS2_PLACEMENT_3D('',#7304,#5875,#5876);
#4834=AXIS2_PLACEMENT_3D('',#7305,#5877,#5878);
#4835=AXIS2_PLACEMENT_3D('',#7311,#5882,#5883);
#4836=AXIS2_PLACEMENT_3D('',#7313,#5885,#5886);
#4837=AXIS2_PLACEMENT_3D('',#7315,#5888,#5889);
#4838=AXIS2_PLACEMENT_3D('',#7316,#5890,#5891);
#4839=AXIS2_PLACEMENT_3D('',#7322,#5895,#5896);
#4840=AXIS2_PLACEMENT_3D('',#7324,#5898,#5899);
#4841=AXIS2_PLACEMENT_3D('',#7326,#5901,#5902);
#4842=AXIS2_PLACEMENT_3D('',#7327,#5903,#5904);
#4843=AXIS2_PLACEMENT_3D('',#7330,#5907,#5908);
#4844=AXIS2_PLACEMENT_3D('',#7332,#5910,#5911);
#4845=AXIS2_PLACEMENT_3D('',#7334,#5913,#5914);
#4846=AXIS2_PLACEMENT_3D('',#7335,#5915,#5916);
#4847=AXIS2_PLACEMENT_3D('',#7338,#5919,#5920);
#4848=AXIS2_PLACEMENT_3D('',#7340,#5922,#5923);
#4849=AXIS2_PLACEMENT_3D('',#7342,#5925,#5926);
#4850=AXIS2_PLACEMENT_3D('',#7343,#5927,#5928);
#4851=AXIS2_PLACEMENT_3D('',#7346,#5931,#5932);
#4852=AXIS2_PLACEMENT_3D('',#7348,#5934,#5935);
#4853=AXIS2_PLACEMENT_3D('',#7350,#5937,#5938);
#4854=AXIS2_PLACEMENT_3D('',#7351,#5939,#5940);
#4855=AXIS2_PLACEMENT_3D('',#7354,#5943,#5944);
#4856=AXIS2_PLACEMENT_3D('',#7356,#5946,#5947);
#4857=AXIS2_PLACEMENT_3D('',#7358,#5949,#5950);
#4858=AXIS2_PLACEMENT_3D('',#7359,#5951,#5952);
#4859=AXIS2_PLACEMENT_3D('',#7362,#5955,#5956);
#4860=AXIS2_PLACEMENT_3D('',#7363,#5957,#5958);
#4861=AXIS2_PLACEMENT_3D('',#7364,#5959,#5960);
#4862=AXIS2_PLACEMENT_3D('',#7366,#5962,#5963);
#4863=AXIS2_PLACEMENT_3D('',#7368,#5965,#5966);
#4864=AXIS2_PLACEMENT_3D('',#7370,#5968,#5969);
#4865=AXIS2_PLACEMENT_3D('',#7372,#5971,#5972);
#4866=AXIS2_PLACEMENT_3D('',#7374,#5974,#5975);
#4867=AXIS2_PLACEMENT_3D('',#7376,#5977,#5978);
#4868=AXIS2_PLACEMENT_3D('',#7379,#5981,#5982);
#4869=AXIS2_PLACEMENT_3D('',#7381,#5984,#5985);
#4870=AXIS2_PLACEMENT_3D('',#7382,#5986,#5987);
#4871=AXIS2_PLACEMENT_3D('',#7384,#5989,#5990);
#4872=AXIS2_PLACEMENT_3D('',#7385,#5991,#5992);
#4873=AXIS2_PLACEMENT_3D('',#7386,#5993,#5994);
#4874=AXIS2_PLACEMENT_3D('',#7388,#5996,#5997);
#4875=AXIS2_PLACEMENT_3D('',#7389,#5998,#5999);
#4876=AXIS2_PLACEMENT_3D('',#7390,#6000,#6001);
#4877=AXIS2_PLACEMENT_3D('',#7391,#6002,#6003);
#4878=AXIS2_PLACEMENT_3D('',#7392,#6004,#6005);
#4879=AXIS2_PLACEMENT_3D('',#7393,#6006,#6007);
#4880=AXIS2_PLACEMENT_3D('',#7394,#6008,#6009);
#4881=AXIS2_PLACEMENT_3D('',#7395,#6010,#6011);
#4882=AXIS2_PLACEMENT_3D('',#7396,#6012,#6013);
#4883=AXIS2_PLACEMENT_3D('',#7406,#6019,#6020);
#4884=AXIS2_PLACEMENT_3D('',#7409,#6023,#6024);
#4885=AXIS2_PLACEMENT_3D('',#7412,#6027,#6028);
#4886=AXIS2_PLACEMENT_3D('',#7421,#6033,#6034);
#4887=AXIS2_PLACEMENT_3D('',#7422,#6035,#6036);
#4888=AXIS2_PLACEMENT_3D('',#7423,#6037,#6038);
#4889=AXIS2_PLACEMENT_3D('',#7426,#6041,#6042);
#4890=AXIS2_PLACEMENT_3D('',#7428,#6044,#6045);
#4891=AXIS2_PLACEMENT_3D('',#7430,#6047,#6048);
#4892=AXIS2_PLACEMENT_3D('',#7431,#6049,#6050);
#4893=AXIS2_PLACEMENT_3D('',#7439,#6055,#6056);
#4894=AXIS2_PLACEMENT_3D('',#7447,#6061,#6062);
#4895=AXIS2_PLACEMENT_3D('',#7449,#6064,#6065);
#4896=AXIS2_PLACEMENT_3D('',#7451,#6067,#6068);
#4897=AXIS2_PLACEMENT_3D('',#7453,#6070,#6071);
#4898=DIRECTION('',(0.,0.,1.));
#4899=DIRECTION('',(1.,0.,0.));
#4900=DIRECTION('',(0.982872186934322,-1.49188502448968E-15,0.184288535050185));
#4901=DIRECTION('',(0.184288535050185,0.,-0.982872186934322));
#4902=DIRECTION('',(0.184288535050185,0.,-0.982872186934322));
#4903=DIRECTION('',(1.46633229667473E-15,1.,2.74937305626513E-16));
#4904=DIRECTION('',(0.184288535050185,0.,-0.982872186934322));
#4905=DIRECTION('',(0.130311672828922,0.707106781186548,-0.694995588420911));
#4906=DIRECTION('',(0.,-1.,0.));
#4907=DIRECTION('',(0.982872186934322,-1.49188502448968E-15,0.184288535050185));
#4908=DIRECTION('',(0.184288535050185,0.,-0.982872186934322));
#4909=DIRECTION('',(-0.184288535050185,-4.41745909145269E-15,0.982872186934322));
#4910=DIRECTION('',(-6.52245232066798E-16,-1.,-4.61673498353551E-15));
#4911=DIRECTION('',(-0.184288535050185,-4.41745909145269E-15,0.982872186934322));
#4912=DIRECTION('',(-0.982872186934322,1.49188502448968E-15,-0.184288535050185));
#4913=DIRECTION('',(-0.184288535050185,0.,0.982872186934322));
#4914=DIRECTION('',(0.,1.,0.));
#4915=DIRECTION('',(-0.982872186934322,0.,-0.184288535050185));
#4916=DIRECTION('',(-0.184288535050185,0.,0.982872186934322));
#4917=DIRECTION('',(-0.184288535050185,-4.41745909145268E-15,0.982872186934322));
#4918=DIRECTION('',(7.89093832369768E-16,-1.,-4.20850043930544E-15));
#4919=DIRECTION('',(-0.184288535050185,-4.41745909145268E-15,0.982872186934322));
#4920=DIRECTION('',(0.982872186934322,0.,0.184288535050185));
#4921=DIRECTION('',(0.184288535050185,0.,-0.982872186934322));
#4922=DIRECTION('',(0.,-1.,0.));
#4923=DIRECTION('',(0.13031167282892,-0.707106781186548,-0.694995588420911));
#4924=DIRECTION('',(0.184288535050185,-7.45942512244839E-16,-0.982872186934322));
#4925=DIRECTION('',(1.69239185907875E-15,1.,-9.30713693861601E-16));
#4926=DIRECTION('',(0.184288535050185,-7.45942512244839E-16,-0.982872186934322));
#4927=DIRECTION('',(-9.76536578132689E-16,-1.,4.40917975319557E-16));
#4928=DIRECTION('',(-0.184288535050185,0.,0.982872186934322));
#4929=DIRECTION('',(0.982872186934322,0.,0.184288535050185));
#4930=DIRECTION('',(-0.982872186934322,0.,-0.184288535050185));
#4931=DIRECTION('',(0.,-1.,0.));
#4932=DIRECTION('',(-0.982872186934322,0.,-0.184288535050185));
#4933=DIRECTION('',(-5.36258668498189E-16,-1.,-1.0054850034341E-16));
#4934=DIRECTION('',(-0.982872186934322,0.,-0.184288535050185));
#4935=DIRECTION('',(0.,-1.,0.));
#4936=DIRECTION('',(0.982872186934322,0.,0.184288535050185));
#4937=DIRECTION('',(0.,-1.,0.));
#4938=DIRECTION('',(0.982872186934322,0.,0.184288535050185));
#4939=DIRECTION('',(0.,-1.,0.));
#4940=DIRECTION('',(-0.982872186934322,0.,-0.184288535050185));
#4941=DIRECTION('',(0.,-1.,0.));
#4942=DIRECTION('',(0.982872186934322,0.,0.184288535050185));
#4943=DIRECTION('',(0.,-1.,0.));
#4944=DIRECTION('',(-0.982872186934322,0.,-0.184288535050185));
#4945=DIRECTION('',(0.982872186934322,0.,0.184288535050185));
#4946=DIRECTION('',(-2.97921482498994E-16,-1.,-5.58602779685613E-17));
#4947=DIRECTION('',(0.982872186934322,0.,0.184288535050185));
#4948=DIRECTION('',(0.,-1.,0.));
#4949=DIRECTION('',(0.982872186934322,0.,0.184288535050185));
#4950=DIRECTION('',(0.982872186934322,0.,0.184288535050185));
#4951=DIRECTION('',(0.,1.,0.));
#4952=DIRECTION('',(-0.184288535050185,0.,0.982872186934322));
#4953=DIRECTION('',(0.982872186934322,0.,0.184288535050185));
#4954=DIRECTION('',(-3.96508223080413E-16,-1.,-7.43452918275774E-17));
#4955=DIRECTION('',(-0.184288535050185,0.,0.982872186934322));
#4956=DIRECTION('',(-0.982872186934322,0.,-0.184288535050185));
#4957=DIRECTION('',(0.,1.,0.));
#4958=DIRECTION('',(0.982872186934322,0.,0.184288535050185));
#4959=DIRECTION('',(0.982872186934322,0.,0.184288535050185));
#4960=DIRECTION('',(0.,-1.,0.));
#4961=DIRECTION('',(0.982872186934322,0.,0.184288535050185));
#4962=DIRECTION('',(-2.97921482498994E-16,-1.,-5.58602779685613E-17));
#4963=DIRECTION('',(0.982872186934322,0.,0.184288535050185));
#4964=DIRECTION('',(0.,-1.,0.));
#4965=DIRECTION('',(1.,0.,0.));
#4966=DIRECTION('',(-0.894427190999916,0.,0.447213595499958));
#4967=DIRECTION('',(0.982872186934322,-1.49188502448968E-15,0.184288535050185));
#4968=DIRECTION('',(0.780509212375633,-1.36148758992726E-15,-0.625144278864303));
#4969=DIRECTION('',(0.989396788192432,1.39195991470411E-15,-0.145237720701268));
#4970=DIRECTION('',(0.145237720701268,0.,0.989396788192432));
#4971=DIRECTION('',(1.3106774053788E-15,-1.,-6.553387026894E-16));
#4972=DIRECTION('',(0.989396788192432,1.39195991470411E-15,-0.145237720701268));
#4973=DIRECTION('',(-0.145237720701268,4.04927062812242E-15,-0.989396788192432));
#4974=DIRECTION('',(0.145237720701268,0.,0.989396788192432));
#4975=DIRECTION('',(-0.989396788192432,-2.51947283697852E-17,0.145237720701268));
#4976=DIRECTION('',(0.145237720701268,0.,0.989396788192432));
#4977=DIRECTION('',(0.145237720701268,0.,0.989396788192432));
#4978=DIRECTION('',(-0.989396788192432,-2.51947283697852E-17,0.145237720701268));
#4979=DIRECTION('',(0.145237720701268,-7.32925370146024E-17,0.989396788192432));
#4980=DIRECTION('',(2.37235001238906E-17,-1.,-1.18617500619453E-17));
#4981=DIRECTION('',(0.982872186934322,0.,0.184288535050185));
#4982=DIRECTION('',(0.184288535050185,0.,-0.982872186934322));
#4983=DIRECTION('',(0.894427190999916,3.31758572504936E-16,-0.447213595499958));
#4984=DIRECTION('',(0.447213595499958,-4.37318118301962E-16,0.894427190999916));
#4985=DIRECTION('',(-0.447213595499958,1.68387317542053E-32,-0.894427190999916));
#4986=DIRECTION('',(0.894427190999916,1.27742102962937E-32,-0.447213595499958));
#4987=DIRECTION('',(0.982872186934322,-1.49188502448968E-15,0.184288535050185));
#4988=DIRECTION('',(-0.447213595499958,1.68387317542053E-32,-0.894427190999916));
#4989=DIRECTION('',(0.894427190999916,-1.87260119318221E-15,-0.447213595499958));
#4990=DIRECTION('',(0.982872186934322,-1.49188502448968E-15,0.184288535050185));
#4991=DIRECTION('',(-0.447213595499958,1.68387317542053E-32,-0.894427190999916));
#4992=DIRECTION('',(0.894427190999916,-1.87260119318221E-15,-0.447213595499958));
#4993=DIRECTION('',(0.982872186934322,-1.49188502448968E-15,0.184288535050185));
#4994=DIRECTION('',(-0.625144278864303,0.,-0.780509212375633));
#4995=DIRECTION('',(0.780509212375633,-2.28839930850191E-15,-0.625144278864303));
#4996=DIRECTION('',(0.982872186934322,0.,0.184288535050185));
#4997=DIRECTION('',(0.999227613182016,0.,0.0392960183042955));
#4998=DIRECTION('',(-0.0392960183042958,0.,0.999227613182016));
#4999=DIRECTION('',(0.982872186934322,0.,0.184288535050185));
#5000=DIRECTION('',(0.,0.,-1.));
#5001=DIRECTION('',(1.,0.,0.));
#5002=DIRECTION('',(0.447213595499958,0.,0.894427190999916));
#5003=DIRECTION('',(0.894427190999916,0.,-0.447213595499958));
#5004=DIRECTION('',(-0.30393413466945,0.,-0.952693046989812));
#5005=DIRECTION('',(0.952693046989812,0.,-0.30393413466945));
#5006=DIRECTION('',(0.447213595499958,0.,0.894427190999916));
#5007=DIRECTION('',(0.894427190999916,0.,-0.447213595499958));
#5008=DIRECTION('',(0.,-1.,0.));
#5009=DIRECTION('',(0.894427190999916,3.31758572504936E-16,-0.447213595499958));
#5010=DIRECTION('',(0.,1.,0.));
#5011=DIRECTION('',(0.447213595499958,0.,0.894427190999916));
#5012=DIRECTION('',(0.894427190999916,0.,-0.447213595499958));
#5013=DIRECTION('',(2.96733888095732E-16,-1.,-1.48366944047866E-16));
#5014=DIRECTION('',(0.894427190999916,3.31758572504936E-16,-0.447213595499958));
#5015=DIRECTION('',(-0.894427190999916,1.49852775766502E-15,0.447213595499958));
#5016=DIRECTION('',(0.,-1.,0.));
#5017=DIRECTION('',(0.,0.,-1.));
#5018=DIRECTION('',(0.,1.,0.));
#5019=DIRECTION('',(2.96733888095732E-16,-1.,-1.48366944047866E-16));
#5020=DIRECTION('',(1.,2.96733888095732E-16,0.));
#5021=DIRECTION('',(1.56084356639105E-15,1.,-2.29122799527205E-16));
#5022=DIRECTION('',(-1.,1.56084356639105E-15,0.));
#5023=DIRECTION('',(2.96733888095732E-16,-1.,-1.48366944047866E-16));
#5024=DIRECTION('',(2.96733888095732E-16,-1.,-1.48366944047866E-16));
#5025=DIRECTION('',(1.,2.96733888095732E-16,0.));
#5026=DIRECTION('',(0.,1.,0.));
#5027=DIRECTION('',(0.,0.,1.));
#5028=DIRECTION('',(-0.095643461724698,0.,0.995415656009748));
#5029=DIRECTION('',(-0.98058067569092,0.,0.196116135138184));
#5030=DIRECTION('',(0.,0.,1.));
#5031=DIRECTION('',(-0.98058067569092,0.,0.196116135138184));
#5032=DIRECTION('',(-0.217662584312608,0.,0.97602407725955));
#5033=DIRECTION('',(-0.98058067569092,0.,0.196116135138184));
#5034=DIRECTION('',(-0.0956434617246979,0.,0.995415656009748));
#5035=DIRECTION('',(-0.999975710710265,0.,0.00696979120920935));
#5036=DIRECTION('',(-0.217662584312608,0.,0.97602407725955));
#5037=DIRECTION('',(-0.996786917257566,0.,-0.0800989487081974));
#5038=DIRECTION('',(0.994309153919809,0.,-0.106533123634265));
#5039=DIRECTION('',(-0.982872186934322,0.,-0.184288535050185));
#5040=DIRECTION('',(0.,0.,1.));
#5041=DIRECTION('',(-0.999975710710265,0.,0.00696979120920934));
#5042=DIRECTION('',(0.,1.,0.));
#5043=DIRECTION('',(0.,0.,1.));
#5044=DIRECTION('',(-0.98058067569092,0.,0.196116135138184));
#5045=DIRECTION('',(-0.0956434617246979,0.,0.995415656009748));
#5046=DIRECTION('',(-0.999975710710265,0.,0.00696979120920934));
#5047=DIRECTION('',(0.,0.,1.));
#5048=DIRECTION('',(-0.982872186934322,0.,-0.184288535050185));
#5049=DIRECTION('',(0.994309153919809,0.,-0.106533123634265));
#5050=DIRECTION('',(-0.996786917257566,0.,-0.0800989487081974));
#5051=DIRECTION('',(0.217662584312608,0.,-0.97602407725955));
#5052=DIRECTION('',(-0.999975710710265,0.,0.00696979120920935));
#5053=DIRECTION('',(-0.0956434617246979,0.,0.995415656009748));
#5054=DIRECTION('',(-0.98058067569092,0.,0.196116135138184));
#5055=DIRECTION('',(0.217662584312608,0.,-0.97602407725955));
#5056=DIRECTION('',(-0.98058067569092,0.,0.196116135138184));
#5057=DIRECTION('',(0.,0.,1.));
#5058=DIRECTION('',(-0.184288535050185,0.,0.982872186934322));
#5059=DIRECTION('',(0.982872186934322,0.,0.184288535050185));
#5060=DIRECTION('',(0.,-1.,0.));
#5061=DIRECTION('',(0.982872186934322,0.,0.184288535050185));
#5062=DIRECTION('',(0.,-1.,0.));
#5063=DIRECTION('',(-0.982872186934322,0.,-0.184288535050185));
#5064=DIRECTION('',(0.,-1.,0.));
#5065=DIRECTION('',(-0.982872186934322,0.,-0.184288535050185));
#5066=DIRECTION('',(-5.36258668498189E-16,-1.,-1.0054850034341E-16));
#5067=DIRECTION('',(-0.982872186934322,0.,-0.184288535050185));
#5068=DIRECTION('',(0.,-1.,0.));
#5069=DIRECTION('',(-0.982872186934322,0.,-0.184288535050185));
#5070=DIRECTION('',(0.,-1.,0.));
#5071=DIRECTION('',(0.982872186934322,0.,0.184288535050185));
#5072=DIRECTION('',(0.,-1.,0.));
#5073=DIRECTION('',(0.982872186934322,0.,0.184288535050185));
#5074=DIRECTION('',(-2.97921482498994E-16,-1.,-5.58602779685613E-17));
#5075=DIRECTION('',(0.982872186934322,0.,0.184288535050185));
#5076=DIRECTION('',(0.982872186934322,0.,0.184288535050185));
#5077=DIRECTION('',(-2.97921482498994E-16,-1.,-5.58602779685613E-17));
#5078=DIRECTION('',(0.982872186934322,0.,0.184288535050185));
#5079=DIRECTION('',(0.,-1.,0.));
#5080=DIRECTION('',(0.982872186934322,0.,0.184288535050185));
#5081=DIRECTION('',(0.,1.,0.));
#5082=DIRECTION('',(-0.184288535050185,0.,0.982872186934322));
#5083=DIRECTION('',(-0.982872186934322,0.,-0.184288535050185));
#5084=DIRECTION('',(-3.96508223080413E-16,-1.,-7.43452918275774E-17));
#5085=DIRECTION('',(-0.184288535050185,0.,0.982872186934322));
#5086=DIRECTION('',(0.982872186934322,0.,0.184288535050185));
#5087=DIRECTION('',(0.,1.,0.));
#5088=DIRECTION('',(0.982872186934322,0.,0.184288535050185));
#5089=DIRECTION('',(0.,-1.,0.));
#5090=DIRECTION('',(-0.982872186934322,3.89716904356487E-16,-0.184288535050185));
#5091=DIRECTION('',(3.96508223080413E-16,1.,7.43452918275774E-17));
#5092=DIRECTION('',(0.982872186934322,-3.89716904356487E-16,0.184288535050185));
#5093=DIRECTION('',(0.,-1.,0.));
#5094=DIRECTION('',(-0.982872186934322,3.89716904356487E-16,-0.184288535050185));
#5095=DIRECTION('',(3.96508223080413E-16,1.,7.43452918275774E-17));
#5096=DIRECTION('',(-0.982872186934322,3.89716904356487E-16,-0.184288535050185));
#5097=DIRECTION('',(-1.,3.96508223080413E-16,0.));
#5098=DIRECTION('',(-3.96508223080413E-16,-1.,0.));
#5099=DIRECTION('',(0.,0.,1.));
#5100=DIRECTION('',(-3.96508223080413E-16,-1.,0.));
#5101=DIRECTION('',(0.,0.,1.));
#5102=DIRECTION('',(-3.96508223080413E-16,-1.,0.));
#5103=DIRECTION('',(0.,0.,1.));
#5104=DIRECTION('',(-3.96508223080413E-16,-1.,0.));
#5105=DIRECTION('',(0.,0.,1.));
#5106=DIRECTION('',(-3.96508223080413E-16,-1.,0.));
#5107=DIRECTION('',(0.,0.,1.));
#5108=DIRECTION('',(3.96508223080413E-16,1.,0.));
#5109=DIRECTION('',(0.,0.,1.));
#5110=DIRECTION('',(-3.96508223080413E-16,-1.,-7.43452918275775E-17));
#5111=DIRECTION('',(0.,0.,1.));
#5112=DIRECTION('',(3.96508223080413E-16,1.,0.));
#5113=DIRECTION('',(0.,0.,1.));
#5114=DIRECTION('',(-3.96508223080413E-16,-1.,0.));
#5115=DIRECTION('',(0.,0.,1.));
#5116=DIRECTION('',(-3.96508223080413E-16,-1.,0.));
#5117=DIRECTION('',(0.,0.,1.));
#5118=DIRECTION('',(-3.96508223080413E-16,-1.,0.));
#5119=DIRECTION('',(0.,0.,1.));
#5120=DIRECTION('',(-3.96508223080413E-16,-1.,0.));
#5121=DIRECTION('',(0.,0.,1.));
#5122=DIRECTION('',(-3.96508223080413E-16,-1.,0.));
#5123=DIRECTION('',(0.,0.,1.));
#5124=DIRECTION('',(-3.96508223080413E-16,-1.,0.));
#5125=DIRECTION('',(0.,0.,1.));
#5126=DIRECTION('',(3.96508223080413E-16,1.,0.));
#5127=DIRECTION('',(0.,0.,1.));
#5128=DIRECTION('',(0.,0.,1.));
#5129=DIRECTION('',(3.96508223080413E-16,1.,0.));
#5130=DIRECTION('',(0.,0.,1.));
#5131=DIRECTION('',(-3.96508223080413E-16,-1.,0.));
#5132=DIRECTION('',(0.,0.,1.));
#5133=DIRECTION('',(-3.96508223080413E-16,-1.,0.));
#5134=DIRECTION('',(-1.,3.96508223080413E-16,0.));
#5135=DIRECTION('',(-3.96508223080413E-16,-1.,0.));
#5136=DIRECTION('',(0.,0.,-1.));
#5137=DIRECTION('',(3.96508223080413E-16,1.,0.));
#5138=DIRECTION('',(0.,0.,1.));
#5139=DIRECTION('',(3.96508223080413E-16,1.,0.));
#5140=DIRECTION('',(0.,0.,-1.));
#5141=DIRECTION('',(-3.96508223080413E-16,-1.,0.));
#5142=DIRECTION('',(0.,0.,1.));
#5143=DIRECTION('',(-3.96508223080413E-16,-1.,-7.43452918275775E-17));
#5144=DIRECTION('',(0.,0.,1.));
#5145=DIRECTION('',(-3.96508223080413E-16,-1.,0.));
#5146=DIRECTION('',(0.,0.,-1.));
#5147=DIRECTION('',(3.96508223080413E-16,1.,0.));
#5148=DIRECTION('',(0.,0.,1.));
#5149=DIRECTION('',(3.96508223080413E-16,1.,0.));
#5150=DIRECTION('',(0.,0.,-1.));
#5151=DIRECTION('',(3.96508223080413E-16,1.,0.));
#5152=DIRECTION('',(0.,0.,1.));
#5153=DIRECTION('',(3.96508223080413E-16,1.,0.));
#5154=DIRECTION('',(0.,0.,-1.));
#5155=DIRECTION('',(3.96508223080413E-16,1.,0.));
#5156=DIRECTION('',(0.,0.,1.));
#5157=DIRECTION('',(3.96508223080413E-16,1.,0.));
#5158=DIRECTION('',(0.,0.,-1.));
#5159=DIRECTION('',(-3.96508223080413E-16,-1.,0.));
#5160=DIRECTION('',(0.,0.,1.));
#5161=DIRECTION('',(0.,0.,1.));
#5162=DIRECTION('',(-3.96508223080413E-16,-1.,0.));
#5163=DIRECTION('',(0.,0.,-1.));
#5164=DIRECTION('',(3.96508223080413E-16,1.,0.));
#5165=DIRECTION('',(0.,0.,1.));
#5166=DIRECTION('',(3.96508223080413E-16,1.,0.));
#5167=DIRECTION('',(0.,0.,-1.));
#5168=DIRECTION('',(3.96508223080413E-16,1.,0.));
#5169=DIRECTION('',(0.,0.,1.));
#5170=DIRECTION('',(3.96508223080413E-16,1.,0.));
#5171=DIRECTION('',(0.,-1.,0.));
#5172=DIRECTION('',(1.,0.,0.));
#5173=DIRECTION('',(0.,-1.,0.));
#5174=DIRECTION('',(0.,0.,-1.));
#5175=DIRECTION('',(0.,-1.,0.));
#5176=DIRECTION('',(0.,0.,-1.));
#5177=DIRECTION('',(0.,-1.,0.));
#5178=DIRECTION('',(0.,0.,-1.));
#5179=DIRECTION('',(-0.780509212375633,1.36148758992726E-15,0.625144278864303));
#5180=DIRECTION('',(-0.197612417665069,5.33046621727387E-16,0.980280231558592));
#5181=DIRECTION('',(0.,2.29122799527205E-16,1.));
#5182=DIRECTION('',(-0.145237720701268,0.,-0.989396788192432));
#5183=DIRECTION('',(-0.982872186934322,0.,-0.184288535050185));
#5184=DIRECTION('',(-0.98058067569092,0.,0.196116135138184));
#5185=DIRECTION('',(-0.217662584312608,0.,0.97602407725955));
#5186=DIRECTION('',(0.996786917257566,0.,0.0800989487081974));
#5187=DIRECTION('',(0.994309153919809,0.,-0.106533123634265));
#5188=DIRECTION('',(-0.148072238416013,0.,0.988976547856658));
#5189=DIRECTION('',(-0.98058067569092,0.,0.196116135138184));
#5190=DIRECTION('',(-0.113663653023232,0.,0.993519287171323));
#5191=DIRECTION('',(-0.994309153919809,0.,0.106533123634265));
#5192=DIRECTION('',(0.270696720730693,0.,-0.962664679618843));
#5193=DIRECTION('',(-0.98058067569092,0.,0.196116135138184));
#5194=DIRECTION('',(-0.148072238416013,0.,0.988976547856657));
#5195=DIRECTION('',(-0.999659130885337,0.,-0.0261078922468567));
#5196=DIRECTION('',(-0.993789571414028,0.,0.11127572847986));
#5197=DIRECTION('',(0.113663653023232,0.,-0.993519287171323));
#5198=DIRECTION('',(0.97639012063753,0.,0.216014657654128));
#5199=DIRECTION('',(-0.184288535050185,0.,0.982872186934322));
#5200=DIRECTION('',(0.,-1.,0.));
#5201=DIRECTION('',(1.,0.,0.));
#5202=DIRECTION('',(0.,-1.,0.));
#5203=DIRECTION('',(0.,0.,-1.));
#5204=DIRECTION('',(0.,-1.,0.));
#5205=DIRECTION('',(0.,0.,-1.));
#5206=DIRECTION('',(0.,-1.,0.));
#5207=DIRECTION('',(0.,0.,-1.));
#5208=DIRECTION('',(-0.98058067569092,0.,0.196116135138184));
#5209=DIRECTION('',(0.270696720730693,0.,-0.962664679618843));
#5210=DIRECTION('',(-0.999659130885337,0.,-0.0261078922468567));
#5211=DIRECTION('',(-0.148072238416013,0.,0.988976547856657));
#5212=DIRECTION('',(-0.98058067569092,0.,0.196116135138184));
#5213=DIRECTION('',(-0.148072238416013,0.,0.988976547856658));
#5214=DIRECTION('',(-0.994309153919809,0.,0.106533123634265));
#5215=DIRECTION('',(-0.113663653023232,0.,0.993519287171323));
#5216=DIRECTION('',(0.982872186934322,0.,0.184288535050185));
#5217=DIRECTION('',(0.145237720701268,0.,0.989396788192432));
#5218=DIRECTION('',(0.,2.29122799527205E-16,1.));
#5219=DIRECTION('',(-0.197612417665069,5.33046621727387E-16,0.980280231558592));
#5220=DIRECTION('',(-0.780509212375633,1.36148758992726E-15,0.625144278864303));
#5221=DIRECTION('',(0.145237720701268,0.,0.989396788192432));
#5222=DIRECTION('',(0.982872186934322,0.,0.184288535050185));
#5223=DIRECTION('',(-0.994309153919809,0.,0.106533123634265));
#5224=DIRECTION('',(0.996786917257566,0.,0.0800989487081974));
#5225=DIRECTION('',(-0.217662584312608,0.,0.97602407725955));
#5226=DIRECTION('',(0.98058067569092,0.,-0.196116135138184));
#5227=DIRECTION('',(0.113663653023232,0.,-0.993519287171323));
#5228=DIRECTION('',(-0.993789571414028,0.,0.11127572847986));
#5229=DIRECTION('',(-0.184288535050185,0.,0.982872186934322));
#5230=DIRECTION('',(0.97639012063753,0.,0.216014657654128));
#5231=DIRECTION('',(0.,-1.,0.));
#5232=DIRECTION('',(1.,0.,0.));
#5233=DIRECTION('',(0.,-1.,0.));
#5234=DIRECTION('',(0.,0.,-1.));
#5235=DIRECTION('',(0.,-1.,0.));
#5236=DIRECTION('',(0.,0.,-1.));
#5237=DIRECTION('',(0.,-1.,0.));
#5238=DIRECTION('',(0.,0.,-1.));
#5239=DIRECTION('',(0.993789571414028,0.,-0.11127572847986));
#5240=DIRECTION('',(0.184288535050185,0.,-0.982872186934322));
#5241=DIRECTION('',(-0.97639012063753,0.,-0.216014657654128));
#5242=DIRECTION('',(-0.113663653023232,0.,0.993519287171323));
#5243=DIRECTION('',(0.982872186934322,0.,0.184288535050185));
#5244=DIRECTION('',(-0.145237720701268,0.,-0.989396788192432));
#5245=DIRECTION('',(0.,-2.29122799527205E-16,-1.));
#5246=DIRECTION('',(0.197612417665069,-5.33046621727387E-16,-0.980280231558592));
#5247=DIRECTION('',(0.780509212375633,-1.36148758992726E-15,-0.625144278864303));
#5248=DIRECTION('',(-0.982872186934322,0.,-0.184288535050185));
#5249=DIRECTION('',(-0.994309153919809,0.,0.106533123634265));
#5250=DIRECTION('',(-0.996786917257566,0.,-0.0800989487081974));
#5251=DIRECTION('',(0.217662584312608,0.,-0.97602407725955));
#5252=DIRECTION('',(-0.98058067569092,0.,0.196116135138184));
#5253=DIRECTION('',(0.113663653023232,0.,-0.993519287171323));
#5254=DIRECTION('',(0.98058067569092,0.,-0.196116135138184));
#5255=DIRECTION('',(0.148072238416013,0.,-0.988976547856657));
#5256=DIRECTION('',(0.994309153919809,0.,-0.106533123634265));
#5257=DIRECTION('',(0.148072238416013,0.,-0.988976547856657));
#5258=DIRECTION('',(0.98058067569092,0.,-0.196116135138184));
#5259=DIRECTION('',(-0.270696720730693,0.,0.962664679618843));
#5260=DIRECTION('',(0.999659130885337,0.,0.0261078922468567));
#5261=DIRECTION('',(0.,-1.,0.));
#5262=DIRECTION('',(1.,0.,0.));
#5263=DIRECTION('',(0.,-1.,0.));
#5264=DIRECTION('',(0.,0.,-1.));
#5265=DIRECTION('',(0.,-1.,0.));
#5266=DIRECTION('',(0.,0.,-1.));
#5267=DIRECTION('',(0.,-1.,0.));
#5268=DIRECTION('',(0.,0.,-1.));
#5269=DIRECTION('',(0.184288535050185,0.,-0.982872186934322));
#5270=DIRECTION('',(0.993789571414028,0.,-0.11127572847986));
#5271=DIRECTION('',(-0.113663653023232,0.,0.993519287171323));
#5272=DIRECTION('',(-0.97639012063753,0.,-0.216014657654128));
#5273=DIRECTION('',(0.98058067569092,0.,-0.196116135138184));
#5274=DIRECTION('',(0.113663653023232,0.,-0.993519287171323));
#5275=DIRECTION('',(0.994309153919809,0.,-0.106533123634265));
#5276=DIRECTION('',(0.148072238416013,0.,-0.988976547856658));
#5277=DIRECTION('',(-0.894427190999916,0.,0.447213595499958));
#5278=DIRECTION('',(0.,-1.,0.));
#5279=DIRECTION('',(0.,0.,-1.));
#5280=DIRECTION('',(0.780509212375633,-1.36148758992726E-15,-0.625144278864303));
#5281=DIRECTION('',(0.197612417665069,-5.33046621727387E-16,-0.980280231558592));
#5282=DIRECTION('',(0.,-2.29122799527205E-16,-1.));
#5283=DIRECTION('',(0.145237720701268,0.,0.989396788192432));
#5284=DIRECTION('',(0.982872186934322,0.,0.184288535050185));
#5285=DIRECTION('',(0.98058067569092,0.,-0.196116135138184));
#5286=DIRECTION('',(-0.217662584312608,0.,0.97602407725955));
#5287=DIRECTION('',(0.996786917257566,0.,0.0800989487081974));
#5288=DIRECTION('',(-0.994309153919809,0.,0.106533123634265));
#5289=DIRECTION('',(0.982872186934322,0.,0.184288535050185));
#5290=DIRECTION('',(0.145237720701268,0.,0.989396788192432));
#5291=DIRECTION('',(0.982872186934322,-1.49188502448968E-15,0.184288535050185));
#5292=DIRECTION('',(0.98058067569092,0.,-0.196116135138184));
#5293=DIRECTION('',(0.148072238416013,0.,-0.988976547856657));
#5294=DIRECTION('',(0.999659130885337,0.,0.0261078922468567));
#5295=DIRECTION('',(-0.270696720730693,0.,0.962664679618843));
#5296=DIRECTION('',(-0.98058067569092,0.,0.196116135138184));
#5297=DIRECTION('',(0.196116135138184,0.,0.98058067569092));
#5298=DIRECTION('',(-0.999981856941962,0.,0.00602376849696808));
#5299=DIRECTION('',(-0.00602376849696793,0.,-0.999981856941962));
#5300=DIRECTION('',(0.98058067569092,0.,-0.196116135138184));
#5301=DIRECTION('',(0.98058067569092,0.,-0.196116135138184));
#5302=DIRECTION('',(-0.145237720701268,0.,-0.989396788192432));
#5303=DIRECTION('',(-0.989396788192432,0.,0.145237720701268));
#5304=DIRECTION('',(0.720966146399514,0.,-0.692970284893829));
#5305=DIRECTION('',(-0.692970284893829,0.,-0.720966146399514));
#5306=DIRECTION('',(0.98058067569092,0.,-0.196116135138184));
#5307=DIRECTION('',(-0.196116135138184,0.,-0.98058067569092));
#5308=DIRECTION('',(0.98058067569092,0.,-0.196116135138184));
#5309=DIRECTION('',(0.999981856941962,0.,-0.00602376849696808));
#5310=DIRECTION('',(0.00602376849696793,0.,0.999981856941962));
#5311=DIRECTION('',(0.98058067569092,0.,-0.196116135138184));
#5312=DIRECTION('',(-0.196116135138184,-4.76290169098867E-16,-0.98058067569092));
#5313=DIRECTION('',(0.98058067569092,0.,-0.196116135138184));
#5314=DIRECTION('',(0.98058067569092,0.,-0.196116135138184));
#5315=DIRECTION('',(-0.196116135138184,-4.76290169098867E-16,-0.98058067569092));
#5316=DIRECTION('',(0.98058067569092,-1.91753184961881E-16,-0.196116135138184));
#5317=DIRECTION('',(-0.196116135138184,-4.76290169098867E-16,-0.98058067569092));
#5318=DIRECTION('',(0.98058067569092,1.07573657604859E-15,-0.196116135138184));
#5319=DIRECTION('',(0.,-1.,0.));
#5320=DIRECTION('',(0.98058067569092,0.,-0.196116135138184));
#5321=DIRECTION('',(0.98058067569092,0.,-0.196116135138184));
#5322=DIRECTION('',(0.98058067569092,0.,-0.196116135138184));
#5323=DIRECTION('',(-0.217662584312608,0.,0.97602407725955));
#5324=DIRECTION('',(-0.98058067569092,0.,0.196116135138184));
#5325=DIRECTION('',(0.196116135138184,3.40207263642048E-16,0.98058067569092));
#5326=DIRECTION('',(0.98058067569092,0.,-0.196116135138184));
#5327=DIRECTION('',(0.98058067569092,0.,-0.196116135138184));
#5328=DIRECTION('',(0.196116135138184,3.40207263642048E-16,0.98058067569092));
#5329=DIRECTION('',(-0.98058067569092,-7.68383268606135E-16,0.196116135138184));
#5330=DIRECTION('',(0.196116135138184,3.40207263642048E-16,0.98058067569092));
#5331=DIRECTION('',(-0.98058067569092,1.36966560687058E-16,0.196116135138184));
#5332=DIRECTION('',(0.,-1.,0.));
#5333=DIRECTION('',(0.98058067569092,0.,-0.196116135138184));
#5334=DIRECTION('',(0.98058067569092,0.,-0.196116135138184));
#5335=DIRECTION('',(0.98058067569092,0.,-0.196116135138184));
#5336=DIRECTION('',(-0.98058067569092,0.,0.196116135138184));
#5337=DIRECTION('',(-0.217662584312608,0.,0.97602407725955));
#5338=DIRECTION('',(0.196116135138184,0.,0.98058067569092));
#5339=DIRECTION('',(0.98058067569092,0.,-0.196116135138184));
#5340=DIRECTION('',(0.,1.,0.));
#5341=DIRECTION('',(0.196116135138184,0.,0.98058067569092));
#5342=DIRECTION('',(-0.98058067569092,0.,0.196116135138184));
#5343=DIRECTION('',(0.196116135138184,0.,0.98058067569092));
#5344=DIRECTION('',(-0.98058067569092,0.,0.196116135138184));
#5345=DIRECTION('',(-0.184288535050185,0.,0.982872186934322));
#5346=DIRECTION('',(0.982872186934322,0.,0.184288535050185));
#5347=DIRECTION('',(0.,1.,0.));
#5348=DIRECTION('',(0.982872186934322,0.,0.184288535050185));
#5349=DIRECTION('',(0.,1.,0.));
#5350=DIRECTION('',(0.,1.,0.));
#5351=DIRECTION('',(-0.982872186934322,0.,-0.184288535050185));
#5352=DIRECTION('',(-0.184288535050185,0.,0.982872186934322));
#5353=DIRECTION('',(-0.982872186934322,0.,-0.184288535050185));
#5354=DIRECTION('',(-0.184288535050185,0.,0.982872186934322));
#5355=DIRECTION('',(0.982872186934322,0.,0.184288535050185));
#5356=DIRECTION('',(-0.106533123634265,0.,-0.994309153919809));
#5357=DIRECTION('',(-0.994309153919809,0.,0.106533123634265));
#5358=DIRECTION('',(0.,1.,0.));
#5359=DIRECTION('',(-0.994309153919809,0.,0.106533123634265));
#5360=DIRECTION('',(-0.0800989487081974,0.,0.996786917257566));
#5361=DIRECTION('',(0.996786917257566,0.,0.0800989487081974));
#5362=DIRECTION('',(0.,1.,0.));
#5363=DIRECTION('',(0.996786917257566,0.,0.0800989487081974));
#5364=DIRECTION('',(-0.0800989487081974,0.,0.996786917257566));
#5365=DIRECTION('',(-0.996786917257566,0.,-0.0800989487081974));
#5366=DIRECTION('',(-0.97602407725955,0.,-0.217662584312608));
#5367=DIRECTION('',(-0.217662584312608,0.,0.97602407725955));
#5368=DIRECTION('',(-0.217662584312608,0.,0.97602407725955));
#5369=DIRECTION('',(-0.217662584312608,0.,0.97602407725955));
#5370=DIRECTION('',(0.196116135138184,0.,0.98058067569092));
#5371=DIRECTION('',(0.98058067569092,0.,-0.196116135138184));
#5372=DIRECTION('',(0.,1.,0.));
#5373=DIRECTION('',(0.196116135138184,0.,0.98058067569092));
#5374=DIRECTION('',(0.98058067569092,0.,-0.196116135138184));
#5375=DIRECTION('',(-0.98058067569092,0.,0.196116135138184));
#5376=DIRECTION('',(0.196116135138184,0.,0.98058067569092));
#5377=DIRECTION('',(0.98058067569092,0.,-0.196116135138184));
#5378=DIRECTION('',(0.447213595499958,0.,0.894427190999916));
#5379=DIRECTION('',(0.894427190999916,0.,-0.447213595499958));
#5380=DIRECTION('',(0.894427190999916,0.,-0.447213595499958));
#5381=DIRECTION('',(0.,1.,0.));
#5382=DIRECTION('',(0.894427190999916,0.,-0.447213595499958));
#5383=DIRECTION('',(0.,1.,0.));
#5384=DIRECTION('',(0.894427190999916,3.31758572504936E-16,-0.447213595499958));
#5385=DIRECTION('',(0.894427190999916,3.31758572504936E-16,-0.447213595499958));
#5386=DIRECTION('',(6.25573719731235E-32,-1.,-5.01049604152054E-32));
#5387=DIRECTION('',(-0.894427190999916,1.49852775766502E-15,0.447213595499958));
#5388=DIRECTION('',(0.894427190999916,3.31758572504936E-16,-0.447213595499958));
#5389=DIRECTION('',(2.96733888095732E-16,-1.,-1.48366944047866E-16));
#5390=DIRECTION('',(0.,1.,0.));
#5391=DIRECTION('',(0.447213595499958,0.,0.894427190999916));
#5392=DIRECTION('',(-0.894427190999916,0.,0.447213595499958));
#5393=DIRECTION('',(0.,1.,0.));
#5394=DIRECTION('',(0.894427190999916,0.,-0.447213595499958));
#5395=DIRECTION('',(0.447213595499958,0.,0.894427190999916));
#5396=DIRECTION('',(-0.894427190999916,0.,0.447213595499958));
#5397=DIRECTION('',(0.,1.,0.));
#5398=DIRECTION('',(0.,0.,-1.));
#5399=DIRECTION('',(-1.,0.,0.));
#5400=DIRECTION('',(0.,0.,-1.));
#5401=DIRECTION('',(-1.,0.,0.));
#5402=DIRECTION('',(-0.106533123634265,0.,-0.994309153919809));
#5403=DIRECTION('',(-0.994309153919809,0.,0.106533123634265));
#5404=DIRECTION('',(-0.994309153919809,0.,0.106533123634265));
#5405=DIRECTION('',(0.,1.,0.));
#5406=DIRECTION('',(0.994309153919809,0.,-0.106533123634265));
#5407=DIRECTION('',(-0.0800989487081974,0.,0.996786917257566));
#5408=DIRECTION('',(0.996786917257566,0.,0.0800989487081974));
#5409=DIRECTION('',(0.996786917257566,0.,0.0800989487081974));
#5410=DIRECTION('',(0.,1.,0.));
#5411=DIRECTION('',(-0.0800989487081974,0.,0.996786917257566));
#5412=DIRECTION('',(0.996786917257566,0.,0.0800989487081974));
#5413=DIRECTION('',(-0.996786917257566,0.,-0.0800989487081974));
#5414=DIRECTION('',(-0.97602407725955,0.,-0.217662584312608));
#5415=DIRECTION('',(-0.217662584312608,0.,0.97602407725955));
#5416=DIRECTION('',(-0.217662584312608,0.,0.97602407725955));
#5417=DIRECTION('',(-0.217662584312608,0.,0.97602407725955));
#5418=DIRECTION('',(0.,1.,0.));
#5419=DIRECTION('',(0.,0.,1.));
#5420=DIRECTION('',(0.,0.,1.));
#5421=DIRECTION('',(0.98058067569092,0.,-0.196116135138184));
#5422=DIRECTION('',(0.095643461724698,0.,-0.995415656009748));
#5423=DIRECTION('',(0.999975710710265,0.,-0.00696979120920934));
#5424=DIRECTION('',(0.,0.,1.));
#5425=DIRECTION('',(0.217662584312608,0.,-0.97602407725955));
#5426=DIRECTION('',(0.999975710710265,0.,-0.00696979120920935));
#5427=DIRECTION('',(0.0956434617246979,0.,-0.995415656009748));
#5428=DIRECTION('',(0.98058067569092,0.,-0.196116135138184));
#5429=DIRECTION('',(0.217662584312608,0.,-0.97602407725955));
#5430=DIRECTION('',(-0.996786917257566,0.,-0.0800989487081974));
#5431=DIRECTION('',(-0.0800989487081974,0.,0.996786917257566));
#5432=DIRECTION('',(-0.9999118830033,0.,0.0132750227417874));
#5433=DIRECTION('',(0.0132750227417874,0.,0.9999118830033));
#5434=DIRECTION('',(-0.593657426921597,0.,-0.804717875693606));
#5435=DIRECTION('',(0.804717875693606,0.,-0.593657426921597));
#5436=DIRECTION('',(0.217662584312608,0.,-0.97602407725955));
#5437=DIRECTION('',(-0.97602407725955,0.,-0.217662584312608));
#5438=DIRECTION('',(-0.994309153919809,0.,0.106533123634265));
#5439=DIRECTION('',(0.106533123634265,0.,0.994309153919809));
#5440=DIRECTION('',(-0.999227613182016,0.,-0.0392960183042955));
#5441=DIRECTION('',(-0.0392960183042958,0.,0.999227613182016));
#5442=DIRECTION('',(0.98058067569092,0.,-0.196116135138184));
#5443=DIRECTION('',(-0.196116135138184,0.,-0.98058067569092));
#5444=DIRECTION('',(0.714850213039044,0.,-0.699277607905496));
#5445=DIRECTION('',(-0.699277607905496,0.,-0.714850213039045));
#5446=DIRECTION('',(-0.982872186934322,0.,-0.184288535050185));
#5447=DIRECTION('',(-0.184288535050185,0.,0.982872186934322));
#5448=DIRECTION('',(0.447213595499958,0.,0.894427190999916));
#5449=DIRECTION('',(-0.894427190999916,0.,0.447213595499958));
#5450=DIRECTION('',(-0.894427190999916,0.,0.447213595499958));
#5451=DIRECTION('',(-0.447213595499958,0.,-0.894427190999916));
#5452=DIRECTION('',(-0.625144278864303,0.,-0.780509212375633));
#5453=DIRECTION('',(0.780509212375633,-2.28839930850191E-15,-0.625144278864303));
#5454=DIRECTION('',(-0.982872186934322,0.,-0.184288535050185));
#5455=DIRECTION('',(0.447213595499958,0.,0.894427190999916));
#5456=DIRECTION('',(-0.894427190999916,0.,0.447213595499958));
#5457=DIRECTION('',(0.982872186934322,0.,0.184288535050185));
#5458=DIRECTION('',(0.184288535050185,0.,-0.982872186934322));
#5459=DIRECTION('',(0.982872186934322,0.,0.184288535050185));
#5460=DIRECTION('',(0.145237720701268,0.,0.989396788192432));
#5461=DIRECTION('',(0.989396788192432,0.,-0.145237720701268));
#5462=DIRECTION('',(-0.720966146399514,0.,0.692970284893829));
#5463=DIRECTION('',(-0.692970284893829,0.,-0.720966146399514));
#5464=DIRECTION('',(-0.30393413466945,0.,-0.952693046989812));
#5465=DIRECTION('',(-0.952693046989812,0.,0.30393413466945));
#5466=DIRECTION('',(0.994309153919809,0.,-0.106533123634265));
#5467=DIRECTION('',(-0.106533123634265,0.,-0.994309153919809));
#5468=DIRECTION('',(0.9999118830033,0.,-0.0132750227417874));
#5469=DIRECTION('',(0.0132750227417874,0.,0.9999118830033));
#5470=DIRECTION('',(0.996786917257566,0.,0.0800989487081974));
#5471=DIRECTION('',(0.0800989487081974,0.,-0.996786917257566));
#5472=DIRECTION('',(0.593657426921597,0.,0.804717875693606));
#5473=DIRECTION('',(-0.804717875693606,0.,0.593657426921597));
#5474=DIRECTION('',(-0.982872186934322,0.,-0.184288535050185));
#5475=DIRECTION('',(-0.184288535050185,0.,0.982872186934322));
#5476=DIRECTION('',(0.982872186934322,0.,0.184288535050185));
#5477=DIRECTION('',(-0.217662584312608,0.,0.97602407725955));
#5478=DIRECTION('',(0.97602407725955,0.,0.217662584312608));
#5479=DIRECTION('',(-0.98058067569092,0.,0.196116135138184));
#5480=DIRECTION('',(0.196116135138184,0.,0.98058067569092));
#5481=DIRECTION('',(-0.714850213039044,0.,0.699277607905496));
#5482=DIRECTION('',(0.699277607905496,0.,0.714850213039045));
#5483=DIRECTION('',(-0.217662584312608,0.,0.97602407725955));
#5484=DIRECTION('',(0.97602407725955,0.,0.217662584312608));
#5485=DIRECTION('',(-0.217662584312608,0.,0.97602407725955));
#5486=DIRECTION('',(0.217662584312608,0.,-0.97602407725955));
#5487=DIRECTION('',(-0.97602407725955,0.,-0.217662584312608));
#5488=DIRECTION('',(0.217662584312608,0.,-0.97602407725955));
#5489=DIRECTION('',(0.,0.,-1.));
#5490=DIRECTION('',(-1.,0.,0.));
#5491=DIRECTION('',(0.,0.,-1.));
#5492=DIRECTION('',(0.,0.,1.));
#5493=DIRECTION('',(0.,0.,1.));
#5494=DIRECTION('',(0.,0.,1.));
#5495=DIRECTION('',(0.,0.,1.));
#5496=DIRECTION('',(0.,0.,1.));
#5497=DIRECTION('',(1.,0.,0.));
#5498=DIRECTION('',(0.,0.,1.));
#5499=DIRECTION('',(0.,0.,1.));
#5500=DIRECTION('',(0.,0.,1.));
#5501=DIRECTION('',(0.,0.,1.));
#5502=DIRECTION('',(0.,0.,1.));
#5503=DIRECTION('',(0.196116135138184,0.,0.98058067569092));
#5504=DIRECTION('',(0.98058067569092,0.,-0.196116135138184));
#5505=DIRECTION('',(0.196116135138184,0.,0.98058067569092));
#5506=DIRECTION('',(-0.98058067569092,0.,0.196116135138184));
#5507=DIRECTION('',(0.196116135138184,0.,0.98058067569092));
#5508=DIRECTION('',(-0.98058067569092,0.,0.196116135138184));
#5509=DIRECTION('',(0.,1.,0.));
#5510=DIRECTION('',(-0.184288535050185,0.,0.982872186934322));
#5511=DIRECTION('',(0.982872186934322,0.,0.184288535050185));
#5512=DIRECTION('',(0.,1.,0.));
#5513=DIRECTION('',(-0.184288535050185,0.,0.982872186934322));
#5514=DIRECTION('',(0.982872186934322,0.,0.184288535050185));
#5515=DIRECTION('',(-0.184288535050185,0.,0.982872186934322));
#5516=DIRECTION('',(-0.982872186934322,0.,-0.184288535050185));
#5517=DIRECTION('',(-0.982872186934322,0.,-0.184288535050185));
#5518=DIRECTION('',(0.,1.,0.));
#5519=DIRECTION('',(0.982872186934322,0.,0.184288535050185));
#5520=DIRECTION('',(0.,1.,0.));
#5521=DIRECTION('',(0.982872186934322,0.,0.184288535050185));
#5522=DIRECTION('',(-0.106533123634265,0.,-0.994309153919809));
#5523=DIRECTION('',(-0.994309153919809,0.,0.106533123634265));
#5524=DIRECTION('',(0.,1.,0.));
#5525=DIRECTION('',(-0.994309153919809,0.,0.106533123634265));
#5526=DIRECTION('',(-0.0800989487081974,0.,0.996786917257566));
#5527=DIRECTION('',(0.996786917257566,0.,0.0800989487081974));
#5528=DIRECTION('',(0.,1.,0.));
#5529=DIRECTION('',(-0.0800989487081974,0.,0.996786917257566));
#5530=DIRECTION('',(-0.996786917257566,0.,-0.0800989487081974));
#5531=DIRECTION('',(0.996786917257566,0.,0.0800989487081974));
#5532=DIRECTION('',(-0.97602407725955,0.,-0.217662584312608));
#5533=DIRECTION('',(-0.217662584312608,0.,0.97602407725955));
#5534=DIRECTION('',(0.217662584312608,0.,-0.97602407725955));
#5535=DIRECTION('',(-0.217662584312608,0.,0.97602407725955));
#5536=DIRECTION('',(0.196116135138184,0.,0.98058067569092));
#5537=DIRECTION('',(0.98058067569092,0.,-0.196116135138184));
#5538=DIRECTION('',(0.,1.,0.));
#5539=DIRECTION('',(0.196116135138184,0.,0.98058067569092));
#5540=DIRECTION('',(0.98058067569092,0.,-0.196116135138184));
#5541=DIRECTION('',(-0.98058067569092,0.,0.196116135138184));
#5542=DIRECTION('',(0.196116135138184,0.,0.98058067569092));
#5543=DIRECTION('',(0.98058067569092,0.,-0.196116135138184));
#5544=DIRECTION('',(0.447213595499958,0.,0.894427190999916));
#5545=DIRECTION('',(0.894427190999916,0.,-0.447213595499958));
#5546=DIRECTION('',(0.894427190999916,0.,-0.447213595499958));
#5547=DIRECTION('',(0.,-1.,0.));
#5548=DIRECTION('',(0.894427190999916,0.,-0.447213595499958));
#5549=DIRECTION('',(0.,1.,0.));
#5550=DIRECTION('',(0.447213595499958,0.,0.894427190999916));
#5551=DIRECTION('',(-0.894427190999916,0.,0.447213595499958));
#5552=DIRECTION('',(0.,1.,0.));
#5553=DIRECTION('',(0.,0.,-1.));
#5554=DIRECTION('',(-1.,0.,0.));
#5555=DIRECTION('',(0.,0.,-1.));
#5556=DIRECTION('',(1.,0.,0.));
#5557=DIRECTION('',(0.,1.,0.));
#5558=DIRECTION('',(0.,0.,-1.));
#5559=DIRECTION('',(-1.,0.,0.));
#5560=DIRECTION('',(-0.106533123634265,0.,-0.994309153919809));
#5561=DIRECTION('',(-0.994309153919809,0.,0.106533123634265));
#5562=DIRECTION('',(0.994309153919809,0.,-0.106533123634265));
#5563=DIRECTION('',(0.,1.,0.));
#5564=DIRECTION('',(-0.994309153919809,0.,0.106533123634265));
#5565=DIRECTION('',(-0.0800989487081974,0.,0.996786917257566));
#5566=DIRECTION('',(0.996786917257566,0.,0.0800989487081974));
#5567=DIRECTION('',(-0.996786917257566,0.,-0.0800989487081974));
#5568=DIRECTION('',(-0.0800989487081974,0.,0.996786917257566));
#5569=DIRECTION('',(0.996786917257566,0.,0.0800989487081974));
#5570=DIRECTION('',(0.,1.,0.));
#5571=DIRECTION('',(0.996786917257566,0.,0.0800989487081974));
#5572=DIRECTION('',(-0.97602407725955,0.,-0.217662584312608));
#5573=DIRECTION('',(-0.217662584312608,0.,0.97602407725955));
#5574=DIRECTION('',(0.217662584312608,0.,-0.97602407725955));
#5575=DIRECTION('',(-0.217662584312608,0.,0.97602407725955));
#5576=DIRECTION('',(0.,1.,0.));
#5577=DIRECTION('',(0.,0.,1.));
#5578=DIRECTION('',(0.98058067569092,0.,-0.196116135138184));
#5579=DIRECTION('',(0.,0.,1.));
#5580=DIRECTION('',(0.217662584312608,0.,-0.97602407725955));
#5581=DIRECTION('',(0.98058067569092,0.,-0.196116135138184));
#5582=DIRECTION('',(0.0956434617246979,0.,-0.995415656009748));
#5583=DIRECTION('',(0.999975710710265,0.,-0.00696979120920935));
#5584=DIRECTION('',(0.217662584312608,0.,-0.97602407725955));
#5585=DIRECTION('',(0.,0.,1.));
#5586=DIRECTION('',(0.999975710710265,0.,-0.00696979120920934));
#5587=DIRECTION('',(0.095643461724698,0.,-0.995415656009748));
#5588=DIRECTION('',(-0.996786917257566,0.,-0.0800989487081974));
#5589=DIRECTION('',(-0.0800989487081974,0.,0.996786917257566));
#5590=DIRECTION('',(-0.9999118830033,0.,0.0132750227417874));
#5591=DIRECTION('',(0.0132750227417874,0.,0.9999118830033));
#5592=DIRECTION('',(-0.593657426921597,0.,-0.804717875693606));
#5593=DIRECTION('',(0.804717875693606,0.,-0.593657426921597));
#5594=DIRECTION('',(0.217662584312608,0.,-0.97602407725955));
#5595=DIRECTION('',(-0.97602407725955,0.,-0.217662584312608));
#5596=DIRECTION('',(-0.994309153919809,0.,0.106533123634265));
#5597=DIRECTION('',(0.106533123634265,0.,0.994309153919809));
#5598=DIRECTION('',(-0.999227613182016,0.,-0.0392960183042955));
#5599=DIRECTION('',(-0.0392960183042958,0.,0.999227613182016));
#5600=DIRECTION('',(-0.982872186934322,0.,-0.184288535050185));
#5601=DIRECTION('',(-0.184288535050185,0.,0.982872186934322));
#5602=DIRECTION('',(0.982872186934322,0.,0.184288535050185));
#5603=DIRECTION('',(0.184288535050185,0.,-0.982872186934322));
#5604=DIRECTION('',(0.982872186934322,0.,0.184288535050185));
#5605=DIRECTION('',(0.982872186934322,0.,0.184288535050185));
#5606=DIRECTION('',(0.184288535050185,0.,-0.982872186934322));
#5607=DIRECTION('',(0.999227613182016,0.,0.0392960183042955));
#5608=DIRECTION('',(-0.0392960183042958,0.,0.999227613182016));
#5609=DIRECTION('',(0.994309153919809,0.,-0.106533123634265));
#5610=DIRECTION('',(-0.106533123634265,0.,-0.994309153919809));
#5611=DIRECTION('',(0.9999118830033,0.,-0.0132750227417874));
#5612=DIRECTION('',(0.0132750227417874,0.,0.9999118830033));
#5613=DIRECTION('',(0.996786917257566,0.,0.0800989487081974));
#5614=DIRECTION('',(0.0800989487081974,0.,-0.996786917257566));
#5615=DIRECTION('',(0.593657426921597,0.,0.804717875693606));
#5616=DIRECTION('',(-0.804717875693606,0.,0.593657426921597));
#5617=DIRECTION('',(-0.982872186934322,0.,-0.184288535050185));
#5618=DIRECTION('',(-0.184288535050185,0.,0.982872186934322));
#5619=DIRECTION('',(0.982872186934322,0.,0.184288535050185));
#5620=DIRECTION('',(-0.217662584312608,0.,0.97602407725955));
#5621=DIRECTION('',(0.97602407725955,0.,0.217662584312608));
#5622=DIRECTION('',(-0.217662584312608,0.,0.97602407725955));
#5623=DIRECTION('',(0.97602407725955,0.,0.217662584312608));
#5624=DIRECTION('',(0.217662584312608,0.,-0.97602407725955));
#5625=DIRECTION('',(0.217662584312608,0.,-0.97602407725955));
#5626=DIRECTION('',(-0.97602407725955,0.,-0.217662584312608));
#5627=DIRECTION('',(0.217662584312608,0.,-0.97602407725955));
#5628=DIRECTION('',(0.,0.,-1.));
#5629=DIRECTION('',(-1.,0.,0.));
#5630=DIRECTION('',(0.,0.,1.));
#5631=DIRECTION('',(0.,0.,1.));
#5632=DIRECTION('',(0.,0.,1.));
#5633=DIRECTION('',(0.,0.,1.));
#5634=DIRECTION('',(0.,0.,1.));
#5635=DIRECTION('',(0.,0.,1.));
#5636=DIRECTION('',(1.,0.,0.));
#5637=DIRECTION('',(0.,0.,1.));
#5638=DIRECTION('',(0.,0.,1.));
#5639=DIRECTION('',(0.,0.,1.));
#5640=DIRECTION('',(0.,0.,1.));
#5641=DIRECTION('',(0.,0.,1.));
#5642=DIRECTION('',(0.,-1.,0.));
#5643=DIRECTION('',(0.,0.,-1.));
#5644=DIRECTION('',(0.,-1.,0.));
#5645=DIRECTION('',(0.,0.,-1.));
#5646=DIRECTION('',(0.,-1.,0.));
#5647=DIRECTION('',(0.,0.,-1.));
#5648=DIRECTION('',(0.,1.,0.));
#5649=DIRECTION('',(0.,-1.,0.));
#5650=DIRECTION('',(0.,0.,-1.));
#5651=DIRECTION('',(-0.184288535050185,0.,0.982872186934322));
#5652=DIRECTION('',(-0.184288535050185,0.,0.982872186934322));
#5653=DIRECTION('',(-0.982872186934322,0.,-0.184288535050185));
#5654=DIRECTION('',(-0.184288535050185,0.,0.982872186934322));
#5655=DIRECTION('',(-0.184288535050185,0.,0.982872186934322));
#5656=DIRECTION('',(0.,1.,0.));
#5657=DIRECTION('',(0.,0.,1.));
#5658=DIRECTION('',(-0.184288535050185,0.,0.982872186934322));
#5659=DIRECTION('',(-0.982872186934322,3.03113147832824E-16,-0.184288535050185));
#5660=DIRECTION('',(-0.184288535050185,0.,0.982872186934322));
#5661=DIRECTION('',(0.,-1.,0.));
#5662=DIRECTION('',(0.,0.,-1.));
#5663=DIRECTION('',(-0.184288535050185,0.,0.982872186934322));
#5664=DIRECTION('',(-0.184288535050185,0.,0.982872186934322));
#5665=DIRECTION('',(-0.982872186934322,0.,-0.184288535050185));
#5666=DIRECTION('',(-0.184288535050185,0.,0.982872186934322));
#5667=DIRECTION('',(-0.184288535050185,0.,0.982872186934322));
#5668=DIRECTION('',(-0.982872186934322,3.03113147832824E-16,-0.184288535050185));
#5669=DIRECTION('',(-0.184288535050185,0.,0.982872186934322));
#5670=DIRECTION('',(-0.184288535050185,0.,0.982872186934322));
#5671=DIRECTION('',(0.,-1.,0.));
#5672=DIRECTION('',(0.,0.,-1.));
#5673=DIRECTION('',(0.,1.,0.));
#5674=DIRECTION('',(0.,0.,1.));
#5675=DIRECTION('',(-0.184288535050185,0.,0.982872186934322));
#5676=DIRECTION('',(-0.184288535050185,0.,0.982872186934322));
#5677=DIRECTION('',(-0.982872186934322,5.45603666099083E-16,-0.184288535050185));
#5678=DIRECTION('',(-0.184288535050185,0.,0.982872186934322));
#5679=DIRECTION('',(-0.184288535050185,0.,0.982872186934322));
#5680=DIRECTION('',(0.,1.,0.));
#5681=DIRECTION('',(0.,0.,1.));
#5682=DIRECTION('',(-0.184288535050185,0.,0.982872186934322));
#5683=DIRECTION('',(-0.982872186934322,0.,-0.184288535050185));
#5684=DIRECTION('',(-0.184288535050185,0.,0.982872186934322));
#5685=DIRECTION('',(-0.982872186934322,0.,-0.184288535050185));
#5686=DIRECTION('',(-0.184288535050185,0.,0.982872186934322));
#5687=DIRECTION('',(-0.184288535050185,0.,0.982872186934322));
#5688=DIRECTION('',(-0.184288535050185,0.,0.982872186934322));
#5689=DIRECTION('',(0.,1.,0.));
#5690=DIRECTION('',(0.,0.,1.));
#5691=DIRECTION('',(-0.184288535050185,0.,0.982872186934322));
#5692=DIRECTION('',(-0.982872186934322,0.,-0.184288535050185));
#5693=DIRECTION('',(-0.184288535050185,0.,0.982872186934322));
#5694=DIRECTION('',(-0.184288535050185,0.,0.982872186934322));
#5695=DIRECTION('',(0.,-1.,0.));
#5696=DIRECTION('',(0.,0.,-1.));
#5697=DIRECTION('',(-0.982872186934322,0.,-0.184288535050185));
#5698=DIRECTION('',(-0.184288535050185,0.,0.982872186934322));
#5699=DIRECTION('',(-0.184288535050185,0.,0.982872186934322));
#5700=DIRECTION('',(-0.184288535050185,0.,0.982872186934322));
#5701=DIRECTION('',(0.,-1.,0.));
#5702=DIRECTION('',(0.,0.,-1.));
#5703=DIRECTION('',(-0.184288535050185,0.,0.982872186934322));
#5704=DIRECTION('',(-0.982872186934322,0.,-0.184288535050185));
#5705=DIRECTION('',(-0.184288535050185,0.,0.982872186934322));
#5706=DIRECTION('',(-0.184288535050185,0.,0.982872186934322));
#5707=DIRECTION('',(0.,1.,0.));
#5708=DIRECTION('',(0.,0.,1.));
#5709=DIRECTION('',(-0.196116135138184,0.,-0.98058067569092));
#5710=DIRECTION('',(-0.98058067569092,0.,0.196116135138184));
#5711=DIRECTION('',(0.,-1.,0.));
#5712=DIRECTION('',(0.,-1.,0.));
#5713=DIRECTION('',(-0.993519287171323,0.,-0.113663653023232));
#5714=DIRECTION('',(-0.113663653023232,0.,0.993519287171323));
#5715=DIRECTION('',(0.,-1.,0.));
#5716=DIRECTION('',(-0.106533123634265,0.,-0.994309153919809));
#5717=DIRECTION('',(-0.994309153919809,0.,0.106533123634265));
#5718=DIRECTION('',(0.,-1.,0.));
#5719=DIRECTION('',(-0.988976547856657,0.,-0.148072238416013));
#5720=DIRECTION('',(-0.148072238416013,0.,0.988976547856658));
#5721=DIRECTION('',(-0.196116135138184,0.,-0.98058067569092));
#5722=DIRECTION('',(-0.98058067569092,0.,0.196116135138184));
#5723=DIRECTION('',(0.,-1.,0.));
#5724=DIRECTION('',(0.,-1.,0.));
#5725=DIRECTION('',(-0.988976547856657,0.,-0.148072238416013));
#5726=DIRECTION('',(-0.148072238416013,0.,0.988976547856657));
#5727=DIRECTION('',(0.,-1.,0.));
#5728=DIRECTION('',(0.0261078922468567,0.,-0.999659130885337));
#5729=DIRECTION('',(-0.999659130885337,0.,-0.0261078922468567));
#5730=DIRECTION('',(0.,-1.,0.));
#5731=DIRECTION('',(0.962664679618843,0.,0.270696720730693));
#5732=DIRECTION('',(0.270696720730693,0.,-0.962664679618843));
#5733=DIRECTION('',(-0.11127572847986,0.,-0.993789571414027));
#5734=DIRECTION('',(-0.993789571414028,0.,0.11127572847986));
#5735=DIRECTION('',(0.,-1.,0.));
#5736=DIRECTION('',(0.,-1.,0.));
#5737=DIRECTION('',(0.993519287171323,0.,0.113663653023232));
#5738=DIRECTION('',(0.113663653023232,0.,-0.993519287171323));
#5739=DIRECTION('',(0.,-1.,0.));
#5740=DIRECTION('',(-0.216014657654128,0.,0.97639012063753));
#5741=DIRECTION('',(0.97639012063753,0.,0.216014657654128));
#5742=DIRECTION('',(0.,-1.,0.));
#5743=DIRECTION('',(-0.982872186934322,0.,-0.184288535050185));
#5744=DIRECTION('',(-0.184288535050185,0.,0.982872186934322));
#5745=DIRECTION('',(0.196116135138184,0.,0.98058067569092));
#5746=DIRECTION('',(0.98058067569092,0.,-0.196116135138184));
#5747=DIRECTION('',(0.,1.,0.));
#5748=DIRECTION('',(0.,1.,0.));
#5749=DIRECTION('',(0.993519287171323,0.,0.113663653023232));
#5750=DIRECTION('',(0.113663653023232,0.,-0.993519287171323));
#5751=DIRECTION('',(0.,1.,0.));
#5752=DIRECTION('',(0.106533123634265,0.,0.994309153919809));
#5753=DIRECTION('',(0.994309153919809,0.,-0.106533123634265));
#5754=DIRECTION('',(0.,1.,0.));
#5755=DIRECTION('',(0.988976547856657,0.,0.148072238416013));
#5756=DIRECTION('',(0.148072238416013,0.,-0.988976547856658));
#5757=DIRECTION('',(0.196116135138184,0.,0.98058067569092));
#5758=DIRECTION('',(0.98058067569092,0.,-0.196116135138184));
#5759=DIRECTION('',(0.,1.,0.));
#5760=DIRECTION('',(0.,1.,0.));
#5761=DIRECTION('',(0.988976547856657,0.,0.148072238416013));
#5762=DIRECTION('',(0.148072238416013,0.,-0.988976547856657));
#5763=DIRECTION('',(0.,1.,0.));
#5764=DIRECTION('',(-0.0261078922468567,0.,0.999659130885337));
#5765=DIRECTION('',(0.999659130885337,0.,0.0261078922468567));
#5766=DIRECTION('',(0.,1.,0.));
#5767=DIRECTION('',(-0.962664679618843,0.,-0.270696720730693));
#5768=DIRECTION('',(-0.270696720730693,0.,0.962664679618843));
#5769=DIRECTION('',(0.11127572847986,0.,0.993789571414027));
#5770=DIRECTION('',(0.993789571414028,0.,-0.11127572847986));
#5771=DIRECTION('',(0.,1.,0.));
#5772=DIRECTION('',(0.,1.,0.));
#5773=DIRECTION('',(-0.993519287171323,0.,-0.113663653023232));
#5774=DIRECTION('',(-0.113663653023232,0.,0.993519287171323));
#5775=DIRECTION('',(0.,1.,0.));
#5776=DIRECTION('',(0.216014657654128,0.,-0.97639012063753));
#5777=DIRECTION('',(-0.97639012063753,0.,-0.216014657654128));
#5778=DIRECTION('',(0.,1.,0.));
#5779=DIRECTION('',(0.982872186934322,0.,0.184288535050185));
#5780=DIRECTION('',(0.184288535050185,0.,-0.982872186934322));
#5781=DIRECTION('',(-3.96508223080413E-16,-1.,0.));
#5782=DIRECTION('',(1.,-3.96508223080413E-16,0.));
#5783=DIRECTION('',(1.,-3.96508223080413E-16,0.));
#5784=DIRECTION('',(1.,-3.96508223080413E-16,0.));
#5785=DIRECTION('',(0.,0.,-1.));
#5786=DIRECTION('',(-1.,0.,0.));
#5787=DIRECTION('',(1.,-3.96508223080413E-16,0.));
#5788=DIRECTION('',(3.96508223080413E-16,1.,0.));
#5789=DIRECTION('',(-1.,3.96508223080413E-16,0.));
#5790=DIRECTION('',(1.,-3.96508223080413E-16,0.));
#5791=DIRECTION('',(0.,0.,1.));
#5792=DIRECTION('',(1.,0.,0.));
#5793=DIRECTION('',(0.,0.,1.));
#5794=DIRECTION('',(1.,0.,0.));
#5795=DIRECTION('',(1.,-3.96508223080413E-16,0.));
#5796=DIRECTION('',(1.,-3.96508223080413E-16,0.));
#5797=DIRECTION('',(3.96508223080413E-16,1.,0.));
#5798=DIRECTION('',(-1.,3.96508223080413E-16,0.));
#5799=DIRECTION('',(1.,-3.96508223080413E-16,0.));
#5800=DIRECTION('',(0.,0.,1.));
#5801=DIRECTION('',(1.,0.,0.));
#5802=DIRECTION('',(1.,-3.96508223080413E-16,0.));
#5803=DIRECTION('',(-3.96508223080413E-16,-1.,0.));
#5804=DIRECTION('',(1.,-3.96508223080413E-16,0.));
#5805=DIRECTION('',(0.,0.,-1.));
#5806=DIRECTION('',(-1.,0.,0.));
#5807=DIRECTION('',(1.,-3.96508223080413E-16,0.));
#5808=DIRECTION('',(1.,-3.96508223080413E-16,0.));
#5809=DIRECTION('',(3.96508223080413E-16,1.,0.));
#5810=DIRECTION('',(-1.,3.96508223080413E-16,0.));
#5811=DIRECTION('',(1.,-3.96508223080413E-16,0.));
#5812=DIRECTION('',(0.,0.,1.));
#5813=DIRECTION('',(1.,0.,0.));
#5814=DIRECTION('',(1.,-3.96508223080413E-16,0.));
#5815=DIRECTION('',(-3.96508223080413E-16,-1.,0.));
#5816=DIRECTION('',(1.,-3.96508223080413E-16,0.));
#5817=DIRECTION('',(0.,0.,1.));
#5818=DIRECTION('',(1.,0.,0.));
#5819=DIRECTION('',(1.,-3.96508223080413E-16,0.));
#5820=DIRECTION('',(1.,-3.96508223080413E-16,0.));
#5821=DIRECTION('',(3.96508223080413E-16,1.,0.));
#5822=DIRECTION('',(-1.,3.96508223080413E-16,0.));
#5823=DIRECTION('',(1.,-3.96508223080413E-16,0.));
#5824=DIRECTION('',(0.,0.,1.));
#5825=DIRECTION('',(1.,0.,0.));
#5826=DIRECTION('',(1.,-3.96508223080413E-16,0.));
#5827=DIRECTION('',(-3.96508223080413E-16,-1.,0.));
#5828=DIRECTION('',(1.,-3.96508223080413E-16,0.));
#5829=DIRECTION('',(3.96508223080413E-16,1.,0.));
#5830=DIRECTION('',(-1.,3.96508223080413E-16,0.));
#5831=DIRECTION('',(1.,-3.96508223080413E-16,0.));
#5832=DIRECTION('',(1.,-3.96508223080413E-16,0.));
#5833=DIRECTION('',(0.,0.,-1.));
#5834=DIRECTION('',(-1.,0.,0.));
#5835=DIRECTION('',(1.,-3.96508223080413E-16,0.));
#5836=DIRECTION('',(3.96508223080413E-16,1.,0.));
#5837=DIRECTION('',(-1.,3.96508223080413E-16,0.));
#5838=DIRECTION('',(1.,-3.96508223080413E-16,0.));
#5839=DIRECTION('',(0.,0.,1.));
#5840=DIRECTION('',(1.,0.,0.));
#5841=DIRECTION('',(3.96508223080413E-16,1.,0.));
#5842=DIRECTION('',(-1.,3.96508223080413E-16,0.));
#5843=DIRECTION('',(1.,-3.96508223080413E-16,0.));
#5844=DIRECTION('',(1.,-3.96508223080413E-16,0.));
#5845=DIRECTION('',(0.,0.,-1.));
#5846=DIRECTION('',(-1.,0.,0.));
#5847=DIRECTION('',(1.,-3.96508223080413E-16,0.));
#5848=DIRECTION('',(0.,0.,1.));
#5849=DIRECTION('',(1.,0.,0.));
#5850=DIRECTION('',(1.,-3.96508223080413E-16,0.));
#5851=DIRECTION('',(3.96508223080413E-16,1.,0.));
#5852=DIRECTION('',(-1.,3.96508223080413E-16,0.));
#5853=DIRECTION('',(3.96508223080413E-16,1.,0.));
#5854=DIRECTION('',(-1.,3.96508223080413E-16,0.));
#5855=DIRECTION('',(1.,-3.96508223080413E-16,0.));
#5856=DIRECTION('',(1.,-3.96508223080413E-16,0.));
#5857=DIRECTION('',(0.,0.,1.));
#5858=DIRECTION('',(1.,0.,0.));
#5859=DIRECTION('',(1.,-3.96508223080413E-16,0.));
#5860=DIRECTION('',(3.96508223080413E-16,1.,0.));
#5861=DIRECTION('',(-1.,3.96508223080413E-16,0.));
#5862=DIRECTION('',(1.,-3.96508223080413E-16,0.));
#5863=DIRECTION('',(0.,0.,1.));
#5864=DIRECTION('',(1.,0.,0.));
#5865=DIRECTION('',(3.96508223080413E-16,1.,0.));
#5866=DIRECTION('',(-1.,3.96508223080413E-16,0.));
#5867=DIRECTION('',(1.,-3.96508223080413E-16,0.));
#5868=DIRECTION('',(1.,-3.96508223080413E-16,0.));
#5869=DIRECTION('',(0.,0.,1.));
#5870=DIRECTION('',(1.,0.,0.));
#5871=DIRECTION('',(1.,-3.96508223080413E-16,0.));
#5872=DIRECTION('',(3.96508223080413E-16,1.,0.));
#5873=DIRECTION('',(-1.,3.96508223080413E-16,0.));
#5874=DIRECTION('',(1.,-3.96508223080413E-16,0.));
#5875=DIRECTION('',(0.,0.,1.));
#5876=DIRECTION('',(1.,0.,0.));
#5877=DIRECTION('',(1.,-3.96508223080413E-16,0.));
#5878=DIRECTION('',(3.96508223080413E-16,1.,0.));
#5879=DIRECTION('',(0.,0.,1.));
#5880=DIRECTION('',(3.96508223080413E-16,1.,0.));
#5881=DIRECTION('',(0.,0.,1.));
#5882=DIRECTION('',(3.96508223080413E-16,1.,0.));
#5883=DIRECTION('',(-1.,3.96508223080413E-16,0.));
#5884=DIRECTION('',(1.,-3.96508223080413E-16,0.));
#5885=DIRECTION('',(0.,0.,-1.));
#5886=DIRECTION('',(-1.,0.,0.));
#5887=DIRECTION('',(1.,-3.96508223080413E-16,0.));
#5888=DIRECTION('',(-3.96508223080413E-16,-1.,0.));
#5889=DIRECTION('',(1.,-3.96508223080413E-16,0.));
#5890=DIRECTION('',(1.,-3.96508223080413E-16,0.));
#5891=DIRECTION('',(3.96508223080413E-16,1.,0.));
#5892=DIRECTION('',(0.,0.,1.));
#5893=DIRECTION('',(3.96508223080413E-16,1.,0.));
#5894=DIRECTION('',(0.,0.,1.));
#5895=DIRECTION('',(3.96508223080413E-16,1.,0.));
#5896=DIRECTION('',(-1.,3.96508223080413E-16,0.));
#5897=DIRECTION('',(1.,-3.96508223080413E-16,0.));
#5898=DIRECTION('',(3.96508223080413E-16,1.,0.));
#5899=DIRECTION('',(-1.,3.96508223080413E-16,0.));
#5900=DIRECTION('',(1.,-3.96508223080413E-16,0.));
#5901=DIRECTION('',(0.,0.,-1.));
#5902=DIRECTION('',(-1.,0.,0.));
#5903=DIRECTION('',(-0.995415656009748,0.,-0.095643461724698));
#5904=DIRECTION('',(-0.0956434617246979,0.,0.995415656009748));
#5905=DIRECTION('',(0.,1.,0.));
#5906=DIRECTION('',(0.,1.,0.));
#5907=DIRECTION('',(-0.196116135138184,0.,-0.98058067569092));
#5908=DIRECTION('',(-0.98058067569092,0.,0.196116135138184));
#5909=DIRECTION('',(0.,1.,0.));
#5910=DIRECTION('',(-0.00696979120920934,0.,-0.999975710710265));
#5911=DIRECTION('',(-0.999975710710265,0.,0.00696979120920934));
#5912=DIRECTION('',(0.,1.,0.));
#5913=DIRECTION('',(-1.,0.,0.));
#5914=DIRECTION('',(0.,0.,1.));
#5915=DIRECTION('',(-0.995415656009748,0.,-0.0956434617246979));
#5916=DIRECTION('',(-0.0956434617246979,0.,0.995415656009748));
#5917=DIRECTION('',(0.,1.,0.));
#5918=DIRECTION('',(0.,1.,0.));
#5919=DIRECTION('',(-0.196116135138184,0.,-0.98058067569092));
#5920=DIRECTION('',(-0.98058067569092,0.,0.196116135138184));
#5921=DIRECTION('',(0.,1.,0.));
#5922=DIRECTION('',(0.97602407725955,0.,0.217662584312608));
#5923=DIRECTION('',(0.217662584312608,0.,-0.97602407725955));
#5924=DIRECTION('',(0.,1.,0.));
#5925=DIRECTION('',(-0.00696979120920935,0.,-0.999975710710265));
#5926=DIRECTION('',(-0.999975710710265,0.,0.00696979120920935));
#5927=DIRECTION('',(0.995415656009748,0.,0.095643461724698));
#5928=DIRECTION('',(0.095643461724698,0.,-0.995415656009748));
#5929=DIRECTION('',(0.,-1.,0.));
#5930=DIRECTION('',(0.,-1.,0.));
#5931=DIRECTION('',(0.196116135138184,0.,0.98058067569092));
#5932=DIRECTION('',(0.98058067569092,0.,-0.196116135138184));
#5933=DIRECTION('',(0.,-1.,0.));
#5934=DIRECTION('',(0.00696979120920934,0.,0.999975710710265));
#5935=DIRECTION('',(0.999975710710265,0.,-0.00696979120920934));
#5936=DIRECTION('',(0.,-1.,0.));
#5937=DIRECTION('',(1.,0.,0.));
#5938=DIRECTION('',(0.,0.,-1.));
#5939=DIRECTION('',(0.995415656009748,0.,0.0956434617246979));
#5940=DIRECTION('',(0.0956434617246979,0.,-0.995415656009748));
#5941=DIRECTION('',(0.,-1.,0.));
#5942=DIRECTION('',(0.,-1.,0.));
#5943=DIRECTION('',(0.196116135138184,0.,0.98058067569092));
#5944=DIRECTION('',(0.98058067569092,0.,-0.196116135138184));
#5945=DIRECTION('',(0.,-1.,0.));
#5946=DIRECTION('',(-0.97602407725955,0.,-0.217662584312608));
#5947=DIRECTION('',(-0.217662584312608,0.,0.97602407725955));
#5948=DIRECTION('',(0.,-1.,0.));
#5949=DIRECTION('',(0.00696979120920935,0.,0.999975710710265));
#5950=DIRECTION('',(0.999975710710265,0.,-0.00696979120920935));
#5951=DIRECTION('',(0.894427190999916,0.,-0.447213595499958));
#5952=DIRECTION('',(-0.447213595499958,0.,-0.894427190999916));
#5953=DIRECTION('',(0.447213595499958,0.,0.894427190999916));
#5954=DIRECTION('',(0.447213595499958,0.,0.894427190999916));
#5955=DIRECTION('',(0.,-1.,0.));
#5956=DIRECTION('',(0.,0.,-1.));
#5957=DIRECTION('',(2.96733888095732E-16,-1.,-1.48366944047866E-16));
#5958=DIRECTION('',(1.,2.96733888095732E-16,0.));
#5959=DIRECTION('',(1.56084356639105E-15,1.,-2.29122799527205E-16));
#5960=DIRECTION('',(-1.,1.56084356639105E-15,0.));
#5961=DIRECTION('',(-0.780509212375633,1.36148758992726E-15,0.625144278864303));
#5962=DIRECTION('',(0.989396788192432,1.39195991470411E-15,-0.145237720701268));
#5963=DIRECTION('',(0.145237720701268,0.,0.989396788192432));
#5964=DIRECTION('',(0.,1.,0.));
#5965=DIRECTION('',(-0.989396788192432,-2.51947283697852E-17,0.145237720701268));
#5966=DIRECTION('',(0.145237720701268,0.,0.989396788192432));
#5967=DIRECTION('',(0.,1.,0.));
#5968=DIRECTION('',(-1.,0.,0.));
#5969=DIRECTION('',(0.,0.,1.));
#5970=DIRECTION('',(0.,1.,0.));
#5971=DIRECTION('',(-0.980280231558592,0.,-0.197612417665069));
#5972=DIRECTION('',(-0.197612417665069,0.,0.980280231558592));
#5973=DIRECTION('',(0.,1.,0.));
#5974=DIRECTION('',(-0.625144278864303,0.,-0.780509212375633));
#5975=DIRECTION('',(-0.780509212375633,0.,0.625144278864303));
#5976=DIRECTION('',(-0.780509212375633,-3.24354279526862E-16,0.625144278864303));
#5977=DIRECTION('',(-0.625144278864303,0.,-0.780509212375633));
#5978=DIRECTION('',(-0.780509212375633,0.,0.625144278864303));
#5979=DIRECTION('',(-0.780509212375633,0.,0.625144278864303));
#5980=DIRECTION('',(0.,1.,0.));
#5981=DIRECTION('',(-0.980280231558592,0.,-0.197612417665069));
#5982=DIRECTION('',(-0.197612417665069,0.,0.980280231558592));
#5983=DIRECTION('',(0.,1.,0.));
#5984=DIRECTION('',(-1.,0.,0.));
#5985=DIRECTION('',(0.,0.,1.));
#5986=DIRECTION('',(2.96733888095732E-16,-1.,-1.48366944047866E-16));
#5987=DIRECTION('',(1.,2.96733888095732E-16,0.));
#5988=DIRECTION('',(0.447213595499958,0.,0.894427190999916));
#5989=DIRECTION('',(0.894427190999916,3.31758572504936E-16,-0.447213595499958));
#5990=DIRECTION('',(-0.447213595499958,0.,-0.894427190999916));
#5991=DIRECTION('',(2.96733888095732E-16,-1.,-1.48366944047866E-16));
#5992=DIRECTION('',(1.,2.96733888095732E-16,0.));
#5993=DIRECTION('',(0.,-1.,0.));
#5994=DIRECTION('',(0.,0.,-1.));
#5995=DIRECTION('',(0.447213595499958,0.,0.894427190999916));
#5996=DIRECTION('',(-0.894427190999916,0.,0.447213595499958));
#5997=DIRECTION('',(0.447213595499958,0.,0.894427190999916));
#5998=DIRECTION('',(0.,-1.,0.));
#5999=DIRECTION('',(0.,0.,-1.));
#6000=DIRECTION('',(0.,-1.,0.));
#6001=DIRECTION('',(0.,0.,-1.));
#6002=DIRECTION('',(0.,-1.,0.));
#6003=DIRECTION('',(0.,0.,-1.));
#6004=DIRECTION('',(0.,-1.,0.));
#6005=DIRECTION('',(0.,0.,-1.));
#6006=DIRECTION('',(0.,1.,0.));
#6007=DIRECTION('',(0.,0.,1.));
#6008=DIRECTION('',(0.,1.,0.));
#6009=DIRECTION('',(0.,0.,1.));
#6010=DIRECTION('',(0.,1.,0.));
#6011=DIRECTION('',(0.,0.,1.));
#6012=DIRECTION('',(0.982872186934322,0.,0.184288535050185));
#6013=DIRECTION('',(0.184288535050185,0.,-0.982872186934322));
#6014=DIRECTION('',(0.184288535050185,0.,-0.982872186934322));
#6015=DIRECTION('',(0.,-1.,0.));
#6016=DIRECTION('',(0.184288535050185,0.,-0.982872186934322));
#6017=DIRECTION('',(-0.130311672828921,0.707106781186548,0.694995588420911));
#6018=DIRECTION('',(-0.130311672828921,-0.707106781186548,0.694995588420911));
#6019=DIRECTION('',(0.,-1.,0.));
#6020=DIRECTION('',(0.,0.,-1.));
#6021=DIRECTION('',(-0.982872186934322,0.,-0.184288535050185));
#6022=DIRECTION('',(0.982872186934322,0.,0.184288535050185));
#6023=DIRECTION('',(0.,-1.,0.));
#6024=DIRECTION('',(0.,0.,-1.));
#6025=DIRECTION('',(0.982872186934322,0.,0.184288535050185));
#6026=DIRECTION('',(-0.982872186934322,0.,-0.184288535050185));
#6027=DIRECTION('',(-0.184288535050185,0.,0.982872186934322));
#6028=DIRECTION('',(0.982872186934322,0.,0.184288535050185));
#6029=DIRECTION('',(0.982872186934322,0.,0.184288535050185));
#6030=DIRECTION('',(0.,1.,0.));
#6031=DIRECTION('',(-0.982872186934322,0.,-0.184288535050185));
#6032=DIRECTION('',(-1.46633229667473E-15,-1.,-2.74937305626513E-16));
#6033=DIRECTION('',(0.130311672828921,-0.707106781186548,-0.694995588420911));
#6034=DIRECTION('',(-0.982872186934322,0.,-0.184288535050185));
#6035=DIRECTION('',(-0.130311672828921,-0.707106781186548,0.694995588420911));
#6036=DIRECTION('',(0.982872186934322,0.,0.184288535050185));
#6037=DIRECTION('',(-0.825307261249833,1.05492201756731E-15,0.564683915591988));
#6038=DIRECTION('',(1.46633229667473E-15,1.,2.74937305626513E-16));
#6039=DIRECTION('',(-0.46106248638574,-0.577350269189626,-0.673860557025314));
#6040=DIRECTION('',(0.461062486385738,-0.577350269189627,0.673860557025314));
#6041=DIRECTION('',(-0.130311672828921,0.707106781186548,0.694995588420911));
#6042=DIRECTION('',(0.982872186934322,0.,0.184288535050185));
#6043=DIRECTION('',(-0.673860557025314,-0.577350269189625,0.46106248638574));
#6044=DIRECTION('',(0.130311672828921,0.707106781186548,-0.694995588420911));
#6045=DIRECTION('',(-0.982872186934322,0.,-0.184288535050185));
#6046=DIRECTION('',(-0.673860557025314,0.577350269189625,0.46106248638574));
#6047=DIRECTION('',(-0.56468391559199,0.,-0.825307261249832));
#6048=DIRECTION('',(0.,-1.,0.));
#6049=DIRECTION('',(-8.70634801150627E-16,-1.,5.9569749552411E-16));
#6050=DIRECTION('',(1.,-8.70634801150627E-16,0.));
#6051=DIRECTION('',(0.564683915591988,-1.75679806963088E-31,0.825307261249833));
#6052=DIRECTION('',(-0.982872186934322,1.49188502448968E-15,-0.184288535050185));
#6053=DIRECTION('',(0.184288535050185,-7.45942512244839E-16,-0.982872186934322));
#6054=DIRECTION('',(-0.982872186934322,1.49188502448968E-15,-0.184288535050185));
#6055=DIRECTION('',(-8.70634801150627E-16,-1.,5.9569749552411E-16));
#6056=DIRECTION('',(1.,-8.70634801150627E-16,0.));
#6057=DIRECTION('',(-0.982872186934322,1.49188502448968E-15,-0.184288535050185));
#6058=DIRECTION('',(0.184288535050185,-7.45942512244839E-16,-0.982872186934322));
#6059=DIRECTION('',(-0.982872186934322,1.49188502448968E-15,-0.184288535050185));
#6060=DIRECTION('',(0.564683915591988,-1.75679806963088E-31,0.825307261249833));
#6061=DIRECTION('',(-0.825307261249833,1.05492201756731E-15,0.564683915591988));
#6062=DIRECTION('',(-8.70634801150627E-16,-1.,5.9569749552411E-16));
#6063=DIRECTION('',(-9.76536578132689E-16,-1.,4.40917975319557E-16));
#6064=DIRECTION('',(-0.184288535050185,1.43978745220591E-15,0.982872186934322));
#6065=DIRECTION('',(0.982872186934322,0.,0.184288535050185));
#6066=DIRECTION('',(1.7316686170254E-15,1.,-1.14018973624371E-15));
#6067=DIRECTION('',(-0.184288535050185,1.22666102013596E-15,0.982872186934322));
#6068=DIRECTION('',(0.982872186934322,0.,0.184288535050185));
#6069=DIRECTION('',(1.69239185907875E-15,1.,-9.30713693861601E-16));
#6070=DIRECTION('',(-0.982872186934322,1.49188502448968E-15,-0.184288535050185));
#6071=DIRECTION('',(-1.46633229667473E-15,-1.,-2.74937305626513E-16));
#6072=CARTESIAN_POINT('',(0.,0.,0.));
#6073=CARTESIAN_POINT('',(-16.5655085960748,1.25,-12.8911276879779));
#6074=CARTESIAN_POINT('',(-17.4408791375632,-11.75,-8.22248480003991));
#6075=CARTESIAN_POINT('',(-17.3487348700381,-11.75,-8.71392089350708));
#6076=CARTESIAN_POINT('',(-17.0723020674629,-11.75,-10.1882291739086));
#6077=CARTESIAN_POINT('',(-17.3487348700381,-6.75,-8.71392089350708));
#6078=CARTESIAN_POINT('',(-17.3487348700381,-6.75,-8.71392089350708));
#6079=CARTESIAN_POINT('',(-17.4408791375632,-6.75,-8.22248480003991));
#6080=CARTESIAN_POINT('',(-17.0723020674629,-6.75,-10.1882291739086));
#6081=CARTESIAN_POINT('',(-16.0817511915681,-1.375,-15.4711671786806));
#6082=CARTESIAN_POINT('',(-16.9801577999377,-6.25,-10.6796652673757));
#6083=CARTESIAN_POINT('',(-16.9801577999377,-9.25,-10.6796652673757));
#6084=CARTESIAN_POINT('',(-16.9801577999377,1.25,-10.6796652673757));
#6085=CARTESIAN_POINT('',(-16.5655085960748,1.25,-12.8911276879779));
#6086=CARTESIAN_POINT('',(-16.5655085960748,3.5,-12.8911276879779));
#6087=CARTESIAN_POINT('',(-14.5341365675751,3.50000000000006,-23.7251118399763));
#6088=CARTESIAN_POINT('',(-14.9947262463154,3.5,-21.2686335533612));
#6089=CARTESIAN_POINT('',(-14.9947262463154,3.25,-21.2686335533613));
#6090=CARTESIAN_POINT('',(-14.9947262463154,3.25000000000005,-21.2686335533612));
#6091=CARTESIAN_POINT('',(-14.5341365675751,3.25000000000006,-23.7251118399763));
#6092=CARTESIAN_POINT('',(-16.5655085960748,3.25,-12.8911276879779));
#6093=CARTESIAN_POINT('',(-16.5655085960748,1.25,-12.8911276879779));
#6094=CARTESIAN_POINT('',(-16.9340856661752,1.25,-10.9253833141093));
#6095=CARTESIAN_POINT('',(-16.9340856661752,-21.75,-10.9253833141093));
#6096=CARTESIAN_POINT('',(-16.9340856661752,-19.75,-10.9253833141093));
#6097=CARTESIAN_POINT('',(-16.5655085960748,-19.75,-12.8911276879779));
#6098=CARTESIAN_POINT('',(-16.5655085960748,-21.75,-12.8911276879779));
#6099=CARTESIAN_POINT('',(-14.5341365675751,-21.75,-23.7251118399764));
#6100=CARTESIAN_POINT('',(-14.9947262463154,-21.75,-21.2686335533613));
#6101=CARTESIAN_POINT('',(-14.9947262463154,-21.75,-21.2686335533613));
#6102=CARTESIAN_POINT('',(-14.9947262463154,-22.,-21.2686335533613));
#6103=CARTESIAN_POINT('',(-14.5341365675751,-22.,-23.7251118399764));
#6104=CARTESIAN_POINT('',(-16.5655085960748,-22.,-12.8911276879779));
#6105=CARTESIAN_POINT('',(-16.5655085960748,-19.75,-12.8911276879779));
#6106=CARTESIAN_POINT('',(-16.9801577999377,-19.75,-10.6796652673757));
#6107=CARTESIAN_POINT('',(-16.9801577999377,-9.25,-10.6796652673757));
#6108=CARTESIAN_POINT('',(-16.9801577999377,-12.25,-10.6796652673757));
#6109=CARTESIAN_POINT('',(-18.0167808095951,-6.625,-5.15100921587016));
#6110=CARTESIAN_POINT('',(-16.5655085960748,-7.,-12.8911276879779));
#6111=CARTESIAN_POINT('',(-17.2835790336236,-7.,-9.06141868771752));
#6112=CARTESIAN_POINT('',(-17.0229556879658,-7.,-10.4514098645594));
#6113=CARTESIAN_POINT('',(-17.2835790336236,1.25000000000001,-9.06141868771753));
#6114=CARTESIAN_POINT('',(-17.2835790336236,-11.5,-9.06141868771752));
#6115=CARTESIAN_POINT('',(-16.5655085960748,-11.5,-12.8911276879779));
#6116=CARTESIAN_POINT('',(-17.0229556879658,-11.5,-10.4514098645593));
#6117=CARTESIAN_POINT('',(-17.0229556879658,-9.25,-10.4514098645593));
#6118=CARTESIAN_POINT('',(-9.04607213376254,-21.75,-9.19202420496787));
#6119=CARTESIAN_POINT('',(-10.9893119272391,-6.75,-9.55638166624472));
#6120=CARTESIAN_POINT('',(-9.76072169357118,-6.75,-9.32602099743199));
#6121=CARTESIAN_POINT('',(-12.217902160907,-6.75,-9.78674233505746));
#6122=CARTESIAN_POINT('',(-9.76072169357118,-9.25,-9.32602099743199));
#6123=CARTESIAN_POINT('',(-9.76072169357118,-11.75,-9.32602099743199));
#6124=CARTESIAN_POINT('',(-10.9893119272391,-11.75,-9.55638166624472));
#6125=CARTESIAN_POINT('',(-12.217902160907,-11.75,-9.78674233505746));
#6126=CARTESIAN_POINT('',(-12.217902160907,-9.25,-9.78674233505746));
#6127=CARTESIAN_POINT('',(-10.9893119272391,-3.75,-9.55638166624472));
#6128=CARTESIAN_POINT('',(-9.76072169357118,-3.75,-9.32602099743199));
#6129=CARTESIAN_POINT('',(-12.217902160907,-3.75,-9.78674233505746));
#6130=CARTESIAN_POINT('',(-9.76072169357118,-5.,-9.32602099743199));
#6131=CARTESIAN_POINT('',(-9.76072169357118,-6.25,-9.32602099743199));
#6132=CARTESIAN_POINT('',(-10.9893119272391,-6.25,-9.55638166624472));
#6133=CARTESIAN_POINT('',(-12.217902160907,-6.25,-9.78674233505746));
#6134=CARTESIAN_POINT('',(-12.217902160907,-5.,-9.78674233505746));
#6135=CARTESIAN_POINT('',(-10.9893119272391,-12.25,-9.55638166624472));
#6136=CARTESIAN_POINT('',(-12.217902160907,-12.25,-9.78674233505746));
#6137=CARTESIAN_POINT('',(-9.76072169357118,-12.25,-9.32602099743199));
#6138=CARTESIAN_POINT('',(-9.76072169357118,-13.5,-9.32602099743199));
#6139=CARTESIAN_POINT('',(-9.76072169357118,-14.75,-9.32602099743199));
#6140=CARTESIAN_POINT('',(-10.9893119272391,-14.75,-9.55638166624472));
#6141=CARTESIAN_POINT('',(-12.217902160907,-14.75,-9.78674233505746));
#6142=CARTESIAN_POINT('',(-12.217902160907,-13.5,-9.78674233505746));
#6143=CARTESIAN_POINT('',(-9.04607213376254,-6.25,-9.19202420496787));
#6144=CARTESIAN_POINT('',(-13.4084660706647,-6.25,-10.009973068137));
#6145=CARTESIAN_POINT('',(-13.4084660706647,-10.5,-10.009973068137));
#6146=CARTESIAN_POINT('',(-13.4084660706647,-12.25,-10.009973068137));
#6147=CARTESIAN_POINT('',(-16.9801577999377,-12.25,-10.6796652673757));
#6148=CARTESIAN_POINT('',(-9.04607213376254,-19.75,-9.19202420496787));
#6149=CARTESIAN_POINT('',(-12.217902160907,-19.75,-9.78674233505746));
#6150=CARTESIAN_POINT('',(-12.217902160907,-17.5,-9.78674233505746));
#6151=CARTESIAN_POINT('',(-12.217902160907,-15.25,-9.78674233505746));
#6152=CARTESIAN_POINT('',(-10.9893119272391,-15.25,-9.55638166624472));
#6153=CARTESIAN_POINT('',(-9.76072169357119,-15.25,-9.32602099743199));
#6154=CARTESIAN_POINT('',(-9.76072169357118,-17.5,-9.32602099743199));
#6155=CARTESIAN_POINT('',(-9.76072169357118,-19.75,-9.32602099743199));
#6156=CARTESIAN_POINT('',(-9.04607213376254,-19.75,-9.19202420496787));
#6157=CARTESIAN_POINT('',(-5.65640405629435,-19.75,-8.55646144044259));
#6158=CARTESIAN_POINT('',(-9.04607213376254,-19.75,-9.19202420496787));
#6159=CARTESIAN_POINT('',(-4.99846605454044,-19.75,-8.43309806511373));
#6160=CARTESIAN_POINT('',(-4.99846605454044,-21.75,-8.43309806511373));
#6161=CARTESIAN_POINT('',(-4.99846605454044,-15.7043874831538,-8.43309806511373));
#6162=CARTESIAN_POINT('',(-4.02519474147011,-14.25,-8.25060969391304));
#6163=CARTESIAN_POINT('',(-5.77519474147011,-14.25,-8.57873469391304));
#6164=CARTESIAN_POINT('',(-5.77519474147011,-21.75,-8.57873469391304));
#6165=CARTESIAN_POINT('',(-5.7751947414701,-4.25,-8.57873469391304));
#6166=CARTESIAN_POINT('',(-4.02519474147011,-4.25,-8.25060969391304));
#6167=CARTESIAN_POINT('',(-4.99846605454044,-2.79561251684623,-8.43309806511373));
#6168=CARTESIAN_POINT('',(-4.99846605454044,-21.75,-8.43309806511373));
#6169=CARTESIAN_POINT('',(-4.99846605454044,1.25,-8.43309806511373));
#6170=CARTESIAN_POINT('',(-9.04607213376254,1.25,-9.19202420496787));
#6171=CARTESIAN_POINT('',(-5.65640405629434,1.25,-8.55646144044258));
#6172=CARTESIAN_POINT('',(-9.04607213376254,1.25,-9.19202420496787));
#6173=CARTESIAN_POINT('',(-9.76072169357118,1.25,-9.32602099743199));
#6174=CARTESIAN_POINT('',(-9.76072169357118,-1.,-9.32602099743199));
#6175=CARTESIAN_POINT('',(-9.76072169357118,-3.25,-9.32602099743199));
#6176=CARTESIAN_POINT('',(-10.9893119272391,-3.25,-9.55638166624472));
#6177=CARTESIAN_POINT('',(-12.217902160907,-3.25,-9.78674233505746));
#6178=CARTESIAN_POINT('',(-12.217902160907,-1.,-9.78674233505746));
#6179=CARTESIAN_POINT('',(-12.217902160907,1.25,-9.78674233505746));
#6180=CARTESIAN_POINT('',(-9.04607213376254,1.25,-9.19202420496787));
#6181=CARTESIAN_POINT('',(1.24598364657195,-21.75,-16.75));
#6182=CARTESIAN_POINT('',(-4.93991958093684,-21.75,-29.1218064550176));
#6183=CARTESIAN_POINT('',(-13.7499957229681,-21.75,-24.7167683840019));
#6184=CARTESIAN_POINT('',(-14.3483714522754,-21.75,-24.4175805193484));
#6185=CARTESIAN_POINT('',(-15.5504479713421,-21.75,-25.0543531805721));
#6186=CARTESIAN_POINT('',(-13.9321786723434,-21.75,-24.7509276870098));
#6187=CARTESIAN_POINT('',(-18.650884444342,-21.75,-20.9715079566131));
#6188=CARTESIAN_POINT('',(-12.0817370540564,-21.75,-17.7028256976356));
#6189=CARTESIAN_POINT('',(-13.0021146260366,-21.75,-23.9726749437178));
#6190=CARTESIAN_POINT('',(-13.0130204758849,-21.75,-24.0469684038485));
#6191=CARTESIAN_POINT('',(-13.0344065859377,-21.7342913882913,-24.1926560977616));
#6192=CARTESIAN_POINT('',(-13.075937080619,-21.6406636908163,-24.4755725319452));
#6193=CARTESIAN_POINT('',(-13.1025514622337,-21.5050831047627,-24.6568765593162));
#6194=CARTESIAN_POINT('',(-13.1167885776978,-21.3941398069984,-24.7538634594497));
#6195=CARTESIAN_POINT('',(-13.0021146260366,-21.75,-23.9726749437178));
#6196=CARTESIAN_POINT('',(-13.1167885776978,-21.3941398069984,-24.7538634594497));
#6197=CARTESIAN_POINT('',(-13.1167885776978,-21.75,-24.7538634594497));
#6198=CARTESIAN_POINT('',(-13.1167885776978,-21.6633249231202,-24.7538634594497));
#6199=CARTESIAN_POINT('',(-12.9349614870914,-19.75,-23.5152104526158));
#6200=CARTESIAN_POINT('',(-13.0932675040063,-21.75,-24.5936318429466));
#6201=CARTESIAN_POINT('',(-11.6636832793637,-21.75,-14.8549356317793));
#6202=CARTESIAN_POINT('',(-12.0817370540564,3.25,-17.7028256976356));
#6203=CARTESIAN_POINT('',(-11.0212064236151,3.25,-10.478217693104));
#6204=CARTESIAN_POINT('',(-13.0932675040063,3.25,-24.5936318429466));
#6205=CARTESIAN_POINT('',(-13.0021146260366,3.25,-23.9726749437178));
#6206=CARTESIAN_POINT('',(-12.9349614870914,1.25,-23.5152104526158));
#6207=CARTESIAN_POINT('',(-13.1167885776978,3.16332492312018,-24.7538634594497));
#6208=CARTESIAN_POINT('',(-13.1167885776978,3.25,-24.7538634594497));
#6209=CARTESIAN_POINT('',(-13.1167885776974,2.89413980699836,-24.7538634594498));
#6210=CARTESIAN_POINT('',(-13.1167885776978,2.89413980699832,-24.7538634594498));
#6211=CARTESIAN_POINT('',(-13.0881424547773,3.11736587782608,-24.5587186866257));
#6212=CARTESIAN_POINT('',(-13.0456887256482,3.25,-24.2695129414224));
#6213=CARTESIAN_POINT('',(-13.0021146260366,3.25,-23.9726749437178));
#6214=CARTESIAN_POINT('',(-6.7019104034337,1.25,-22.3465133744299));
#6215=CARTESIAN_POINT('',(-12.2911158209586,1.25,-23.3944893902158));
#6216=CARTESIAN_POINT('',(-13.,3.11218160617805,-24.8122577482986));
#6217=CARTESIAN_POINT('',(-13.111803398875,2.96026354301566,-25.0358645460485));
#6218=CARTESIAN_POINT('',(-14.8688764720181,1.25,-23.8778195122895));
#6219=CARTESIAN_POINT('',(-15.5504479713421,3.25,-25.0543531805721));
#6220=CARTESIAN_POINT('',(-13.3434379088772,3.25,-24.6405387938599));
#6221=CARTESIAN_POINT('',(-14.8688764720181,1.25,-23.8778195122895));
#6222=CARTESIAN_POINT('',(-13.3873012688493,3.265,-24.6186071138739));
#6223=CARTESIAN_POINT('',(-15.207643910259,3.265,-24.9599213591382));
#6224=CARTESIAN_POINT('',(-13.7938590829402,3.265,-24.6948367040159));
#6225=CARTESIAN_POINT('',(-15.275434286109,1.25,-23.9540491024315));
#6226=CARTESIAN_POINT('',(-13.7499957229681,3.25,-24.716768384002));
#6227=CARTESIAN_POINT('',(-15.5504479713421,3.25,-25.0543531805721));
#6228=CARTESIAN_POINT('',(-13.9321786723434,3.25,-24.7509276870098));
#6229=CARTESIAN_POINT('',(-14.993178450767,1.25,-23.9011261333049));
#6230=CARTESIAN_POINT('',(-14.993178450767,3.5,-23.9011261333049));
#6231=CARTESIAN_POINT('',(-6.7019104034337,3.5,-22.3465133744299));
#6232=CARTESIAN_POINT('',(-3.74610433030716,3.5,-21.7922997357187));
#6233=CARTESIAN_POINT('',(-3.74610433030716,1.25,-21.7922997357187));
#6234=CARTESIAN_POINT('',(-3.65673695871161,1.25,-24.0647524998711));
#6235=CARTESIAN_POINT('',(-6.28726119957079,1.25,-24.5579757950321));
#6236=CARTESIAN_POINT('',(-8.97676495032503,1.25,-25.0622577482985));
#6237=CARTESIAN_POINT('',(-21.1858803973998,1.25,-25.0622577482985));
#6238=CARTESIAN_POINT('',(-13.0590169943749,2.9291162557178,-25.0622577482985));
#6239=CARTESIAN_POINT('',(-15.275434286109,1.25,-23.9540491024315));
#6240=CARTESIAN_POINT('',(-13.116184179717,2.88967737039166,-24.7581594112442));
#6241=CARTESIAN_POINT('',(-12.9281977365243,3.25001130646437,-24.4971601322205));
#6242=CARTESIAN_POINT('',(-12.7152551925337,3.22780839403223,-24.0641906464607));
#6243=CARTESIAN_POINT('',(-13.27288784962,2.90354363344876,-24.6899335964093));
#6244=CARTESIAN_POINT('',(-13.1219281194685,3.26501488797483,-24.4240504278419));
#6245=CARTESIAN_POINT('',(-12.9111364689401,3.25828539055694,-24.0016993682561));
#6246=CARTESIAN_POINT('',(-13.4311428327995,2.89186325716197,-24.6209847117606));
#6247=CARTESIAN_POINT('',(-13.3171714015225,3.2488919249571,-24.3502501234085));
#6248=CARTESIAN_POINT('',(-13.1115516328653,3.25729710834251,-23.9377616607079));
#6249=CARTESIAN_POINT('',(-13.5839005040244,2.85554031234948,-24.554376016693));
#6250=CARTESIAN_POINT('',(-13.50524304338,3.2029140414294,-24.2790280429655));
#6251=CARTESIAN_POINT('',(-13.3071438418616,3.22488968761793,-23.875362602609));
#6252=CARTESIAN_POINT('',(-13.1167885776974,2.89413980699837,-24.7538634594499));
#6253=CARTESIAN_POINT('',(-13.1471926685018,2.89893017605483,-24.7386614140476));
#6254=CARTESIAN_POINT('',(-13.1776610031537,2.90272086692609,-24.7234272467217));
#6255=CARTESIAN_POINT('',(-13.20819306062,2.90551998723992,-24.7081612179885));
#6256=CARTESIAN_POINT('',(-13.20819306062,2.90551998723992,-24.7081612179886));
#6257=CARTESIAN_POINT('',(-13.2872337505084,3.22807832741364,-23.8817144453203));
#6258=CARTESIAN_POINT('',(-13.3431782371721,3.22107696795054,-23.9399190781039));
#6259=CARTESIAN_POINT('',(-13.4014278799715,3.19583843119299,-24.0931821809867));
#6260=CARTESIAN_POINT('',(-13.3862175079688,3.12398031910444,-24.3246968410466));
#6261=CARTESIAN_POINT('',(-13.3166808043561,3.02630793810421,-24.5318846014833));
#6262=CARTESIAN_POINT('',(-13.2468967341394,2.94759142126712,-24.6522689205192));
#6263=CARTESIAN_POINT('',(-13.20819306062,2.90551998723992,-24.7081612179886));
#6264=CARTESIAN_POINT('',(-13.2872337505084,3.22807832741364,-23.8817144453203));
#6265=CARTESIAN_POINT('',(-13.0021146260366,1.25,-23.9726749437178));
#6266=CARTESIAN_POINT('',(-14.,-21.75,-24.3122577482986));
#6267=CARTESIAN_POINT('',(-14.8707385121226,1.25,-23.8768884922372));
#6268=CARTESIAN_POINT('',(-14.8707385121226,3.25,-23.8768884922372));
#6269=CARTESIAN_POINT('',(-14.8707385121226,-1.31,-23.8768884922372));
#6270=CARTESIAN_POINT('',(-13.9353692560613,-1.31,-24.3445731202679));
#6271=CARTESIAN_POINT('',(-13.,-1.31,-24.8122577482986));
#6272=CARTESIAN_POINT('',(-13.,-21.75,-24.8122577482986));
#6273=CARTESIAN_POINT('',(-13.,2.80087727895791,-24.8122577482986));
#6274=CARTESIAN_POINT('',(-14.8688764720181,1.25,-23.8778195122895));
#6275=CARTESIAN_POINT('',(-13.,3.265,-24.8122577482986));
#6276=CARTESIAN_POINT('',(-13.,3.265,-24.8122577482986));
#6277=CARTESIAN_POINT('',(-13.9353692560613,3.265,-24.3445731202679));
#6278=CARTESIAN_POINT('',(-18.9320369997884,3.25,-21.8462392484044));
#6279=CARTESIAN_POINT('',(-13.9437203371877,-21.75,-23.5018720881423));
#6280=CARTESIAN_POINT('',(-14.3909339326877,1.25,-24.3962992791422));
#6281=CARTESIAN_POINT('',(-14.3909339326877,-1.31,-24.3962992791422));
#6282=CARTESIAN_POINT('',(-14.3909339326877,3.265,-24.3962992791422));
#6283=CARTESIAN_POINT('',(-13.9437203371877,-1.31,-23.5018720881423));
#6284=CARTESIAN_POINT('',(-13.9437203371877,3.25,-23.5018720881423));
#6285=CARTESIAN_POINT('',(-14.7454798513449,3.25,-24.0995188746796));
#6286=CARTESIAN_POINT('',(-14.7454798513449,3.265,-24.0995188746796));
#6287=CARTESIAN_POINT('',(-14.7454798513449,3.265,-24.0995188746796));
#6288=CARTESIAN_POINT('',(-13.9437203371877,3.265,-23.5018720881423));
#6289=CARTESIAN_POINT('',(6.8856816238215,-16.,-27.5));
#6290=CARTESIAN_POINT('',(4.56607030360381,-16.,-17.2243580277559));
#6291=CARTESIAN_POINT('',(5.1400120929033,-16.,-23.1976951739106));
#6292=CARTESIAN_POINT('',(3.99212851430432,-16.,-11.2510208816012));
#6293=CARTESIAN_POINT('',(-0.0165331135828981,-16.,-10.4492885560238));
#6294=CARTESIAN_POINT('',(-4.02519474147011,-16.,-9.64755623044635));
#6295=CARTESIAN_POINT('',(-4.02519474147011,-16.,-27.5));
#6296=CARTESIAN_POINT('',(-4.02519474147011,-16.,-8.62775232772779));
#6297=CARTESIAN_POINT('',(12.5490290337845,-16.,-11.9425970827787));
#6298=CARTESIAN_POINT('',(12.7956977032969,-16.,-11.9919308166812));
#6299=CARTESIAN_POINT('',(15.8102939234747,-16.,-25.5097271958855));
#6300=CARTESIAN_POINT('',(13.0337407724087,-16.,-13.0593433332221));
#6301=CARTESIAN_POINT('',(9.02507914452152,-16.,-12.2576110076447));
#6302=CARTESIAN_POINT('',(5.01641751663431,-16.,-11.4558786820672));
#6303=CARTESIAN_POINT('',(5.58085415148329,-16.,-17.3302903043836));
#6304=CARTESIAN_POINT('',(6.14529078633227,-16.,-23.2047019266999));
#6305=CARTESIAN_POINT('',(10.727894203519,-16.,-23.2366424915259));
#6306=CARTESIAN_POINT('',(15.3104976207057,-16.,-23.268583056352));
#6307=CARTESIAN_POINT('',(15.8102939234747,-16.,-25.5097271958855));
#6308=CARTESIAN_POINT('',(15.5338596656209,-16.,-24.270164170863));
#6309=CARTESIAN_POINT('',(12.6866914038437,-16.,-24.498954477613));
#6310=CARTESIAN_POINT('',(5.66333336367371,-16.,-25.0633314629838));
#6311=CARTESIAN_POINT('',(0.973366719091435,-16.,-24.5608350367785));
#6312=CARTESIAN_POINT('',(-3.65673695871161,-16.,-24.0647524998711));
#6313=CARTESIAN_POINT('',(-6.28726119957079,-16.,-24.5579757950321));
#6314=CARTESIAN_POINT('',(-4.02519474147011,-16.,-24.1338383341383));
#6315=CARTESIAN_POINT('',(-4.02519474147011,-16.,-27.5));
#6316=CARTESIAN_POINT('',(-4.02519474147011,-16.,-23.1338140442585));
#6317=CARTESIAN_POINT('',(0.557408675716593,-16.,-23.1657546090845));
#6318=CARTESIAN_POINT('',(6.8856816238215,-16.25,-27.5));
#6319=CARTESIAN_POINT('',(9.89919479622445,-16.25,-12.4324341379853));
#6320=CARTESIAN_POINT('',(3.99212851430432,-16.25,-11.2510208816012));
#6321=CARTESIAN_POINT('',(-4.02519474147011,-16.25,-9.64755623044635));
#6322=CARTESIAN_POINT('',(5.56558183229986,-16.25,-27.6268403938806));
#6323=CARTESIAN_POINT('',(5.1400120929033,-16.25,-23.1976951739106));
#6324=CARTESIAN_POINT('',(6.91558226071889,-16.25,-23.2100708278534));
#6325=CARTESIAN_POINT('',(-4.02519474147011,-16.25,-23.1338140442585));
#6326=CARTESIAN_POINT('',(-4.02519474147011,-16.25,-27.5));
#6327=CARTESIAN_POINT('',(-4.02519474147011,-16.25,-23.8794817623242));
#6328=CARTESIAN_POINT('',(-6.33333333333333,-16.25,-24.3122577482986));
#6329=CARTESIAN_POINT('',(-3.66666666666667,-16.25,-23.8122577482986));
#6330=CARTESIAN_POINT('',(1.,-16.25,-24.3122577482986));
#6331=CARTESIAN_POINT('',(5.66666666666667,-16.25,-24.8122577482986));
#6332=CARTESIAN_POINT('',(12.6666666666667,-16.25,-24.2497577482985));
#6333=CARTESIAN_POINT('',(15.4789122702627,-16.25,-24.023773726581));
#6334=CARTESIAN_POINT('',(15.5399191386248,-16.25,-24.2973355451533));
#6335=CARTESIAN_POINT('',(15.3104976207056,-16.25,-23.268583056352));
#6336=CARTESIAN_POINT('',(6.91558226071889,-16.25,-23.2100708278534));
#6337=CARTESIAN_POINT('',(6.14529078633227,-16.25,-23.2047019266999));
#6338=CARTESIAN_POINT('',(6.56099748830961,-16.25,-27.5311969321559));
#6339=CARTESIAN_POINT('',(5.01641751663431,-16.25,-11.4558786820672));
#6340=CARTESIAN_POINT('',(9.89919479622444,-16.25,-12.4324341379853));
#6341=CARTESIAN_POINT('',(13.0337407724087,-16.25,-13.0593433332221));
#6342=CARTESIAN_POINT('',(15.5399191386248,-16.25,-24.2973355451533));
#6343=CARTESIAN_POINT('',(12.8552084705748,-16.25,-12.2587839458164));
#6344=CARTESIAN_POINT('',(12.5,-16.25,-12.1877422517014));
#6345=CARTESIAN_POINT('',(-4.02519474147011,-16.25,-8.88270330340743));
#6346=CARTESIAN_POINT('',(-4.02519474147011,-16.25,-27.5));
#6347=CARTESIAN_POINT('',(-9.,-21.75,-9.43774225170145));
#6348=CARTESIAN_POINT('',(-9.71464955980863,-21.75,-9.57173904416557));
#6349=CARTESIAN_POINT('',(-9.71464955980863,-12.25,-9.57173904416557));
#6350=CARTESIAN_POINT('',(-9.71464955980863,-14.75,-9.57173904416557));
#6351=CARTESIAN_POINT('',(-9.,-12.25,-9.43774225170145));
#6352=CARTESIAN_POINT('',(-12.1718300271444,-12.25,-10.032460381791));
#6353=CARTESIAN_POINT('',(-12.1718300271444,-21.75,-10.032460381791));
#6354=CARTESIAN_POINT('',(-12.1718300271444,-14.75,-10.032460381791));
#6355=CARTESIAN_POINT('',(-9.,-14.75,-9.43774225170145));
#6356=CARTESIAN_POINT('',(-9.71464955980863,-21.75,-9.57173904416557));
#6357=CARTESIAN_POINT('',(-9.71464955980863,-6.75,-9.57173904416557));
#6358=CARTESIAN_POINT('',(-9.71464955980863,-11.75,-9.57173904416557));
#6359=CARTESIAN_POINT('',(-9.,-6.75,-9.43774225170145));
#6360=CARTESIAN_POINT('',(-12.1718300271444,-6.75,-10.032460381791));
#6361=CARTESIAN_POINT('',(-12.1718300271444,-21.75,-10.032460381791));
#6362=CARTESIAN_POINT('',(-12.1718300271444,-11.75,-10.032460381791));
#6363=CARTESIAN_POINT('',(-9.,-11.75,-9.43774225170145));
#6364=CARTESIAN_POINT('',(-9.71464955980863,-21.75,-9.57173904416557));
#6365=CARTESIAN_POINT('',(-9.71464955980863,-3.75,-9.57173904416557));
#6366=CARTESIAN_POINT('',(-9.71464955980863,-6.25,-9.57173904416557));
#6367=CARTESIAN_POINT('',(-9.,-3.75,-9.43774225170145));
#6368=CARTESIAN_POINT('',(-12.1718300271444,-3.75,-10.032460381791));
#6369=CARTESIAN_POINT('',(-12.1718300271444,-21.75,-10.032460381791));
#6370=CARTESIAN_POINT('',(-12.1718300271444,-6.25,-10.032460381791));
#6371=CARTESIAN_POINT('',(-9.,-6.25,-9.43774225170145));
#6372=CARTESIAN_POINT('',(-9.71464955980863,-21.75,-9.57173904416557));
#6373=CARTESIAN_POINT('',(-9.71464955980863,-15.25,-9.57173904416557));
#6374=CARTESIAN_POINT('',(-9.71464955980863,-19.75,-9.57173904416557));
#6375=CARTESIAN_POINT('',(-9.,-15.25,-9.43774225170145));
#6376=CARTESIAN_POINT('',(-12.1718300271444,-15.25,-10.032460381791));
#6377=CARTESIAN_POINT('',(-12.1718300271444,-21.75,-10.032460381791));
#6378=CARTESIAN_POINT('',(-12.1718300271444,-19.75,-10.032460381791));
#6379=CARTESIAN_POINT('',(-9.,-19.75,-9.43774225170145));
#6380=CARTESIAN_POINT('',(-13.,1.25,-10.1877422517014));
#6381=CARTESIAN_POINT('',(-12.1718300271444,1.25,-10.032460381791));
#6382=CARTESIAN_POINT('',(-12.1718300271444,-21.75,-10.032460381791));
#6383=CARTESIAN_POINT('',(-12.1718300271444,-3.25,-10.032460381791));
#6384=CARTESIAN_POINT('',(-9.,-3.25,-9.43774225170145));
#6385=CARTESIAN_POINT('',(-9.71464955980863,-3.25,-9.57173904416557));
#6386=CARTESIAN_POINT('',(-9.71464955980863,-21.75,-9.57173904416557));
#6387=CARTESIAN_POINT('',(-9.71464955980863,1.25,-9.57173904416557));
#6388=CARTESIAN_POINT('',(-13.,1.25,-10.1877422517014));
#6389=CARTESIAN_POINT('',(-5.,1.25,-8.68774225170145));
#6390=CARTESIAN_POINT('',(-5.,-21.75,-8.68774225170145));
#6391=CARTESIAN_POINT('',(-5.,-2.50364530866652,-8.68774225170145));
#6392=CARTESIAN_POINT('',(-4.02519474147011,-4.25,-8.5049662657271));
#6393=CARTESIAN_POINT('',(-6.0251947414701,-4.25,-8.8799662657271));
#6394=CARTESIAN_POINT('',(-6.02519474147011,-21.75,-8.8799662657271));
#6395=CARTESIAN_POINT('',(-6.02519474147011,-14.25,-8.8799662657271));
#6396=CARTESIAN_POINT('',(-4.02519474147011,-14.25,-8.5049662657271));
#6397=CARTESIAN_POINT('',(-5.,-15.9963546913335,-8.68774225170145));
#6398=CARTESIAN_POINT('',(-5.,-21.75,-8.68774225170145));
#6399=CARTESIAN_POINT('',(-5.,-19.75,-8.68774225170145));
#6400=CARTESIAN_POINT('',(-9.,-19.75,-9.43774225170145));
#6401=CARTESIAN_POINT('',(-7.08529302512847,-21.75,-9.07873469391304));
#6402=CARTESIAN_POINT('',(-7.08529302512847,-9.75,-9.07873469391304));
#6403=CARTESIAN_POINT('',(-7.08529302512847,-14.25,-9.07873469391304));
#6404=CARTESIAN_POINT('',(-9.,-9.75,-9.43774225170145));
#6405=CARTESIAN_POINT('',(-8.2751947414701,-9.75,-9.3018412657271));
#6406=CARTESIAN_POINT('',(-8.27519474147011,-21.75,-9.3018412657271));
#6407=CARTESIAN_POINT('',(-8.27519474147011,-14.25,-9.3018412657271));
#6408=CARTESIAN_POINT('',(-9.,-14.25,-9.43774225170145));
#6409=CARTESIAN_POINT('',(-7.08529302512847,-21.75,-9.07873469391304));
#6410=CARTESIAN_POINT('',(-7.08529302512847,-4.25,-9.07873469391304));
#6411=CARTESIAN_POINT('',(-7.08529302512847,-8.75,-9.07873469391304));
#6412=CARTESIAN_POINT('',(-9.,-4.25,-9.43774225170145));
#6413=CARTESIAN_POINT('',(-8.2751947414701,-4.25,-9.3018412657271));
#6414=CARTESIAN_POINT('',(-8.27519474147011,-21.75,-9.3018412657271));
#6415=CARTESIAN_POINT('',(-8.2751947414701,-8.75,-9.3018412657271));
#6416=CARTESIAN_POINT('',(-9.,-8.75,-9.43774225170145));
#6417=CARTESIAN_POINT('',(-5.77519474147011,-9.25,-27.5));
#6418=CARTESIAN_POINT('',(-5.77519474147011,-9.75,-14.5349454339975));
#6419=CARTESIAN_POINT('',(-5.77519474147011,-9.75,-16.0203490140257));
#6420=CARTESIAN_POINT('',(-5.77519474147011,-9.75,-13.0495418539693));
#6421=CARTESIAN_POINT('',(-5.77519474147011,-12.,-16.0203490140257));
#6422=CARTESIAN_POINT('',(-5.77519474147011,-14.25,-16.0203490140257));
#6423=CARTESIAN_POINT('',(-5.77519474147011,-14.25,-27.5));
#6424=CARTESIAN_POINT('',(-5.77519474147011,-14.25,-17.0203490140256));
#6425=CARTESIAN_POINT('',(-5.77519474147011,-12.,-17.0203490140256));
#6426=CARTESIAN_POINT('',(-5.77519474147011,-9.75,-17.0203490140256));
#6427=CARTESIAN_POINT('',(-5.77519474147011,-9.75,-18.5057525940538));
#6428=CARTESIAN_POINT('',(-5.77519474147011,-9.75,-19.9911561740819));
#6429=CARTESIAN_POINT('',(-5.77519474147011,-12.,-19.9911561740819));
#6430=CARTESIAN_POINT('',(-5.77519474147011,-14.25,-19.9911561740819));
#6431=CARTESIAN_POINT('',(-5.77519474147011,-14.25,-27.5));
#6432=CARTESIAN_POINT('',(-5.77519474147011,-14.25,-20.9911561740819));
#6433=CARTESIAN_POINT('',(-5.77519474147011,-12.,-20.9911561740819));
#6434=CARTESIAN_POINT('',(-5.77519474147011,-9.75,-20.9911561740819));
#6435=CARTESIAN_POINT('',(-5.77519474147011,-9.75,-22.4765597541101));
#6436=CARTESIAN_POINT('',(-5.77519474147011,-9.75,-23.9619633341383));
#6437=CARTESIAN_POINT('',(-5.77519474147011,-12.,-23.9619633341383));
#6438=CARTESIAN_POINT('',(-5.77519474147011,-14.25,-23.9619633341383));
#6439=CARTESIAN_POINT('',(-5.77519474147011,-14.25,-27.5));
#6440=CARTESIAN_POINT('',(-5.77519474147011,-14.25,-24.4619633341383));
#6441=CARTESIAN_POINT('',(-5.77519474147011,-21.75,-24.4619633341383));
#6442=CARTESIAN_POINT('',(-5.7751947414701,-4.25,-24.4619633341383));
#6443=CARTESIAN_POINT('',(-5.7751947414701,-4.25,-27.5));
#6444=CARTESIAN_POINT('',(-5.7751947414701,-4.25,-23.9619633341383));
#6445=CARTESIAN_POINT('',(-5.7751947414701,-6.5,-23.9619633341383));
#6446=CARTESIAN_POINT('',(-5.77519474147011,-8.75,-23.9619633341383));
#6447=CARTESIAN_POINT('',(-5.77519474147011,-8.75,-22.4765597541101));
#6448=CARTESIAN_POINT('',(-5.77519474147011,-8.75,-20.9911561740819));
#6449=CARTESIAN_POINT('',(-5.7751947414701,-6.5,-20.9911561740819));
#6450=CARTESIAN_POINT('',(-5.7751947414701,-4.25,-20.9911561740819));
#6451=CARTESIAN_POINT('',(-5.7751947414701,-4.25,-27.5));
#6452=CARTESIAN_POINT('',(-5.7751947414701,-4.25,-19.9911561740819));
#6453=CARTESIAN_POINT('',(-5.7751947414701,-6.5,-19.9911561740819));
#6454=CARTESIAN_POINT('',(-5.77519474147011,-8.75,-19.9911561740819));
#6455=CARTESIAN_POINT('',(-5.77519474147011,-8.75,-18.5057525940538));
#6456=CARTESIAN_POINT('',(-5.77519474147011,-8.75,-17.0203490140256));
#6457=CARTESIAN_POINT('',(-5.7751947414701,-6.5,-17.0203490140256));
#6458=CARTESIAN_POINT('',(-5.7751947414701,-4.25,-17.0203490140256));
#6459=CARTESIAN_POINT('',(-5.7751947414701,-4.25,-27.5));
#6460=CARTESIAN_POINT('',(-5.7751947414701,-4.25,-16.0203490140257));
#6461=CARTESIAN_POINT('',(-5.7751947414701,-6.5,-16.0203490140257));
#6462=CARTESIAN_POINT('',(-5.77519474147011,-8.75,-16.0203490140257));
#6463=CARTESIAN_POINT('',(-5.77519474147011,-8.75,-14.5349454339975));
#6464=CARTESIAN_POINT('',(-5.77519474147011,-8.75,-13.0495418539693));
#6465=CARTESIAN_POINT('',(-5.7751947414701,-6.5,-13.0495418539693));
#6466=CARTESIAN_POINT('',(-5.7751947414701,-4.25,-13.0495418539693));
#6467=CARTESIAN_POINT('',(-5.7751947414701,-4.25,-27.5));
#6468=CARTESIAN_POINT('',(-5.7751947414701,-4.25,-12.0495418539693));
#6469=CARTESIAN_POINT('',(-5.7751947414701,-6.5,-12.0495418539693));
#6470=CARTESIAN_POINT('',(-5.77519474147011,-8.75,-12.0495418539693));
#6471=CARTESIAN_POINT('',(-5.77519474147011,-8.75,-10.5641382739412));
#6472=CARTESIAN_POINT('',(-5.77519474147011,-8.75,-9.07873469391304));
#6473=CARTESIAN_POINT('',(-5.7751947414701,-6.5,-9.07873469391304));
#6474=CARTESIAN_POINT('',(-5.7751947414701,-4.25,-9.07873469391304));
#6475=CARTESIAN_POINT('',(-5.7751947414701,-4.25,-27.5));
#6476=CARTESIAN_POINT('',(-5.77519474147011,-14.25,-27.5));
#6477=CARTESIAN_POINT('',(-5.77519474147011,-14.25,-9.07873469391304));
#6478=CARTESIAN_POINT('',(-5.77519474147011,-12.,-9.07873469391304));
#6479=CARTESIAN_POINT('',(-5.77519474147011,-9.75,-9.07873469391304));
#6480=CARTESIAN_POINT('',(-5.77519474147011,-9.75,-10.5641382739412));
#6481=CARTESIAN_POINT('',(-5.77519474147011,-9.75,-12.0495418539693));
#6482=CARTESIAN_POINT('',(-5.77519474147011,-12.,-12.0495418539693));
#6483=CARTESIAN_POINT('',(-5.77519474147011,-14.25,-12.0495418539693));
#6484=CARTESIAN_POINT('',(-5.77519474147011,-14.25,-27.5));
#6485=CARTESIAN_POINT('',(-5.77519474147011,-14.25,-13.0495418539693));
#6486=CARTESIAN_POINT('',(-5.77519474147011,-12.,-13.0495418539693));
#6487=CARTESIAN_POINT('',(-6.02519474147011,-9.25,-27.5));
#6488=CARTESIAN_POINT('',(-6.02519474147011,-8.75,-27.5));
#6489=CARTESIAN_POINT('',(-6.0251947414701,-8.75,-17.0203490140256));
#6490=CARTESIAN_POINT('',(-6.0251947414701,-8.75,-19.9911561740819));
#6491=CARTESIAN_POINT('',(-6.02519474147011,-9.25,-19.9911561740819));
#6492=CARTESIAN_POINT('',(-6.0251947414701,-4.25,-19.9911561740819));
#6493=CARTESIAN_POINT('',(-6.0251947414701,-4.25,-8.8799662657271));
#6494=CARTESIAN_POINT('',(-6.0251947414701,-4.25,-20.9911561740819));
#6495=CARTESIAN_POINT('',(-6.02519474147011,-9.25,-20.9911561740819));
#6496=CARTESIAN_POINT('',(-6.0251947414701,-8.75,-20.9911561740819));
#6497=CARTESIAN_POINT('',(-6.02519474147011,-8.75,-27.5));
#6498=CARTESIAN_POINT('',(-6.0251947414701,-8.75,-23.9619633341383));
#6499=CARTESIAN_POINT('',(-6.02519474147011,-9.25,-23.9619633341383));
#6500=CARTESIAN_POINT('',(-6.0251947414701,-4.25,-23.9619633341383));
#6501=CARTESIAN_POINT('',(-6.0251947414701,-4.25,-8.8799662657271));
#6502=CARTESIAN_POINT('',(-6.0251947414701,-4.25,-24.2544817623242));
#6503=CARTESIAN_POINT('',(-6.02519474147011,-21.75,-24.2544817623242));
#6504=CARTESIAN_POINT('',(-6.02519474147011,-14.25,-24.2544817623242));
#6505=CARTESIAN_POINT('',(-6.02519474147011,-14.25,-27.5));
#6506=CARTESIAN_POINT('',(-6.02519474147011,-14.25,-23.9619633341383));
#6507=CARTESIAN_POINT('',(-6.02519474147011,-9.25,-23.9619633341383));
#6508=CARTESIAN_POINT('',(-6.02519474147011,-9.75,-23.9619633341383));
#6509=CARTESIAN_POINT('',(-6.02519474147011,-9.75,-27.5));
#6510=CARTESIAN_POINT('',(-6.02519474147011,-9.75,-20.9911561740819));
#6511=CARTESIAN_POINT('',(-6.02519474147011,-9.25,-20.9911561740819));
#6512=CARTESIAN_POINT('',(-6.02519474147011,-14.25,-20.9911561740819));
#6513=CARTESIAN_POINT('',(-6.02519474147011,-14.25,-27.5));
#6514=CARTESIAN_POINT('',(-6.02519474147011,-14.25,-19.9911561740819));
#6515=CARTESIAN_POINT('',(-6.02519474147011,-9.25,-19.9911561740819));
#6516=CARTESIAN_POINT('',(-6.02519474147011,-9.75,-19.9911561740819));
#6517=CARTESIAN_POINT('',(-6.02519474147011,-9.75,-27.5));
#6518=CARTESIAN_POINT('',(-6.02519474147011,-9.75,-17.0203490140256));
#6519=CARTESIAN_POINT('',(-6.02519474147011,-9.25,-17.0203490140256));
#6520=CARTESIAN_POINT('',(-6.02519474147011,-14.25,-17.0203490140256));
#6521=CARTESIAN_POINT('',(-6.02519474147011,-14.25,-27.5));
#6522=CARTESIAN_POINT('',(-6.02519474147011,-14.25,-16.0203490140257));
#6523=CARTESIAN_POINT('',(-6.02519474147011,-9.25,-16.0203490140257));
#6524=CARTESIAN_POINT('',(-6.02519474147011,-9.75,-16.0203490140257));
#6525=CARTESIAN_POINT('',(-6.02519474147011,-9.75,-27.5));
#6526=CARTESIAN_POINT('',(-6.02519474147011,-9.75,-13.0495418539693));
#6527=CARTESIAN_POINT('',(-6.02519474147011,-9.25,-13.0495418539693));
#6528=CARTESIAN_POINT('',(-6.02519474147011,-14.25,-13.0495418539693));
#6529=CARTESIAN_POINT('',(-6.02519474147011,-14.25,-27.5));
#6530=CARTESIAN_POINT('',(-6.02519474147011,-14.25,-12.0495418539693));
#6531=CARTESIAN_POINT('',(-6.02519474147011,-9.25,-12.0495418539693));
#6532=CARTESIAN_POINT('',(-6.02519474147011,-9.75,-12.0495418539693));
#6533=CARTESIAN_POINT('',(-6.02519474147011,-9.75,-27.5));
#6534=CARTESIAN_POINT('',(-6.02519474147011,-9.75,-9.07873469391304));
#6535=CARTESIAN_POINT('',(-6.02519474147011,-9.25,-9.07873469391304));
#6536=CARTESIAN_POINT('',(-6.02519474147011,-14.25,-9.07873469391304));
#6537=CARTESIAN_POINT('',(-6.02519474147011,-14.25,-27.5));
#6538=CARTESIAN_POINT('',(-6.0251947414701,-4.25,-8.8799662657271));
#6539=CARTESIAN_POINT('',(-6.0251947414701,-4.25,-9.07873469391304));
#6540=CARTESIAN_POINT('',(-6.02519474147011,-9.25,-9.07873469391304));
#6541=CARTESIAN_POINT('',(-6.0251947414701,-8.75,-9.07873469391304));
#6542=CARTESIAN_POINT('',(-6.02519474147011,-8.75,-27.5));
#6543=CARTESIAN_POINT('',(-6.0251947414701,-8.75,-12.0495418539693));
#6544=CARTESIAN_POINT('',(-6.02519474147011,-9.25,-12.0495418539693));
#6545=CARTESIAN_POINT('',(-6.0251947414701,-4.25,-12.0495418539693));
#6546=CARTESIAN_POINT('',(-6.0251947414701,-4.25,-8.8799662657271));
#6547=CARTESIAN_POINT('',(-6.0251947414701,-4.25,-13.0495418539693));
#6548=CARTESIAN_POINT('',(-6.02519474147011,-9.25,-13.0495418539693));
#6549=CARTESIAN_POINT('',(-6.0251947414701,-8.75,-13.0495418539693));
#6550=CARTESIAN_POINT('',(-6.02519474147011,-8.75,-27.5));
#6551=CARTESIAN_POINT('',(-6.0251947414701,-8.75,-16.0203490140257));
#6552=CARTESIAN_POINT('',(-6.02519474147011,-9.25,-16.0203490140257));
#6553=CARTESIAN_POINT('',(-6.0251947414701,-4.25,-16.0203490140257));
#6554=CARTESIAN_POINT('',(-6.0251947414701,-4.25,-8.8799662657271));
#6555=CARTESIAN_POINT('',(-6.0251947414701,-4.25,-17.0203490140256));
#6556=CARTESIAN_POINT('',(-6.02519474147011,-9.25,-17.0203490140256));
#6557=CARTESIAN_POINT('',(1.24598364657195,3.5,-16.75));
#6558=CARTESIAN_POINT('',(-15.0188447636549,3.5,-19.1051488863717));
#6559=CARTESIAN_POINT('',(-15.0188447636549,3.5,-19.2676488863716));
#6560=CARTESIAN_POINT('',(-15.4115403510947,3.5,-17.0107724200258));
#6561=CARTESIAN_POINT('',(-15.4115403510947,3.5,-17.1732724200258));
#6562=CARTESIAN_POINT('',(-15.8042359385346,3.5,-14.91639595368));
#6563=CARTESIAN_POINT('',(-15.8042359385346,3.5,-15.07889595368));
#6564=CARTESIAN_POINT('',(-18.650884444342,3.5,-20.9715079566131));
#6565=CARTESIAN_POINT('',(-15.1817471377077,3.5,-23.7500931487548));
#6566=CARTESIAN_POINT('',(-16.7742003473301,3.5,-15.8505369390806));
#6567=CARTESIAN_POINT('',(-15.2732567041018,3.5,-23.2961489078282));
#6568=CARTESIAN_POINT('',(-15.2732567041018,3.5,-15.3156569694048));
#6569=CARTESIAN_POINT('',(-15.2732567041018,3.5,-23.1660548225536));
#6570=CARTESIAN_POINT('',(-14.1208637466995,3.5,-15.3156569694048));
#6571=CARTESIAN_POINT('',(-0.0579005087521196,3.5,-9.79595117160494));
#6572=CARTESIAN_POINT('',(-5.01227156367652,3.5,-10.7248957444033));
#6573=CARTESIAN_POINT('',(2.16395541840792,3.5,-12.1601411408201));
#6574=CARTESIAN_POINT('',(13.3312946087985,3.5,-14.3936089788983));
#6575=CARTESIAN_POINT('',(14.2939354920529,3.5,-18.71020148274));
#6576=CARTESIAN_POINT('',(15.0393331073967,3.5,-22.0526501723253));
#6577=CARTESIAN_POINT('',(12.5064687692503,3.5,-22.2561839137834));
#6578=CARTESIAN_POINT('',(5.69333309061036,3.5,-22.803668030817));
#6579=CARTESIAN_POINT('',(0.655211932079797,3.5,-22.2638693352601));
#6580=CARTESIAN_POINT('',(4.29462050322381,3.5,-16.2935498602466));
#6581=CARTESIAN_POINT('',(5.08937477749397,3.5,-21.6017247549473));
#6582=CARTESIAN_POINT('',(3.87245927987055,3.5,-13.4739291549943));
#6583=CARTESIAN_POINT('',(1.97701556419992,3.5,-13.0948404118601));
#6584=CARTESIAN_POINT('',(-4.53782236512026,3.5,-11.7918728259961));
#6585=CARTESIAN_POINT('',(-3.90319232754317,3.5,-17.3390918866243));
#6586=CARTESIAN_POINT('',(-3.52106960838001,3.5,-20.6791771421751));
#6587=CARTESIAN_POINT('',(0.775675501253823,3.5,-21.1395426896359));
#6588=CARTESIAN_POINT('',(11.993657532283,3.5,-13.7278053169076));
#6589=CARTESIAN_POINT('',(12.4019597425585,3.5,-15.1798292475319));
#6590=CARTESIAN_POINT('',(14.1573190689087,3.5,-21.4223223924637));
#6591=CARTESIAN_POINT('',(1.97701556419992,3.5,-13.0948404118601));
#6592=CARTESIAN_POINT('',(4.81536478498672,3.5,-13.6625102560175));
#6593=CARTESIAN_POINT('',(5.1892366284921,3.5,-16.1596055190197));
#6594=CARTESIAN_POINT('',(6.00904680669501,3.5,-21.6351291459332));
#6595=CARTESIAN_POINT('',(1.37672720615038,3.5,-21.7561104857195));
#6596=CARTESIAN_POINT('',(0.751765837394582,3.5,-21.1637972536972));
#6597=CARTESIAN_POINT('',(-4.80226687072702,3.5,-20.5419060069237));
#6598=CARTESIAN_POINT('',(-11.8022624622905,3.5,-19.7581086807968));
#6599=CARTESIAN_POINT('',(-5.15233563482551,3.5,-17.4820002259877));
#6600=CARTESIAN_POINT('',(-5.83294892370395,3.5,-11.5328475142794));
#6601=CARTESIAN_POINT('',(-0.184709370545826,3.5,-10.2832419440926));
#6602=CARTESIAN_POINT('',(-13.045314593453,3.5,-13.1284973145968));
#6603=CARTESIAN_POINT('',(-11.9039794498319,3.5,-19.2156180805758));
#6604=CARTESIAN_POINT('',(1.24598364657195,3.25,-16.75));
#6605=CARTESIAN_POINT('',(-15.0188447636549,3.25,-19.1051488863717));
#6606=CARTESIAN_POINT('',(-15.0188447636549,3.25,-19.2676488863716));
#6607=CARTESIAN_POINT('',(-15.4115403510947,3.25,-17.0107724200258));
#6608=CARTESIAN_POINT('',(-15.4115403510947,3.25,-17.1732724200258));
#6609=CARTESIAN_POINT('',(-15.8042359385346,3.25,-14.91639595368));
#6610=CARTESIAN_POINT('',(-15.8042359385346,3.25,-15.07889595368));
#6611=CARTESIAN_POINT('',(1.97701556419992,3.25,-13.0948404118601));
#6612=CARTESIAN_POINT('',(12.4019597425585,3.25,-15.1798292475319));
#6613=CARTESIAN_POINT('',(4.81536478498672,3.25,-13.6625102560175));
#6614=CARTESIAN_POINT('',(11.993657532283,3.25,-13.7278053169076));
#6615=CARTESIAN_POINT('',(14.1573190689087,3.25,-21.4223223924637));
#6616=CARTESIAN_POINT('',(1.37672720615038,3.25,-21.7561104857195));
#6617=CARTESIAN_POINT('',(6.00904680669501,3.25,-21.6351291459332));
#6618=CARTESIAN_POINT('',(5.1892366284921,3.25,-16.1596055190197));
#6619=CARTESIAN_POINT('',(1.97701556419992,3.25,-13.0948404118601));
#6620=CARTESIAN_POINT('',(3.87245927987055,3.25,-13.4739291549943));
#6621=CARTESIAN_POINT('',(-4.53782236512026,3.25,-11.7918728259961));
#6622=CARTESIAN_POINT('',(4.29462050322381,3.25,-16.2935498602466));
#6623=CARTESIAN_POINT('',(5.08937477749397,3.25,-21.6017247549473));
#6624=CARTESIAN_POINT('',(0.775675501253823,3.25,-21.1395426896359));
#6625=CARTESIAN_POINT('',(-3.52106960838001,3.25,-20.6791771421751));
#6626=CARTESIAN_POINT('',(-3.90319232754317,3.25,-17.3390918866243));
#6627=CARTESIAN_POINT('',(-4.63142292989963,3.25,-10.6534866255701));
#6628=CARTESIAN_POINT('',(-5.01227156367652,3.25,-10.7248957444033));
#6629=CARTESIAN_POINT('',(-13.4783868909509,3.25,-10.9389390307295));
#6630=CARTESIAN_POINT('',(-15.2732567041018,3.25,-23.1660548225536));
#6631=CARTESIAN_POINT('',(-15.2732567041018,3.25,-10.9389390307295));
#6632=CARTESIAN_POINT('',(-15.2732567041018,3.25,-23.2961489078282));
#6633=CARTESIAN_POINT('',(-17.5969495047607,3.25,-11.7691905131304));
#6634=CARTESIAN_POINT('',(-15.1817471377077,3.25,-23.7500931487548));
#6635=CARTESIAN_POINT('',(-20.3950267794825,3.25,-19.5745473761998));
#6636=CARTESIAN_POINT('',(-11.0212064236151,3.25,-10.478217693104));
#6637=CARTESIAN_POINT('',(-12.9349614870914,3.25,-23.5152104526158));
#6638=CARTESIAN_POINT('',(1.98976325231756,3.25,-20.7168245639765));
#6639=CARTESIAN_POINT('',(-3.74610433030716,3.25,-21.7922997357187));
#6640=CARTESIAN_POINT('',(-3.45360041939814,3.25,-21.823639440459));
#6641=CARTESIAN_POINT('',(5.69333309061036,3.25,-22.803668030817));
#6642=CARTESIAN_POINT('',(1.75785158162389,3.25,-23.1199120806463));
#6643=CARTESIAN_POINT('',(15.0393331073967,3.25,-22.0526501723253));
#6644=CARTESIAN_POINT('',(13.2593297766362,3.25,-14.070910389574));
#6645=CARTESIAN_POINT('',(13.3312946087985,3.25,-14.3936089788983));
#6646=CARTESIAN_POINT('',(14.6077677297236,3.25,-14.6489036030833));
#6647=CARTESIAN_POINT('',(-5.15233563482551,3.25,-17.4820002259877));
#6648=CARTESIAN_POINT('',(-5.83294892370395,3.25,-11.5328475142794));
#6649=CARTESIAN_POINT('',(-4.80226687072702,3.25,-20.5419060069237));
#6650=CARTESIAN_POINT('',(0.751765837394582,3.25,-21.1637972536972));
#6651=CARTESIAN_POINT('',(-11.8022624622905,3.25,-19.7581086807968));
#6652=CARTESIAN_POINT('',(-11.9039794498319,3.25,-19.2156180805758));
#6653=CARTESIAN_POINT('',(-13.045314593453,3.25,-13.1284973145968));
#6654=CARTESIAN_POINT('',(-0.184709370545826,3.25,-10.2832419440926));
#6655=CARTESIAN_POINT('',(1.24598364657195,-22.,-16.75));
#6656=CARTESIAN_POINT('',(-15.0188447636549,-22.,-19.1051488863717));
#6657=CARTESIAN_POINT('',(-15.0188447636549,-22.,-19.2676488863716));
#6658=CARTESIAN_POINT('',(-15.4115403510947,-22.,-17.0107724200258));
#6659=CARTESIAN_POINT('',(-15.4115403510947,-22.,-17.1732724200258));
#6660=CARTESIAN_POINT('',(-15.8042359385346,-22.,-14.91639595368));
#6661=CARTESIAN_POINT('',(-15.8042359385346,-22.,-15.07889595368));
#6662=CARTESIAN_POINT('',(-8.30226466650875,-22.,-20.1500073438603));
#6663=CARTESIAN_POINT('',(-11.8022624622905,-22.,-19.7581086807968));
#6664=CARTESIAN_POINT('',(-4.80226687072702,-22.,-20.5419060069237));
#6665=CARTESIAN_POINT('',(-12.4237885278717,-22.,-16.4433029976968));
#6666=CARTESIAN_POINT('',(-13.045314593453,-22.,-13.1284973145968));
#6667=CARTESIAN_POINT('',(-9.43913175857847,-22.,-12.3306724144381));
#6668=CARTESIAN_POINT('',(-5.83294892370395,-22.,-11.5328475142794));
#6669=CARTESIAN_POINT('',(-5.31760789721549,-22.,-16.0373767606015));
#6670=CARTESIAN_POINT('',(-8.63142292989963,-22.,-11.4034866255701));
#6671=CARTESIAN_POINT('',(-5.01227156367652,-22.,-10.7248957444033));
#6672=CARTESIAN_POINT('',(-14.5389175213922,-22.,-18.1635470352611));
#6673=CARTESIAN_POINT('',(-15.2732567041018,-22.,-23.1660548225536));
#6674=CARTESIAN_POINT('',(-15.2732567041018,-22.,-18.1635470352611));
#6675=CARTESIAN_POINT('',(-15.2732567041018,-22.,-23.2961489078282));
#6676=CARTESIAN_POINT('',(-16.2388450457162,-22.,-18.5062314811189));
#6677=CARTESIAN_POINT('',(-15.1817471377077,-22.,-23.7500931487548));
#6678=CARTESIAN_POINT('',(-17.515987085343,-22.,-21.880497344345));
#6679=CARTESIAN_POINT('',(-14.993178450767,-22.,-23.9011261333049));
#6680=CARTESIAN_POINT('',(1.98976325231756,-22.,-20.7168245639765));
#6681=CARTESIAN_POINT('',(-3.74610433030717,-22.,-21.7922997357187));
#6682=CARTESIAN_POINT('',(1.21306624726853,-22.,-22.323639440459));
#6683=CARTESIAN_POINT('',(5.69333309061035,-22.,-22.803668030817));
#6684=CARTESIAN_POINT('',(1.75785158162389,-22.,-23.1199120806463));
#6685=CARTESIAN_POINT('',(15.0393331073967,-22.,-22.0526501723253));
#6686=CARTESIAN_POINT('',(13.2593297766362,-22.,-14.070910389574));
#6687=CARTESIAN_POINT('',(13.3312946087985,-22.,-14.3936089788983));
#6688=CARTESIAN_POINT('',(4.15951152256101,-22.,-12.5592523616508));
#6689=CARTESIAN_POINT('',(-4.02944598675013,-22.,-16.2355249840857));
#6690=CARTESIAN_POINT('',(-4.53782236512026,-22.,-11.7918728259961));
#6691=CARTESIAN_POINT('',(-3.52106960838001,-22.,-20.6791771421751));
#6692=CARTESIAN_POINT('',(-0.332681542624854,-22.,-12.6329009904952));
#6693=CARTESIAN_POINT('',(3.87245927987055,-22.,-13.4739291549943));
#6694=CARTESIAN_POINT('',(4.48091702868226,-22.,-17.5378269549708));
#6695=CARTESIAN_POINT('',(5.08937477749397,-22.,-21.6017247549473));
#6696=CARTESIAN_POINT('',(0.784152584556978,-22.,-21.1404509485612));
#6697=CARTESIAN_POINT('',(5.41220579584087,-22.,-17.6488197009754));
#6698=CARTESIAN_POINT('',(4.81536478498672,-22.,-13.6625102560175));
#6699=CARTESIAN_POINT('',(6.00904680669501,-22.,-21.6351291459332));
#6700=CARTESIAN_POINT('',(8.6086622637726,-22.,-14.4211697517747));
#6701=CARTESIAN_POINT('',(12.4019597425585,-22.,-15.1798292475319));
#6702=CARTESIAN_POINT('',(13.2796394057336,-22.,-18.3010758199978));
#6703=CARTESIAN_POINT('',(14.1573190689087,-22.,-21.4223223924637));
#6704=CARTESIAN_POINT('',(10.0831829378018,-22.,-21.5287257691985));
#6705=CARTESIAN_POINT('',(1.24598364657195,-21.75,-16.75));
#6706=CARTESIAN_POINT('',(-15.0188447636549,-21.75,-19.1051488863717));
#6707=CARTESIAN_POINT('',(-15.0188447636549,-21.75,-19.2676488863716));
#6708=CARTESIAN_POINT('',(-15.4115403510947,-21.75,-17.0107724200258));
#6709=CARTESIAN_POINT('',(-15.4115403510947,-21.75,-17.1732724200258));
#6710=CARTESIAN_POINT('',(-15.8042359385346,-21.75,-14.91639595368));
#6711=CARTESIAN_POINT('',(-15.8042359385346,-21.75,-15.07889595368));
#6712=CARTESIAN_POINT('',(-11.9039794498319,-21.75,-19.2156180805758));
#6713=CARTESIAN_POINT('',(-13.045314593453,-21.75,-13.1284973145968));
#6714=CARTESIAN_POINT('',(-11.8022624622905,-21.75,-19.7581086807968));
#6715=CARTESIAN_POINT('',(0.751765837394582,-21.75,-21.1637972536972));
#6716=CARTESIAN_POINT('',(-4.80226687072702,-21.75,-20.5419060069237));
#6717=CARTESIAN_POINT('',(-5.15233563482551,-21.75,-17.4820002259877));
#6718=CARTESIAN_POINT('',(-5.83294892370395,-21.75,-11.5328475142794));
#6719=CARTESIAN_POINT('',(-0.184709370545825,-21.75,-10.2832419440926));
#6720=CARTESIAN_POINT('',(1.97701556419992,-21.75,-13.0948404118601));
#6721=CARTESIAN_POINT('',(-4.53782236512026,-21.75,-11.7918728259961));
#6722=CARTESIAN_POINT('',(3.87245927987055,-21.75,-13.4739291549943));
#6723=CARTESIAN_POINT('',(-3.90319232754316,-21.75,-17.3390918866243));
#6724=CARTESIAN_POINT('',(-3.52106960838001,-21.75,-20.6791771421751));
#6725=CARTESIAN_POINT('',(0.775675501253823,-21.75,-21.1395426896359));
#6726=CARTESIAN_POINT('',(5.08937477749397,-21.75,-21.6017247549473));
#6727=CARTESIAN_POINT('',(4.29462050322381,-21.75,-16.2935498602466));
#6728=CARTESIAN_POINT('',(-4.82811618206185,-21.75,-28.8981996572676));
#6729=CARTESIAN_POINT('',(-13.3434379088772,-21.75,-24.6405387938599));
#6730=CARTESIAN_POINT('',(-14.8707385121226,-21.75,-23.8768884922372));
#6731=CARTESIAN_POINT('',(-13.9437203371877,-21.75,-23.5018720881423));
#6732=CARTESIAN_POINT('',(-14.7454798513449,-21.75,-24.0995188746796));
#6733=CARTESIAN_POINT('',(-18.650884444342,-21.75,-20.9715079566131));
#6734=CARTESIAN_POINT('',(-15.1817471377077,-21.75,-23.7500931487548));
#6735=CARTESIAN_POINT('',(-16.7742003473301,-21.75,-15.8505369390806));
#6736=CARTESIAN_POINT('',(-15.2732567041018,-21.75,-23.2961489078282));
#6737=CARTESIAN_POINT('',(-15.2732567041018,-21.75,-15.3156569694048));
#6738=CARTESIAN_POINT('',(-15.2732567041018,-21.75,-23.1660548225536));
#6739=CARTESIAN_POINT('',(-14.1208637466995,-21.75,-15.3156569694048));
#6740=CARTESIAN_POINT('',(-0.0579005087521194,-21.75,-9.79595117160494));
#6741=CARTESIAN_POINT('',(-5.01227156367652,-21.75,-10.7248957444033));
#6742=CARTESIAN_POINT('',(2.16395541840792,-21.75,-12.1601411408201));
#6743=CARTESIAN_POINT('',(13.3312946087985,-21.75,-14.3936089788983));
#6744=CARTESIAN_POINT('',(13.0479518454809,-21.75,-13.1230674203267));
#6745=CARTESIAN_POINT('',(15.0393331073967,-21.75,-22.0526501723253));
#6746=CARTESIAN_POINT('',(17.3317693957275,-21.75,-21.8684365420129));
#6747=CARTESIAN_POINT('',(5.69333309061035,-21.75,-22.803668030817));
#6748=CARTESIAN_POINT('',(0.655211932079797,-21.75,-22.2638693352601));
#6749=CARTESIAN_POINT('',(-3.74610433030717,-21.75,-21.7922997357187));
#6750=CARTESIAN_POINT('',(-4.03524373676704,-21.75,-21.8465133744299));
#6751=CARTESIAN_POINT('',(-12.9349614870914,-21.75,-23.5152104526158));
#6752=CARTESIAN_POINT('',(-11.6636832793637,-21.75,-14.8549356317793));
#6753=CARTESIAN_POINT('',(-15.5504479713421,-21.75,-25.0543531805721));
#6754=CARTESIAN_POINT('',(1.97701556419992,-21.75,-13.0948404118601));
#6755=CARTESIAN_POINT('',(4.81536478498672,-21.75,-13.6625102560175));
#6756=CARTESIAN_POINT('',(12.4019597425585,-21.75,-15.1798292475319));
#6757=CARTESIAN_POINT('',(5.1892366284921,-21.75,-16.1596055190197));
#6758=CARTESIAN_POINT('',(6.00904680669501,-21.75,-21.6351291459332));
#6759=CARTESIAN_POINT('',(1.37672720615038,-21.75,-21.7561104857195));
#6760=CARTESIAN_POINT('',(14.1573190689087,-21.75,-21.4223223924637));
#6761=CARTESIAN_POINT('',(11.993657532283,-21.75,-13.7278053169076));
#6762=CARTESIAN_POINT('',(2.16395541840792,1.25,-12.1601411408201));
#6763=CARTESIAN_POINT('',(-5.01227156367652,1.25,-10.7248957444033));
#6764=CARTESIAN_POINT('',(14.6077677297236,3.25,-14.6489036030833));
#6765=CARTESIAN_POINT('',(-7.71869482086198,3.25,-10.1836110929662));
#6766=CARTESIAN_POINT('',(-7.71869482086198,3.25,-10.1836110929662));
#6767=CARTESIAN_POINT('',(-7.5588420770813,3.25,-10.1536387035073));
#6768=CARTESIAN_POINT('',(-7.23955726088148,3.24459999969136,-10.0829700076249));
#6769=CARTESIAN_POINT('',(-6.77843909638691,3.20866639135933,-9.92761162098664));
#6770=CARTESIAN_POINT('',(-6.35474241399755,3.11618467969326,-9.68952864176723));
#6771=CARTESIAN_POINT('',(-6.03409768397462,2.92008675593891,-9.36604503367215));
#6772=CARTESIAN_POINT('',(-5.83743979732959,2.60731683594304,-9.03451522244622));
#6773=CARTESIAN_POINT('',(-5.72571463469917,2.20539239603907,-8.76692246041105));
#6774=CARTESIAN_POINT('',(-5.66818431529596,1.74235541749219,-8.59546432148361));
#6775=CARTESIAN_POINT('',(-5.6564040562943,1.41416102326385,-8.55646144044258));
#6776=CARTESIAN_POINT('',(-5.6564040562943,1.25,-8.55646144044258));
#6777=CARTESIAN_POINT('',(-5.,1.25,-8.68774225170145));
#6778=CARTESIAN_POINT('',(-11.6636832793637,1.25,-14.8549356317793));
#6779=CARTESIAN_POINT('',(-12.9349614870914,1.25,-23.5152104526158));
#6780=CARTESIAN_POINT('',(12.1077677297236,-19.75,-14.1489036030833));
#6781=CARTESIAN_POINT('',(2.16395541840792,-21.75,-12.1601411408201));
#6782=CARTESIAN_POINT('',(-7.71869482086217,-21.75,-10.1836110929661));
#6783=CARTESIAN_POINT('',(-5.01227156367653,-19.75,-10.7248957444033));
#6784=CARTESIAN_POINT('',(12.5,-19.75,-12.1877422517014));
#6785=CARTESIAN_POINT('',(-7.71869482086215,-21.75,-10.1836110929662));
#6786=CARTESIAN_POINT('',(-7.55884207708147,-21.75,-10.1536387035073));
#6787=CARTESIAN_POINT('',(-7.23955726088165,-21.7445999996914,-10.082970007625));
#6788=CARTESIAN_POINT('',(-6.77843909638707,-21.7086663913593,-9.9276116209867));
#6789=CARTESIAN_POINT('',(-6.35474241399767,-21.6161846796933,-9.6895286417673));
#6790=CARTESIAN_POINT('',(-6.03409768397471,-21.420086755939,-9.36604503367222));
#6791=CARTESIAN_POINT('',(-5.83743979732965,-21.1073168359431,-9.03451522244626));
#6792=CARTESIAN_POINT('',(-5.72571463469923,-20.7053923960392,-8.7669224604111));
#6793=CARTESIAN_POINT('',(-5.668184315296,-20.2423554174922,-8.59546432148362));
#6794=CARTESIAN_POINT('',(-5.65640405629435,-19.9141610232639,-8.55646144044259));
#6795=CARTESIAN_POINT('',(-5.65640405629435,-19.75,-8.55646144044259));
#6796=CARTESIAN_POINT('',(4.15951152256101,-21.75,-12.5592523616508));
#6797=CARTESIAN_POINT('',(2.16395541840792,-21.75,-12.1601411408201));
#6798=CARTESIAN_POINT('',(14.4366948613923,-21.75,-14.614689029417));
#6799=CARTESIAN_POINT('',(-5.01227156367652,-19.75,-10.7248957444033));
#6800=CARTESIAN_POINT('',(13.3312946087985,-19.75,-14.3936089788983));
#6801=CARTESIAN_POINT('',(5.,-19.75,-10.6877422517014));
#6802=CARTESIAN_POINT('',(12.5,-19.75,-12.1877422517014));
#6803=CARTESIAN_POINT('',(15.,-19.75,-12.6877422517014));
#6804=CARTESIAN_POINT('',(12.5,-19.75,-12.1877422517014));
#6805=CARTESIAN_POINT('',(15.2680989411781,-19.75,-12.7413620399371));
#6806=CARTESIAN_POINT('',(16.4899896658868,-19.75,-18.2204606680366));
#6807=CARTESIAN_POINT('',(15.2085881739002,-19.75,-12.4745089108018));
#6808=CARTESIAN_POINT('',(5.04902903378455,-19.75,-10.4425970827787));
#6809=CARTESIAN_POINT('',(4.15951152256101,3.25,-12.5592523616508));
#6810=CARTESIAN_POINT('',(14.6077677297236,3.25,-14.6489036030833));
#6811=CARTESIAN_POINT('',(14.4366948613923,3.25,-14.614689029417));
#6812=CARTESIAN_POINT('',(13.3312946087985,1.25,-14.3936089788983));
#6813=CARTESIAN_POINT('',(-5.01227156367652,1.25,-10.7248957444033));
#6814=CARTESIAN_POINT('',(5.,1.25,-10.6877422517014));
#6815=CARTESIAN_POINT('',(-5.,1.25,-8.68774225170145));
#6816=CARTESIAN_POINT('',(15.2680989411781,1.25,-12.7413620399371));
#6817=CARTESIAN_POINT('',(15.,1.25,-12.6877422517014));
#6818=CARTESIAN_POINT('',(-5.,1.25,-8.68774225170145));
#6819=CARTESIAN_POINT('',(5.04902903378455,1.25,-10.4425970827787));
#6820=CARTESIAN_POINT('',(15.2085881739002,1.25,-12.4745089108018));
#6821=CARTESIAN_POINT('',(16.4899896658868,1.25,-18.2204606680366));
#6822=CARTESIAN_POINT('',(12.5490290337845,-21.75,-11.9425970827787));
#6823=CARTESIAN_POINT('',(15.2085881739002,-21.75,-12.4745089108018));
#6824=CARTESIAN_POINT('',(15.2085881739002,-18.25,-12.4745089108018));
#6825=CARTESIAN_POINT('',(12.7956977032969,-18.25,-11.9919308166812));
#6826=CARTESIAN_POINT('',(-4.02519474147011,-14.25,-8.62775232772779));
#6827=CARTESIAN_POINT('',(-6.28726119957079,-21.75,-24.5579757950321));
#6828=CARTESIAN_POINT('',(-3.65673695871161,-21.75,-24.0647524998711));
#6829=CARTESIAN_POINT('',(-3.65673695871161,-19.75,-24.0647524998711));
#6830=CARTESIAN_POINT('',(-6.28726119957079,-19.75,-24.5579757950321));
#6831=CARTESIAN_POINT('',(-8.97676495032503,-19.75,-25.0622577482985));
#6832=CARTESIAN_POINT('',(-8.97676495032503,-21.75,-25.0622577482985));
#6833=CARTESIAN_POINT('',(-3.65673695871161,-21.75,-24.0647524998711));
#6834=CARTESIAN_POINT('',(-3.65673695871161,-2.5,-24.0647524998711));
#6835=CARTESIAN_POINT('',(-6.28726119957079,-2.5,-24.5579757950321));
#6836=CARTESIAN_POINT('',(-4.02519474147011,-2.5,-24.1338383341383));
#6837=CARTESIAN_POINT('',(-4.02519474147011,-4.25,-24.1338383341383));
#6838=CARTESIAN_POINT('',(-4.02519474147011,-14.25,-24.1338383341383));
#6839=CARTESIAN_POINT('',(0.973366719091435,-21.75,-24.5608350367785));
#6840=CARTESIAN_POINT('',(5.66333336367371,-21.75,-25.0633314629838));
#6841=CARTESIAN_POINT('',(5.66333336367371,-19.75,-25.0633314629838));
#6842=CARTESIAN_POINT('',(0.973366719091435,-19.75,-24.5608350367785));
#6843=CARTESIAN_POINT('',(12.6866914038437,-21.75,-24.498954477613));
#6844=CARTESIAN_POINT('',(17.7985465663623,-21.75,-24.0881804020534));
#6845=CARTESIAN_POINT('',(17.7985465663623,-19.75,-24.0881804020534));
#6846=CARTESIAN_POINT('',(17.7985465663623,-18.25,-24.0881804020534));
#6847=CARTESIAN_POINT('',(12.6866914038437,-19.75,-24.498954477613));
#6848=CARTESIAN_POINT('',(15.5338596656209,-18.25,-24.270164170863));
#6849=CARTESIAN_POINT('',(16.4899896658868,-21.75,-18.2204606680366));
#6850=CARTESIAN_POINT('',(16.4899896658868,-19.75,-18.2204606680366));
#6851=CARTESIAN_POINT('',(16.4899896658868,-18.25,-18.2204606680366));
#6852=CARTESIAN_POINT('',(12.5490290337845,-21.75,-11.9425970827787));
#6853=CARTESIAN_POINT('',(15.2085881739002,-21.75,-12.4745089108018));
#6854=CARTESIAN_POINT('',(15.2085881739002,-0.249999999999987,-12.4745089108018));
#6855=CARTESIAN_POINT('',(-4.02519474147011,-4.25,-8.62775232772779));
#6856=CARTESIAN_POINT('',(-4.02519474147011,-2.5,-8.62775232772779));
#6857=CARTESIAN_POINT('',(12.5490290337845,-2.5,-11.9425970827787));
#6858=CARTESIAN_POINT('',(12.7956977032969,-2.5,-11.9919308166812));
#6859=CARTESIAN_POINT('',(12.7956977032969,-0.249999999999998,-11.9919308166812));
#6860=CARTESIAN_POINT('',(-14.111803398875,-21.75,-24.5358645460486));
#6861=CARTESIAN_POINT('',(-14.111803398875,-21.765,-24.5358645460486));
#6862=CARTESIAN_POINT('',(-14.3909339326877,-21.765,-24.3962992791422));
#6863=CARTESIAN_POINT('',(-14.3483714522754,-21.765,-24.4175805193484));
#6864=CARTESIAN_POINT('',(-14.3909339326877,1.25,-24.3962992791422));
#6865=CARTESIAN_POINT('',(-14.3909339326877,-17.19,-24.3962992791422));
#6866=CARTESIAN_POINT('',(-14.111803398875,-17.19,-24.5358645460486));
#6867=CARTESIAN_POINT('',(-13.111803398875,-17.19,-25.0358645460485));
#6868=CARTESIAN_POINT('',(-13.111803398875,-21.75,-25.0358645460485));
#6869=CARTESIAN_POINT('',(-13.111803398875,-1.31,-25.0358645460485));
#6870=CARTESIAN_POINT('',(-14.111803398875,-1.31,-24.5358645460486));
#6871=CARTESIAN_POINT('',(-14.111803398875,3.265,-24.5358645460486));
#6872=CARTESIAN_POINT('',(-14.3483714522754,3.265,-24.4175805193484));
#6873=CARTESIAN_POINT('',(-14.3483714522754,-31.75,-24.4175805193484));
#6874=CARTESIAN_POINT('',(-14.3483714522754,3.25,-24.4175805193484));
#6875=CARTESIAN_POINT('',(-19.0438403986634,3.25,-22.0698460461543));
#6876=CARTESIAN_POINT('',(-14.111803398875,3.265,-24.5358645460486));
#6877=CARTESIAN_POINT('',(-13.111803398875,3.265,-25.0358645460485));
#6878=CARTESIAN_POINT('',(-13.111803398875,3.265,-25.0358645460485));
#6879=CARTESIAN_POINT('',(-13.0590169943749,-21.75,-25.0622577482985));
#6880=CARTESIAN_POINT('',(-13.0590169943749,-21.4291162557178,-25.0622577482985));
#6881=CARTESIAN_POINT('',(-15.275434286109,-19.75,-23.9540491024315));
#6882=CARTESIAN_POINT('',(-13.111803398875,-21.4602635430156,-25.0358645460485));
#6883=CARTESIAN_POINT('',(-13.111803398875,-21.765,-25.0358645460485));
#6884=CARTESIAN_POINT('',(-13.111803398875,-21.765,-25.0358645460485));
#6885=CARTESIAN_POINT('',(-14.111803398875,-21.765,-24.5358645460486));
#6886=CARTESIAN_POINT('',(-13.7938590829402,-21.765,-24.6948367040159));
#6887=CARTESIAN_POINT('',(-15.275434286109,-19.75,-23.9540491024315));
#6888=CARTESIAN_POINT('',(-14.3483714522754,-31.75,-24.4175805193484));
#6889=CARTESIAN_POINT('',(-11.,-21.75,-25.0622577482985));
#6890=CARTESIAN_POINT('',(-21.1858803973998,-19.75,-25.0622577482985));
#6891=CARTESIAN_POINT('',(0.973366719091435,-21.75,-24.5608350367785));
#6892=CARTESIAN_POINT('',(0.973366719091435,1.25000000000001,-24.5608350367785));
#6893=CARTESIAN_POINT('',(5.66333336367373,1.25,-25.0633314629838));
#6894=CARTESIAN_POINT('',(5.66333336367371,-21.75,-25.0633314629838));
#6895=CARTESIAN_POINT('',(5.66333336367371,-2.5,-25.0633314629838));
#6896=CARTESIAN_POINT('',(0.973366719091435,-2.5,-24.5608350367785));
#6897=CARTESIAN_POINT('',(12.6866914038437,-21.75,-24.498954477613));
#6898=CARTESIAN_POINT('',(12.6866914038437,1.25000000000001,-24.498954477613));
#6899=CARTESIAN_POINT('',(17.7985465663623,1.25,-24.0881804020534));
#6900=CARTESIAN_POINT('',(17.7985465663623,-21.75,-24.0881804020534));
#6901=CARTESIAN_POINT('',(17.7985465663623,-0.249999999999987,-24.0881804020534));
#6902=CARTESIAN_POINT('',(15.5338596656209,-0.249999999999998,-24.270164170863));
#6903=CARTESIAN_POINT('',(15.5338596656209,-2.5,-24.270164170863));
#6904=CARTESIAN_POINT('',(12.6866914038437,-2.5,-24.498954477613));
#6905=CARTESIAN_POINT('',(16.4899896658868,-21.75,-18.2204606680366));
#6906=CARTESIAN_POINT('',(16.4899896658868,1.25000000000001,-18.2204606680366));
#6907=CARTESIAN_POINT('',(16.4899896658868,-0.249999999999987,-18.2204606680366));
#6908=CARTESIAN_POINT('',(6.8856816238215,-2.5,-27.5));
#6909=CARTESIAN_POINT('',(-4.02519474147011,-2.5,-27.5));
#6910=CARTESIAN_POINT('',(-4.02519474147011,-2.5,-9.64755623044635));
#6911=CARTESIAN_POINT('',(9.89919479622445,-2.5,-12.4324341379853));
#6912=CARTESIAN_POINT('',(3.99212851430432,-2.5,-11.2510208816012));
#6913=CARTESIAN_POINT('',(5.56558183229987,-2.5,-27.6268403938806));
#6914=CARTESIAN_POINT('',(5.1400120929033,-2.5,-23.1976951739106));
#6915=CARTESIAN_POINT('',(6.91558226071889,-2.5,-23.2100708278534));
#6916=CARTESIAN_POINT('',(-4.02519474147011,-2.5,-23.1338140442585));
#6917=CARTESIAN_POINT('',(-4.02519474147011,-2.5,-27.5));
#6918=CARTESIAN_POINT('',(14.2939354920529,-2.5,-18.71020148274));
#6919=CARTESIAN_POINT('',(15.3104976207056,-2.5,-23.268583056352));
#6920=CARTESIAN_POINT('',(6.91558226071889,-2.5,-23.2100708278534));
#6921=CARTESIAN_POINT('',(6.14529078633227,-2.5,-23.2047019266999));
#6922=CARTESIAN_POINT('',(6.56099748830961,-2.5,-27.5311969321559));
#6923=CARTESIAN_POINT('',(5.01641751663431,-2.5,-11.4558786820672));
#6924=CARTESIAN_POINT('',(9.89919479622444,-2.5,-12.4324341379853));
#6925=CARTESIAN_POINT('',(13.0337407724087,-2.5,-13.0593433332221));
#6926=CARTESIAN_POINT('',(14.2939354920529,-2.5,-18.71020148274));
#6927=CARTESIAN_POINT('',(1.75785158162389,-19.75,-23.1199120806463));
#6928=CARTESIAN_POINT('',(5.69333309061034,-19.75,-22.803668030817));
#6929=CARTESIAN_POINT('',(15.0393331073967,-19.75,-22.0526501723253));
#6930=CARTESIAN_POINT('',(13.2593297766362,-19.75,-14.070910389574));
#6931=CARTESIAN_POINT('',(14.4366948613923,-21.75,-14.614689029417));
#6932=CARTESIAN_POINT('',(14.4219291806831,-21.75,-14.5484780178425));
#6933=CARTESIAN_POINT('',(14.4037173855644,-21.7443298110759,-14.4157161086369));
#6934=CARTESIAN_POINT('',(14.4181117548453,-21.7056530649467,-14.1457057422044));
#6935=CARTESIAN_POINT('',(14.5205498100356,-21.6055956068349,-13.8355771787308));
#6936=CARTESIAN_POINT('',(14.6930003200259,-21.4205468881821,-13.5215032861641));
#6937=CARTESIAN_POINT('',(14.8743193011115,-21.1727980066681,-13.2510547412815));
#6938=CARTESIAN_POINT('',(15.034947632397,-20.8780517379507,-13.0347010867755));
#6939=CARTESIAN_POINT('',(15.1654271646894,-20.5303596281206,-12.8681550818496));
#6940=CARTESIAN_POINT('',(15.2483779634183,-20.1533157474072,-12.7654731863716));
#6941=CARTESIAN_POINT('',(15.2680989411781,-19.8831410544599,-12.7413620399371));
#6942=CARTESIAN_POINT('',(15.2680989411781,-19.75,-12.7413620399371));
#6943=CARTESIAN_POINT('',(1.21306624726853,-19.75,-22.323639440459));
#6944=CARTESIAN_POINT('',(-3.74610433030716,-19.75,-21.7922997357187));
#6945=CARTESIAN_POINT('',(12.1077677297236,-19.75,-14.1489036030833));
#6946=CARTESIAN_POINT('',(13.3312946087985,-19.75,-14.3936089788983));
#6947=CARTESIAN_POINT('',(1.98976325231756,-19.75,-20.7168245639765));
#6948=CARTESIAN_POINT('',(-14.8688764720181,-19.75,-23.8778195122895));
#6949=CARTESIAN_POINT('',(-13.,-21.612181606178,-24.8122577482986));
#6950=CARTESIAN_POINT('',(-12.2911158209586,-19.75,-23.3944893902158));
#6951=CARTESIAN_POINT('',(-14.993178450767,-19.75,-23.9011261333049));
#6952=CARTESIAN_POINT('',(2.17426129648574,-21.765,-21.7008141328735));
#6953=CARTESIAN_POINT('',(-13.3873012688493,-21.765,-24.6186071138739));
#6954=CARTESIAN_POINT('',(-14.8688764720181,-19.75,-23.8778195122895));
#6955=CARTESIAN_POINT('',(-8.63142292989963,-19.75,-11.4034866255701));
#6956=CARTESIAN_POINT('',(-9.04607213376254,-19.75,-9.19202420496787));
#6957=CARTESIAN_POINT('',(-12.0212064236151,-19.75,-17.2904754414025));
#6958=CARTESIAN_POINT('',(-12.9349614870914,-19.75,-23.5152104526158));
#6959=CARTESIAN_POINT('',(-13.2872337505084,-21.7280783274136,-23.8817144453203));
#6960=CARTESIAN_POINT('',(-13.0021146260366,-19.75,-23.9726749437178));
#6961=CARTESIAN_POINT('',(0.655211932079797,1.25,-22.2638693352601));
#6962=CARTESIAN_POINT('',(5.69333309061039,1.25,-22.803668030817));
#6963=CARTESIAN_POINT('',(12.5064687692503,1.25,-22.2561839137834));
#6964=CARTESIAN_POINT('',(15.0393331073967,1.25,-22.0526501723253));
#6965=CARTESIAN_POINT('',(-0.0579005087521194,1.25,-9.79595117160494));
#6966=CARTESIAN_POINT('',(-9.04607213376254,1.25,-9.19202420496787));
#6967=CARTESIAN_POINT('',(14.2939354920529,1.25,-18.71020148274));
#6968=CARTESIAN_POINT('',(15.2680989411782,1.25,-12.7413620399371));
#6969=CARTESIAN_POINT('',(15.2680989411782,1.3850854825697,-12.7413620399371));
#6970=CARTESIAN_POINT('',(15.2488746544802,1.64985850643856,-12.7648484494168));
#6971=CARTESIAN_POINT('',(15.1645079345356,2.0338722084358,-12.8693306770906));
#6972=CARTESIAN_POINT('',(15.0351911159545,2.37744928852494,-13.0343271940916));
#6973=CARTESIAN_POINT('',(14.8721565462627,2.67633455972795,-13.2541494529777));
#6974=CARTESIAN_POINT('',(14.6928285131802,2.92062413544119,-13.5217103680555));
#6975=CARTESIAN_POINT('',(14.5481356329187,3.07584245017696,-13.7857981994824));
#6976=CARTESIAN_POINT('',(14.4590764639184,3.16585256948056,-14.0219246690746));
#6977=CARTESIAN_POINT('',(14.3991000385337,3.23217131220044,-14.2787261793854));
#6978=CARTESIAN_POINT('',(14.4074662386825,3.25,-14.4836245214769));
#6979=CARTESIAN_POINT('',(14.4366948613923,3.25,-14.614689029417));
#6980=CARTESIAN_POINT('',(2.16395541840792,1.25,-12.1601411408201));
#6981=CARTESIAN_POINT('',(13.3312946087985,1.25,-14.3936089788983));
#6982=CARTESIAN_POINT('',(15.8102939234747,-18.25,-25.5097271958855));
#6983=CARTESIAN_POINT('',(15.8102939234747,-16.,-25.5097271958855));
#6984=CARTESIAN_POINT('',(14.2939354920529,-0.249999999999998,-18.71020148274));
#6985=CARTESIAN_POINT('',(14.2939354920529,-2.5,-18.71020148274));
#6986=CARTESIAN_POINT('',(-4.02519474147011,-4.25,-27.5));
#6987=CARTESIAN_POINT('',(-4.02519474147011,-2.5,-27.5));
#6988=CARTESIAN_POINT('',(-5.7751947414701,-4.25,-27.5));
#6989=CARTESIAN_POINT('',(-5.7751947414701,-4.25,-27.5));
#6990=CARTESIAN_POINT('',(-5.7751947414701,-4.25,-27.5));
#6991=CARTESIAN_POINT('',(-5.7751947414701,-4.25,-27.5));
#6992=CARTESIAN_POINT('',(-4.02519474147011,-14.25,-27.5));
#6993=CARTESIAN_POINT('',(-5.77519474147011,-14.25,-27.5));
#6994=CARTESIAN_POINT('',(-5.77519474147011,-14.25,-27.5));
#6995=CARTESIAN_POINT('',(-5.77519474147011,-14.25,-27.5));
#6996=CARTESIAN_POINT('',(-5.77519474147011,-14.25,-27.5));
#6997=CARTESIAN_POINT('',(-4.02519474147011,-16.,-27.5));
#6998=CARTESIAN_POINT('',(12.5,-21.75,-12.1877422517014));
#6999=CARTESIAN_POINT('',(-4.02519474147011,-14.25,-8.88270330340743));
#7000=CARTESIAN_POINT('',(12.8552084705748,-18.25,-12.2587839458164));
#7001=CARTESIAN_POINT('',(15.,-18.25,-12.6877422517014));
#7002=CARTESIAN_POINT('',(15.,-21.75,-12.6877422517014));
#7003=CARTESIAN_POINT('',(-6.33333333333333,-21.75,-24.3122577482986));
#7004=CARTESIAN_POINT('',(-3.66666666666667,-21.75,-23.8122577482986));
#7005=CARTESIAN_POINT('',(-3.66666666666667,-19.75,-23.8122577482986));
#7006=CARTESIAN_POINT('',(-4.02519474147011,-14.25,-23.8794817623242));
#7007=CARTESIAN_POINT('',(-4.02519474147011,-4.25,-23.8794817623242));
#7008=CARTESIAN_POINT('',(-4.02519474147011,-2.25,-23.8794817623242));
#7009=CARTESIAN_POINT('',(-6.33333333333333,-2.25,-24.3122577482986));
#7010=CARTESIAN_POINT('',(-3.66666666666667,-2.25,-23.8122577482986));
#7011=CARTESIAN_POINT('',(-3.66666666666667,-21.75,-23.8122577482986));
#7012=CARTESIAN_POINT('',(-3.66666666666667,1.25,-23.8122577482986));
#7013=CARTESIAN_POINT('',(-6.33333333333333,1.25,-24.3122577482986));
#7014=CARTESIAN_POINT('',(-9.,1.25,-24.8122577482986));
#7015=CARTESIAN_POINT('',(-9.,-21.75,-24.8122577482986));
#7016=CARTESIAN_POINT('',(-9.,-19.75,-24.8122577482986));
#7017=CARTESIAN_POINT('',(-9.,-19.75,-24.8122577482986));
#7018=CARTESIAN_POINT('',(1.,-21.75,-24.3122577482986));
#7019=CARTESIAN_POINT('',(5.66666666666667,-21.75,-24.8122577482986));
#7020=CARTESIAN_POINT('',(5.66666666666667,-19.75,-24.8122577482986));
#7021=CARTESIAN_POINT('',(1.,-19.75,-24.3122577482986));
#7022=CARTESIAN_POINT('',(12.6666666666667,-21.75,-24.2497577482985));
#7023=CARTESIAN_POINT('',(17.4919672931439,-21.75,-23.8620103765281));
#7024=CARTESIAN_POINT('',(17.4919672931439,-19.75,-23.8620103765281));
#7025=CARTESIAN_POINT('',(17.4919672931439,-18.25,-23.8620103765281));
#7026=CARTESIAN_POINT('',(15.4789122702627,-18.25,-24.023773726581));
#7027=CARTESIAN_POINT('',(5.66666666666667,-19.75,-24.8122577482986));
#7028=CARTESIAN_POINT('',(16.245983646572,-21.75,-18.2748763141147));
#7029=CARTESIAN_POINT('',(15.,-18.25,-12.6877422517014));
#7030=CARTESIAN_POINT('',(17.4919672931439,-19.75,-23.8620103765281));
#7031=CARTESIAN_POINT('',(12.5,-21.75,-12.1877422517014));
#7032=CARTESIAN_POINT('',(15.,-21.75,-12.6877422517014));
#7033=CARTESIAN_POINT('',(15.,-0.249999999999998,-12.6877422517014));
#7034=CARTESIAN_POINT('',(12.8552084705748,-0.249999999999998,-12.2587839458164));
#7035=CARTESIAN_POINT('',(12.8552084705748,-2.25,-12.2587839458164));
#7036=CARTESIAN_POINT('',(12.5,-2.25,-12.1877422517014));
#7037=CARTESIAN_POINT('',(-4.02519474147011,-2.25,-8.88270330340743));
#7038=CARTESIAN_POINT('',(-4.02519474147011,-4.25,-8.88270330340743));
#7039=CARTESIAN_POINT('',(-14.,-21.75,-24.3122577482986));
#7040=CARTESIAN_POINT('',(-13.9353692560613,-17.19,-24.3445731202679));
#7041=CARTESIAN_POINT('',(-14.8707385121226,-17.19,-23.8768884922372));
#7042=CARTESIAN_POINT('',(-13.,-17.19,-24.8122577482986));
#7043=CARTESIAN_POINT('',(-14.8707385121226,1.25,-23.8768884922372));
#7044=CARTESIAN_POINT('',(-13.9353692560613,-21.765,-24.3445731202679));
#7045=CARTESIAN_POINT('',(-13.,-21.765,-24.8122577482986));
#7046=CARTESIAN_POINT('',(-13.,-21.765,-24.8122577482986));
#7047=CARTESIAN_POINT('',(-13.1167885776978,-21.3941398069984,-24.7538634594497));
#7048=CARTESIAN_POINT('',(-13.1471926685021,-21.3989301760549,-24.7386614140475));
#7049=CARTESIAN_POINT('',(-13.1776610031538,-21.4027208669261,-24.7234272467217));
#7050=CARTESIAN_POINT('',(-13.20819306062,-21.4055199872399,-24.7081612179885));
#7051=CARTESIAN_POINT('',(-13.20819306062,-21.4055199872399,-24.7081612179886));
#7052=CARTESIAN_POINT('',(-14.8688764720181,-19.75,-23.8778195122895));
#7053=CARTESIAN_POINT('',(-13.,-21.3008772789579,-24.8122577482986));
#7054=CARTESIAN_POINT('',(-13.,-21.75,-24.8122577482986));
#7055=CARTESIAN_POINT('',(-11.,-21.75,-24.8122577482986));
#7056=CARTESIAN_POINT('',(-19.8525470640664,1.25,-24.8122577482986));
#7057=CARTESIAN_POINT('',(-13.,-21.75,-24.8122577482986));
#7058=CARTESIAN_POINT('',(-19.8525470640665,-19.75,-24.8122577482986));
#7059=CARTESIAN_POINT('',(1.,-21.75,-24.3122577482986));
#7060=CARTESIAN_POINT('',(1.,-2.25,-24.3122577482986));
#7061=CARTESIAN_POINT('',(5.66666666666667,-2.25,-24.8122577482986));
#7062=CARTESIAN_POINT('',(5.66666666666667,-21.75,-24.8122577482986));
#7063=CARTESIAN_POINT('',(5.66666666666667,1.25,-24.8122577482986));
#7064=CARTESIAN_POINT('',(5.66666666666667,1.25,-24.8122577482986));
#7065=CARTESIAN_POINT('',(12.6666666666667,-21.75,-24.2497577482985));
#7066=CARTESIAN_POINT('',(12.6666666666667,-2.25,-24.2497577482985));
#7067=CARTESIAN_POINT('',(15.4789122702627,-2.25,-24.023773726581));
#7068=CARTESIAN_POINT('',(15.4789122702627,-0.249999999999998,-24.023773726581));
#7069=CARTESIAN_POINT('',(17.4919672931439,-0.249999999999998,-23.8620103765281));
#7070=CARTESIAN_POINT('',(17.4919672931439,-21.75,-23.8620103765281));
#7071=CARTESIAN_POINT('',(17.4919672931439,1.25,-23.8620103765281));
#7072=CARTESIAN_POINT('',(12.6666666666667,1.25,-24.2497577482985));
#7073=CARTESIAN_POINT('',(16.245983646572,-21.75,-18.2748763141147));
#7074=CARTESIAN_POINT('',(16.245983646572,-0.249999999999998,-18.2748763141147));
#7075=CARTESIAN_POINT('',(16.245983646572,1.25,-18.2748763141147));
#7076=CARTESIAN_POINT('',(6.8856816238215,-2.25,-27.5));
#7077=CARTESIAN_POINT('',(9.89919479622445,-2.25,-12.4324341379853));
#7078=CARTESIAN_POINT('',(-4.02519474147011,-2.25,-9.64755623044635));
#7079=CARTESIAN_POINT('',(3.99212851430432,-2.25,-11.2510208816012));
#7080=CARTESIAN_POINT('',(-4.02519474147011,-2.25,-24.2544817623242));
#7081=CARTESIAN_POINT('',(15.8102939234747,-2.25,-25.5097271958855));
#7082=CARTESIAN_POINT('',(13.0337407724087,-2.25,-13.0593433332221));
#7083=CARTESIAN_POINT('',(9.89919479622444,-2.25,-12.4324341379853));
#7084=CARTESIAN_POINT('',(5.01641751663431,-2.25,-11.4558786820672));
#7085=CARTESIAN_POINT('',(6.56099748830961,-2.25,-27.5311969321559));
#7086=CARTESIAN_POINT('',(6.14529078633227,-2.25,-23.2047019266999));
#7087=CARTESIAN_POINT('',(6.91558226071889,-2.25,-23.2100708278534));
#7088=CARTESIAN_POINT('',(15.3104976207057,-2.25,-23.268583056352));
#7089=CARTESIAN_POINT('',(15.8102939234747,-2.25,-25.5097271958855));
#7090=CARTESIAN_POINT('',(-4.02519474147011,-2.25,-24.2544817623242));
#7091=CARTESIAN_POINT('',(-4.02519474147011,-2.25,-23.1338140442585));
#7092=CARTESIAN_POINT('',(6.91558226071889,-2.25,-23.2100708278534));
#7093=CARTESIAN_POINT('',(5.1400120929033,-2.25,-23.1976951739106));
#7094=CARTESIAN_POINT('',(5.56558183229987,-2.25,-27.6268403938806));
#7095=CARTESIAN_POINT('',(1.75785158162389,-19.75,-23.1199120806463));
#7096=CARTESIAN_POINT('',(5.69333309061034,-19.75,-22.803668030817));
#7097=CARTESIAN_POINT('',(15.0393331073967,-19.75,-22.0526501723253));
#7098=CARTESIAN_POINT('',(13.2593297766362,-19.75,-14.070910389574));
#7099=CARTESIAN_POINT('',(1.21306624726853,-19.75,-22.323639440459));
#7100=CARTESIAN_POINT('',(-3.74610433030716,-19.75,-21.7922997357187));
#7101=CARTESIAN_POINT('',(1.98976325231756,-19.75,-20.7168245639765));
#7102=CARTESIAN_POINT('',(-13.20819306062,-21.4055199872399,-24.7081612179886));
#7103=CARTESIAN_POINT('',(-13.2468669531166,-21.4475590488791,-24.6523119275424));
#7104=CARTESIAN_POINT('',(-13.3160283553165,-21.5254969562105,-24.5333160480239));
#7105=CARTESIAN_POINT('',(-13.3861665476069,-21.6239221650592,-24.3249117348997));
#7106=CARTESIAN_POINT('',(-13.4016509383176,-21.6956071343305,-24.094185945622));
#7107=CARTESIAN_POINT('',(-13.3430511460084,-21.7210928731983,-23.9397868524825));
#7108=CARTESIAN_POINT('',(-13.2872337505084,-21.7280783274136,-23.8817144453203));
#7109=CARTESIAN_POINT('',(-8.63142292989963,-19.75,-11.4034866255701));
#7110=CARTESIAN_POINT('',(-9.,-19.75,-9.43774225170145));
#7111=CARTESIAN_POINT('',(-6.7019104034337,1.25,-22.3465133744299));
#7112=CARTESIAN_POINT('',(-3.74610433030716,1.25,-21.7922997357187));
#7113=CARTESIAN_POINT('',(0.655211932079797,1.25,-22.2638693352601));
#7114=CARTESIAN_POINT('',(5.69333309061039,1.25,-22.803668030817));
#7115=CARTESIAN_POINT('',(12.5064687692503,1.25,-22.2561839137834));
#7116=CARTESIAN_POINT('',(15.0393331073967,1.25,-22.0526501723253));
#7117=CARTESIAN_POINT('',(-0.0579005087521194,1.25,-9.79595117160494));
#7118=CARTESIAN_POINT('',(-13.,1.25,-10.1877422517014));
#7119=CARTESIAN_POINT('',(14.2939354920529,1.25,-18.71020148274));
#7120=CARTESIAN_POINT('',(15.8102939234747,-18.25,-25.5097271958855));
#7121=CARTESIAN_POINT('',(15.5399191386248,-16.25,-24.2973355451533));
#7122=CARTESIAN_POINT('',(14.2939354920529,-0.249999999999998,-18.71020148274));
#7123=CARTESIAN_POINT('',(15.8102939234747,-2.25,-25.5097271958855));
#7124=CARTESIAN_POINT('',(-4.02519474147011,-4.25,-27.5));
#7125=CARTESIAN_POINT('',(-6.0251947414701,-4.25,-8.8799662657271));
#7126=CARTESIAN_POINT('',(-6.0251947414701,-4.25,-8.8799662657271));
#7127=CARTESIAN_POINT('',(-6.0251947414701,-4.25,-8.8799662657271));
#7128=CARTESIAN_POINT('',(-6.0251947414701,-4.25,-8.8799662657271));
#7129=CARTESIAN_POINT('',(-4.02519474147011,-2.25,-24.2544817623242));
#7130=CARTESIAN_POINT('',(-4.02519474147011,-14.25,-27.5));
#7131=CARTESIAN_POINT('',(-4.02519474147011,-16.25,-27.5));
#7132=CARTESIAN_POINT('',(-6.02519474147011,-14.25,-27.5));
#7133=CARTESIAN_POINT('',(-6.02519474147011,-14.25,-27.5));
#7134=CARTESIAN_POINT('',(-6.02519474147011,-14.25,-27.5));
#7135=CARTESIAN_POINT('',(-6.02519474147011,-14.25,-27.5));
#7136=CARTESIAN_POINT('',(-13.9437203371877,-21.75,-23.5018720881423));
#7137=CARTESIAN_POINT('',(-13.9437203371877,-17.19,-23.5018720881423));
#7138=CARTESIAN_POINT('',(-13.9437203371877,-21.765,-23.5018720881423));
#7139=CARTESIAN_POINT('',(-14.7454798513449,-21.765,-24.0995188746796));
#7140=CARTESIAN_POINT('',(-14.7454798513449,-21.765,-24.0995188746796));
#7141=CARTESIAN_POINT('',(-13.5845860152531,-21.3553768394835,-24.5540773856897));
#7142=CARTESIAN_POINT('',(-13.5060862963679,-21.7027076954536,-24.2787089660843));
#7143=CARTESIAN_POINT('',(-13.3080270300021,-21.7247431360272,-23.8750808423673));
#7144=CARTESIAN_POINT('',(-13.4316148508907,-21.391827744406,-24.6207793463413));
#7145=CARTESIAN_POINT('',(-13.3177531720878,-21.7488434502219,-24.3500304745973));
#7146=CARTESIAN_POINT('',(-13.1121531945129,-21.757293602819,-23.9375697467231));
#7147=CARTESIAN_POINT('',(-13.2731194257699,-21.4035642474198,-24.6898330735119));
#7148=CARTESIAN_POINT('',(-13.1222140871301,-21.7650375918325,-24.4239427895863));
#7149=CARTESIAN_POINT('',(-12.91142771259,-21.7583312788989,-24.0016064538769));
#7150=CARTESIAN_POINT('',(-13.1161801010771,-21.3896766685788,-24.758161497048));
#7151=CARTESIAN_POINT('',(-12.9281925976995,-21.7500109116622,-24.4971623577603));
#7152=CARTESIAN_POINT('',(-12.715249917031,-21.7278075732137,-24.0641923294848));
#7153=CARTESIAN_POINT('',(-10.5285905896136,-3.25,-12.0135621335805));
#7154=CARTESIAN_POINT('',(-11.7571808232815,-3.25,-12.2439228023933));
#7155=CARTESIAN_POINT('',(-9.30000035594572,-3.25,-11.7832014647678));
#7156=CARTESIAN_POINT('',(-9.30000035594572,-1.,-11.7832014647678));
#7157=CARTESIAN_POINT('',(-9.30000035594572,1.25,-11.7832014647678));
#7158=CARTESIAN_POINT('',(-8.58535079613708,1.25,-11.6492046723037));
#7159=CARTESIAN_POINT('',(-11.7571808232815,1.25,-12.2439228023933));
#7160=CARTESIAN_POINT('',(-11.7571808232815,-1.,-12.2439228023933));
#7161=CARTESIAN_POINT('',(-10.5285905896136,-15.25,-12.0135621335805));
#7162=CARTESIAN_POINT('',(-9.30000035594572,-15.25,-11.7832014647678));
#7163=CARTESIAN_POINT('',(-11.7571808232815,-15.25,-12.2439228023933));
#7164=CARTESIAN_POINT('',(-9.30000035594572,-17.5,-11.7832014647678));
#7165=CARTESIAN_POINT('',(-9.30000035594572,-19.75,-11.7832014647678));
#7166=CARTESIAN_POINT('',(-11.7571808232815,-17.5,-12.2439228023933));
#7167=CARTESIAN_POINT('',(-11.7571808232815,-19.75,-12.2439228023933));
#7168=CARTESIAN_POINT('',(-8.58535079613708,-19.75,-11.6492046723037));
#7169=CARTESIAN_POINT('',(-10.5285905896136,-6.75,-12.0135621335805));
#7170=CARTESIAN_POINT('',(-9.30000035594572,-6.75,-11.7832014647678));
#7171=CARTESIAN_POINT('',(-11.7571808232815,-6.75,-12.2439228023933));
#7172=CARTESIAN_POINT('',(-11.7571808232815,-9.25,-12.2439228023933));
#7173=CARTESIAN_POINT('',(-11.7571808232815,-11.75,-12.2439228023933));
#7174=CARTESIAN_POINT('',(-10.5285905896136,-11.75,-12.0135621335805));
#7175=CARTESIAN_POINT('',(-9.30000035594572,-11.75,-11.7832014647678));
#7176=CARTESIAN_POINT('',(-9.30000035594572,-9.25,-11.7832014647678));
#7177=CARTESIAN_POINT('',(-9.30000035594572,-5.,-11.7832014647678));
#7178=CARTESIAN_POINT('',(-9.30000035594572,-6.25,-11.7832014647678));
#7179=CARTESIAN_POINT('',(-9.30000035594572,-3.75,-11.7832014647678));
#7180=CARTESIAN_POINT('',(-10.5285905896136,-3.75,-12.0135621335805));
#7181=CARTESIAN_POINT('',(-11.7571808232815,-3.75,-12.2439228023933));
#7182=CARTESIAN_POINT('',(-11.7571808232815,-5.,-12.2439228023933));
#7183=CARTESIAN_POINT('',(-11.7571808232815,-6.25,-12.2439228023933));
#7184=CARTESIAN_POINT('',(-10.5285905896136,-6.25,-12.0135621335805));
#7185=CARTESIAN_POINT('',(-9.30000035594572,-13.5,-11.7832014647678));
#7186=CARTESIAN_POINT('',(-9.30000035594572,-14.75,-11.7832014647678));
#7187=CARTESIAN_POINT('',(-9.30000035594572,-12.25,-11.7832014647678));
#7188=CARTESIAN_POINT('',(-10.5285905896136,-12.25,-12.0135621335805));
#7189=CARTESIAN_POINT('',(-11.7571808232815,-12.25,-12.2439228023933));
#7190=CARTESIAN_POINT('',(-11.7571808232815,-13.5,-12.2439228023933));
#7191=CARTESIAN_POINT('',(-11.7571808232815,-14.75,-12.2439228023933));
#7192=CARTESIAN_POINT('',(-10.5285905896136,-14.75,-12.0135621335805));
#7193=CARTESIAN_POINT('',(-0.332681542624854,-21.5,-12.6329009904952));
#7194=CARTESIAN_POINT('',(3.87245927987055,-21.5,-13.4739291549943));
#7195=CARTESIAN_POINT('',(-4.53782236512026,-21.5,-11.7918728259961));
#7196=CARTESIAN_POINT('',(-4.02944598675013,-21.5,-16.2355249840857));
#7197=CARTESIAN_POINT('',(-3.52106960838001,-21.5,-20.6791771421751));
#7198=CARTESIAN_POINT('',(0.784152584556978,-21.5,-21.1404509485612));
#7199=CARTESIAN_POINT('',(5.08937477749397,-21.5,-21.6017247549473));
#7200=CARTESIAN_POINT('',(4.48091702868226,-21.5,-17.5378269549708));
#7201=CARTESIAN_POINT('',(8.6086622637726,-21.5,-14.4211697517747));
#7202=CARTESIAN_POINT('',(12.4019597425585,-21.5,-15.1798292475319));
#7203=CARTESIAN_POINT('',(4.81536478498672,-21.5,-13.6625102560175));
#7204=CARTESIAN_POINT('',(5.41220579584087,-21.5,-17.6488197009754));
#7205=CARTESIAN_POINT('',(6.00904680669501,-21.5,-21.6351291459332));
#7206=CARTESIAN_POINT('',(10.0831829378018,-21.5,-21.5287257691985));
#7207=CARTESIAN_POINT('',(14.1573190689087,-21.5,-21.4223223924637));
#7208=CARTESIAN_POINT('',(13.2796394057336,-21.5,-18.3010758199978));
#7209=CARTESIAN_POINT('',(-8.30226466650875,-21.5,-20.1500073438603));
#7210=CARTESIAN_POINT('',(-11.8022624622905,-21.5,-19.7581086807968));
#7211=CARTESIAN_POINT('',(-4.80226687072702,-21.5,-20.5419060069237));
#7212=CARTESIAN_POINT('',(-5.31760789721549,-21.5,-16.0373767606015));
#7213=CARTESIAN_POINT('',(-5.83294892370395,-21.5,-11.5328475142794));
#7214=CARTESIAN_POINT('',(-9.43913175857847,-21.5,-12.3306724144381));
#7215=CARTESIAN_POINT('',(-13.045314593453,-21.5,-13.1284973145968));
#7216=CARTESIAN_POINT('',(-12.4237885278717,-21.5,-16.4433029976968));
#7217=CARTESIAN_POINT('',(-0.332681542624854,3.,-12.6329009904952));
#7218=CARTESIAN_POINT('',(3.87245927987055,3.,-13.4739291549943));
#7219=CARTESIAN_POINT('',(-4.53782236512026,3.,-11.7918728259961));
#7220=CARTESIAN_POINT('',(-4.02944598675013,3.,-16.2355249840857));
#7221=CARTESIAN_POINT('',(-3.52106960838001,3.,-20.6791771421751));
#7222=CARTESIAN_POINT('',(0.784152584556978,3.,-21.1404509485612));
#7223=CARTESIAN_POINT('',(5.08937477749397,3.,-21.6017247549473));
#7224=CARTESIAN_POINT('',(4.48091702868226,3.,-17.5378269549708));
#7225=CARTESIAN_POINT('',(8.6086622637726,3.,-14.4211697517747));
#7226=CARTESIAN_POINT('',(12.4019597425585,3.,-15.1798292475319));
#7227=CARTESIAN_POINT('',(4.81536478498672,3.,-13.6625102560175));
#7228=CARTESIAN_POINT('',(5.41220579584087,3.,-17.6488197009754));
#7229=CARTESIAN_POINT('',(6.00904680669501,3.,-21.6351291459332));
#7230=CARTESIAN_POINT('',(10.0831829378018,3.,-21.5287257691985));
#7231=CARTESIAN_POINT('',(14.1573190689087,3.,-21.4223223924637));
#7232=CARTESIAN_POINT('',(13.2796394057336,3.,-18.3010758199978));
#7233=CARTESIAN_POINT('',(-8.30226466650875,3.,-20.1500073438603));
#7234=CARTESIAN_POINT('',(-11.8022624622905,3.,-19.7581086807968));
#7235=CARTESIAN_POINT('',(-4.80226687072702,3.,-20.5419060069237));
#7236=CARTESIAN_POINT('',(-5.31760789721549,3.,-16.0373767606015));
#7237=CARTESIAN_POINT('',(-5.83294892370395,3.,-11.5328475142794));
#7238=CARTESIAN_POINT('',(-9.43913175857847,3.,-12.3306724144381));
#7239=CARTESIAN_POINT('',(-13.045314593453,3.,-13.1284973145968));
#7240=CARTESIAN_POINT('',(-12.4237885278717,3.,-16.4433029976968));
#7241=CARTESIAN_POINT('',(-8.27519474147011,-14.25,-27.5));
#7242=CARTESIAN_POINT('',(-8.27519474147011,-14.25,-9.07873469391304));
#7243=CARTESIAN_POINT('',(-8.27519474147011,-14.25,-12.0495418539693));
#7244=CARTESIAN_POINT('',(-8.27519474147011,-12.,-9.07873469391304));
#7245=CARTESIAN_POINT('',(-8.2751947414701,-9.75,-9.07873469391304));
#7246=CARTESIAN_POINT('',(-8.2751947414701,-9.75,-10.5641382739412));
#7247=CARTESIAN_POINT('',(-8.2751947414701,-9.75,-12.0495418539693));
#7248=CARTESIAN_POINT('',(-8.27519474147011,-12.,-12.0495418539693));
#7249=CARTESIAN_POINT('',(-8.27519474147011,-12.,-19.9911561740819));
#7250=CARTESIAN_POINT('',(-8.27519474147011,-14.25,-19.9911561740819));
#7251=CARTESIAN_POINT('',(-8.2751947414701,-9.75,-19.9911561740819));
#7252=CARTESIAN_POINT('',(-8.2751947414701,-9.75,-18.5057525940538));
#7253=CARTESIAN_POINT('',(-8.2751947414701,-9.75,-17.0203490140256));
#7254=CARTESIAN_POINT('',(-8.27519474147011,-12.,-17.0203490140256));
#7255=CARTESIAN_POINT('',(-8.27519474147011,-14.25,-17.0203490140256));
#7256=CARTESIAN_POINT('',(-8.27519474147011,-14.25,-27.5));
#7257=CARTESIAN_POINT('',(-8.27519474147011,-12.,-23.9619633341383));
#7258=CARTESIAN_POINT('',(-8.27519474147011,-14.25,-23.9619633341383));
#7259=CARTESIAN_POINT('',(-8.2751947414701,-9.75,-23.9619633341383));
#7260=CARTESIAN_POINT('',(-8.2751947414701,-9.75,-22.4765597541101));
#7261=CARTESIAN_POINT('',(-8.2751947414701,-9.75,-20.9911561740819));
#7262=CARTESIAN_POINT('',(-8.27519474147011,-12.,-20.9911561740819));
#7263=CARTESIAN_POINT('',(-8.27519474147011,-14.25,-20.9911561740819));
#7264=CARTESIAN_POINT('',(-8.27519474147011,-14.25,-27.5));
#7265=CARTESIAN_POINT('',(-8.27519474147011,-12.,-16.0203490140257));
#7266=CARTESIAN_POINT('',(-8.27519474147011,-14.25,-16.0203490140257));
#7267=CARTESIAN_POINT('',(-8.2751947414701,-9.75,-16.0203490140257));
#7268=CARTESIAN_POINT('',(-8.2751947414701,-9.75,-14.5349454339975));
#7269=CARTESIAN_POINT('',(-8.2751947414701,-9.75,-13.0495418539693));
#7270=CARTESIAN_POINT('',(-8.27519474147011,-12.,-13.0495418539693));
#7271=CARTESIAN_POINT('',(-8.27519474147011,-14.25,-13.0495418539693));
#7272=CARTESIAN_POINT('',(-8.27519474147011,-14.25,-27.5));
#7273=CARTESIAN_POINT('',(-8.2751947414701,-8.75,-22.4765597541101));
#7274=CARTESIAN_POINT('',(-8.2751947414701,-8.75,-20.9911561740819));
#7275=CARTESIAN_POINT('',(-8.2751947414701,-8.75,-23.9619633341383));
#7276=CARTESIAN_POINT('',(-8.2751947414701,-6.5,-23.9619633341383));
#7277=CARTESIAN_POINT('',(-8.2751947414701,-4.25,-23.9619633341383));
#7278=CARTESIAN_POINT('',(-8.2751947414701,-4.25,-27.5));
#7279=CARTESIAN_POINT('',(-8.2751947414701,-4.25,-20.9911561740819));
#7280=CARTESIAN_POINT('',(-8.2751947414701,-6.5,-20.9911561740819));
#7281=CARTESIAN_POINT('',(-8.2751947414701,-4.25,-27.5));
#7282=CARTESIAN_POINT('',(-8.2751947414701,-4.25,-12.0495418539693));
#7283=CARTESIAN_POINT('',(-8.2751947414701,-4.25,-9.07873469391304));
#7284=CARTESIAN_POINT('',(-8.2751947414701,-6.5,-9.07873469391304));
#7285=CARTESIAN_POINT('',(-8.2751947414701,-8.75,-9.07873469391304));
#7286=CARTESIAN_POINT('',(-8.2751947414701,-6.5,-12.0495418539693));
#7287=CARTESIAN_POINT('',(-8.2751947414701,-8.75,-12.0495418539693));
#7288=CARTESIAN_POINT('',(-8.2751947414701,-8.75,-10.5641382739412));
#7289=CARTESIAN_POINT('',(-8.2751947414701,-8.75,-14.5349454339975));
#7290=CARTESIAN_POINT('',(-8.2751947414701,-8.75,-13.0495418539693));
#7291=CARTESIAN_POINT('',(-8.2751947414701,-8.75,-16.0203490140257));
#7292=CARTESIAN_POINT('',(-8.2751947414701,-6.5,-16.0203490140257));
#7293=CARTESIAN_POINT('',(-8.2751947414701,-4.25,-16.0203490140257));
#7294=CARTESIAN_POINT('',(-8.2751947414701,-4.25,-27.5));
#7295=CARTESIAN_POINT('',(-8.2751947414701,-4.25,-13.0495418539693));
#7296=CARTESIAN_POINT('',(-8.2751947414701,-6.5,-13.0495418539693));
#7297=CARTESIAN_POINT('',(-8.2751947414701,-8.75,-18.5057525940538));
#7298=CARTESIAN_POINT('',(-8.2751947414701,-8.75,-17.0203490140256));
#7299=CARTESIAN_POINT('',(-8.2751947414701,-8.75,-19.9911561740819));
#7300=CARTESIAN_POINT('',(-8.2751947414701,-6.5,-19.9911561740819));
#7301=CARTESIAN_POINT('',(-8.2751947414701,-4.25,-19.9911561740819));
#7302=CARTESIAN_POINT('',(-8.2751947414701,-4.25,-27.5));
#7303=CARTESIAN_POINT('',(-8.2751947414701,-4.25,-17.0203490140256));
#7304=CARTESIAN_POINT('',(-8.2751947414701,-6.5,-17.0203490140256));
#7305=CARTESIAN_POINT('',(-8.2751947414701,-9.25,-16.5203490140256));
#7306=CARTESIAN_POINT('',(-8.2751947414701,-9.75,-10.5641382739412));
#7307=CARTESIAN_POINT('',(-8.2751947414701,-9.75,-9.07873469391304));
#7308=CARTESIAN_POINT('',(-8.27519474147011,-12.,-9.07873469391304));
#7309=CARTESIAN_POINT('',(-8.27519474147011,-14.25,-9.07873469391304));
#7310=CARTESIAN_POINT('',(-8.27519474147011,-14.25,-27.5));
#7311=CARTESIAN_POINT('',(-8.2751947414701,-9.75,-10.5641382739412));
#7312=CARTESIAN_POINT('',(-8.2751947414701,-9.75,-9.07873469391304));
#7313=CARTESIAN_POINT('',(-8.27519474147011,-12.,-9.07873469391304));
#7314=CARTESIAN_POINT('',(-8.27519474147011,-14.25,-9.07873469391304));
#7315=CARTESIAN_POINT('',(-8.27519474147011,-14.25,-27.5));
#7316=CARTESIAN_POINT('',(-8.2751947414701,-9.25,-16.5203490140256));
#7317=CARTESIAN_POINT('',(-8.2751947414701,-4.25,-27.5));
#7318=CARTESIAN_POINT('',(-8.2751947414701,-4.25,-9.07873469391304));
#7319=CARTESIAN_POINT('',(-8.2751947414701,-6.5,-9.07873469391304));
#7320=CARTESIAN_POINT('',(-8.2751947414701,-8.75,-9.07873469391304));
#7321=CARTESIAN_POINT('',(-8.2751947414701,-8.75,-10.5641382739412));
#7322=CARTESIAN_POINT('',(-8.2751947414701,-8.75,-10.5641382739412));
#7323=CARTESIAN_POINT('',(-8.2751947414701,-8.75,-9.07873469391304));
#7324=CARTESIAN_POINT('',(-8.2751947414701,-4.25,-27.5));
#7325=CARTESIAN_POINT('',(-8.2751947414701,-4.25,-9.07873469391304));
#7326=CARTESIAN_POINT('',(-8.2751947414701,-6.5,-9.07873469391304));
#7327=CARTESIAN_POINT('',(4.56607030360381,-16.5,-17.2243580277559));
#7328=CARTESIAN_POINT('',(3.99212851430432,-16.5,-11.2510208816012));
#7329=CARTESIAN_POINT('',(5.1400120929033,-16.5,-23.1976951739106));
#7330=CARTESIAN_POINT('',(-0.0165331135828981,-16.5,-10.4492885560238));
#7331=CARTESIAN_POINT('',(-4.02519474147011,-16.5,-9.64755623044635));
#7332=CARTESIAN_POINT('',(0.557408675716593,-16.5,-23.1657546090845));
#7333=CARTESIAN_POINT('',(-4.02519474147011,-16.5,-23.1338140442585));
#7334=CARTESIAN_POINT('',(-4.02519474147011,-16.5,-27.5));
#7335=CARTESIAN_POINT('',(5.58085415148329,-16.5,-17.3302903043836));
#7336=CARTESIAN_POINT('',(6.14529078633227,-16.5,-23.2047019266999));
#7337=CARTESIAN_POINT('',(5.01641751663431,-16.5,-11.4558786820672));
#7338=CARTESIAN_POINT('',(9.02507914452152,-16.5,-12.2576110076447));
#7339=CARTESIAN_POINT('',(13.0337407724087,-16.5,-13.0593433332221));
#7340=CARTESIAN_POINT('',(15.8102939234747,-16.5,-25.5097271958855));
#7341=CARTESIAN_POINT('',(15.3104976207057,-16.5,-23.268583056352));
#7342=CARTESIAN_POINT('',(10.727894203519,-16.5,-23.2366424915259));
#7343=CARTESIAN_POINT('',(4.56607030360381,-1.5,-17.2243580277559));
#7344=CARTESIAN_POINT('',(3.99212851430432,-1.5,-11.2510208816012));
#7345=CARTESIAN_POINT('',(5.1400120929033,-1.5,-23.1976951739106));
#7346=CARTESIAN_POINT('',(-0.0165331135828981,-1.5,-10.4492885560238));
#7347=CARTESIAN_POINT('',(-4.02519474147011,-1.5,-9.64755623044635));
#7348=CARTESIAN_POINT('',(0.557408675716593,-1.5,-23.1657546090845));
#7349=CARTESIAN_POINT('',(-4.02519474147011,-1.5,-23.1338140442585));
#7350=CARTESIAN_POINT('',(-4.02519474147011,-1.5,-27.5));
#7351=CARTESIAN_POINT('',(5.58085415148329,-1.5,-17.3302903043836));
#7352=CARTESIAN_POINT('',(6.14529078633227,-1.5,-23.2047019266999));
#7353=CARTESIAN_POINT('',(5.01641751663431,-1.5,-11.4558786820672));
#7354=CARTESIAN_POINT('',(9.02507914452152,-1.5,-12.2576110076447));
#7355=CARTESIAN_POINT('',(13.0337407724087,-1.5,-13.0593433332221));
#7356=CARTESIAN_POINT('',(15.8102939234747,-1.5,-25.5097271958855));
#7357=CARTESIAN_POINT('',(15.3104976207057,-1.5,-23.268583056352));
#7358=CARTESIAN_POINT('',(10.727894203519,-1.5,-23.2366424915259));
#7359=CARTESIAN_POINT('',(-14.1180339887499,-21.75,-27.0483257257983));
#7360=CARTESIAN_POINT('',(-14.1180339887499,-17.19,-27.0483257257983));
#7361=CARTESIAN_POINT('',(-14.1180339887499,-1.31,-27.0483257257983));
#7362=CARTESIAN_POINT('',(-15.0534032448112,-17.19,-26.5806410977677));
#7363=CARTESIAN_POINT('',(-15.0534032448112,-1.31,-26.5806410977677));
#7364=CARTESIAN_POINT('',(-13.4783868909509,3.25,-10.9389390307295));
#7365=CARTESIAN_POINT('',(-20.3950267794825,3.25,-19.5745473761998));
#7366=CARTESIAN_POINT('',(-14.5389175213922,-21.75,-18.1635470352611));
#7367=CARTESIAN_POINT('',(-15.2732567041018,-31.75,-23.1660548225536));
#7368=CARTESIAN_POINT('',(-14.5389175213922,3.25,-18.1635470352611));
#7369=CARTESIAN_POINT('',(-15.2732567041018,-31.75,-23.1660548225536));
#7370=CARTESIAN_POINT('',(-15.2732567041018,-31.75,-23.2311018651909));
#7371=CARTESIAN_POINT('',(-15.2732567041018,-31.75,-23.2961489078282));
#7372=CARTESIAN_POINT('',(-15.2275019209048,-31.75,-23.5231210282915));
#7373=CARTESIAN_POINT('',(-15.1817471377077,-31.75,-23.7500931487548));
#7374=CARTESIAN_POINT('',(-14.5569629050255,-31.75,-24.2505104178823));
#7375=CARTESIAN_POINT('',(-14.5569629050255,3.265,-24.2505104178823));
#7376=CARTESIAN_POINT('',(-14.5569629050255,-31.75,-24.2505104178823));
#7377=CARTESIAN_POINT('',(-14.5569629050255,-21.765,-24.2505104178823));
#7378=CARTESIAN_POINT('',(-15.1817471377077,-31.75,-23.7500931487548));
#7379=CARTESIAN_POINT('',(-15.2275019209048,-31.75,-23.5231210282915));
#7380=CARTESIAN_POINT('',(-15.2732567041018,-31.75,-23.2961489078282));
#7381=CARTESIAN_POINT('',(-15.2732567041018,-31.75,-23.2311018651909));
#7382=CARTESIAN_POINT('',(-15.0534032448112,3.265,-26.5806410977677));
#7383=CARTESIAN_POINT('',(-14.1180339887499,3.265,-27.0483257257983));
#7384=CARTESIAN_POINT('',(-14.1180339887499,3.265,-27.0483257257983));
#7385=CARTESIAN_POINT('',(-15.0534032448112,3.265,-26.5806410977677));
#7386=CARTESIAN_POINT('',(-15.0534032448112,-21.765,-26.5806410977677));
#7387=CARTESIAN_POINT('',(-14.1180339887499,-21.765,-27.0483257257983));
#7388=CARTESIAN_POINT('',(-14.1180339887499,-21.765,-27.0483257257983));
#7389=CARTESIAN_POINT('',(-15.0534032448112,-21.765,-26.5806410977677));
#7390=CARTESIAN_POINT('',(-15.8042359385346,-21.,-14.91639595368));
#7391=CARTESIAN_POINT('',(-15.4115403510947,-21.,-17.0107724200258));
#7392=CARTESIAN_POINT('',(-15.0188447636549,-21.,-19.1051488863717));
#7393=CARTESIAN_POINT('',(-15.8042359385346,2.5,-14.91639595368));
#7394=CARTESIAN_POINT('',(-15.4115403510947,2.5,-17.0107724200258));
#7395=CARTESIAN_POINT('',(-15.0188447636549,2.5,-19.1051488863717));
#7396=CARTESIAN_POINT('',(-13.8691874082901,-10.5,-7.55279260080122));
#7397=CARTESIAN_POINT('',(-13.8691874082901,-6.75,-7.55279260080122));
#7398=CARTESIAN_POINT('',(-13.777043140765,-6.75,-8.04422869426838));
#7399=CARTESIAN_POINT('',(-13.5006103381898,-6.75,-9.51853697466986));
#7400=CARTESIAN_POINT('',(-13.777043140765,-10.5,-8.04422869426838));
#7401=CARTESIAN_POINT('',(-13.777043140765,-11.75,-8.04422869426838));
#7402=CARTESIAN_POINT('',(-13.8691874082901,-11.75,-7.55279260080122));
#7403=CARTESIAN_POINT('',(-13.5006103381898,-11.75,-9.51853697466986));
#7404=CARTESIAN_POINT('',(-13.4084660706647,-12.25,-10.009973068137));
#7405=CARTESIAN_POINT('',(-13.5006103381898,-6.75,-9.51853697466986));
#7406=CARTESIAN_POINT('',(-15.6550332729266,-6.75,-7.88763870042057));
#7407=CARTESIAN_POINT('',(-15.2864562028263,-6.75,-9.85338307428921));
#7408=CARTESIAN_POINT('',(-13.777043140765,-6.75,-8.04422869426838));
#7409=CARTESIAN_POINT('',(-15.6550332729266,-11.75,-7.88763870042057));
#7410=CARTESIAN_POINT('',(-13.5006103381898,-11.75,-9.51853697466986));
#7411=CARTESIAN_POINT('',(-15.5628890054015,-11.75,-8.37907479388773));
#7412=CARTESIAN_POINT('',(-11.4500332648645,-9.25,-7.09920119890892));
#7413=CARTESIAN_POINT('',(-11.4500332648645,-11.25,-7.09920119890892));
#7414=CARTESIAN_POINT('',(-16.9494430440961,-11.25,-8.13034053251483));
#7415=CARTESIAN_POINT('',(-14.3606235017573,-11.25,-7.64493686832631));
#7416=CARTESIAN_POINT('',(-14.3606235017573,-9.25,-7.64493686832631));
#7417=CARTESIAN_POINT('',(-14.3606235017573,-7.25,-7.64493686832631));
#7418=CARTESIAN_POINT('',(-17.4408791375632,-7.25,-8.22248480003992));
#7419=CARTESIAN_POINT('',(-16.9494430440961,-7.25,-8.13034053251482));
#7420=CARTESIAN_POINT('',(-16.9494430440961,-11.75,-8.13034053251483));
#7421=CARTESIAN_POINT('',(-15.2864562028263,-6.75,-9.85338307428921));
#7422=CARTESIAN_POINT('',(-9.04607213376254,-12.25,-9.19202420496787));
#7423=CARTESIAN_POINT('',(-16.9494430440961,-9.25,-8.13034053251482));
#7424=CARTESIAN_POINT('',(-16.41705394284,-10.5833333333333,-7.35223338452515));
#7425=CARTESIAN_POINT('',(-15.4600195622209,-9.11508135792803,-5.95349082823569));
#7426=CARTESIAN_POINT('',(-11.4500332648645,-7.25,-7.09920119890892));
#7427=CARTESIAN_POINT('',(-13.2085148663206,-6.26289632718465,-8.43322172415143));
#7428=CARTESIAN_POINT('',(-15.5628890054015,-11.75,-8.37907479388773));
#7429=CARTESIAN_POINT('',(-14.4839404621837,-11.144344490777,-7.56056210592932));
#7430=CARTESIAN_POINT('',(-13.777043140765,-10.5,-8.04422869426838));
#7431=CARTESIAN_POINT('',(-16.6675881201648,-7.,-9.9320264962348));
#7432=CARTESIAN_POINT('',(-16.6675881201648,-7.,-9.9320264962348));
#7433=CARTESIAN_POINT('',(-16.4582717723738,-7.,-9.62610260330952));
#7434=CARTESIAN_POINT('',(-14.4503688467253,-7.,-9.24962080475043));
#7435=CARTESIAN_POINT('',(-14.4503688467253,-7.,-9.24962080475043));
#7436=CARTESIAN_POINT('',(-13.8626100820054,-7.,-12.3843342165899));
#7437=CARTESIAN_POINT('',(-14.5806805195543,-7.,-8.55462521632951));
#7438=CARTESIAN_POINT('',(-14.5806805195543,-7.,-8.55462521632951));
#7439=CARTESIAN_POINT('',(-16.6675881201648,-11.5,-9.93202649623479));
#7440=CARTESIAN_POINT('',(-14.5806805195543,-11.5,-8.55462521632951));
#7441=CARTESIAN_POINT('',(-14.5806805195543,-11.5,-8.55462521632951));
#7442=CARTESIAN_POINT('',(-13.8626100820054,-11.5,-12.3843342165899));
#7443=CARTESIAN_POINT('',(-14.4503688467253,-11.5,-9.24962080475043));
#7444=CARTESIAN_POINT('',(-14.4503688467253,-11.5,-9.24962080475043));
#7445=CARTESIAN_POINT('',(-16.4582717723738,-11.5,-9.62610260330951));
#7446=CARTESIAN_POINT('',(-16.6675881201648,-11.5,-9.93202649623479));
#7447=CARTESIAN_POINT('',(-17.5656975096118,-9.25,-11.2446479115804));
#7448=CARTESIAN_POINT('',(-16.4582717723738,-9.25,-9.62610260330952));
#7449=CARTESIAN_POINT('',(-14.4503688467253,-9.25,-9.24962080475043));
#7450=CARTESIAN_POINT('',(-14.4503688467253,-9.25,-9.24962080475043));
#7451=CARTESIAN_POINT('',(-14.5806805195543,1.25,-8.55462521632952));
#7452=CARTESIAN_POINT('',(-14.5806805195543,1.25,-8.55462521632952));
#7453=CARTESIAN_POINT('',(-13.4688320441074,-9.25,-14.4844837520462));
#7454=MECHANICAL_DESIGN_GEOMETRIC_PRESENTATION_REPRESENTATION('',(#4581),
#7455);
#7455=(
GEOMETRIC_REPRESENTATION_CONTEXT(3)
GLOBAL_UNCERTAINTY_ASSIGNED_CONTEXT((#7456))
GLOBAL_UNIT_ASSIGNED_CONTEXT((#7459,#7458,#7457))
REPRESENTATION_CONTEXT('ComputePillow','TOP_LEVEL_ASSEMBLY_PART')
);
#7456=UNCERTAINTY_MEASURE_WITH_UNIT(LENGTH_MEASURE(0.002),#7459,
'DISTANCE_ACCURACY_VALUE','Maximum Tolerance applied to model');
#7457=(
NAMED_UNIT(*)
SI_UNIT($,.STERADIAN.)
SOLID_ANGLE_UNIT()
);
#7458=(
NAMED_UNIT(*)
PLANE_ANGLE_UNIT()
SI_UNIT($,.RADIAN.)
);
#7459=(
LENGTH_UNIT()
NAMED_UNIT(*)
SI_UNIT(.CENTI.,.METRE.)
);
#7460=PRODUCT_DEFINITION_SHAPE('','',#7461);
#7461=PRODUCT_DEFINITION('','',#7463,#7462);
#7462=PRODUCT_DEFINITION_CONTEXT('',#7469,'design');
#7463=PRODUCT_DEFINITION_FORMATION_WITH_SPECIFIED_SOURCE('','',#7465,
 .NOT_KNOWN.);
#7464=PRODUCT_RELATED_PRODUCT_CATEGORY('','',(#7465));
#7465=PRODUCT('ComputePillow','ComputePillow','ComputePillow',(#7467));
#7466=PRODUCT_CATEGORY('','');
#7467=PRODUCT_CONTEXT('',#7469,'mechanical');
#7468=APPLICATION_PROTOCOL_DEFINITION('international standard',
'ap242_managed_model_based_3d_engineering',2020,#7469);
#7469=APPLICATION_CONTEXT('managed model based 3d engineering');
ENDSEC;
END-ISO-10303-21;
