ISO-10303-21;
HEADER;
/* Generated by software containing ST-Developer
 * from STEP Tools, Inc. (www.steptools.com) 
 */
/* OPTION: using custom renumber hook */

FILE_DESCRIPTION(
/* description */ ('STEP AP242 Edition 2',
'CAx-IF Rec.Pracs.---Representation and Presentation of Product Manufa
cturing Information (PMI)---4.0---2014-10-13',
'CAx-IF Rec.Pracs.---3D Tessellated Geometry---0.4---2014-09-14','2;1',
'CAx-IF Rec.Pracs.---User Defined Attributes---1.5---2016-08-15'),
/* implementation_level */ '2;1');

FILE_NAME(
/* name */ 'Part Studio 1 - Cushion',
/* time_stamp */ '2026-09-11T14:42:04Z',
/* author */ (''),
/* organization */ (''),
/* preprocessor_version */ 'ST-DEVELOPER v20',
/* originating_system */ 'ONSHAPE BY PTC INC, 1.220',
/* authorisation */ '  ');

FILE_SCHEMA (('AP242_MANAGED_MODEL_BASED_3D_ENGINEERING_MIM_LF { 1 0 10303 442 3 1 4 }'));
ENDSEC;

DATA;
#10=SHAPE_REPRESENTATION_RELATIONSHIP('','',#1344,#11);
#11=ADVANCED_BREP_SHAPE_REPRESENTATION('',(#1342),#2365);
#12=TOROIDAL_SURFACE('',#1472,1.89252134687691,0.25);
#13=B_SPLINE_CURVE_WITH_KNOTS('',3,(#2132,#2133,#2134,#2135,#2136,#2137,
#2138,#2139,#2140),.UNSPECIFIED.,.F.,.F.,(4,1,1,1,1,1,4),(2.16092454401182E-16,
0.00591166909281334,0.00886750363921991,0.0118233381856265,0.014779172732033,
0.0177350072784396,0.0236466763712527),.UNSPECIFIED.);
#14=B_SPLINE_CURVE_WITH_KNOTS('',3,(#2145,#2146,#2147,#2148,#2149),
 .UNSPECIFIED.,.F.,.F.,(4,1,4),(5.20417042793042E-18,0.00832902428750045,
0.0166580485750009),.UNSPECIFIED.);
#15=B_SPLINE_CURVE_WITH_KNOTS('',3,(#2155,#2156,#2157,#2158,#2159),
 .UNSPECIFIED.,.F.,.F.,(4,1,4),(0.,0.00348539613251499,0.00697079226502997),
 .UNSPECIFIED.);
#16=B_SPLINE_CURVE_WITH_KNOTS('',3,(#2165,#2166,#2167,#2168,#2169),
 .UNSPECIFIED.,.F.,.F.,(4,1,4),(0.,0.00348539609963307,0.00697079219926614),
 .UNSPECIFIED.);
#17=B_SPLINE_CURVE_WITH_KNOTS('',3,(#2175,#2176,#2177,#2178,#2179),
 .UNSPECIFIED.,.F.,.F.,(4,1,4),(0.,0.00832902412213384,0.0166580482442677),
 .UNSPECIFIED.);
#18=B_SPLINE_CURVE_WITH_KNOTS('',3,(#2182,#2183,#2184,#2185,#2186,#2187,
#2188,#2189,#2190),.UNSPECIFIED.,.F.,.F.,(4,1,1,1,1,1,4),(2.07037852424703E-15,
0.0059117472415565,0.00886762086233372,0.0118234944831109,0.0147793681038882,
0.0177352417246654,0.0236469889662198),.UNSPECIFIED.);
#19=B_SPLINE_CURVE_WITH_KNOTS('',3,(#2202,#2203,#2204,#2205,#2206,#2207,
#2208,#2209),.UNSPECIFIED.,.F.,.F.,(4,1,1,1,1,4),(1.81740745421166E-15,
0.00718834791473243,0.0107825218720977,0.014376695829463,0.0215650437441937,
0.0287533916589243),.UNSPECIFIED.);
#20=B_SPLINE_CURVE_WITH_KNOTS('',3,(#2215,#2216,#2217,#2218),
 .UNSPECIFIED.,.F.,.F.,(4,4),(1.65903424671476E-15,0.0215360870772896),
 .UNSPECIFIED.);
#21=B_SPLINE_CURVE_WITH_KNOTS('',3,(#2221,#2222,#2223,#2224),
 .UNSPECIFIED.,.F.,.F.,(4,4),(0.,0.0449692985982595),.UNSPECIFIED.);
#22=B_SPLINE_CURVE_WITH_KNOTS('',3,(#2230,#2231,#2232,#2233),
 .UNSPECIFIED.,.F.,.F.,(4,4),(0.,0.0449693018735428),.UNSPECIFIED.);
#23=B_SPLINE_CURVE_WITH_KNOTS('',3,(#2236,#2237,#2238,#2239),
 .UNSPECIFIED.,.F.,.F.,(4,4),(0.,0.0215360908407074),.UNSPECIFIED.);
#24=B_SPLINE_CURVE_WITH_KNOTS('',3,(#2245,#2246,#2247,#2248,#2249,#2250,
#2251,#2252),.UNSPECIFIED.,.F.,.F.,(4,1,1,1,1,4),(0.,0.00718825849206106,
0.0107823877380916,0.0143765169841221,0.0215647754761832,0.0287530339682443),
 .UNSPECIFIED.);
#25=B_SPLINE_CURVE_WITH_KNOTS('',3,(#2261,#2262,#2263,#2264,#2265,#2266,
#2267,#2268,#2269,#2270,#2271,#2272,#2273,#2274),.UNSPECIFIED.,.F.,.F.,
(4,1,1,1,1,1,1,1,1,1,1,4),(0.,0.00462338106397717,0.00924676212795434,0.0138701431919315,
0.0161818337239201,0.0184935242559087,0.0208052147878973,0.0231169053198858,
0.027740286383863,0.0300519769158516,0.0323636674478402,0.0369870485118173),
 .UNSPECIFIED.);
#26=B_SPLINE_CURVE_WITH_KNOTS('',3,(#2306,#2307,#2308,#2309),
 .UNSPECIFIED.,.F.,.F.,(4,4),(8.78640678198767E-17,0.00514598952020913),
 .UNSPECIFIED.);
#27=B_SPLINE_CURVE_WITH_KNOTS('',3,(#2313,#2314,#2315,#2316),
 .UNSPECIFIED.,.F.,.F.,(4,4),(0.,0.00514598952020916),.UNSPECIFIED.);
#28=B_SPLINE_CURVE_WITH_KNOTS('',3,(#2317,#2318,#2319,#2320),
 .UNSPECIFIED.,.F.,.F.,(4,4),(3.7527806648313E-17,0.0045509418238541),
 .UNSPECIFIED.);
#29=B_SPLINE_CURVE_WITH_KNOTS('',3,(#2324,#2325,#2326,#2327),
 .UNSPECIFIED.,.F.,.F.,(4,4),(3.12731722069275E-18,0.00455094182385403),
 .UNSPECIFIED.);
#30=B_SPLINE_CURVE_WITH_KNOTS('',3,(#2340,#2341,#2342,#2343,#2344),
 .UNSPECIFIED.,.F.,.F.,(4,1,4),(0.,0.00195847790687777,0.00391695581375554),
 .UNSPECIFIED.);
#31=B_SPLINE_CURVE_WITH_KNOTS('',3,(#2348,#2349,#2350,#2351,#2352),
 .UNSPECIFIED.,.F.,.F.,(4,1,4),(0.,0.00195847790687779,0.00391695581375558),
 .UNSPECIFIED.);
#32=CYLINDRICAL_SURFACE('',#1426,2.48427022130925);
#33=CYLINDRICAL_SURFACE('',#1429,3.41107062924996);
#34=CYLINDRICAL_SURFACE('',#1431,1.30580686155527);
#35=CYLINDRICAL_SURFACE('',#1433,1.30580686155527);
#36=CYLINDRICAL_SURFACE('',#1435,3.41107062924993);
#37=CYLINDRICAL_SURFACE('',#1437,2.48427022130942);
#38=CYLINDRICAL_SURFACE('',#1440,3.53627071414723);
#39=CYLINDRICAL_SURFACE('',#1442,8.28532813617825);
#40=CYLINDRICAL_SURFACE('',#1444,58.9123206655315);
#41=CYLINDRICAL_SURFACE('',#1446,58.912320665532);
#42=CYLINDRICAL_SURFACE('',#1448,8.28532813617829);
#43=CYLINDRICAL_SURFACE('',#1450,3.53627071415259);
#44=CYLINDRICAL_SURFACE('',#1453,2.14252134687691);
#45=CYLINDRICAL_SURFACE('',#1458,44.5661731946331);
#46=CYLINDRICAL_SURFACE('',#1460,0.25);
#47=CYLINDRICAL_SURFACE('',#1463,0.25);
#48=CYLINDRICAL_SURFACE('',#1465,0.25);
#49=CYLINDRICAL_SURFACE('',#1467,0.25);
#50=CYLINDRICAL_SURFACE('',#1469,0.25);
#51=CYLINDRICAL_SURFACE('',#1470,0.25);
#52=CYLINDRICAL_SURFACE('',#1473,0.25);
#53=CYLINDRICAL_SURFACE('',#1475,0.25);
#54=CYLINDRICAL_SURFACE('',#1477,0.25);
#55=CYLINDRICAL_SURFACE('',#1479,0.25);
#56=CYLINDRICAL_SURFACE('',#1481,0.25);
#57=CYLINDRICAL_SURFACE('',#1483,0.25);
#58=ELLIPSE('',#1349,44.6053741713769,44.5661731946331);
#59=ELLIPSE('',#1351,44.8931598756467,44.5661731946331);
#60=ELLIPSE('',#1353,45.4929804673181,44.5661731946331);
#61=ELLIPSE('',#1355,46.3763047336575,44.5661731946331);
#62=ELLIPSE('',#1357,47.04882288907,44.5661731946331);
#63=ELLIPSE('',#1359,48.0405596842696,44.5661731946331);
#64=ELLIPSE('',#1361,49.8157687163026,44.5661731946331);
#65=ELLIPSE('',#1363,52.0355665635358,44.5661731946331);
#66=ELLIPSE('',#1365,54.7426844893697,44.5661731946331);
#67=ELLIPSE('',#1367,56.8886614248356,44.5661731946331);
#68=ELLIPSE('',#1369,58.9547438574653,44.5661731946331);
#69=ELLIPSE('',#1371,58.6288548337854,44.5661731946331);
#70=ELLIPSE('',#1373,73.7340596741608,44.5661731946331);
#71=ELLIPSE('',#1375,73.734059674161,44.5661731946331);
#72=ELLIPSE('',#1377,58.6288548337854,44.5661731946331);
#73=ELLIPSE('',#1379,58.9547438574653,44.5661731946331);
#74=ELLIPSE('',#1381,56.8886614248356,44.5661731946331);
#75=ELLIPSE('',#1383,54.7426844893697,44.5661731946331);
#76=ELLIPSE('',#1385,52.0355665635358,44.5661731946331);
#77=ELLIPSE('',#1387,49.8157687163026,44.5661731946331);
#78=ELLIPSE('',#1389,48.0405596842696,44.5661731946331);
#79=ELLIPSE('',#1391,47.04882288907,44.5661731946331);
#80=ELLIPSE('',#1393,46.3763047336575,44.5661731946331);
#81=ELLIPSE('',#1395,45.4929804673181,44.5661731946331);
#82=ELLIPSE('',#1397,44.8931598756467,44.5661731946331);
#83=ELLIPSE('',#1399,44.6053741713769,44.5661731946331);
#84=ELLIPSE('',#1407,63.0260865549183,44.5661731946331);
#85=ELLIPSE('',#1409,44.7580733954818,44.5661731946331);
#86=ELLIPSE('',#1411,44.7554677083626,44.5661731946331);
#87=ELLIPSE('',#1413,63.0260865549183,44.5661731946331);
#88=ELLIPSE('',#1415,63.0260865549183,44.5661731946331);
#89=ELLIPSE('',#1419,56.337673605734,44.5661731946331);
#90=ELLIPSE('',#1421,56.337673605734,44.5661731946331);
#91=ELLIPSE('',#1425,63.0260865549184,44.5661731946331);
#92=ELLIPSE('',#1427,3.39763265208777,2.48427022130925);
#93=ELLIPSE('',#1451,4.83640980033749,3.53627071415259);
#94=ELLIPSE('',#1461,0.270598050073099,0.25);
#95=ELLIPSE('',#1462,0.270598050073099,0.25);
#96=ELLIPSE('',#1464,0.270598050073099,0.25);
#97=ELLIPSE('',#1466,0.264180403710028,0.25);
#98=ELLIPSE('',#1468,0.265785758504987,0.25);
#99=ELLIPSE('',#1471,0.251069169133586,0.25);
#100=ELLIPSE('',#1474,0.265815937098439,0.25);
#101=ELLIPSE('',#1476,0.264180403710028,0.25);
#102=ELLIPSE('',#1478,0.270598050073099,0.25);
#103=ELLIPSE('',#1480,0.270598050073099,0.25);
#104=ELLIPSE('',#1482,0.270598050073099,0.25);
#105=CIRCLE('',#1347,44.5661731946331);
#106=CIRCLE('',#1401,44.5661731946331);
#107=CIRCLE('',#1403,44.5661731946331);
#108=CIRCLE('',#1405,44.5661731946331);
#109=CIRCLE('',#1417,44.5661731946331);
#110=CIRCLE('',#1423,44.5661731946331);
#111=CIRCLE('',#1428,2.48427022130925);
#112=CIRCLE('',#1430,3.41107062924996);
#113=CIRCLE('',#1432,1.30580686155527);
#114=CIRCLE('',#1434,1.30580686155527);
#115=CIRCLE('',#1436,3.41107062924993);
#116=CIRCLE('',#1438,2.48427022130942);
#117=CIRCLE('',#1441,3.53627071414723);
#118=CIRCLE('',#1443,8.28532813617825);
#119=CIRCLE('',#1445,58.9123206655315);
#120=CIRCLE('',#1447,58.912320665532);
#121=CIRCLE('',#1449,8.28532813617829);
#122=CIRCLE('',#1452,3.53627071415259);
#123=CIRCLE('',#1454,2.14252134687691);
#124=CIRCLE('',#1457,1.89252134687691);
#125=ORIENTED_EDGE('',*,*,#521,.T.);
#126=ORIENTED_EDGE('',*,*,#522,.T.);
#127=ORIENTED_EDGE('',*,*,#523,.F.);
#128=ORIENTED_EDGE('',*,*,#524,.F.);
#129=ORIENTED_EDGE('',*,*,#523,.T.);
#130=ORIENTED_EDGE('',*,*,#525,.T.);
#131=ORIENTED_EDGE('',*,*,#526,.F.);
#132=ORIENTED_EDGE('',*,*,#527,.F.);
#133=ORIENTED_EDGE('',*,*,#526,.T.);
#134=ORIENTED_EDGE('',*,*,#528,.T.);
#135=ORIENTED_EDGE('',*,*,#529,.F.);
#136=ORIENTED_EDGE('',*,*,#530,.F.);
#137=ORIENTED_EDGE('',*,*,#529,.T.);
#138=ORIENTED_EDGE('',*,*,#531,.T.);
#139=ORIENTED_EDGE('',*,*,#532,.F.);
#140=ORIENTED_EDGE('',*,*,#533,.F.);
#141=ORIENTED_EDGE('',*,*,#532,.T.);
#142=ORIENTED_EDGE('',*,*,#534,.T.);
#143=ORIENTED_EDGE('',*,*,#535,.F.);
#144=ORIENTED_EDGE('',*,*,#536,.F.);
#145=ORIENTED_EDGE('',*,*,#535,.T.);
#146=ORIENTED_EDGE('',*,*,#537,.T.);
#147=ORIENTED_EDGE('',*,*,#538,.F.);
#148=ORIENTED_EDGE('',*,*,#539,.F.);
#149=ORIENTED_EDGE('',*,*,#538,.T.);
#150=ORIENTED_EDGE('',*,*,#540,.T.);
#151=ORIENTED_EDGE('',*,*,#541,.F.);
#152=ORIENTED_EDGE('',*,*,#542,.F.);
#153=ORIENTED_EDGE('',*,*,#541,.T.);
#154=ORIENTED_EDGE('',*,*,#543,.T.);
#155=ORIENTED_EDGE('',*,*,#544,.F.);
#156=ORIENTED_EDGE('',*,*,#545,.F.);
#157=ORIENTED_EDGE('',*,*,#544,.T.);
#158=ORIENTED_EDGE('',*,*,#546,.T.);
#159=ORIENTED_EDGE('',*,*,#547,.F.);
#160=ORIENTED_EDGE('',*,*,#548,.F.);
#161=ORIENTED_EDGE('',*,*,#547,.T.);
#162=ORIENTED_EDGE('',*,*,#549,.T.);
#163=ORIENTED_EDGE('',*,*,#550,.F.);
#164=ORIENTED_EDGE('',*,*,#551,.F.);
#165=ORIENTED_EDGE('',*,*,#550,.T.);
#166=ORIENTED_EDGE('',*,*,#552,.T.);
#167=ORIENTED_EDGE('',*,*,#553,.F.);
#168=ORIENTED_EDGE('',*,*,#554,.F.);
#169=ORIENTED_EDGE('',*,*,#553,.T.);
#170=ORIENTED_EDGE('',*,*,#555,.T.);
#171=ORIENTED_EDGE('',*,*,#556,.F.);
#172=ORIENTED_EDGE('',*,*,#557,.F.);
#173=ORIENTED_EDGE('',*,*,#556,.T.);
#174=ORIENTED_EDGE('',*,*,#558,.T.);
#175=ORIENTED_EDGE('',*,*,#559,.F.);
#176=ORIENTED_EDGE('',*,*,#560,.F.);
#177=ORIENTED_EDGE('',*,*,#559,.T.);
#178=ORIENTED_EDGE('',*,*,#561,.T.);
#179=ORIENTED_EDGE('',*,*,#562,.F.);
#180=ORIENTED_EDGE('',*,*,#563,.F.);
#181=ORIENTED_EDGE('',*,*,#564,.F.);
#182=ORIENTED_EDGE('',*,*,#565,.F.);
#183=ORIENTED_EDGE('',*,*,#566,.T.);
#184=ORIENTED_EDGE('',*,*,#567,.T.);
#185=ORIENTED_EDGE('',*,*,#568,.F.);
#186=ORIENTED_EDGE('',*,*,#569,.F.);
#187=ORIENTED_EDGE('',*,*,#570,.T.);
#188=ORIENTED_EDGE('',*,*,#565,.T.);
#189=ORIENTED_EDGE('',*,*,#571,.F.);
#190=ORIENTED_EDGE('',*,*,#572,.F.);
#191=ORIENTED_EDGE('',*,*,#573,.T.);
#192=ORIENTED_EDGE('',*,*,#569,.T.);
#193=ORIENTED_EDGE('',*,*,#574,.F.);
#194=ORIENTED_EDGE('',*,*,#575,.F.);
#195=ORIENTED_EDGE('',*,*,#576,.T.);
#196=ORIENTED_EDGE('',*,*,#572,.T.);
#197=ORIENTED_EDGE('',*,*,#577,.F.);
#198=ORIENTED_EDGE('',*,*,#578,.F.);
#199=ORIENTED_EDGE('',*,*,#579,.T.);
#200=ORIENTED_EDGE('',*,*,#575,.T.);
#201=ORIENTED_EDGE('',*,*,#580,.F.);
#202=ORIENTED_EDGE('',*,*,#581,.F.);
#203=ORIENTED_EDGE('',*,*,#582,.T.);
#204=ORIENTED_EDGE('',*,*,#578,.T.);
#205=ORIENTED_EDGE('',*,*,#583,.F.);
#206=ORIENTED_EDGE('',*,*,#584,.F.);
#207=ORIENTED_EDGE('',*,*,#585,.T.);
#208=ORIENTED_EDGE('',*,*,#581,.T.);
#209=ORIENTED_EDGE('',*,*,#586,.F.);
#210=ORIENTED_EDGE('',*,*,#587,.F.);
#211=ORIENTED_EDGE('',*,*,#588,.T.);
#212=ORIENTED_EDGE('',*,*,#584,.T.);
#213=ORIENTED_EDGE('',*,*,#589,.F.);
#214=ORIENTED_EDGE('',*,*,#590,.F.);
#215=ORIENTED_EDGE('',*,*,#591,.T.);
#216=ORIENTED_EDGE('',*,*,#587,.T.);
#217=ORIENTED_EDGE('',*,*,#592,.F.);
#218=ORIENTED_EDGE('',*,*,#593,.F.);
#219=ORIENTED_EDGE('',*,*,#594,.T.);
#220=ORIENTED_EDGE('',*,*,#590,.T.);
#221=ORIENTED_EDGE('',*,*,#595,.F.);
#222=ORIENTED_EDGE('',*,*,#596,.F.);
#223=ORIENTED_EDGE('',*,*,#597,.T.);
#224=ORIENTED_EDGE('',*,*,#593,.T.);
#225=ORIENTED_EDGE('',*,*,#598,.F.);
#226=ORIENTED_EDGE('',*,*,#599,.F.);
#227=ORIENTED_EDGE('',*,*,#600,.T.);
#228=ORIENTED_EDGE('',*,*,#596,.T.);
#229=ORIENTED_EDGE('',*,*,#601,.F.);
#230=ORIENTED_EDGE('',*,*,#602,.F.);
#231=ORIENTED_EDGE('',*,*,#603,.T.);
#232=ORIENTED_EDGE('',*,*,#599,.T.);
#233=ORIENTED_EDGE('',*,*,#604,.F.);
#234=ORIENTED_EDGE('',*,*,#605,.F.);
#235=ORIENTED_EDGE('',*,*,#606,.T.);
#236=ORIENTED_EDGE('',*,*,#602,.T.);
#237=ORIENTED_EDGE('',*,*,#607,.F.);
#238=ORIENTED_EDGE('',*,*,#608,.F.);
#239=ORIENTED_EDGE('',*,*,#609,.T.);
#240=ORIENTED_EDGE('',*,*,#610,.T.);
#241=ORIENTED_EDGE('',*,*,#611,.F.);
#242=ORIENTED_EDGE('',*,*,#612,.F.);
#243=ORIENTED_EDGE('',*,*,#613,.T.);
#244=ORIENTED_EDGE('',*,*,#614,.T.);
#245=ORIENTED_EDGE('',*,*,#615,.F.);
#246=ORIENTED_EDGE('',*,*,#616,.T.);
#247=ORIENTED_EDGE('',*,*,#617,.T.);
#248=ORIENTED_EDGE('',*,*,#618,.F.);
#249=ORIENTED_EDGE('',*,*,#619,.T.);
#250=ORIENTED_EDGE('',*,*,#615,.T.);
#251=ORIENTED_EDGE('',*,*,#620,.T.);
#252=ORIENTED_EDGE('',*,*,#621,.F.);
#253=ORIENTED_EDGE('',*,*,#622,.T.);
#254=ORIENTED_EDGE('',*,*,#618,.T.);
#255=ORIENTED_EDGE('',*,*,#623,.T.);
#256=ORIENTED_EDGE('',*,*,#624,.T.);
#257=ORIENTED_EDGE('',*,*,#625,.T.);
#258=ORIENTED_EDGE('',*,*,#621,.T.);
#259=ORIENTED_EDGE('',*,*,#626,.F.);
#260=ORIENTED_EDGE('',*,*,#627,.T.);
#261=ORIENTED_EDGE('',*,*,#628,.F.);
#262=ORIENTED_EDGE('',*,*,#629,.F.);
#263=ORIENTED_EDGE('',*,*,#630,.T.);
#264=ORIENTED_EDGE('',*,*,#626,.T.);
#265=ORIENTED_EDGE('',*,*,#631,.F.);
#266=ORIENTED_EDGE('',*,*,#632,.F.);
#267=ORIENTED_EDGE('',*,*,#633,.T.);
#268=ORIENTED_EDGE('',*,*,#629,.T.);
#269=ORIENTED_EDGE('',*,*,#634,.T.);
#270=ORIENTED_EDGE('',*,*,#635,.F.);
#271=ORIENTED_EDGE('',*,*,#636,.T.);
#272=ORIENTED_EDGE('',*,*,#637,.T.);
#273=ORIENTED_EDGE('',*,*,#638,.F.);
#274=ORIENTED_EDGE('',*,*,#639,.F.);
#275=ORIENTED_EDGE('',*,*,#640,.T.);
#276=ORIENTED_EDGE('',*,*,#635,.T.);
#277=ORIENTED_EDGE('',*,*,#641,.F.);
#278=ORIENTED_EDGE('',*,*,#642,.F.);
#279=ORIENTED_EDGE('',*,*,#643,.T.);
#280=ORIENTED_EDGE('',*,*,#639,.T.);
#281=ORIENTED_EDGE('',*,*,#644,.T.);
#282=ORIENTED_EDGE('',*,*,#645,.T.);
#283=ORIENTED_EDGE('',*,*,#521,.F.);
#284=ORIENTED_EDGE('',*,*,#646,.F.);
#285=ORIENTED_EDGE('',*,*,#647,.T.);
#286=ORIENTED_EDGE('',*,*,#648,.F.);
#287=ORIENTED_EDGE('',*,*,#649,.F.);
#288=ORIENTED_EDGE('',*,*,#650,.T.);
#289=ORIENTED_EDGE('',*,*,#562,.T.);
#290=ORIENTED_EDGE('',*,*,#651,.F.);
#291=ORIENTED_EDGE('',*,*,#652,.F.);
#292=ORIENTED_EDGE('',*,*,#653,.T.);
#293=ORIENTED_EDGE('',*,*,#649,.T.);
#294=ORIENTED_EDGE('',*,*,#652,.T.);
#295=ORIENTED_EDGE('',*,*,#654,.T.);
#296=ORIENTED_EDGE('',*,*,#655,.F.);
#297=ORIENTED_EDGE('',*,*,#656,.F.);
#298=ORIENTED_EDGE('',*,*,#655,.T.);
#299=ORIENTED_EDGE('',*,*,#657,.T.);
#300=ORIENTED_EDGE('',*,*,#567,.F.);
#301=ORIENTED_EDGE('',*,*,#658,.F.);
#302=ORIENTED_EDGE('',*,*,#659,.F.);
#303=ORIENTED_EDGE('',*,*,#660,.F.);
#304=ORIENTED_EDGE('',*,*,#661,.T.);
#305=ORIENTED_EDGE('',*,*,#605,.T.);
#306=ORIENTED_EDGE('',*,*,#662,.F.);
#307=ORIENTED_EDGE('',*,*,#663,.F.);
#308=ORIENTED_EDGE('',*,*,#664,.T.);
#309=ORIENTED_EDGE('',*,*,#660,.T.);
#310=ORIENTED_EDGE('',*,*,#665,.F.);
#311=ORIENTED_EDGE('',*,*,#666,.F.);
#312=ORIENTED_EDGE('',*,*,#667,.T.);
#313=ORIENTED_EDGE('',*,*,#663,.T.);
#314=ORIENTED_EDGE('',*,*,#668,.F.);
#315=ORIENTED_EDGE('',*,*,#610,.F.);
#316=ORIENTED_EDGE('',*,*,#669,.T.);
#317=ORIENTED_EDGE('',*,*,#666,.T.);
#318=ORIENTED_EDGE('',*,*,#670,.F.);
#319=ORIENTED_EDGE('',*,*,#671,.F.);
#320=ORIENTED_EDGE('',*,*,#672,.T.);
#321=ORIENTED_EDGE('',*,*,#608,.T.);
#322=ORIENTED_EDGE('',*,*,#671,.T.);
#323=ORIENTED_EDGE('',*,*,#673,.T.);
#324=ORIENTED_EDGE('',*,*,#614,.F.);
#325=ORIENTED_EDGE('',*,*,#674,.F.);
#326=ORIENTED_EDGE('',*,*,#612,.T.);
#327=ORIENTED_EDGE('',*,*,#675,.T.);
#328=ORIENTED_EDGE('',*,*,#676,.F.);
#329=ORIENTED_EDGE('',*,*,#677,.F.);
#330=ORIENTED_EDGE('',*,*,#676,.T.);
#331=ORIENTED_EDGE('',*,*,#678,.T.);
#332=ORIENTED_EDGE('',*,*,#679,.T.);
#333=ORIENTED_EDGE('',*,*,#680,.F.);
#334=ORIENTED_EDGE('',*,*,#681,.F.);
#335=ORIENTED_EDGE('',*,*,#637,.F.);
#336=ORIENTED_EDGE('',*,*,#682,.T.);
#337=ORIENTED_EDGE('',*,*,#632,.T.);
#338=ORIENTED_EDGE('',*,*,#683,.T.);
#339=ORIENTED_EDGE('',*,*,#680,.T.);
#340=ORIENTED_EDGE('',*,*,#684,.T.);
#341=ORIENTED_EDGE('',*,*,#647,.F.);
#342=ORIENTED_EDGE('',*,*,#685,.F.);
#343=ORIENTED_EDGE('',*,*,#686,.T.);
#344=ORIENTED_EDGE('',*,*,#687,.T.);
#345=ORIENTED_EDGE('',*,*,#688,.T.);
#346=ORIENTED_EDGE('',*,*,#689,.T.);
#347=ORIENTED_EDGE('',*,*,#690,.T.);
#348=ORIENTED_EDGE('',*,*,#691,.T.);
#349=ORIENTED_EDGE('',*,*,#692,.T.);
#350=ORIENTED_EDGE('',*,*,#693,.T.);
#351=ORIENTED_EDGE('',*,*,#694,.T.);
#352=ORIENTED_EDGE('',*,*,#695,.T.);
#353=ORIENTED_EDGE('',*,*,#696,.T.);
#354=ORIENTED_EDGE('',*,*,#697,.T.);
#355=ORIENTED_EDGE('',*,*,#698,.T.);
#356=ORIENTED_EDGE('',*,*,#646,.T.);
#357=ORIENTED_EDGE('',*,*,#524,.T.);
#358=ORIENTED_EDGE('',*,*,#527,.T.);
#359=ORIENTED_EDGE('',*,*,#530,.T.);
#360=ORIENTED_EDGE('',*,*,#533,.T.);
#361=ORIENTED_EDGE('',*,*,#536,.T.);
#362=ORIENTED_EDGE('',*,*,#539,.T.);
#363=ORIENTED_EDGE('',*,*,#542,.T.);
#364=ORIENTED_EDGE('',*,*,#545,.T.);
#365=ORIENTED_EDGE('',*,*,#548,.T.);
#366=ORIENTED_EDGE('',*,*,#551,.T.);
#367=ORIENTED_EDGE('',*,*,#554,.T.);
#368=ORIENTED_EDGE('',*,*,#557,.T.);
#369=ORIENTED_EDGE('',*,*,#560,.T.);
#370=ORIENTED_EDGE('',*,*,#563,.T.);
#371=ORIENTED_EDGE('',*,*,#650,.F.);
#372=ORIENTED_EDGE('',*,*,#653,.F.);
#373=ORIENTED_EDGE('',*,*,#656,.T.);
#374=ORIENTED_EDGE('',*,*,#658,.T.);
#375=ORIENTED_EDGE('',*,*,#566,.F.);
#376=ORIENTED_EDGE('',*,*,#570,.F.);
#377=ORIENTED_EDGE('',*,*,#573,.F.);
#378=ORIENTED_EDGE('',*,*,#576,.F.);
#379=ORIENTED_EDGE('',*,*,#579,.F.);
#380=ORIENTED_EDGE('',*,*,#582,.F.);
#381=ORIENTED_EDGE('',*,*,#585,.F.);
#382=ORIENTED_EDGE('',*,*,#588,.F.);
#383=ORIENTED_EDGE('',*,*,#591,.F.);
#384=ORIENTED_EDGE('',*,*,#594,.F.);
#385=ORIENTED_EDGE('',*,*,#597,.F.);
#386=ORIENTED_EDGE('',*,*,#600,.F.);
#387=ORIENTED_EDGE('',*,*,#603,.F.);
#388=ORIENTED_EDGE('',*,*,#606,.F.);
#389=ORIENTED_EDGE('',*,*,#661,.F.);
#390=ORIENTED_EDGE('',*,*,#664,.F.);
#391=ORIENTED_EDGE('',*,*,#667,.F.);
#392=ORIENTED_EDGE('',*,*,#669,.F.);
#393=ORIENTED_EDGE('',*,*,#609,.F.);
#394=ORIENTED_EDGE('',*,*,#672,.F.);
#395=ORIENTED_EDGE('',*,*,#674,.T.);
#396=ORIENTED_EDGE('',*,*,#613,.F.);
#397=ORIENTED_EDGE('',*,*,#677,.T.);
#398=ORIENTED_EDGE('',*,*,#681,.T.);
#399=ORIENTED_EDGE('',*,*,#685,.T.);
#400=ORIENTED_EDGE('',*,*,#628,.T.);
#401=ORIENTED_EDGE('',*,*,#699,.T.);
#402=ORIENTED_EDGE('',*,*,#700,.T.);
#403=ORIENTED_EDGE('',*,*,#701,.T.);
#404=ORIENTED_EDGE('',*,*,#624,.F.);
#405=ORIENTED_EDGE('',*,*,#623,.F.);
#406=ORIENTED_EDGE('',*,*,#620,.F.);
#407=ORIENTED_EDGE('',*,*,#617,.F.);
#408=ORIENTED_EDGE('',*,*,#702,.T.);
#409=ORIENTED_EDGE('',*,*,#703,.T.);
#410=ORIENTED_EDGE('',*,*,#704,.T.);
#411=ORIENTED_EDGE('',*,*,#642,.T.);
#412=ORIENTED_EDGE('',*,*,#641,.T.);
#413=ORIENTED_EDGE('',*,*,#638,.T.);
#414=ORIENTED_EDGE('',*,*,#683,.F.);
#415=ORIENTED_EDGE('',*,*,#634,.F.);
#416=ORIENTED_EDGE('',*,*,#631,.T.);
#417=ORIENTED_EDGE('',*,*,#705,.F.);
#418=ORIENTED_EDGE('',*,*,#678,.F.);
#419=ORIENTED_EDGE('',*,*,#675,.F.);
#420=ORIENTED_EDGE('',*,*,#611,.T.);
#421=ORIENTED_EDGE('',*,*,#673,.F.);
#422=ORIENTED_EDGE('',*,*,#670,.T.);
#423=ORIENTED_EDGE('',*,*,#607,.T.);
#424=ORIENTED_EDGE('',*,*,#668,.T.);
#425=ORIENTED_EDGE('',*,*,#665,.T.);
#426=ORIENTED_EDGE('',*,*,#662,.T.);
#427=ORIENTED_EDGE('',*,*,#659,.T.);
#428=ORIENTED_EDGE('',*,*,#604,.T.);
#429=ORIENTED_EDGE('',*,*,#601,.T.);
#430=ORIENTED_EDGE('',*,*,#598,.T.);
#431=ORIENTED_EDGE('',*,*,#595,.T.);
#432=ORIENTED_EDGE('',*,*,#592,.T.);
#433=ORIENTED_EDGE('',*,*,#589,.T.);
#434=ORIENTED_EDGE('',*,*,#586,.T.);
#435=ORIENTED_EDGE('',*,*,#583,.T.);
#436=ORIENTED_EDGE('',*,*,#580,.T.);
#437=ORIENTED_EDGE('',*,*,#577,.T.);
#438=ORIENTED_EDGE('',*,*,#574,.T.);
#439=ORIENTED_EDGE('',*,*,#571,.T.);
#440=ORIENTED_EDGE('',*,*,#568,.T.);
#441=ORIENTED_EDGE('',*,*,#564,.T.);
#442=ORIENTED_EDGE('',*,*,#657,.F.);
#443=ORIENTED_EDGE('',*,*,#654,.F.);
#444=ORIENTED_EDGE('',*,*,#651,.T.);
#445=ORIENTED_EDGE('',*,*,#648,.T.);
#446=ORIENTED_EDGE('',*,*,#561,.F.);
#447=ORIENTED_EDGE('',*,*,#558,.F.);
#448=ORIENTED_EDGE('',*,*,#555,.F.);
#449=ORIENTED_EDGE('',*,*,#552,.F.);
#450=ORIENTED_EDGE('',*,*,#549,.F.);
#451=ORIENTED_EDGE('',*,*,#546,.F.);
#452=ORIENTED_EDGE('',*,*,#543,.F.);
#453=ORIENTED_EDGE('',*,*,#540,.F.);
#454=ORIENTED_EDGE('',*,*,#537,.F.);
#455=ORIENTED_EDGE('',*,*,#534,.F.);
#456=ORIENTED_EDGE('',*,*,#531,.F.);
#457=ORIENTED_EDGE('',*,*,#528,.F.);
#458=ORIENTED_EDGE('',*,*,#525,.F.);
#459=ORIENTED_EDGE('',*,*,#522,.F.);
#460=ORIENTED_EDGE('',*,*,#645,.F.);
#461=ORIENTED_EDGE('',*,*,#684,.F.);
#462=ORIENTED_EDGE('',*,*,#679,.F.);
#463=ORIENTED_EDGE('',*,*,#705,.T.);
#464=ORIENTED_EDGE('',*,*,#644,.F.);
#465=ORIENTED_EDGE('',*,*,#643,.F.);
#466=ORIENTED_EDGE('',*,*,#704,.F.);
#467=ORIENTED_EDGE('',*,*,#706,.F.);
#468=ORIENTED_EDGE('',*,*,#693,.F.);
#469=ORIENTED_EDGE('',*,*,#707,.F.);
#470=ORIENTED_EDGE('',*,*,#706,.T.);
#471=ORIENTED_EDGE('',*,*,#703,.F.);
#472=ORIENTED_EDGE('',*,*,#708,.F.);
#473=ORIENTED_EDGE('',*,*,#694,.F.);
#474=ORIENTED_EDGE('',*,*,#707,.T.);
#475=ORIENTED_EDGE('',*,*,#692,.F.);
#476=ORIENTED_EDGE('',*,*,#709,.F.);
#477=ORIENTED_EDGE('',*,*,#640,.F.);
#478=ORIENTED_EDGE('',*,*,#702,.F.);
#479=ORIENTED_EDGE('',*,*,#616,.F.);
#480=ORIENTED_EDGE('',*,*,#710,.F.);
#481=ORIENTED_EDGE('',*,*,#695,.F.);
#482=ORIENTED_EDGE('',*,*,#708,.T.);
#483=ORIENTED_EDGE('',*,*,#709,.T.);
#484=ORIENTED_EDGE('',*,*,#691,.F.);
#485=ORIENTED_EDGE('',*,*,#711,.F.);
#486=ORIENTED_EDGE('',*,*,#636,.F.);
#487=ORIENTED_EDGE('',*,*,#710,.T.);
#488=ORIENTED_EDGE('',*,*,#619,.F.);
#489=ORIENTED_EDGE('',*,*,#712,.F.);
#490=ORIENTED_EDGE('',*,*,#696,.F.);
#491=ORIENTED_EDGE('',*,*,#711,.T.);
#492=ORIENTED_EDGE('',*,*,#690,.F.);
#493=ORIENTED_EDGE('',*,*,#713,.F.);
#494=ORIENTED_EDGE('',*,*,#682,.F.);
#495=ORIENTED_EDGE('',*,*,#712,.T.);
#496=ORIENTED_EDGE('',*,*,#622,.F.);
#497=ORIENTED_EDGE('',*,*,#714,.F.);
#498=ORIENTED_EDGE('',*,*,#697,.F.);
#499=ORIENTED_EDGE('',*,*,#713,.T.);
#500=ORIENTED_EDGE('',*,*,#689,.F.);
#501=ORIENTED_EDGE('',*,*,#715,.F.);
#502=ORIENTED_EDGE('',*,*,#633,.F.);
#503=ORIENTED_EDGE('',*,*,#625,.F.);
#504=ORIENTED_EDGE('',*,*,#701,.F.);
#505=ORIENTED_EDGE('',*,*,#716,.F.);
#506=ORIENTED_EDGE('',*,*,#698,.F.);
#507=ORIENTED_EDGE('',*,*,#714,.T.);
#508=ORIENTED_EDGE('',*,*,#715,.T.);
#509=ORIENTED_EDGE('',*,*,#688,.F.);
#510=ORIENTED_EDGE('',*,*,#717,.F.);
#511=ORIENTED_EDGE('',*,*,#630,.F.);
#512=ORIENTED_EDGE('',*,*,#716,.T.);
#513=ORIENTED_EDGE('',*,*,#700,.F.);
#514=ORIENTED_EDGE('',*,*,#718,.F.);
#515=ORIENTED_EDGE('',*,*,#686,.F.);
#516=ORIENTED_EDGE('',*,*,#717,.T.);
#517=ORIENTED_EDGE('',*,*,#687,.F.);
#518=ORIENTED_EDGE('',*,*,#718,.T.);
#519=ORIENTED_EDGE('',*,*,#699,.F.);
#520=ORIENTED_EDGE('',*,*,#627,.F.);
#521=EDGE_CURVE('',#719,#720,#848,.T.);
#522=EDGE_CURVE('',#720,#721,#105,.F.);
#523=EDGE_CURVE('',#722,#721,#849,.T.);
#524=EDGE_CURVE('',#719,#722,#850,.T.);
#525=EDGE_CURVE('',#721,#723,#58,.F.);
#526=EDGE_CURVE('',#724,#723,#851,.T.);
#527=EDGE_CURVE('',#722,#724,#852,.T.);
#528=EDGE_CURVE('',#723,#725,#59,.F.);
#529=EDGE_CURVE('',#726,#725,#853,.T.);
#530=EDGE_CURVE('',#724,#726,#854,.T.);
#531=EDGE_CURVE('',#725,#727,#60,.F.);
#532=EDGE_CURVE('',#728,#727,#855,.T.);
#533=EDGE_CURVE('',#726,#728,#856,.T.);
#534=EDGE_CURVE('',#727,#729,#61,.F.);
#535=EDGE_CURVE('',#730,#729,#857,.T.);
#536=EDGE_CURVE('',#728,#730,#858,.T.);
#537=EDGE_CURVE('',#729,#731,#62,.F.);
#538=EDGE_CURVE('',#732,#731,#859,.T.);
#539=EDGE_CURVE('',#730,#732,#860,.T.);
#540=EDGE_CURVE('',#731,#733,#63,.F.);
#541=EDGE_CURVE('',#734,#733,#861,.T.);
#542=EDGE_CURVE('',#732,#734,#862,.T.);
#543=EDGE_CURVE('',#733,#735,#64,.F.);
#544=EDGE_CURVE('',#736,#735,#863,.T.);
#545=EDGE_CURVE('',#734,#736,#864,.T.);
#546=EDGE_CURVE('',#735,#737,#65,.F.);
#547=EDGE_CURVE('',#738,#737,#865,.T.);
#548=EDGE_CURVE('',#736,#738,#866,.T.);
#549=EDGE_CURVE('',#737,#739,#66,.F.);
#550=EDGE_CURVE('',#740,#739,#867,.T.);
#551=EDGE_CURVE('',#738,#740,#868,.T.);
#552=EDGE_CURVE('',#739,#741,#67,.F.);
#553=EDGE_CURVE('',#742,#741,#869,.T.);
#554=EDGE_CURVE('',#740,#742,#870,.T.);
#555=EDGE_CURVE('',#741,#743,#68,.F.);
#556=EDGE_CURVE('',#744,#743,#871,.T.);
#557=EDGE_CURVE('',#742,#744,#872,.T.);
#558=EDGE_CURVE('',#743,#745,#69,.F.);
#559=EDGE_CURVE('',#746,#745,#873,.T.);
#560=EDGE_CURVE('',#744,#746,#874,.T.);
#561=EDGE_CURVE('',#745,#747,#70,.F.);
#562=EDGE_CURVE('',#748,#747,#875,.T.);
#563=EDGE_CURVE('',#746,#748,#876,.T.);
#564=EDGE_CURVE('',#749,#750,#71,.F.);
#565=EDGE_CURVE('',#751,#749,#877,.T.);
#566=EDGE_CURVE('',#751,#752,#878,.T.);
#567=EDGE_CURVE('',#752,#750,#879,.T.);
#568=EDGE_CURVE('',#753,#749,#72,.F.);
#569=EDGE_CURVE('',#754,#753,#880,.T.);
#570=EDGE_CURVE('',#754,#751,#881,.T.);
#571=EDGE_CURVE('',#755,#753,#73,.F.);
#572=EDGE_CURVE('',#756,#755,#882,.T.);
#573=EDGE_CURVE('',#756,#754,#883,.T.);
#574=EDGE_CURVE('',#757,#755,#74,.F.);
#575=EDGE_CURVE('',#758,#757,#884,.T.);
#576=EDGE_CURVE('',#758,#756,#885,.T.);
#577=EDGE_CURVE('',#759,#757,#75,.F.);
#578=EDGE_CURVE('',#760,#759,#886,.T.);
#579=EDGE_CURVE('',#760,#758,#887,.T.);
#580=EDGE_CURVE('',#761,#759,#76,.F.);
#581=EDGE_CURVE('',#762,#761,#888,.T.);
#582=EDGE_CURVE('',#762,#760,#889,.T.);
#583=EDGE_CURVE('',#763,#761,#77,.F.);
#584=EDGE_CURVE('',#764,#763,#890,.T.);
#585=EDGE_CURVE('',#764,#762,#891,.T.);
#586=EDGE_CURVE('',#765,#763,#78,.F.);
#587=EDGE_CURVE('',#766,#765,#892,.T.);
#588=EDGE_CURVE('',#766,#764,#893,.T.);
#589=EDGE_CURVE('',#767,#765,#79,.F.);
#590=EDGE_CURVE('',#768,#767,#894,.T.);
#591=EDGE_CURVE('',#768,#766,#895,.T.);
#592=EDGE_CURVE('',#769,#767,#80,.F.);
#593=EDGE_CURVE('',#770,#769,#896,.T.);
#594=EDGE_CURVE('',#770,#768,#897,.T.);
#595=EDGE_CURVE('',#771,#769,#81,.F.);
#596=EDGE_CURVE('',#772,#771,#898,.T.);
#597=EDGE_CURVE('',#772,#770,#899,.T.);
#598=EDGE_CURVE('',#773,#771,#82,.F.);
#599=EDGE_CURVE('',#774,#773,#900,.T.);
#600=EDGE_CURVE('',#774,#772,#901,.T.);
#601=EDGE_CURVE('',#775,#773,#83,.F.);
#602=EDGE_CURVE('',#776,#775,#902,.T.);
#603=EDGE_CURVE('',#776,#774,#903,.T.);
#604=EDGE_CURVE('',#777,#775,#106,.F.);
#605=EDGE_CURVE('',#778,#777,#904,.T.);
#606=EDGE_CURVE('',#778,#776,#905,.T.);
#607=EDGE_CURVE('',#779,#780,#107,.F.);
#608=EDGE_CURVE('',#781,#779,#906,.T.);
#609=EDGE_CURVE('',#781,#782,#907,.T.);
#610=EDGE_CURVE('',#782,#780,#908,.T.);
#611=EDGE_CURVE('',#783,#784,#108,.F.);
#612=EDGE_CURVE('',#785,#783,#909,.T.);
#613=EDGE_CURVE('',#785,#786,#910,.T.);
#614=EDGE_CURVE('',#786,#784,#911,.T.);
#615=EDGE_CURVE('',#787,#788,#912,.T.);
#616=EDGE_CURVE('',#787,#789,#913,.F.);
#617=EDGE_CURVE('',#789,#788,#84,.F.);
#618=EDGE_CURVE('',#790,#791,#914,.T.);
#619=EDGE_CURVE('',#790,#787,#915,.F.);
#620=EDGE_CURVE('',#788,#791,#85,.F.);
#621=EDGE_CURVE('',#792,#793,#916,.T.);
#622=EDGE_CURVE('',#792,#790,#917,.F.);
#623=EDGE_CURVE('',#791,#793,#86,.F.);
#624=EDGE_CURVE('',#793,#794,#87,.F.);
#625=EDGE_CURVE('',#794,#792,#918,.F.);
#626=EDGE_CURVE('',#795,#796,#919,.T.);
#627=EDGE_CURVE('',#795,#797,#920,.T.);
#628=EDGE_CURVE('',#796,#797,#88,.F.);
#629=EDGE_CURVE('',#798,#799,#921,.T.);
#630=EDGE_CURVE('',#798,#795,#922,.T.);
#631=EDGE_CURVE('',#799,#796,#109,.F.);
#632=EDGE_CURVE('',#800,#801,#923,.T.);
#633=EDGE_CURVE('',#800,#798,#924,.F.);
#634=EDGE_CURVE('',#799,#801,#89,.F.);
#635=EDGE_CURVE('',#802,#803,#925,.T.);
#636=EDGE_CURVE('',#802,#804,#926,.T.);
#637=EDGE_CURVE('',#804,#805,#927,.T.);
#638=EDGE_CURVE('',#803,#805,#90,.F.);
#639=EDGE_CURVE('',#806,#807,#928,.T.);
#640=EDGE_CURVE('',#806,#802,#929,.T.);
#641=EDGE_CURVE('',#807,#803,#110,.F.);
#642=EDGE_CURVE('',#808,#807,#91,.F.);
#643=EDGE_CURVE('',#808,#806,#930,.T.);
#644=EDGE_CURVE('',#809,#810,#92,.T.);
#645=EDGE_CURVE('',#810,#720,#13,.T.);
#646=EDGE_CURVE('',#811,#719,#111,.T.);
#647=EDGE_CURVE('',#811,#809,#931,.T.);
#648=EDGE_CURVE('',#812,#747,#14,.T.);
#649=EDGE_CURVE('',#813,#812,#932,.T.);
#650=EDGE_CURVE('',#813,#748,#112,.T.);
#651=EDGE_CURVE('',#814,#812,#15,.T.);
#652=EDGE_CURVE('',#815,#814,#933,.T.);
#653=EDGE_CURVE('',#815,#813,#113,.T.);
#654=EDGE_CURVE('',#814,#816,#16,.T.);
#655=EDGE_CURVE('',#817,#816,#934,.T.);
#656=EDGE_CURVE('',#815,#817,#114,.T.);
#657=EDGE_CURVE('',#816,#750,#17,.T.);
#658=EDGE_CURVE('',#817,#752,#115,.T.);
#659=EDGE_CURVE('',#818,#777,#18,.T.);
#660=EDGE_CURVE('',#819,#818,#935,.T.);
#661=EDGE_CURVE('',#819,#778,#116,.T.);
#662=EDGE_CURVE('',#820,#818,#936,.T.);
#663=EDGE_CURVE('',#821,#820,#937,.T.);
#664=EDGE_CURVE('',#821,#819,#938,.T.);
#665=EDGE_CURVE('',#822,#820,#19,.T.);
#666=EDGE_CURVE('',#823,#822,#939,.T.);
#667=EDGE_CURVE('',#823,#821,#117,.T.);
#668=EDGE_CURVE('',#780,#822,#20,.T.);
#669=EDGE_CURVE('',#782,#823,#118,.T.);
#670=EDGE_CURVE('',#824,#779,#21,.T.);
#671=EDGE_CURVE('',#825,#824,#940,.T.);
#672=EDGE_CURVE('',#825,#781,#119,.T.);
#673=EDGE_CURVE('',#824,#784,#22,.T.);
#674=EDGE_CURVE('',#825,#786,#120,.T.);
#675=EDGE_CURVE('',#783,#826,#23,.T.);
#676=EDGE_CURVE('',#827,#826,#941,.T.);
#677=EDGE_CURVE('',#785,#827,#121,.T.);
#678=EDGE_CURVE('',#826,#828,#24,.T.);
#679=EDGE_CURVE('',#828,#829,#93,.T.);
#680=EDGE_CURVE('',#830,#829,#942,.T.);
#681=EDGE_CURVE('',#827,#830,#122,.T.);
#682=EDGE_CURVE('',#804,#800,#123,.F.);
#683=EDGE_CURVE('',#801,#805,#25,.T.);
#684=EDGE_CURVE('',#829,#809,#943,.T.);
#685=EDGE_CURVE('',#830,#811,#944,.T.);
#686=EDGE_CURVE('',#831,#832,#945,.T.);
#687=EDGE_CURVE('',#832,#833,#946,.F.);
#688=EDGE_CURVE('',#833,#834,#947,.F.);
#689=EDGE_CURVE('',#834,#835,#948,.T.);
#690=EDGE_CURVE('',#835,#836,#124,.T.);
#691=EDGE_CURVE('',#836,#837,#949,.F.);
#692=EDGE_CURVE('',#837,#838,#950,.F.);
#693=EDGE_CURVE('',#838,#839,#951,.F.);
#694=EDGE_CURVE('',#839,#840,#952,.F.);
#695=EDGE_CURVE('',#840,#841,#953,.T.);
#696=EDGE_CURVE('',#841,#842,#954,.T.);
#697=EDGE_CURVE('',#842,#843,#955,.T.);
#698=EDGE_CURVE('',#843,#831,#956,.T.);
#699=EDGE_CURVE('',#797,#844,#26,.T.);
#700=EDGE_CURVE('',#844,#845,#957,.F.);
#701=EDGE_CURVE('',#845,#794,#27,.T.);
#702=EDGE_CURVE('',#789,#846,#28,.T.);
#703=EDGE_CURVE('',#846,#847,#958,.T.);
#704=EDGE_CURVE('',#847,#808,#29,.T.);
#705=EDGE_CURVE('',#828,#810,#959,.T.);
#706=EDGE_CURVE('',#839,#847,#94,.F.);
#707=EDGE_CURVE('',#806,#838,#95,.T.);
#708=EDGE_CURVE('',#840,#846,#96,.F.);
#709=EDGE_CURVE('',#802,#837,#97,.T.);
#710=EDGE_CURVE('',#841,#787,#98,.F.);
#711=EDGE_CURVE('',#804,#836,#30,.T.);
#712=EDGE_CURVE('',#842,#790,#99,.F.);
#713=EDGE_CURVE('',#800,#835,#31,.T.);
#714=EDGE_CURVE('',#843,#792,#100,.F.);
#715=EDGE_CURVE('',#798,#834,#101,.T.);
#716=EDGE_CURVE('',#831,#845,#102,.F.);
#717=EDGE_CURVE('',#795,#833,#103,.T.);
#718=EDGE_CURVE('',#832,#844,#104,.F.);
#719=VERTEX_POINT('',#1877);
#720=VERTEX_POINT('',#1878);
#721=VERTEX_POINT('',#1880);
#722=VERTEX_POINT('',#1882);
#723=VERTEX_POINT('',#1886);
#724=VERTEX_POINT('',#1888);
#725=VERTEX_POINT('',#1892);
#726=VERTEX_POINT('',#1894);
#727=VERTEX_POINT('',#1898);
#728=VERTEX_POINT('',#1900);
#729=VERTEX_POINT('',#1904);
#730=VERTEX_POINT('',#1906);
#731=VERTEX_POINT('',#1910);
#732=VERTEX_POINT('',#1912);
#733=VERTEX_POINT('',#1916);
#734=VERTEX_POINT('',#1918);
#735=VERTEX_POINT('',#1922);
#736=VERTEX_POINT('',#1924);
#737=VERTEX_POINT('',#1928);
#738=VERTEX_POINT('',#1930);
#739=VERTEX_POINT('',#1934);
#740=VERTEX_POINT('',#1936);
#741=VERTEX_POINT('',#1940);
#742=VERTEX_POINT('',#1942);
#743=VERTEX_POINT('',#1946);
#744=VERTEX_POINT('',#1948);
#745=VERTEX_POINT('',#1952);
#746=VERTEX_POINT('',#1954);
#747=VERTEX_POINT('',#1958);
#748=VERTEX_POINT('',#1960);
#749=VERTEX_POINT('',#1964);
#750=VERTEX_POINT('',#1965);
#751=VERTEX_POINT('',#1967);
#752=VERTEX_POINT('',#1969);
#753=VERTEX_POINT('',#1973);
#754=VERTEX_POINT('',#1975);
#755=VERTEX_POINT('',#1979);
#756=VERTEX_POINT('',#1981);
#757=VERTEX_POINT('',#1985);
#758=VERTEX_POINT('',#1987);
#759=VERTEX_POINT('',#1991);
#760=VERTEX_POINT('',#1993);
#761=VERTEX_POINT('',#1997);
#762=VERTEX_POINT('',#1999);
#763=VERTEX_POINT('',#2003);
#764=VERTEX_POINT('',#2005);
#765=VERTEX_POINT('',#2009);
#766=VERTEX_POINT('',#2011);
#767=VERTEX_POINT('',#2015);
#768=VERTEX_POINT('',#2017);
#769=VERTEX_POINT('',#2021);
#770=VERTEX_POINT('',#2023);
#771=VERTEX_POINT('',#2027);
#772=VERTEX_POINT('',#2029);
#773=VERTEX_POINT('',#2033);
#774=VERTEX_POINT('',#2035);
#775=VERTEX_POINT('',#2039);
#776=VERTEX_POINT('',#2041);
#777=VERTEX_POINT('',#2045);
#778=VERTEX_POINT('',#2047);
#779=VERTEX_POINT('',#2051);
#780=VERTEX_POINT('',#2052);
#781=VERTEX_POINT('',#2054);
#782=VERTEX_POINT('',#2056);
#783=VERTEX_POINT('',#2060);
#784=VERTEX_POINT('',#2061);
#785=VERTEX_POINT('',#2063);
#786=VERTEX_POINT('',#2065);
#787=VERTEX_POINT('',#2069);
#788=VERTEX_POINT('',#2070);
#789=VERTEX_POINT('',#2072);
#790=VERTEX_POINT('',#2076);
#791=VERTEX_POINT('',#2077);
#792=VERTEX_POINT('',#2082);
#793=VERTEX_POINT('',#2083);
#794=VERTEX_POINT('',#2088);
#795=VERTEX_POINT('',#2092);
#796=VERTEX_POINT('',#2093);
#797=VERTEX_POINT('',#2095);
#798=VERTEX_POINT('',#2099);
#799=VERTEX_POINT('',#2100);
#800=VERTEX_POINT('',#2105);
#801=VERTEX_POINT('',#2106);
#802=VERTEX_POINT('',#2111);
#803=VERTEX_POINT('',#2112);
#804=VERTEX_POINT('',#2114);
#805=VERTEX_POINT('',#2116);
#806=VERTEX_POINT('',#2120);
#807=VERTEX_POINT('',#2121);
#808=VERTEX_POINT('',#2126);
#809=VERTEX_POINT('',#2130);
#810=VERTEX_POINT('',#2131);
#811=VERTEX_POINT('',#2142);
#812=VERTEX_POINT('',#2150);
#813=VERTEX_POINT('',#2152);
#814=VERTEX_POINT('',#2160);
#815=VERTEX_POINT('',#2162);
#816=VERTEX_POINT('',#2170);
#817=VERTEX_POINT('',#2172);
#818=VERTEX_POINT('',#2191);
#819=VERTEX_POINT('',#2193);
#820=VERTEX_POINT('',#2197);
#821=VERTEX_POINT('',#2199);
#822=VERTEX_POINT('',#2210);
#823=VERTEX_POINT('',#2212);
#824=VERTEX_POINT('',#2225);
#825=VERTEX_POINT('',#2227);
#826=VERTEX_POINT('',#2240);
#827=VERTEX_POINT('',#2242);
#828=VERTEX_POINT('',#2253);
#829=VERTEX_POINT('',#2255);
#830=VERTEX_POINT('',#2257);
#831=VERTEX_POINT('',#2280);
#832=VERTEX_POINT('',#2281);
#833=VERTEX_POINT('',#2283);
#834=VERTEX_POINT('',#2285);
#835=VERTEX_POINT('',#2287);
#836=VERTEX_POINT('',#2289);
#837=VERTEX_POINT('',#2291);
#838=VERTEX_POINT('',#2293);
#839=VERTEX_POINT('',#2295);
#840=VERTEX_POINT('',#2297);
#841=VERTEX_POINT('',#2299);
#842=VERTEX_POINT('',#2301);
#843=VERTEX_POINT('',#2303);
#844=VERTEX_POINT('',#2310);
#845=VERTEX_POINT('',#2312);
#846=VERTEX_POINT('',#2321);
#847=VERTEX_POINT('',#2323);
#848=LINE('',#1876,#960);
#849=LINE('',#1881,#961);
#850=LINE('',#1883,#962);
#851=LINE('',#1887,#963);
#852=LINE('',#1889,#964);
#853=LINE('',#1893,#965);
#854=LINE('',#1895,#966);
#855=LINE('',#1899,#967);
#856=LINE('',#1901,#968);
#857=LINE('',#1905,#969);
#858=LINE('',#1907,#970);
#859=LINE('',#1911,#971);
#860=LINE('',#1913,#972);
#861=LINE('',#1917,#973);
#862=LINE('',#1919,#974);
#863=LINE('',#1923,#975);
#864=LINE('',#1925,#976);
#865=LINE('',#1929,#977);
#866=LINE('',#1931,#978);
#867=LINE('',#1935,#979);
#868=LINE('',#1937,#980);
#869=LINE('',#1941,#981);
#870=LINE('',#1943,#982);
#871=LINE('',#1947,#983);
#872=LINE('',#1949,#984);
#873=LINE('',#1953,#985);
#874=LINE('',#1955,#986);
#875=LINE('',#1959,#987);
#876=LINE('',#1961,#988);
#877=LINE('',#1966,#989);
#878=LINE('',#1968,#990);
#879=LINE('',#1970,#991);
#880=LINE('',#1974,#992);
#881=LINE('',#1976,#993);
#882=LINE('',#1980,#994);
#883=LINE('',#1982,#995);
#884=LINE('',#1986,#996);
#885=LINE('',#1988,#997);
#886=LINE('',#1992,#998);
#887=LINE('',#1994,#999);
#888=LINE('',#1998,#1000);
#889=LINE('',#2000,#1001);
#890=LINE('',#2004,#1002);
#891=LINE('',#2006,#1003);
#892=LINE('',#2010,#1004);
#893=LINE('',#2012,#1005);
#894=LINE('',#2016,#1006);
#895=LINE('',#2018,#1007);
#896=LINE('',#2022,#1008);
#897=LINE('',#2024,#1009);
#898=LINE('',#2028,#1010);
#899=LINE('',#2030,#1011);
#900=LINE('',#2034,#1012);
#901=LINE('',#2036,#1013);
#902=LINE('',#2040,#1014);
#903=LINE('',#2042,#1015);
#904=LINE('',#2046,#1016);
#905=LINE('',#2048,#1017);
#906=LINE('',#2053,#1018);
#907=LINE('',#2055,#1019);
#908=LINE('',#2057,#1020);
#909=LINE('',#2062,#1021);
#910=LINE('',#2064,#1022);
#911=LINE('',#2066,#1023);
#912=LINE('',#2068,#1024);
#913=LINE('',#2071,#1025);
#914=LINE('',#2075,#1026);
#915=LINE('',#2078,#1027);
#916=LINE('',#2081,#1028);
#917=LINE('',#2084,#1029);
#918=LINE('',#2089,#1030);
#919=LINE('',#2091,#1031);
#920=LINE('',#2094,#1032);
#921=LINE('',#2098,#1033);
#922=LINE('',#2101,#1034);
#923=LINE('',#2104,#1035);
#924=LINE('',#2107,#1036);
#925=LINE('',#2110,#1037);
#926=LINE('',#2113,#1038);
#927=LINE('',#2115,#1039);
#928=LINE('',#2119,#1040);
#929=LINE('',#2122,#1041);
#930=LINE('',#2127,#1042);
#931=LINE('',#2143,#1043);
#932=LINE('',#2151,#1044);
#933=LINE('',#2161,#1045);
#934=LINE('',#2171,#1046);
#935=LINE('',#2192,#1047);
#936=LINE('',#2196,#1048);
#937=LINE('',#2198,#1049);
#938=LINE('',#2200,#1050);
#939=LINE('',#2211,#1051);
#940=LINE('',#2226,#1052);
#941=LINE('',#2241,#1053);
#942=LINE('',#2256,#1054);
#943=LINE('',#2276,#1055);
#944=LINE('',#2277,#1056);
#945=LINE('',#2279,#1057);
#946=LINE('',#2282,#1058);
#947=LINE('',#2284,#1059);
#948=LINE('',#2286,#1060);
#949=LINE('',#2290,#1061);
#950=LINE('',#2292,#1062);
#951=LINE('',#2294,#1063);
#952=LINE('',#2296,#1064);
#953=LINE('',#2298,#1065);
#954=LINE('',#2300,#1066);
#955=LINE('',#2302,#1067);
#956=LINE('',#2304,#1068);
#957=LINE('',#2311,#1069);
#958=LINE('',#2322,#1070);
#959=LINE('',#2328,#1071);
#960=VECTOR('',#1488,100.);
#961=VECTOR('',#1491,100.);
#962=VECTOR('',#1492,100.);
#963=VECTOR('',#1497,100.);
#964=VECTOR('',#1498,100.);
#965=VECTOR('',#1503,100.);
#966=VECTOR('',#1504,100.);
#967=VECTOR('',#1509,100.);
#968=VECTOR('',#1510,100.);
#969=VECTOR('',#1515,100.);
#970=VECTOR('',#1516,100.);
#971=VECTOR('',#1521,100.);
#972=VECTOR('',#1522,100.);
#973=VECTOR('',#1527,100.);
#974=VECTOR('',#1528,100.);
#975=VECTOR('',#1533,100.);
#976=VECTOR('',#1534,100.);
#977=VECTOR('',#1539,100.);
#978=VECTOR('',#1540,100.);
#979=VECTOR('',#1545,100.);
#980=VECTOR('',#1546,100.);
#981=VECTOR('',#1551,100.);
#982=VECTOR('',#1552,100.);
#983=VECTOR('',#1557,100.);
#984=VECTOR('',#1558,100.);
#985=VECTOR('',#1563,100.);
#986=VECTOR('',#1564,100.);
#987=VECTOR('',#1569,100.);
#988=VECTOR('',#1570,100.);
#989=VECTOR('',#1575,100.);
#990=VECTOR('',#1576,100.);
#991=VECTOR('',#1577,100.);
#992=VECTOR('',#1582,100.);
#993=VECTOR('',#1583,100.);
#994=VECTOR('',#1588,100.);
#995=VECTOR('',#1589,100.);
#996=VECTOR('',#1594,100.);
#997=VECTOR('',#1595,100.);
#998=VECTOR('',#1600,100.);
#999=VECTOR('',#1601,100.);
#1000=VECTOR('',#1606,100.);
#1001=VECTOR('',#1607,100.);
#1002=VECTOR('',#1612,100.);
#1003=VECTOR('',#1613,100.);
#1004=VECTOR('',#1618,100.);
#1005=VECTOR('',#1619,100.);
#1006=VECTOR('',#1624,100.);
#1007=VECTOR('',#1625,100.);
#1008=VECTOR('',#1630,100.);
#1009=VECTOR('',#1631,100.);
#1010=VECTOR('',#1636,100.);
#1011=VECTOR('',#1637,100.);
#1012=VECTOR('',#1642,100.);
#1013=VECTOR('',#1643,100.);
#1014=VECTOR('',#1648,100.);
#1015=VECTOR('',#1649,100.);
#1016=VECTOR('',#1654,100.);
#1017=VECTOR('',#1655,100.);
#1018=VECTOR('',#1660,100.);
#1019=VECTOR('',#1661,100.);
#1020=VECTOR('',#1662,100.);
#1021=VECTOR('',#1667,100.);
#1022=VECTOR('',#1668,100.);
#1023=VECTOR('',#1669,100.);
#1024=VECTOR('',#1672,100.);
#1025=VECTOR('',#1673,100.);
#1026=VECTOR('',#1678,100.);
#1027=VECTOR('',#1679,100.);
#1028=VECTOR('',#1684,100.);
#1029=VECTOR('',#1685,100.);
#1030=VECTOR('',#1692,100.);
#1031=VECTOR('',#1695,100.);
#1032=VECTOR('',#1696,100.);
#1033=VECTOR('',#1701,100.);
#1034=VECTOR('',#1702,100.);
#1035=VECTOR('',#1707,100.);
#1036=VECTOR('',#1708,100.);
#1037=VECTOR('',#1713,100.);
#1038=VECTOR('',#1714,100.);
#1039=VECTOR('',#1715,100.);
#1040=VECTOR('',#1720,100.);
#1041=VECTOR('',#1721,100.);
#1042=VECTOR('',#1728,100.);
#1043=VECTOR('',#1735,100.);
#1044=VECTOR('',#1738,100.);
#1045=VECTOR('',#1743,100.);
#1046=VECTOR('',#1748,100.);
#1047=VECTOR('',#1757,100.);
#1048=VECTOR('',#1762,100.);
#1049=VECTOR('',#1763,100.);
#1050=VECTOR('',#1764,100.);
#1051=VECTOR('',#1767,100.);
#1052=VECTOR('',#1776,100.);
#1053=VECTOR('',#1785,100.);
#1054=VECTOR('',#1792,100.);
#1055=VECTOR('',#1801,100.);
#1056=VECTOR('',#1802,100.);
#1057=VECTOR('',#1805,100.);
#1058=VECTOR('',#1806,100.);
#1059=VECTOR('',#1807,100.);
#1060=VECTOR('',#1808,100.);
#1061=VECTOR('',#1811,100.);
#1062=VECTOR('',#1812,100.);
#1063=VECTOR('',#1813,100.);
#1064=VECTOR('',#1814,100.);
#1065=VECTOR('',#1815,100.);
#1066=VECTOR('',#1816,100.);
#1067=VECTOR('',#1817,100.);
#1068=VECTOR('',#1818,100.);
#1069=VECTOR('',#1821,100.);
#1070=VECTOR('',#1822,100.);
#1071=VECTOR('',#1823,100.);
#1072=EDGE_LOOP('',(#125,#126,#127,#128));
#1073=EDGE_LOOP('',(#129,#130,#131,#132));
#1074=EDGE_LOOP('',(#133,#134,#135,#136));
#1075=EDGE_LOOP('',(#137,#138,#139,#140));
#1076=EDGE_LOOP('',(#141,#142,#143,#144));
#1077=EDGE_LOOP('',(#145,#146,#147,#148));
#1078=EDGE_LOOP('',(#149,#150,#151,#152));
#1079=EDGE_LOOP('',(#153,#154,#155,#156));
#1080=EDGE_LOOP('',(#157,#158,#159,#160));
#1081=EDGE_LOOP('',(#161,#162,#163,#164));
#1082=EDGE_LOOP('',(#165,#166,#167,#168));
#1083=EDGE_LOOP('',(#169,#170,#171,#172));
#1084=EDGE_LOOP('',(#173,#174,#175,#176));
#1085=EDGE_LOOP('',(#177,#178,#179,#180));
#1086=EDGE_LOOP('',(#181,#182,#183,#184));
#1087=EDGE_LOOP('',(#185,#186,#187,#188));
#1088=EDGE_LOOP('',(#189,#190,#191,#192));
#1089=EDGE_LOOP('',(#193,#194,#195,#196));
#1090=EDGE_LOOP('',(#197,#198,#199,#200));
#1091=EDGE_LOOP('',(#201,#202,#203,#204));
#1092=EDGE_LOOP('',(#205,#206,#207,#208));
#1093=EDGE_LOOP('',(#209,#210,#211,#212));
#1094=EDGE_LOOP('',(#213,#214,#215,#216));
#1095=EDGE_LOOP('',(#217,#218,#219,#220));
#1096=EDGE_LOOP('',(#221,#222,#223,#224));
#1097=EDGE_LOOP('',(#225,#226,#227,#228));
#1098=EDGE_LOOP('',(#229,#230,#231,#232));
#1099=EDGE_LOOP('',(#233,#234,#235,#236));
#1100=EDGE_LOOP('',(#237,#238,#239,#240));
#1101=EDGE_LOOP('',(#241,#242,#243,#244));
#1102=EDGE_LOOP('',(#245,#246,#247));
#1103=EDGE_LOOP('',(#248,#249,#250,#251));
#1104=EDGE_LOOP('',(#252,#253,#254,#255));
#1105=EDGE_LOOP('',(#256,#257,#258));
#1106=EDGE_LOOP('',(#259,#260,#261));
#1107=EDGE_LOOP('',(#262,#263,#264,#265));
#1108=EDGE_LOOP('',(#266,#267,#268,#269));
#1109=EDGE_LOOP('',(#270,#271,#272,#273));
#1110=EDGE_LOOP('',(#274,#275,#276,#277));
#1111=EDGE_LOOP('',(#278,#279,#280));
#1112=EDGE_LOOP('',(#281,#282,#283,#284,#285));
#1113=EDGE_LOOP('',(#286,#287,#288,#289));
#1114=EDGE_LOOP('',(#290,#291,#292,#293));
#1115=EDGE_LOOP('',(#294,#295,#296,#297));
#1116=EDGE_LOOP('',(#298,#299,#300,#301));
#1117=EDGE_LOOP('',(#302,#303,#304,#305));
#1118=EDGE_LOOP('',(#306,#307,#308,#309));
#1119=EDGE_LOOP('',(#310,#311,#312,#313));
#1120=EDGE_LOOP('',(#314,#315,#316,#317));
#1121=EDGE_LOOP('',(#318,#319,#320,#321));
#1122=EDGE_LOOP('',(#322,#323,#324,#325));
#1123=EDGE_LOOP('',(#326,#327,#328,#329));
#1124=EDGE_LOOP('',(#330,#331,#332,#333,#334));
#1125=EDGE_LOOP('',(#335,#336,#337,#338));
#1126=EDGE_LOOP('',(#339,#340,#341,#342));
#1127=EDGE_LOOP('',(#343,#344,#345,#346,#347,#348,#349,#350,#351,#352,#353,
#354,#355));
#1128=EDGE_LOOP('',(#356,#357,#358,#359,#360,#361,#362,#363,#364,#365,#366,
#367,#368,#369,#370,#371,#372,#373,#374,#375,#376,#377,#378,#379,#380,#381,
#382,#383,#384,#385,#386,#387,#388,#389,#390,#391,#392,#393,#394,#395,#396,
#397,#398,#399));
#1129=EDGE_LOOP('',(#400,#401,#402,#403,#404,#405,#406,#407,#408,#409,#410,
#411,#412,#413,#414,#415,#416));
#1130=EDGE_LOOP('',(#417,#418,#419,#420,#421,#422,#423,#424,#425,#426,#427,
#428,#429,#430,#431,#432,#433,#434,#435,#436,#437,#438,#439,#440,#441,#442,
#443,#444,#445,#446,#447,#448,#449,#450,#451,#452,#453,#454,#455,#456,#457,
#458,#459,#460));
#1131=EDGE_LOOP('',(#461,#462,#463,#464));
#1132=EDGE_LOOP('',(#465,#466,#467,#468,#469));
#1133=EDGE_LOOP('',(#470,#471,#472,#473));
#1134=EDGE_LOOP('',(#474,#475,#476,#477));
#1135=EDGE_LOOP('',(#478,#479,#480,#481,#482));
#1136=EDGE_LOOP('',(#483,#484,#485,#486));
#1137=EDGE_LOOP('',(#487,#488,#489,#490));
#1138=EDGE_LOOP('',(#491,#492,#493,#494));
#1139=EDGE_LOOP('',(#495,#496,#497,#498));
#1140=EDGE_LOOP('',(#499,#500,#501,#502));
#1141=EDGE_LOOP('',(#503,#504,#505,#506,#507));
#1142=EDGE_LOOP('',(#508,#509,#510,#511));
#1143=EDGE_LOOP('',(#512,#513,#514,#515));
#1144=EDGE_LOOP('',(#516,#517,#518,#519,#520));
#1145=FACE_BOUND('',#1072,.T.);
#1146=FACE_BOUND('',#1073,.T.);
#1147=FACE_BOUND('',#1074,.T.);
#1148=FACE_BOUND('',#1075,.T.);
#1149=FACE_BOUND('',#1076,.T.);
#1150=FACE_BOUND('',#1077,.T.);
#1151=FACE_BOUND('',#1078,.T.);
#1152=FACE_BOUND('',#1079,.T.);
#1153=FACE_BOUND('',#1080,.T.);
#1154=FACE_BOUND('',#1081,.T.);
#1155=FACE_BOUND('',#1082,.T.);
#1156=FACE_BOUND('',#1083,.T.);
#1157=FACE_BOUND('',#1084,.T.);
#1158=FACE_BOUND('',#1085,.T.);
#1159=FACE_BOUND('',#1086,.T.);
#1160=FACE_BOUND('',#1087,.T.);
#1161=FACE_BOUND('',#1088,.T.);
#1162=FACE_BOUND('',#1089,.T.);
#1163=FACE_BOUND('',#1090,.T.);
#1164=FACE_BOUND('',#1091,.T.);
#1165=FACE_BOUND('',#1092,.T.);
#1166=FACE_BOUND('',#1093,.T.);
#1167=FACE_BOUND('',#1094,.T.);
#1168=FACE_BOUND('',#1095,.T.);
#1169=FACE_BOUND('',#1096,.T.);
#1170=FACE_BOUND('',#1097,.T.);
#1171=FACE_BOUND('',#1098,.T.);
#1172=FACE_BOUND('',#1099,.T.);
#1173=FACE_BOUND('',#1100,.T.);
#1174=FACE_BOUND('',#1101,.T.);
#1175=FACE_BOUND('',#1102,.T.);
#1176=FACE_BOUND('',#1103,.T.);
#1177=FACE_BOUND('',#1104,.T.);
#1178=FACE_BOUND('',#1105,.T.);
#1179=FACE_BOUND('',#1106,.T.);
#1180=FACE_BOUND('',#1107,.T.);
#1181=FACE_BOUND('',#1108,.T.);
#1182=FACE_BOUND('',#1109,.T.);
#1183=FACE_BOUND('',#1110,.T.);
#1184=FACE_BOUND('',#1111,.T.);
#1185=FACE_BOUND('',#1112,.T.);
#1186=FACE_BOUND('',#1113,.T.);
#1187=FACE_BOUND('',#1114,.T.);
#1188=FACE_BOUND('',#1115,.T.);
#1189=FACE_BOUND('',#1116,.T.);
#1190=FACE_BOUND('',#1117,.T.);
#1191=FACE_BOUND('',#1118,.T.);
#1192=FACE_BOUND('',#1119,.T.);
#1193=FACE_BOUND('',#1120,.T.);
#1194=FACE_BOUND('',#1121,.T.);
#1195=FACE_BOUND('',#1122,.T.);
#1196=FACE_BOUND('',#1123,.T.);
#1197=FACE_BOUND('',#1124,.T.);
#1198=FACE_BOUND('',#1125,.T.);
#1199=FACE_BOUND('',#1126,.T.);
#1200=FACE_BOUND('',#1127,.T.);
#1201=FACE_BOUND('',#1128,.T.);
#1202=FACE_BOUND('',#1129,.T.);
#1203=FACE_BOUND('',#1130,.T.);
#1204=FACE_BOUND('',#1131,.T.);
#1205=FACE_BOUND('',#1132,.T.);
#1206=FACE_BOUND('',#1133,.T.);
#1207=FACE_BOUND('',#1134,.T.);
#1208=FACE_BOUND('',#1135,.T.);
#1209=FACE_BOUND('',#1136,.T.);
#1210=FACE_BOUND('',#1137,.T.);
#1211=FACE_BOUND('',#1138,.T.);
#1212=FACE_BOUND('',#1139,.T.);
#1213=FACE_BOUND('',#1140,.T.);
#1214=FACE_BOUND('',#1141,.T.);
#1215=FACE_BOUND('',#1142,.T.);
#1216=FACE_BOUND('',#1143,.T.);
#1217=FACE_BOUND('',#1144,.T.);
#1218=PLANE('',#1346);
#1219=PLANE('',#1348);
#1220=PLANE('',#1350);
#1221=PLANE('',#1352);
#1222=PLANE('',#1354);
#1223=PLANE('',#1356);
#1224=PLANE('',#1358);
#1225=PLANE('',#1360);
#1226=PLANE('',#1362);
#1227=PLANE('',#1364);
#1228=PLANE('',#1366);
#1229=PLANE('',#1368);
#1230=PLANE('',#1370);
#1231=PLANE('',#1372);
#1232=PLANE('',#1374);
#1233=PLANE('',#1376);
#1234=PLANE('',#1378);
#1235=PLANE('',#1380);
#1236=PLANE('',#1382);
#1237=PLANE('',#1384);
#1238=PLANE('',#1386);
#1239=PLANE('',#1388);
#1240=PLANE('',#1390);
#1241=PLANE('',#1392);
#1242=PLANE('',#1394);
#1243=PLANE('',#1396);
#1244=PLANE('',#1398);
#1245=PLANE('',#1400);
#1246=PLANE('',#1402);
#1247=PLANE('',#1404);
#1248=PLANE('',#1406);
#1249=PLANE('',#1408);
#1250=PLANE('',#1410);
#1251=PLANE('',#1412);
#1252=PLANE('',#1414);
#1253=PLANE('',#1416);
#1254=PLANE('',#1418);
#1255=PLANE('',#1420);
#1256=PLANE('',#1422);
#1257=PLANE('',#1424);
#1258=PLANE('',#1439);
#1259=PLANE('',#1455);
#1260=PLANE('',#1456);
#1261=PLANE('',#1459);
#1262=ADVANCED_FACE('',(#1145),#1218,.F.);
#1263=ADVANCED_FACE('',(#1146),#1219,.F.);
#1264=ADVANCED_FACE('',(#1147),#1220,.F.);
#1265=ADVANCED_FACE('',(#1148),#1221,.F.);
#1266=ADVANCED_FACE('',(#1149),#1222,.F.);
#1267=ADVANCED_FACE('',(#1150),#1223,.F.);
#1268=ADVANCED_FACE('',(#1151),#1224,.F.);
#1269=ADVANCED_FACE('',(#1152),#1225,.F.);
#1270=ADVANCED_FACE('',(#1153),#1226,.F.);
#1271=ADVANCED_FACE('',(#1154),#1227,.F.);
#1272=ADVANCED_FACE('',(#1155),#1228,.F.);
#1273=ADVANCED_FACE('',(#1156),#1229,.F.);
#1274=ADVANCED_FACE('',(#1157),#1230,.F.);
#1275=ADVANCED_FACE('',(#1158),#1231,.F.);
#1276=ADVANCED_FACE('',(#1159),#1232,.T.);
#1277=ADVANCED_FACE('',(#1160),#1233,.T.);
#1278=ADVANCED_FACE('',(#1161),#1234,.T.);
#1279=ADVANCED_FACE('',(#1162),#1235,.T.);
#1280=ADVANCED_FACE('',(#1163),#1236,.T.);
#1281=ADVANCED_FACE('',(#1164),#1237,.T.);
#1282=ADVANCED_FACE('',(#1165),#1238,.T.);
#1283=ADVANCED_FACE('',(#1166),#1239,.T.);
#1284=ADVANCED_FACE('',(#1167),#1240,.T.);
#1285=ADVANCED_FACE('',(#1168),#1241,.T.);
#1286=ADVANCED_FACE('',(#1169),#1242,.T.);
#1287=ADVANCED_FACE('',(#1170),#1243,.T.);
#1288=ADVANCED_FACE('',(#1171),#1244,.T.);
#1289=ADVANCED_FACE('',(#1172),#1245,.T.);
#1290=ADVANCED_FACE('',(#1173),#1246,.T.);
#1291=ADVANCED_FACE('',(#1174),#1247,.T.);
#1292=ADVANCED_FACE('',(#1175),#1248,.F.);
#1293=ADVANCED_FACE('',(#1176),#1249,.F.);
#1294=ADVANCED_FACE('',(#1177),#1250,.F.);
#1295=ADVANCED_FACE('',(#1178),#1251,.F.);
#1296=ADVANCED_FACE('',(#1179),#1252,.T.);
#1297=ADVANCED_FACE('',(#1180),#1253,.T.);
#1298=ADVANCED_FACE('',(#1181),#1254,.F.);
#1299=ADVANCED_FACE('',(#1182),#1255,.T.);
#1300=ADVANCED_FACE('',(#1183),#1256,.T.);
#1301=ADVANCED_FACE('',(#1184),#1257,.T.);
#1302=ADVANCED_FACE('',(#1185),#32,.T.);
#1303=ADVANCED_FACE('',(#1186),#33,.F.);
#1304=ADVANCED_FACE('',(#1187),#34,.F.);
#1305=ADVANCED_FACE('',(#1188),#35,.F.);
#1306=ADVANCED_FACE('',(#1189),#36,.F.);
#1307=ADVANCED_FACE('',(#1190),#37,.T.);
#1308=ADVANCED_FACE('',(#1191),#1258,.T.);
#1309=ADVANCED_FACE('',(#1192),#38,.T.);
#1310=ADVANCED_FACE('',(#1193),#39,.T.);
#1311=ADVANCED_FACE('',(#1194),#40,.T.);
#1312=ADVANCED_FACE('',(#1195),#41,.T.);
#1313=ADVANCED_FACE('',(#1196),#42,.T.);
#1314=ADVANCED_FACE('',(#1197),#43,.T.);
#1315=ADVANCED_FACE('',(#1198),#44,.T.);
#1316=ADVANCED_FACE('',(#1199),#1259,.F.);
#1317=ADVANCED_FACE('',(#1200,#1201),#1260,.T.);
#1318=ADVANCED_FACE('',(#1202,#1203),#45,.T.);
#1319=ADVANCED_FACE('',(#1204),#1261,.F.);
#1320=ADVANCED_FACE('',(#1205),#46,.T.);
#1321=ADVANCED_FACE('',(#1206),#47,.T.);
#1322=ADVANCED_FACE('',(#1207),#48,.T.);
#1323=ADVANCED_FACE('',(#1208),#49,.T.);
#1324=ADVANCED_FACE('',(#1209),#50,.T.);
#1325=ADVANCED_FACE('',(#1210),#51,.T.);
#1326=ADVANCED_FACE('',(#1211),#12,.T.);
#1327=ADVANCED_FACE('',(#1212),#52,.T.);
#1328=ADVANCED_FACE('',(#1213),#53,.T.);
#1329=ADVANCED_FACE('',(#1214),#54,.T.);
#1330=ADVANCED_FACE('',(#1215),#55,.T.);
#1331=ADVANCED_FACE('',(#1216),#56,.T.);
#1332=ADVANCED_FACE('',(#1217),#57,.T.);
#1333=CLOSED_SHELL('',(#1262,#1263,#1264,#1265,#1266,#1267,#1268,#1269,
#1270,#1271,#1272,#1273,#1274,#1275,#1276,#1277,#1278,#1279,#1280,#1281,
#1282,#1283,#1284,#1285,#1286,#1287,#1288,#1289,#1290,#1291,#1292,#1293,
#1294,#1295,#1296,#1297,#1298,#1299,#1300,#1301,#1302,#1303,#1304,#1305,
#1306,#1307,#1308,#1309,#1310,#1311,#1312,#1313,#1314,#1315,#1316,#1317,
#1318,#1319,#1320,#1321,#1322,#1323,#1324,#1325,#1326,#1327,#1328,#1329,
#1330,#1331,#1332));
#1334=STYLED_ITEM('',(#1335),#1342);
#1335=PRESENTATION_STYLE_ASSIGNMENT((#1336));
#1336=SURFACE_STYLE_USAGE(.BOTH.,#1337);
#1337=SURFACE_SIDE_STYLE('',(#1338));
#1338=SURFACE_STYLE_FILL_AREA(#1339);
#1339=FILL_AREA_STYLE('',(#1340));
#1340=FILL_AREA_STYLE_COLOUR('',#1341);
#1341=COLOUR_RGB('',0.647058823529412,0.647058823529412,0.647058823529412);
#1342=MANIFOLD_SOLID_BREP('Cushion',#1333);
#1343=SHAPE_DEFINITION_REPRESENTATION(#2370,#1344);
#1344=SHAPE_REPRESENTATION('Cushion',(#1345),#2365);
#1345=AXIS2_PLACEMENT_3D('',#1874,#1484,#1485);
#1346=AXIS2_PLACEMENT_3D('',#1875,#1486,#1487);
#1347=AXIS2_PLACEMENT_3D('',#1879,#1489,#1490);
#1348=AXIS2_PLACEMENT_3D('',#1884,#1493,#1494);
#1349=AXIS2_PLACEMENT_3D('',#1885,#1495,#1496);
#1350=AXIS2_PLACEMENT_3D('',#1890,#1499,#1500);
#1351=AXIS2_PLACEMENT_3D('',#1891,#1501,#1502);
#1352=AXIS2_PLACEMENT_3D('',#1896,#1505,#1506);
#1353=AXIS2_PLACEMENT_3D('',#1897,#1507,#1508);
#1354=AXIS2_PLACEMENT_3D('',#1902,#1511,#1512);
#1355=AXIS2_PLACEMENT_3D('',#1903,#1513,#1514);
#1356=AXIS2_PLACEMENT_3D('',#1908,#1517,#1518);
#1357=AXIS2_PLACEMENT_3D('',#1909,#1519,#1520);
#1358=AXIS2_PLACEMENT_3D('',#1914,#1523,#1524);
#1359=AXIS2_PLACEMENT_3D('',#1915,#1525,#1526);
#1360=AXIS2_PLACEMENT_3D('',#1920,#1529,#1530);
#1361=AXIS2_PLACEMENT_3D('',#1921,#1531,#1532);
#1362=AXIS2_PLACEMENT_3D('',#1926,#1535,#1536);
#1363=AXIS2_PLACEMENT_3D('',#1927,#1537,#1538);
#1364=AXIS2_PLACEMENT_3D('',#1932,#1541,#1542);
#1365=AXIS2_PLACEMENT_3D('',#1933,#1543,#1544);
#1366=AXIS2_PLACEMENT_3D('',#1938,#1547,#1548);
#1367=AXIS2_PLACEMENT_3D('',#1939,#1549,#1550);
#1368=AXIS2_PLACEMENT_3D('',#1944,#1553,#1554);
#1369=AXIS2_PLACEMENT_3D('',#1945,#1555,#1556);
#1370=AXIS2_PLACEMENT_3D('',#1950,#1559,#1560);
#1371=AXIS2_PLACEMENT_3D('',#1951,#1561,#1562);
#1372=AXIS2_PLACEMENT_3D('',#1956,#1565,#1566);
#1373=AXIS2_PLACEMENT_3D('',#1957,#1567,#1568);
#1374=AXIS2_PLACEMENT_3D('',#1962,#1571,#1572);
#1375=AXIS2_PLACEMENT_3D('',#1963,#1573,#1574);
#1376=AXIS2_PLACEMENT_3D('',#1971,#1578,#1579);
#1377=AXIS2_PLACEMENT_3D('',#1972,#1580,#1581);
#1378=AXIS2_PLACEMENT_3D('',#1977,#1584,#1585);
#1379=AXIS2_PLACEMENT_3D('',#1978,#1586,#1587);
#1380=AXIS2_PLACEMENT_3D('',#1983,#1590,#1591);
#1381=AXIS2_PLACEMENT_3D('',#1984,#1592,#1593);
#1382=AXIS2_PLACEMENT_3D('',#1989,#1596,#1597);
#1383=AXIS2_PLACEMENT_3D('',#1990,#1598,#1599);
#1384=AXIS2_PLACEMENT_3D('',#1995,#1602,#1603);
#1385=AXIS2_PLACEMENT_3D('',#1996,#1604,#1605);
#1386=AXIS2_PLACEMENT_3D('',#2001,#1608,#1609);
#1387=AXIS2_PLACEMENT_3D('',#2002,#1610,#1611);
#1388=AXIS2_PLACEMENT_3D('',#2007,#1614,#1615);
#1389=AXIS2_PLACEMENT_3D('',#2008,#1616,#1617);
#1390=AXIS2_PLACEMENT_3D('',#2013,#1620,#1621);
#1391=AXIS2_PLACEMENT_3D('',#2014,#1622,#1623);
#1392=AXIS2_PLACEMENT_3D('',#2019,#1626,#1627);
#1393=AXIS2_PLACEMENT_3D('',#2020,#1628,#1629);
#1394=AXIS2_PLACEMENT_3D('',#2025,#1632,#1633);
#1395=AXIS2_PLACEMENT_3D('',#2026,#1634,#1635);
#1396=AXIS2_PLACEMENT_3D('',#2031,#1638,#1639);
#1397=AXIS2_PLACEMENT_3D('',#2032,#1640,#1641);
#1398=AXIS2_PLACEMENT_3D('',#2037,#1644,#1645);
#1399=AXIS2_PLACEMENT_3D('',#2038,#1646,#1647);
#1400=AXIS2_PLACEMENT_3D('',#2043,#1650,#1651);
#1401=AXIS2_PLACEMENT_3D('',#2044,#1652,#1653);
#1402=AXIS2_PLACEMENT_3D('',#2049,#1656,#1657);
#1403=AXIS2_PLACEMENT_3D('',#2050,#1658,#1659);
#1404=AXIS2_PLACEMENT_3D('',#2058,#1663,#1664);
#1405=AXIS2_PLACEMENT_3D('',#2059,#1665,#1666);
#1406=AXIS2_PLACEMENT_3D('',#2067,#1670,#1671);
#1407=AXIS2_PLACEMENT_3D('',#2073,#1674,#1675);
#1408=AXIS2_PLACEMENT_3D('',#2074,#1676,#1677);
#1409=AXIS2_PLACEMENT_3D('',#2079,#1680,#1681);
#1410=AXIS2_PLACEMENT_3D('',#2080,#1682,#1683);
#1411=AXIS2_PLACEMENT_3D('',#2085,#1686,#1687);
#1412=AXIS2_PLACEMENT_3D('',#2086,#1688,#1689);
#1413=AXIS2_PLACEMENT_3D('',#2087,#1690,#1691);
#1414=AXIS2_PLACEMENT_3D('',#2090,#1693,#1694);
#1415=AXIS2_PLACEMENT_3D('',#2096,#1697,#1698);
#1416=AXIS2_PLACEMENT_3D('',#2097,#1699,#1700);
#1417=AXIS2_PLACEMENT_3D('',#2102,#1703,#1704);
#1418=AXIS2_PLACEMENT_3D('',#2103,#1705,#1706);
#1419=AXIS2_PLACEMENT_3D('',#2108,#1709,#1710);
#1420=AXIS2_PLACEMENT_3D('',#2109,#1711,#1712);
#1421=AXIS2_PLACEMENT_3D('',#2117,#1716,#1717);
#1422=AXIS2_PLACEMENT_3D('',#2118,#1718,#1719);
#1423=AXIS2_PLACEMENT_3D('',#2123,#1722,#1723);
#1424=AXIS2_PLACEMENT_3D('',#2124,#1724,#1725);
#1425=AXIS2_PLACEMENT_3D('',#2125,#1726,#1727);
#1426=AXIS2_PLACEMENT_3D('',#2128,#1729,#1730);
#1427=AXIS2_PLACEMENT_3D('',#2129,#1731,#1732);
#1428=AXIS2_PLACEMENT_3D('',#2141,#1733,#1734);
#1429=AXIS2_PLACEMENT_3D('',#2144,#1736,#1737);
#1430=AXIS2_PLACEMENT_3D('',#2153,#1739,#1740);
#1431=AXIS2_PLACEMENT_3D('',#2154,#1741,#1742);
#1432=AXIS2_PLACEMENT_3D('',#2163,#1744,#1745);
#1433=AXIS2_PLACEMENT_3D('',#2164,#1746,#1747);
#1434=AXIS2_PLACEMENT_3D('',#2173,#1749,#1750);
#1435=AXIS2_PLACEMENT_3D('',#2174,#1751,#1752);
#1436=AXIS2_PLACEMENT_3D('',#2180,#1753,#1754);
#1437=AXIS2_PLACEMENT_3D('',#2181,#1755,#1756);
#1438=AXIS2_PLACEMENT_3D('',#2194,#1758,#1759);
#1439=AXIS2_PLACEMENT_3D('',#2195,#1760,#1761);
#1440=AXIS2_PLACEMENT_3D('',#2201,#1765,#1766);
#1441=AXIS2_PLACEMENT_3D('',#2213,#1768,#1769);
#1442=AXIS2_PLACEMENT_3D('',#2214,#1770,#1771);
#1443=AXIS2_PLACEMENT_3D('',#2219,#1772,#1773);
#1444=AXIS2_PLACEMENT_3D('',#2220,#1774,#1775);
#1445=AXIS2_PLACEMENT_3D('',#2228,#1777,#1778);
#1446=AXIS2_PLACEMENT_3D('',#2229,#1779,#1780);
#1447=AXIS2_PLACEMENT_3D('',#2234,#1781,#1782);
#1448=AXIS2_PLACEMENT_3D('',#2235,#1783,#1784);
#1449=AXIS2_PLACEMENT_3D('',#2243,#1786,#1787);
#1450=AXIS2_PLACEMENT_3D('',#2244,#1788,#1789);
#1451=AXIS2_PLACEMENT_3D('',#2254,#1790,#1791);
#1452=AXIS2_PLACEMENT_3D('',#2258,#1793,#1794);
#1453=AXIS2_PLACEMENT_3D('',#2259,#1795,#1796);
#1454=AXIS2_PLACEMENT_3D('',#2260,#1797,#1798);
#1455=AXIS2_PLACEMENT_3D('',#2275,#1799,#1800);
#1456=AXIS2_PLACEMENT_3D('',#2278,#1803,#1804);
#1457=AXIS2_PLACEMENT_3D('',#2288,#1809,#1810);
#1458=AXIS2_PLACEMENT_3D('',#2305,#1819,#1820);
#1459=AXIS2_PLACEMENT_3D('',#2329,#1824,#1825);
#1460=AXIS2_PLACEMENT_3D('',#2330,#1826,#1827);
#1461=AXIS2_PLACEMENT_3D('',#2331,#1828,#1829);
#1462=AXIS2_PLACEMENT_3D('',#2332,#1830,#1831);
#1463=AXIS2_PLACEMENT_3D('',#2333,#1832,#1833);
#1464=AXIS2_PLACEMENT_3D('',#2334,#1834,#1835);
#1465=AXIS2_PLACEMENT_3D('',#2335,#1836,#1837);
#1466=AXIS2_PLACEMENT_3D('',#2336,#1838,#1839);
#1467=AXIS2_PLACEMENT_3D('',#2337,#1840,#1841);
#1468=AXIS2_PLACEMENT_3D('',#2338,#1842,#1843);
#1469=AXIS2_PLACEMENT_3D('',#2339,#1844,#1845);
#1470=AXIS2_PLACEMENT_3D('',#2345,#1846,#1847);
#1471=AXIS2_PLACEMENT_3D('',#2346,#1848,#1849);
#1472=AXIS2_PLACEMENT_3D('',#2347,#1850,#1851);
#1473=AXIS2_PLACEMENT_3D('',#2353,#1852,#1853);
#1474=AXIS2_PLACEMENT_3D('',#2354,#1854,#1855);
#1475=AXIS2_PLACEMENT_3D('',#2355,#1856,#1857);
#1476=AXIS2_PLACEMENT_3D('',#2356,#1858,#1859);
#1477=AXIS2_PLACEMENT_3D('',#2357,#1860,#1861);
#1478=AXIS2_PLACEMENT_3D('',#2358,#1862,#1863);
#1479=AXIS2_PLACEMENT_3D('',#2359,#1864,#1865);
#1480=AXIS2_PLACEMENT_3D('',#2360,#1866,#1867);
#1481=AXIS2_PLACEMENT_3D('',#2361,#1868,#1869);
#1482=AXIS2_PLACEMENT_3D('',#2362,#1870,#1871);
#1483=AXIS2_PLACEMENT_3D('',#2363,#1872,#1873);
#1484=DIRECTION('',(0.,0.,1.));
#1485=DIRECTION('',(1.,0.,0.));
#1486=DIRECTION('',(0.,0.,1.));
#1487=DIRECTION('',(1.,0.,0.));
#1488=DIRECTION('',(1.,0.,0.));
#1489=DIRECTION('',(0.,0.,1.));
#1490=DIRECTION('',(1.,0.,0.));
#1491=DIRECTION('',(1.,0.,0.));
#1492=DIRECTION('',(0.,-1.,0.));
#1493=DIRECTION('',(0.,0.0419154766064838,0.999121160230756));
#1494=DIRECTION('',(0.,-0.999121160230756,0.0419154766064838));
#1495=DIRECTION('',(0.,0.0419154766064838,0.999121160230756));
#1496=DIRECTION('',(0.,0.999121160230756,-0.0419154766064838));
#1497=DIRECTION('',(1.,0.,0.));
#1498=DIRECTION('',(0.,-0.999121160230756,0.0419154766064838));
#1499=DIRECTION('',(0.,0.120475207963004,0.992716336254356));
#1500=DIRECTION('',(0.,-0.992716336254356,0.120475207963004));
#1501=DIRECTION('',(0.,0.120475207963004,0.992716336254356));
#1502=DIRECTION('',(0.,0.992716336254356,-0.120475207963004));
#1503=DIRECTION('',(1.,0.,0.));
#1504=DIRECTION('',(0.,-0.992716336254356,0.120475207963004));
#1505=DIRECTION('',(0.,0.200823372781548,0.979627466409881));
#1506=DIRECTION('',(0.,-0.979627466409881,0.200823372781548));
#1507=DIRECTION('',(0.,0.200823372781548,0.979627466409881));
#1508=DIRECTION('',(0.,0.979627466409881,-0.200823372781548));
#1509=DIRECTION('',(1.,0.,0.));
#1510=DIRECTION('',(0.,-0.979627466409881,0.200823372781548));
#1511=DIRECTION('',(0.,0.276657417290545,0.960968612108702));
#1512=DIRECTION('',(0.,-0.960968612108702,0.276657417290545));
#1513=DIRECTION('',(0.,0.276657417290545,0.960968612108702));
#1514=DIRECTION('',(0.,0.960968612108702,-0.276657417290545));
#1515=DIRECTION('',(1.,0.,0.));
#1516=DIRECTION('',(0.,-0.960968612108702,0.276657417290545));
#1517=DIRECTION('',(0.,0.320547388848032,0.947232480177231));
#1518=DIRECTION('',(0.,-0.947232480177231,0.320547388848032));
#1519=DIRECTION('',(0.,0.320547388848032,0.947232480177231));
#1520=DIRECTION('',(0.,0.947232480177231,-0.320547388848032));
#1521=DIRECTION('',(1.,0.,0.));
#1522=DIRECTION('',(0.,-0.947232480177231,0.320547388848032));
#1523=DIRECTION('',(0.,0.373381062130758,0.927678059696416));
#1524=DIRECTION('',(0.,-0.927678059696416,0.373381062130758));
#1525=DIRECTION('',(0.,0.373381062130758,0.927678059696416));
#1526=DIRECTION('',(0.,0.927678059696416,-0.373381062130758));
#1527=DIRECTION('',(1.,0.,0.));
#1528=DIRECTION('',(0.,-0.927678059696416,0.373381062130758));
#1529=DIRECTION('',(0.,0.446828163954776,0.89461980298717));
#1530=DIRECTION('',(0.,-0.894619802987171,0.446828163954776));
#1531=DIRECTION('',(0.,0.446828163954776,0.89461980298717));
#1532=DIRECTION('',(0.,0.894619802987171,-0.446828163954776));
#1533=DIRECTION('',(1.,0.,0.));
#1534=DIRECTION('',(0.,-0.89461980298717,0.446828163954776));
#1535=DIRECTION('',(0.,0.516220030736258,0.856455999959518));
#1536=DIRECTION('',(0.,-0.856455999959518,0.516220030736258));
#1537=DIRECTION('',(0.,0.516220030736258,0.856455999959518));
#1538=DIRECTION('',(0.,0.856455999959518,-0.516220030736258));
#1539=DIRECTION('',(1.,0.,0.));
#1540=DIRECTION('',(0.,-0.856455999959518,0.516220030736258));
#1541=DIRECTION('',(0.,0.580720773680415,0.814102808628013));
#1542=DIRECTION('',(0.,-0.814102808628013,0.580720773680415));
#1543=DIRECTION('',(0.,0.580720773680415,0.814102808628013));
#1544=DIRECTION('',(0.,0.814102808628013,-0.580720773680415));
#1545=DIRECTION('',(1.,0.,0.));
#1546=DIRECTION('',(0.,-0.814102808628013,0.580720773680415));
#1547=DIRECTION('',(0.,0.621526806567949,0.783392895498451));
#1548=DIRECTION('',(0.,-0.783392895498451,0.621526806567949));
#1549=DIRECTION('',(0.,0.621526806567949,0.783392895498451));
#1550=DIRECTION('',(0.,0.783392895498451,-0.621526806567949));
#1551=DIRECTION('',(1.,0.,0.));
#1552=DIRECTION('',(0.,-0.783392895498451,0.621526806567949));
#1553=DIRECTION('',(0.,0.654642392642682,0.755938712962278));
#1554=DIRECTION('',(0.,-0.755938712962278,0.654642392642682));
#1555=DIRECTION('',(0.,0.654642392642682,0.755938712962278));
#1556=DIRECTION('',(0.,0.755938712962278,-0.654642392642682));
#1557=DIRECTION('',(1.,0.,0.));
#1558=DIRECTION('',(0.,-0.755938712962278,0.654642392642682));
#1559=DIRECTION('',(0.,0.649758616987575,0.760140605184589));
#1560=DIRECTION('',(0.,-0.76014060518459,0.649758616987575));
#1561=DIRECTION('',(0.,0.649758616987575,0.760140605184589));
#1562=DIRECTION('',(0.,0.76014060518459,-0.649758616987575));
#1563=DIRECTION('',(1.,0.,0.));
#1564=DIRECTION('',(0.,-0.760140605184589,0.649758616987575));
#1565=DIRECTION('',(0.,0.796667561791436,0.604417733020209));
#1566=DIRECTION('',(0.,-0.604417733020209,0.796667561791436));
#1567=DIRECTION('',(0.,0.796667561791436,0.604417733020209));
#1568=DIRECTION('',(0.,0.604417733020209,-0.796667561791436));
#1569=DIRECTION('',(1.,0.,0.));
#1570=DIRECTION('',(0.,-0.604417733020209,0.796667561791436));
#1571=DIRECTION('',(0.,0.796667561791437,-0.604417733020207));
#1572=DIRECTION('',(0.,0.604417733020207,0.796667561791437));
#1573=DIRECTION('',(0.,0.796667561791437,-0.604417733020207));
#1574=DIRECTION('',(0.,-0.604417733020207,-0.796667561791437));
#1575=DIRECTION('',(1.,0.,0.));
#1576=DIRECTION('',(0.,0.604417733020207,0.796667561791437));
#1577=DIRECTION('',(1.,0.,0.));
#1578=DIRECTION('',(0.,0.649758616987575,-0.760140605184589));
#1579=DIRECTION('',(0.,0.760140605184589,0.649758616987575));
#1580=DIRECTION('',(0.,0.649758616987575,-0.760140605184589));
#1581=DIRECTION('',(0.,-0.760140605184589,-0.649758616987575));
#1582=DIRECTION('',(1.,0.,0.));
#1583=DIRECTION('',(0.,0.760140605184589,0.649758616987575));
#1584=DIRECTION('',(0.,0.654642392642682,-0.755938712962278));
#1585=DIRECTION('',(0.,0.755938712962278,0.654642392642682));
#1586=DIRECTION('',(0.,0.654642392642682,-0.755938712962278));
#1587=DIRECTION('',(0.,-0.755938712962278,-0.654642392642682));
#1588=DIRECTION('',(1.,0.,0.));
#1589=DIRECTION('',(0.,0.755938712962278,0.654642392642682));
#1590=DIRECTION('',(0.,0.621526806567948,-0.783392895498452));
#1591=DIRECTION('',(0.,0.783392895498452,0.621526806567948));
#1592=DIRECTION('',(0.,0.621526806567948,-0.783392895498452));
#1593=DIRECTION('',(0.,-0.783392895498452,-0.621526806567948));
#1594=DIRECTION('',(1.,0.,0.));
#1595=DIRECTION('',(0.,0.783392895498452,0.621526806567948));
#1596=DIRECTION('',(0.,0.580720773680415,-0.814102808628013));
#1597=DIRECTION('',(0.,0.814102808628013,0.580720773680415));
#1598=DIRECTION('',(0.,0.580720773680415,-0.814102808628013));
#1599=DIRECTION('',(0.,-0.814102808628013,-0.580720773680415));
#1600=DIRECTION('',(1.,0.,0.));
#1601=DIRECTION('',(0.,0.814102808628013,0.580720773680415));
#1602=DIRECTION('',(0.,0.516220030736258,-0.856455999959518));
#1603=DIRECTION('',(0.,0.856455999959518,0.516220030736258));
#1604=DIRECTION('',(0.,0.516220030736258,-0.856455999959518));
#1605=DIRECTION('',(0.,-0.856455999959518,-0.516220030736258));
#1606=DIRECTION('',(1.,0.,0.));
#1607=DIRECTION('',(0.,0.856455999959518,0.516220030736258));
#1608=DIRECTION('',(0.,0.446828163954776,-0.89461980298717));
#1609=DIRECTION('',(0.,0.894619802987171,0.446828163954776));
#1610=DIRECTION('',(0.,0.446828163954776,-0.89461980298717));
#1611=DIRECTION('',(0.,-0.894619802987171,-0.446828163954776));
#1612=DIRECTION('',(1.,0.,0.));
#1613=DIRECTION('',(0.,0.89461980298717,0.446828163954776));
#1614=DIRECTION('',(0.,0.373381062130758,-0.927678059696416));
#1615=DIRECTION('',(0.,0.927678059696416,0.373381062130758));
#1616=DIRECTION('',(0.,0.373381062130758,-0.927678059696416));
#1617=DIRECTION('',(0.,-0.927678059696416,-0.373381062130758));
#1618=DIRECTION('',(1.,0.,0.));
#1619=DIRECTION('',(0.,0.927678059696416,0.373381062130758));
#1620=DIRECTION('',(0.,0.320547388848032,-0.947232480177231));
#1621=DIRECTION('',(0.,0.947232480177231,0.320547388848032));
#1622=DIRECTION('',(0.,0.320547388848032,-0.947232480177231));
#1623=DIRECTION('',(0.,-0.947232480177231,-0.320547388848032));
#1624=DIRECTION('',(1.,0.,0.));
#1625=DIRECTION('',(0.,0.947232480177231,0.320547388848032));
#1626=DIRECTION('',(0.,0.276657417290545,-0.960968612108702));
#1627=DIRECTION('',(0.,0.960968612108702,0.276657417290545));
#1628=DIRECTION('',(0.,0.276657417290545,-0.960968612108702));
#1629=DIRECTION('',(0.,-0.960968612108702,-0.276657417290545));
#1630=DIRECTION('',(1.,0.,0.));
#1631=DIRECTION('',(0.,0.960968612108702,0.276657417290545));
#1632=DIRECTION('',(0.,0.200823372781548,-0.979627466409881));
#1633=DIRECTION('',(0.,0.979627466409881,0.200823372781548));
#1634=DIRECTION('',(0.,0.200823372781548,-0.979627466409881));
#1635=DIRECTION('',(0.,-0.979627466409881,-0.200823372781548));
#1636=DIRECTION('',(1.,0.,0.));
#1637=DIRECTION('',(0.,0.979627466409881,0.200823372781548));
#1638=DIRECTION('',(0.,0.120475207963004,-0.992716336254356));
#1639=DIRECTION('',(0.,0.992716336254356,0.120475207963004));
#1640=DIRECTION('',(0.,0.120475207963004,-0.992716336254356));
#1641=DIRECTION('',(0.,-0.992716336254356,-0.120475207963004));
#1642=DIRECTION('',(1.,0.,0.));
#1643=DIRECTION('',(0.,0.992716336254356,0.120475207963004));
#1644=DIRECTION('',(0.,0.0419154766064838,-0.999121160230756));
#1645=DIRECTION('',(0.,0.999121160230756,0.0419154766064838));
#1646=DIRECTION('',(0.,0.0419154766064838,-0.999121160230756));
#1647=DIRECTION('',(0.,-0.999121160230756,-0.0419154766064838));
#1648=DIRECTION('',(1.,0.,0.));
#1649=DIRECTION('',(0.,0.999121160230756,0.0419154766064838));
#1650=DIRECTION('',(0.,0.,-1.));
#1651=DIRECTION('',(-1.,0.,0.));
#1652=DIRECTION('',(0.,0.,-1.));
#1653=DIRECTION('',(-1.,0.,0.));
#1654=DIRECTION('',(1.,0.,0.));
#1655=DIRECTION('',(0.,1.,0.));
#1656=DIRECTION('',(0.,0.,1.));
#1657=DIRECTION('',(1.,0.,0.));
#1658=DIRECTION('',(0.,0.,1.));
#1659=DIRECTION('',(1.,0.,0.));
#1660=DIRECTION('',(1.,0.,0.));
#1661=DIRECTION('',(0.,-1.,0.));
#1662=DIRECTION('',(1.,0.,0.));
#1663=DIRECTION('',(0.,0.,1.));
#1664=DIRECTION('',(1.,0.,0.));
#1665=DIRECTION('',(0.,0.,1.));
#1666=DIRECTION('',(1.,0.,0.));
#1667=DIRECTION('',(1.,0.,0.));
#1668=DIRECTION('',(0.,-1.,0.));
#1669=DIRECTION('',(1.,0.,0.));
#1670=DIRECTION('',(0.,0.707106781186547,0.707106781186548));
#1671=DIRECTION('',(0.,-0.707106781186548,0.707106781186547));
#1672=DIRECTION('',(1.,0.,0.));
#1673=DIRECTION('',(0.,-0.707106781186548,0.707106781186547));
#1674=DIRECTION('',(0.,0.707106781186547,0.707106781186548));
#1675=DIRECTION('',(0.,0.707106781186548,-0.707106781186547));
#1676=DIRECTION('',(0.,0.0925019762809825,0.995712500867651));
#1677=DIRECTION('',(0.,-0.995712500867651,0.0925019762809825));
#1678=DIRECTION('',(1.,0.,0.));
#1679=DIRECTION('',(0.,-0.995712500867651,0.0925019762809825));
#1680=DIRECTION('',(0.,0.0925019762809825,0.995712500867651));
#1681=DIRECTION('',(0.,0.995712500867651,-0.0925019762809825));
#1682=DIRECTION('',(0.,-0.0918758267097606,0.995770471778712));
#1683=DIRECTION('',(0.,-0.995770471778712,-0.0918758267097606));
#1684=DIRECTION('',(1.,0.,0.));
#1685=DIRECTION('',(0.,-0.995770471778712,-0.0918758267097606));
#1686=DIRECTION('',(0.,-0.0918758267097606,0.995770471778712));
#1687=DIRECTION('',(0.,-0.995770471778712,-0.0918758267097606));
#1688=DIRECTION('',(0.,-0.707106781186547,0.707106781186548));
#1689=DIRECTION('',(0.,-0.707106781186548,-0.707106781186547));
#1690=DIRECTION('',(0.,-0.707106781186547,0.707106781186548));
#1691=DIRECTION('',(0.,-0.707106781186548,-0.707106781186547));
#1692=DIRECTION('',(0.,-0.707106781186548,-0.707106781186547));
#1693=DIRECTION('',(0.,0.707106781186547,0.707106781186548));
#1694=DIRECTION('',(0.,-0.707106781186548,0.707106781186547));
#1695=DIRECTION('',(1.,0.,0.));
#1696=DIRECTION('',(0.,-0.707106781186548,0.707106781186547));
#1697=DIRECTION('',(0.,0.707106781186547,0.707106781186548));
#1698=DIRECTION('',(0.,0.707106781186548,-0.707106781186547));
#1699=DIRECTION('',(0.,0.,1.));
#1700=DIRECTION('',(1.,0.,0.));
#1701=DIRECTION('',(1.,0.,0.));
#1702=DIRECTION('',(0.,-1.,0.));
#1703=DIRECTION('',(0.,0.,1.));
#1704=DIRECTION('',(1.,0.,0.));
#1705=DIRECTION('',(0.,0.611745612689167,-0.791054552705157));
#1706=DIRECTION('',(0.,0.791054552705157,0.611745612689167));
#1707=DIRECTION('',(1.,0.,0.));
#1708=DIRECTION('',(0.,0.791054552705157,0.611745612689167));
#1709=DIRECTION('',(0.,0.611745612689167,-0.791054552705157));
#1710=DIRECTION('',(0.,-0.791054552705157,-0.611745612689167));
#1711=DIRECTION('',(0.,0.611745612689167,0.791054552705157));
#1712=DIRECTION('',(0.,-0.791054552705157,0.611745612689167));
#1713=DIRECTION('',(1.,0.,0.));
#1714=DIRECTION('',(0.,-0.791054552705157,0.611745612689167));
#1715=DIRECTION('',(1.,0.,0.));
#1716=DIRECTION('',(0.,0.611745612689167,0.791054552705157));
#1717=DIRECTION('',(0.,0.791054552705157,-0.611745612689167));
#1718=DIRECTION('',(0.,0.,1.));
#1719=DIRECTION('',(1.,0.,0.));
#1720=DIRECTION('',(1.,0.,0.));
#1721=DIRECTION('',(0.,-1.,0.));
#1722=DIRECTION('',(0.,0.,1.));
#1723=DIRECTION('',(1.,0.,0.));
#1724=DIRECTION('',(0.,-0.707106781186548,0.707106781186548));
#1725=DIRECTION('',(0.,-0.707106781186548,-0.707106781186548));
#1726=DIRECTION('',(0.,-0.707106781186548,0.707106781186548));
#1727=DIRECTION('',(0.,-0.707106781186548,-0.707106781186548));
#1728=DIRECTION('',(0.,-0.707106781186548,-0.707106781186548));
#1729=DIRECTION('',(1.,0.,0.));
#1730=DIRECTION('',(0.,0.,-1.));
#1731=DIRECTION('',(-0.731176815063486,0.682187998365272,0.));
#1732=DIRECTION('',(0.682187998365272,0.731176815063487,0.));
#1733=DIRECTION('',(-1.,0.,0.));
#1734=DIRECTION('',(0.,0.,1.));
#1735=DIRECTION('',(1.,0.,0.));
#1736=DIRECTION('',(1.,0.,0.));
#1737=DIRECTION('',(0.,0.,-1.));
#1738=DIRECTION('',(1.,0.,0.));
#1739=DIRECTION('',(-1.,0.,0.));
#1740=DIRECTION('',(0.,0.,1.));
#1741=DIRECTION('',(1.,0.,0.));
#1742=DIRECTION('',(0.,0.,-1.));
#1743=DIRECTION('',(1.,0.,0.));
#1744=DIRECTION('',(-1.,0.,0.));
#1745=DIRECTION('',(0.,0.,1.));
#1746=DIRECTION('',(1.,0.,0.));
#1747=DIRECTION('',(0.,0.,-1.));
#1748=DIRECTION('',(1.,0.,0.));
#1749=DIRECTION('',(1.,0.,0.));
#1750=DIRECTION('',(0.,0.,1.));
#1751=DIRECTION('',(1.,0.,0.));
#1752=DIRECTION('',(0.,0.,-1.));
#1753=DIRECTION('',(1.,0.,0.));
#1754=DIRECTION('',(0.,0.,1.));
#1755=DIRECTION('',(1.,0.,0.));
#1756=DIRECTION('',(0.,0.,-1.));
#1757=DIRECTION('',(1.,0.,0.));
#1758=DIRECTION('',(1.,0.,0.));
#1759=DIRECTION('',(0.,0.,1.));
#1760=DIRECTION('',(0.,-1.,0.));
#1761=DIRECTION('',(0.,0.,-1.));
#1762=DIRECTION('',(0.,0.,-1.));
#1763=DIRECTION('',(1.,0.,0.));
#1764=DIRECTION('',(0.,0.,-1.));
#1765=DIRECTION('',(1.,0.,0.));
#1766=DIRECTION('',(0.,0.,-1.));
#1767=DIRECTION('',(1.,0.,0.));
#1768=DIRECTION('',(1.,0.,0.));
#1769=DIRECTION('',(0.,0.,1.));
#1770=DIRECTION('',(1.,0.,0.));
#1771=DIRECTION('',(0.,0.,-1.));
#1772=DIRECTION('',(1.,0.,0.));
#1773=DIRECTION('',(0.,0.,1.));
#1774=DIRECTION('',(1.,0.,0.));
#1775=DIRECTION('',(0.,0.,-1.));
#1776=DIRECTION('',(1.,0.,0.));
#1777=DIRECTION('',(1.,0.,0.));
#1778=DIRECTION('',(0.,0.,1.));
#1779=DIRECTION('',(1.,0.,0.));
#1780=DIRECTION('',(0.,0.,-1.));
#1781=DIRECTION('',(-1.,0.,0.));
#1782=DIRECTION('',(0.,0.,1.));
#1783=DIRECTION('',(1.,0.,0.));
#1784=DIRECTION('',(0.,0.,-1.));
#1785=DIRECTION('',(1.,0.,0.));
#1786=DIRECTION('',(-1.,0.,0.));
#1787=DIRECTION('',(0.,0.,1.));
#1788=DIRECTION('',(1.,0.,0.));
#1789=DIRECTION('',(0.,0.,-1.));
#1790=DIRECTION('',(-0.731176815063486,0.682187998365272,0.));
#1791=DIRECTION('',(0.682187998365272,0.731176815063487,0.));
#1792=DIRECTION('',(1.,0.,0.));
#1793=DIRECTION('',(-1.,0.,0.));
#1794=DIRECTION('',(0.,0.,1.));
#1795=DIRECTION('',(1.,0.,0.));
#1796=DIRECTION('',(0.,0.,-1.));
#1797=DIRECTION('',(-1.,0.,0.));
#1798=DIRECTION('',(0.,0.,1.));
#1799=DIRECTION('',(0.,-1.,0.));
#1800=DIRECTION('',(0.,0.,-1.));
#1801=DIRECTION('',(0.,0.,-1.));
#1802=DIRECTION('',(0.,0.,-1.));
#1803=DIRECTION('',(-1.,0.,0.));
#1804=DIRECTION('',(0.,-1.,0.));
#1805=DIRECTION('',(0.,0.,-1.));
#1806=DIRECTION('',(0.,-0.707106781186548,0.707106781186547));
#1807=DIRECTION('',(0.,-1.,0.));
#1808=DIRECTION('',(0.,0.791054552705157,0.611745612689167));
#1809=DIRECTION('',(-1.,0.,0.));
#1810=DIRECTION('',(0.,0.,1.));
#1811=DIRECTION('',(0.,-0.791054552705157,0.611745612689167));
#1812=DIRECTION('',(0.,-1.,0.));
#1813=DIRECTION('',(0.,-0.707106781186548,-0.707106781186548));
#1814=DIRECTION('',(0.,0.,-1.));
#1815=DIRECTION('',(0.,-0.707106781186548,0.707106781186547));
#1816=DIRECTION('',(0.,-0.995712500867651,0.0925019762809825));
#1817=DIRECTION('',(0.,-0.995770471778712,-0.0918758267097606));
#1818=DIRECTION('',(0.,-0.707106781186548,-0.707106781186547));
#1819=DIRECTION('',(0.,0.,-1.));
#1820=DIRECTION('',(-1.,0.,0.));
#1821=DIRECTION('',(0.,0.,-1.));
#1822=DIRECTION('',(0.,0.,-1.));
#1823=DIRECTION('',(0.,0.,-1.));
#1824=DIRECTION('',(-0.731176815063486,0.682187998365272,0.));
#1825=DIRECTION('',(-0.682187998365272,-0.731176815063487,0.));
#1826=DIRECTION('',(0.,-0.707106781186548,-0.707106781186548));
#1827=DIRECTION('',(0.,0.707106781186548,-0.707106781186548));
#1828=DIRECTION('',(0.,-0.38268343236509,-0.923879532511287));
#1829=DIRECTION('',(0.,0.923879532511287,-0.38268343236509));
#1830=DIRECTION('',(0.,-0.923879532511287,-0.38268343236509));
#1831=DIRECTION('',(0.,-0.38268343236509,0.923879532511287));
#1832=DIRECTION('',(0.,0.,-1.));
#1833=DIRECTION('',(-1.,0.,0.));
#1834=DIRECTION('',(0.,0.38268343236509,-0.923879532511287));
#1835=DIRECTION('',(0.,0.923879532511287,0.38268343236509));
#1836=DIRECTION('',(0.,-1.,0.));
#1837=DIRECTION('',(0.,0.,-1.));
#1838=DIRECTION('',(0.,-0.946323029600664,0.323222405856125));
#1839=DIRECTION('',(0.,0.323222405856125,0.946323029600664));
#1840=DIRECTION('',(0.,0.707106781186548,-0.707106781186547));
#1841=DIRECTION('',(0.,0.707106781186547,0.707106781186548));
#1842=DIRECTION('',(0.,0.905170228955386,-0.425049240221475));
#1843=DIRECTION('',(0.,-0.425049240221475,-0.905170228955386));
#1844=DIRECTION('',(0.,-0.791054552705157,0.611745612689167));
#1845=DIRECTION('',(0.,-0.611745612689167,-0.791054552705157));
#1846=DIRECTION('',(0.,0.995712500867651,-0.0925019762809825));
#1847=DIRECTION('',(0.,0.0925019762809825,0.995712500867651));
#1848=DIRECTION('',(0.,0.99999995057201,-0.000314413705200036));
#1849=DIRECTION('',(0.,-0.000314413705200386,-0.99999995057201));
#1850=DIRECTION('',(-1.,0.,0.));
#1851=DIRECTION('',(0.,0.,1.));
#1852=DIRECTION('',(0.,0.995770471778712,0.0918758267097606));
#1853=DIRECTION('',(0.,-0.0918758267097606,0.995770471778712));
#1854=DIRECTION('',(0.,0.905303825521152,0.424764621286623));
#1855=DIRECTION('',(0.,-0.424764621286623,0.905303825521152));
#1856=DIRECTION('',(0.,-0.791054552705157,-0.611745612689167));
#1857=DIRECTION('',(0.,0.611745612689167,-0.791054552705157));
#1858=DIRECTION('',(0.,-0.946323029600664,-0.323222405856125));
#1859=DIRECTION('',(0.,-0.323222405856125,0.946323029600664));
#1860=DIRECTION('',(0.,0.707106781186548,0.707106781186547));
#1861=DIRECTION('',(0.,-0.707106781186547,0.707106781186548));
#1862=DIRECTION('',(0.,0.38268343236509,0.923879532511287));
#1863=DIRECTION('',(0.,0.923879532511287,-0.38268343236509));
#1864=DIRECTION('',(0.,-1.,0.));
#1865=DIRECTION('',(0.,0.,-1.));
#1866=DIRECTION('',(0.,-0.923879532511287,0.38268343236509));
#1867=DIRECTION('',(0.,0.38268343236509,0.923879532511287));
#1868=DIRECTION('',(0.,0.,1.));
#1869=DIRECTION('',(1.,0.,0.));
#1870=DIRECTION('',(0.,-0.38268343236509,0.923879532511287));
#1871=DIRECTION('',(0.,0.923879532511287,0.38268343236509));
#1872=DIRECTION('',(0.,-0.707106781186548,0.707106781186547));
#1873=DIRECTION('',(0.,-0.707106781186547,-0.707106781186548));
#1874=CARTESIAN_POINT('',(0.,0.,0.));
#1875=CARTESIAN_POINT('',(5.45,-3.59387714415789,-1.39130474999547));
#1876=CARTESIAN_POINT('',(5.45,-2.48651131987572,-1.39130474999547));
#1877=CARTESIAN_POINT('',(5.45,-2.48651131987572,-1.39130474999547));
#1878=CARTESIAN_POINT('',(5.80758106281088,-2.48651131987571,-1.39130474999547));
#1879=CARTESIAN_POINT('',(-38.2423744425707,-9.25003208852378,-1.39130474999547));
#1880=CARTESIAN_POINT('',(6.09104760846252,-4.70124296844006,-1.39130474999547));
#1881=CARTESIAN_POINT('',(5.45,-4.70124296844006,-1.39130474999547));
#1882=CARTESIAN_POINT('',(5.45,-4.70124296844006,-1.39130474999547));
#1883=CARTESIAN_POINT('',(5.45,-3.59387714415789,-1.39130474999547));
#1884=CARTESIAN_POINT('',(5.45,-4.86389119178057,-1.38448127545416));
#1885=CARTESIAN_POINT('',(-38.2423744425707,-9.25003208852378,-1.20047237496434));
#1886=CARTESIAN_POINT('',(6.12321924050475,-5.02653941512108,-1.37765780091286));
#1887=CARTESIAN_POINT('',(5.45,-5.02653941512108,-1.37765780091286));
#1888=CARTESIAN_POINT('',(5.45,-5.02653941512108,-1.37765780091286));
#1889=CARTESIAN_POINT('',(5.45,-4.86389119178057,-1.38448127545416));
#1890=CARTESIAN_POINT('',(5.45,-5.18690552562475,-1.35819590650499));
#1891=CARTESIAN_POINT('',(-38.2423744425707,-9.25003208852378,-0.865098331932743));
#1892=CARTESIAN_POINT('',(6.15258308714488,-5.34727163612843,-1.33873401209712));
#1893=CARTESIAN_POINT('',(5.45,-5.34727163612843,-1.33873401209712));
#1894=CARTESIAN_POINT('',(5.45,-5.34727163612843,-1.33873401209712));
#1895=CARTESIAN_POINT('',(5.45,-5.18690552562475,-1.35819590650499));
#1896=CARTESIAN_POINT('',(5.45,-5.5029671639204,-1.30681646987796));
#1897=CARTESIAN_POINT('',(-38.2423744425707,-9.25003208852378,-0.538669146540825));
#1898=CARTESIAN_POINT('',(6.17885763252688,-5.65866269171238,-1.2748989276588));
#1899=CARTESIAN_POINT('',(5.45,-5.65866269171238,-1.2748989276588));
#1900=CARTESIAN_POINT('',(5.45,-5.65866269171238,-1.2748989276588));
#1901=CARTESIAN_POINT('',(5.45,-5.5029671639204,-1.30681646987796));
#1902=CARTESIAN_POINT('',(5.45,-5.81171121448278,-1.23083712533116));
#1903=CARTESIAN_POINT('',(-38.2423744425707,-9.25003208852378,-0.240964031827097));
#1904=CARTESIAN_POINT('',(6.20254403853361,-5.96475973725319,-1.18677532300353));
#1905=CARTESIAN_POINT('',(5.45,-5.96475973725319,-1.18677532300353));
#1906=CARTESIAN_POINT('',(5.45,-5.96475973725319,-1.18677532300353));
#1907=CARTESIAN_POINT('',(5.45,-5.81171121448278,-1.23083712533116));
#1908=CARTESIAN_POINT('',(5.45,-6.00570756942034,-1.17291840724647));
#1909=CARTESIAN_POINT('',(-38.2423744425707,-9.25003208852378,-0.075025572132037));
#1910=CARTESIAN_POINT('',(6.20852173529757,-6.04665540158749,-1.15906149148941));
#1911=CARTESIAN_POINT('',(5.45,-6.04665540158749,-1.15906149148941));
#1912=CARTESIAN_POINT('',(5.45,-6.04665540158749,-1.15906149148941));
#1913=CARTESIAN_POINT('',(5.45,-6.00570756942034,-1.17291840724647));
#1914=CARTESIAN_POINT('',(5.45,-6.19674567133188,-1.09865167178214));
#1915=CARTESIAN_POINT('',(-38.2423744425707,-9.25003208852378,0.130265314584457));
#1916=CARTESIAN_POINT('',(6.22913604834334,-6.34683594107628,-1.03824185207486));
#1917=CARTESIAN_POINT('',(5.45,-6.34683594107628,-1.03824185207486));
#1918=CARTESIAN_POINT('',(5.45,-6.34683594107628,-1.03824185207486));
#1919=CARTESIAN_POINT('',(5.45,-6.19674567133188,-1.09865167178214));
#1920=CARTESIAN_POINT('',(5.45,-6.49116523563862,-0.966154923662543));
#1921=CARTESIAN_POINT('',(-38.2423744425707,-9.25003208852378,0.411792899931575));
#1922=CARTESIAN_POINT('',(6.24703987780612,-6.63549453020096,-0.894067995250225));
#1923=CARTESIAN_POINT('',(5.45,-6.63549453020096,-0.894067995250225));
#1924=CARTESIAN_POINT('',(5.45,-6.63549453020096,-0.894067995250225));
#1925=CARTESIAN_POINT('',(5.45,-6.49116523563862,-0.966154923662543));
#1926=CARTESIAN_POINT('',(5.45,-6.68803924351177,-0.86239721061959));
#1927=CARTESIAN_POINT('',(-38.2423744425707,-9.25003208852378,0.681817582972479));
#1928=CARTESIAN_POINT('',(6.26223158152298,-6.90827295184135,-0.729653611779213));
#1929=CARTESIAN_POINT('',(5.45,-6.90827295184135,-0.729653611779213));
#1930=CARTESIAN_POINT('',(5.45,-6.90827295184135,-0.729653611779213));
#1931=CARTESIAN_POINT('',(5.45,-6.68803924351177,-0.86239721061959));
#1932=CARTESIAN_POINT('',(5.45,-7.03912861645222,-0.636310852132738));
#1933=CARTESIAN_POINT('',(-38.2423744425707,-9.25003208852378,0.940784277901108));
#1934=CARTESIAN_POINT('',(6.27523099991361,-7.16998428106308,-0.542968092486262));
#1935=CARTESIAN_POINT('',(5.45,-7.16998428106308,-0.542968092486262));
#1936=CARTESIAN_POINT('',(5.45,-7.16998428106308,-0.542968092486262));
#1937=CARTESIAN_POINT('',(5.45,-7.03912861645222,-0.636310852132738));
#1938=CARTESIAN_POINT('',(5.45,-7.19351470470429,-0.524299568496645));
#1939=CARTESIAN_POINT('',(-38.2423744425707,-9.25003208852378,1.10729639000836));
#1940=CARTESIAN_POINT('',(6.27864281669504,-7.24433634534791,-0.483978789235434));
#1941=CARTESIAN_POINT('',(5.45,-7.24433634534791,-0.483978789235434));
#1942=CARTESIAN_POINT('',(5.45,-7.24433634534791,-0.483978789235434));
#1943=CARTESIAN_POINT('',(5.45,-7.19351470470429,-0.524299568496645));
#1944=CARTESIAN_POINT('',(5.45,-7.25647756882168,-0.473464498264234));
#1945=CARTESIAN_POINT('',(-38.2423744425707,-9.25003208852378,1.25295231074834));
#1946=CARTESIAN_POINT('',(6.27973011868697,-7.26861879229546,-0.462950207293034));
#1947=CARTESIAN_POINT('',(5.45,-7.26861879229546,-0.462950207293034));
#1948=CARTESIAN_POINT('',(5.45,-7.26861879229546,-0.462950207293034));
#1949=CARTESIAN_POINT('',(5.45,-7.25647756882168,-0.473464498264234));
#1950=CARTESIAN_POINT('',(5.45,-7.29379951953888,-0.441426038742066));
#1951=CARTESIAN_POINT('',(-38.2423744425707,-9.25003208852378,1.23073692671485));
#1952=CARTESIAN_POINT('',(6.28534682444037,-7.39913177208308,-0.351389355698819));
#1953=CARTESIAN_POINT('',(5.45,-7.39913177208308,-0.351389355698819));
#1954=CARTESIAN_POINT('',(5.45,-7.39913177208308,-0.351389355698819));
#1955=CARTESIAN_POINT('',(5.45,-7.29379951953888,-0.441426038742066));
#1956=CARTESIAN_POINT('',(5.45,-7.40044174947442,-0.349662707989213));
#1957=CARTESIAN_POINT('',(-38.2423744425707,-9.25003208852378,2.08823503263545));
#1958=CARTESIAN_POINT('',(6.28560631135591,-7.4053849157635,-0.343147246876962));
#1959=CARTESIAN_POINT('',(5.45,-7.4053849157635,-0.343147246876962));
#1960=CARTESIAN_POINT('',(5.45,-7.4053849157635,-0.343147246876962));
#1961=CARTESIAN_POINT('',(5.45,-7.40044174947442,-0.349662707989213));
#1962=CARTESIAN_POINT('',(5.45,-11.0964316786854,-0.345541653578284));
#1963=CARTESIAN_POINT('',(-38.2423744425707,-9.25003208852378,2.08815044250977));
#1964=CARTESIAN_POINT('',(6.28534949206521,-11.1008682279169,-0.35138935569882));
#1965=CARTESIAN_POINT('',(6.28560896995269,-11.0946150842365,-0.343147246876961));
#1966=CARTESIAN_POINT('',(5.45,-11.1008682279169,-0.35138935569882));
#1967=CARTESIAN_POINT('',(5.45,-11.1008682279169,-0.35138935569882));
#1968=CARTESIAN_POINT('',(5.45,-11.0964316786854,-0.345541653578284));
#1969=CARTESIAN_POINT('',(5.45,-11.0946150842365,-0.343147246876961));
#1970=CARTESIAN_POINT('',(5.45,-11.0946150842365,-0.343147246876961));
#1971=CARTESIAN_POINT('',(5.45,-11.1225526418787,-0.369924919685136));
#1972=CARTESIAN_POINT('',(-38.2423744425707,-9.25003208852378,1.23068206898278));
#1973=CARTESIAN_POINT('',(6.27973297477819,-11.2313812077045,-0.462950207293035));
#1974=CARTESIAN_POINT('',(5.45,-11.2313812077045,-0.462950207293035));
#1975=CARTESIAN_POINT('',(5.45,-11.2313812077045,-0.462950207293035));
#1976=CARTESIAN_POINT('',(5.45,-11.1225526418787,-0.369924919685136));
#1977=CARTESIAN_POINT('',(5.45,-11.2435224311783,-0.473464498264235));
#1978=CARTESIAN_POINT('',(-38.2423744425707,-9.25003208852378,1.2528967334704));
#1979=CARTESIAN_POINT('',(6.27864570785914,-11.2556636546521,-0.483978789235434));
#1980=CARTESIAN_POINT('',(5.45,-11.2556636546521,-0.483978789235434));
#1981=CARTESIAN_POINT('',(5.45,-11.2556636546521,-0.483978789235434));
#1982=CARTESIAN_POINT('',(5.45,-11.2435224311783,-0.473464498264235));
#1983=CARTESIAN_POINT('',(5.45,-11.2693092631534,-0.494804916871068));
#1984=CARTESIAN_POINT('',(-38.2423744425707,-9.25003208852378,1.10724547334159));
#1985=CARTESIAN_POINT('',(6.27523399848601,-11.3300157189372,-0.542968092485923));
#1986=CARTESIAN_POINT('',(5.45,-11.3300157189372,-0.542968092485923));
#1987=CARTESIAN_POINT('',(5.45,-11.3300157189372,-0.542968092485923));
#1988=CARTESIAN_POINT('',(5.45,-11.2693092631534,-0.494804916871068));
#1989=CARTESIAN_POINT('',(5.45,-11.460871383548,-0.636310852132398));
#1990=CARTESIAN_POINT('',(-38.2423744425707,-9.25003208852378,0.940738498739192));
#1991=CARTESIAN_POINT('',(6.26223495836721,-11.5917270481589,-0.729653611778856));
#1992=CARTESIAN_POINT('',(5.45,-11.5917270481589,-0.729653611778856));
#1993=CARTESIAN_POINT('',(5.45,-11.5917270481589,-0.729653611778856));
#1994=CARTESIAN_POINT('',(5.45,-11.460871383548,-0.636310852132398));
#1995=CARTESIAN_POINT('',(5.45,-11.6755715456686,-0.780190018883906));
#1996=CARTESIAN_POINT('',(-38.2423744425707,-9.25003208852378,0.681778900918706));
#1997=CARTESIAN_POINT('',(6.24704364929282,-11.8645054697992,-0.894067995249851));
#1998=CARTESIAN_POINT('',(5.45,-11.8645054697992,-0.894067995249851));
#1999=CARTESIAN_POINT('',(5.45,-11.8645054697992,-0.894067995249851));
#2000=CARTESIAN_POINT('',(5.45,-11.6755715456686,-0.780190018883906));
#2001=CARTESIAN_POINT('',(5.45,-12.0088347643616,-0.966154923662169));
#2002=CARTESIAN_POINT('',(-38.2423744425707,-9.25003208852378,0.411760845966515));
#2003=CARTESIAN_POINT('',(6.22914023791294,-12.1531640589239,-1.03824185207447));
#2004=CARTESIAN_POINT('',(5.45,-12.1531640589239,-1.03824185207447));
#2005=CARTESIAN_POINT('',(5.45,-12.1531640589239,-1.03824185207447));
#2006=CARTESIAN_POINT('',(5.45,-12.0088347643616,-0.966154923662169));
#2007=CARTESIAN_POINT('',(5.45,-12.3032543286683,-1.09865167178175));
#2008=CARTESIAN_POINT('',(-38.2423744425707,-9.25003208852378,0.130239483970584));
#2009=CARTESIAN_POINT('',(6.20852636020293,-12.4533445984127,-1.15906149148901));
#2010=CARTESIAN_POINT('',(5.45,-12.4533445984127,-1.15906149148901));
#2011=CARTESIAN_POINT('',(5.45,-12.4533445984127,-1.15906149148901));
#2012=CARTESIAN_POINT('',(5.45,-12.3032543286683,-1.09865167178175));
#2013=CARTESIAN_POINT('',(5.45,-12.4942924305798,-1.17291840724607));
#2014=CARTESIAN_POINT('',(-38.2423744425707,-9.25003208852378,-0.0750472899099061));
#2015=CARTESIAN_POINT('',(6.20254878231573,-12.5352402627469,-1.18677532300313));
#2016=CARTESIAN_POINT('',(5.45,-12.5352402627469,-1.18677532300313));
#2017=CARTESIAN_POINT('',(5.45,-12.5352402627469,-1.18677532300313));
#2018=CARTESIAN_POINT('',(5.45,-12.4942924305798,-1.17291840724607));
#2019=CARTESIAN_POINT('',(5.45,-12.6882887855173,-1.23083712533076));
#2020=CARTESIAN_POINT('',(-38.2423744425707,-9.25003208852378,-0.240982508034935));
#2021=CARTESIAN_POINT('',(6.17886282106849,-12.8413373082877,-1.27489892765838));
#2022=CARTESIAN_POINT('',(5.45,-12.8413373082877,-1.27489892765838));
#2023=CARTESIAN_POINT('',(5.45,-12.8413373082877,-1.27489892765838));
#2024=CARTESIAN_POINT('',(5.45,-12.6882887855173,-1.23083712533076));
#2025=CARTESIAN_POINT('',(5.45,-12.9970328360797,-1.30681646987754));
#2026=CARTESIAN_POINT('',(-38.2423744425707,-9.25003208852378,-0.53868230281825));
#2027=CARTESIAN_POINT('',(6.152588728902,-13.1527283638716,-1.3387340120967));
#2028=CARTESIAN_POINT('',(5.45,-13.1527283638716,-1.3387340120967));
#2029=CARTESIAN_POINT('',(5.45,-13.1527283638716,-1.3387340120967));
#2030=CARTESIAN_POINT('',(5.45,-12.9970328360797,-1.30681646987754));
#2031=CARTESIAN_POINT('',(5.45,-13.3130944743753,-1.35819590650457));
#2032=CARTESIAN_POINT('',(-38.2423744425707,-9.25003208852378,-0.865106120404074));
#2033=CARTESIAN_POINT('',(6.12322534995105,-13.473460584879,-1.37765780091243));
#2034=CARTESIAN_POINT('',(5.45,-13.473460584879,-1.37765780091243));
#2035=CARTESIAN_POINT('',(5.45,-13.473460584879,-1.37765780091243));
#2036=CARTESIAN_POINT('',(5.45,-13.3130944743753,-1.35819590650457));
#2037=CARTESIAN_POINT('',(5.45,-13.6361088082195,-1.38448127545374));
#2038=CARTESIAN_POINT('',(-38.2423744425707,-9.25003208852378,-1.20047506734161));
#2039=CARTESIAN_POINT('',(6.09105419324125,-13.79875703156,-1.39130474999504));
#2040=CARTESIAN_POINT('',(5.45,-13.79875703156,-1.39130474999504));
#2041=CARTESIAN_POINT('',(5.45,-13.79875703156,-1.39130474999504));
#2042=CARTESIAN_POINT('',(5.45,-13.6361088082195,-1.38448127545374));
#2043=CARTESIAN_POINT('',(5.45,-14.9061228558421,-1.39130474999504));
#2044=CARTESIAN_POINT('',(-38.2423744425707,-9.25003208852378,-1.39130474999504));
#2045=CARTESIAN_POINT('',(5.80759091663892,-16.0134886801243,-1.39130474999527));
#2046=CARTESIAN_POINT('',(5.45,-16.0134886801243,-1.39130474999527));
#2047=CARTESIAN_POINT('',(5.45,-16.0134886801243,-1.39130474999527));
#2048=CARTESIAN_POINT('',(5.45,-14.9061228558421,-1.39130474999504));
#2049=CARTESIAN_POINT('',(5.45,-13.7581016346812,9.30501073598986));
#2050=CARTESIAN_POINT('',(-38.2423744425707,-9.25003208852378,9.30501073598986));
#2051=CARTESIAN_POINT('',(6.09712496286444,-13.739195227623,9.30501073598982));
#2052=CARTESIAN_POINT('',(6.09328030542009,-13.7770080417394,9.30501073598986));
#2053=CARTESIAN_POINT('',(5.45,-13.739195227623,9.30501073598983));
#2054=CARTESIAN_POINT('',(5.45,-13.739195227623,9.30501073598983));
#2055=CARTESIAN_POINT('',(5.45,-13.7581016346812,9.30501073598986));
#2056=CARTESIAN_POINT('',(5.45,-13.7770080417394,9.30501073598986));
#2057=CARTESIAN_POINT('',(5.45,-13.7770080417394,9.30501073598986));
#2058=CARTESIAN_POINT('',(5.45,-4.74189836531875,9.30501073598986));
#2059=CARTESIAN_POINT('',(-38.2423744425707,-9.25003208852378,9.30501073598986));
#2060=CARTESIAN_POINT('',(6.09327375245424,-4.72299195826065,9.30501073598861));
#2061=CARTESIAN_POINT('',(6.09711846519711,-4.76080477237696,9.30501073598986));
#2062=CARTESIAN_POINT('',(5.45,-4.72299195826054,9.30501073598986));
#2063=CARTESIAN_POINT('',(5.45,-4.72299195826054,9.30501073598986));
#2064=CARTESIAN_POINT('',(5.45,-4.74189836531875,9.30501073598986));
#2065=CARTESIAN_POINT('',(5.45,-4.76080477237696,9.30501073598986));
#2066=CARTESIAN_POINT('',(5.45,-4.76080477237696,9.30501073598986));
#2067=CARTESIAN_POINT('',(5.45,-1.87316970281842,6.60063893871132));
#2068=CARTESIAN_POINT('',(5.45,-3.25212167830783,7.97959091420073));
#2069=CARTESIAN_POINT('',(5.7,-3.25212167830783,7.97959091420073));
#2070=CARTESIAN_POINT('',(5.9183418551192,-3.25212167830783,7.97959091420073));
#2071=CARTESIAN_POINT('',(5.7,-1.5021216783079,6.22959091420081));
#2072=CARTESIAN_POINT('',(5.7,-1.81958650545542,6.54705574134833));
#2073=CARTESIAN_POINT('',(-38.2423744425707,-9.25003208852378,13.9775013244167));
#2074=CARTESIAN_POINT('',(5.45,-6.25106083915391,8.25819322047183));
#2075=CARTESIAN_POINT('',(5.45,-9.25,8.53679552674293));
#2076=CARTESIAN_POINT('',(5.7,-9.25,8.53679552674293));
#2077=CARTESIAN_POINT('',(6.32379875205082,-9.25,8.53679552674293));
#2078=CARTESIAN_POINT('',(5.7,-3.25212167830783,7.97959091420073));
#2079=CARTESIAN_POINT('',(-38.2423744425707,-9.25003208852378,8.53679850777598));
#2080=CARTESIAN_POINT('',(5.45,-12.2695532371165,8.25819322047183));
#2081=CARTESIAN_POINT('',(5.45,-15.289106474233,7.97959091420073));
#2082=CARTESIAN_POINT('',(5.7,-15.289106474233,7.97959091420073));
#2083=CARTESIAN_POINT('',(5.9127314204878,-15.289106474233,7.97959091420073));
#2084=CARTESIAN_POINT('',(5.7,-9.25,8.53679552674293));
#2085=CARTESIAN_POINT('',(-38.2423744425707,-9.25003208852378,8.536792566061));
#2086=CARTESIAN_POINT('',(5.45,-15.7383032371165,7.53039415131722));
#2087=CARTESIAN_POINT('',(-38.2423744425707,-9.25003208852378,14.0186652999099));
#2088=CARTESIAN_POINT('',(5.7,-16.6804776715921,6.58821971684158));
#2089=CARTESIAN_POINT('',(5.7,-15.289106474233,7.97959091420073));
#2090=CARTESIAN_POINT('',(5.45,-16.2216411363355,-0.398191763886438));
#2091=CARTESIAN_POINT('',(5.45,-15.789106474233,-0.830726425988955));
#2092=CARTESIAN_POINT('',(5.7,-15.789106474233,-0.830726425988955));
#2093=CARTESIAN_POINT('',(5.84145818790952,-15.789106474233,-0.830726425988923));
#2094=CARTESIAN_POINT('',(5.7,-16.2216411363355,-0.398191763886438));
#2095=CARTESIAN_POINT('',(5.7,-16.6804776715921,0.0606447713702107));
#2096=CARTESIAN_POINT('',(-38.2423744425707,-9.25003208852378,-7.36980081169815));
#2097=CARTESIAN_POINT('',(5.45,-14.4095961605074,-0.830726425988922));
#2098=CARTESIAN_POINT('',(5.45,-13.0300858467817,-0.830726425988955));
#2099=CARTESIAN_POINT('',(5.7,-13.0300858467817,-0.830726425988955));
#2100=CARTESIAN_POINT('',(6.16319938323084,-13.0300858467817,-0.830726425988955));
#2101=CARTESIAN_POINT('',(5.7,-14.4095961605074,-0.830726425988922));
#2102=CARTESIAN_POINT('',(-38.2423744425707,-9.25003208852378,-0.830726425988923));
#2103=CARTESIAN_POINT('',(5.45,-11.9570146724582,-0.000889114831576811));
#2104=CARTESIAN_POINT('',(5.45,-10.8839434981346,0.828948196325801));
#2105=CARTESIAN_POINT('',(5.7,-10.8839434981346,0.828948196325801));
#2106=CARTESIAN_POINT('',(6.29383696701795,-10.8839434981346,0.8289481963258));
#2107=CARTESIAN_POINT('',(5.7,-13.0300858467817,-0.830726425988955));
#2108=CARTESIAN_POINT('',(-38.2423744425707,-9.25003208852378,2.09249965802222));
#2109=CARTESIAN_POINT('',(5.45,-6.54298532754183,-0.000889114831577158));
#2110=CARTESIAN_POINT('',(5.45,-5.46991415321831,-0.830726425988922));
#2111=CARTESIAN_POINT('',(5.7,-5.46991415321831,-0.830726425988922));
#2112=CARTESIAN_POINT('',(6.16319392007063,-5.46991415321831,-0.830726425988923));
#2113=CARTESIAN_POINT('',(5.7,-6.54298532754183,-0.000889114831577158));
#2114=CARTESIAN_POINT('',(5.7,-7.61605650186539,0.828948196325801));
#2115=CARTESIAN_POINT('',(5.45,-7.61605650186539,0.828948196325801));
#2116=CARTESIAN_POINT('',(6.29383461249184,-7.61605650186539,0.828948196325801));
#2117=CARTESIAN_POINT('',(-38.2423744425707,-9.25003208852378,2.09254928800935));
#2118=CARTESIAN_POINT('',(5.45,-4.11101791576306,-0.830726425988922));
#2119=CARTESIAN_POINT('',(5.45,-2.75212167830782,-0.830726425988955));
#2120=CARTESIAN_POINT('',(5.7,-2.75212167830782,-0.830726425988955));
#2121=CARTESIAN_POINT('',(5.84754451306857,-2.75212167830782,-0.830726425988955));
#2122=CARTESIAN_POINT('',(5.7,-4.11101791576306,-0.830726425988922));
#2123=CARTESIAN_POINT('',(-38.2423744425707,-9.25003208852378,-0.830726425988923));
#2124=CARTESIAN_POINT('',(5.45,-1.87316970281842,0.0482255495004564));
#2125=CARTESIAN_POINT('',(-38.2423744425707,-9.25003208852378,-7.32863683620491));
#2126=CARTESIAN_POINT('',(5.7,-1.81958650545542,0.101808746863455));
#2127=CARTESIAN_POINT('',(5.7,-1.87316970281842,0.0482255495004564));
#2128=CARTESIAN_POINT('',(5.45,-3.13174720676203,1.00770946062478));
#2129=CARTESIAN_POINT('',(3.34565015519179,-3.13174720676203,1.00770946062478));
#2130=CARTESIAN_POINT('',(5.51637989413038,-0.805134512484074,0.136806536465883));
#2131=CARTESIAN_POINT('',(5.51636964082717,-0.805145502090457,0.136777178352973));
#2132=CARTESIAN_POINT('',(5.51636964082719,-0.805145502090464,0.136777178352954));
#2133=CARTESIAN_POINT('',(5.52986592181533,-0.875078981929784,-0.0500425741349826));
#2134=CARTESIAN_POINT('',(5.55573588466236,-1.01034033478772,-0.311104293565724));
#2135=CARTESIAN_POINT('',(5.60044059513704,-1.25225071963947,-0.625891621877864));
#2136=CARTESIAN_POINT('',(5.63767297602219,-1.45892469384903,-0.836670681219367));
#2137=CARTESIAN_POINT('',(5.6775544165709,-1.68673131245523,-1.02024714770671));
#2138=CARTESIAN_POINT('',(5.73447584885242,-2.02274820063636,-1.23058538467303));
#2139=CARTESIAN_POINT('',(5.7782654018843,-2.29558212728526,-1.33995267114232));
#2140=CARTESIAN_POINT('',(5.80758106281088,-2.48651131987572,-1.39130474999547));
#2141=CARTESIAN_POINT('',(5.45,-3.13174720676203,1.00770946062478));
#2142=CARTESIAN_POINT('',(5.45,-0.805134512484074,0.136806536465883));
#2143=CARTESIAN_POINT('',(5.45,-0.805134512484074,0.136806536465883));
#2144=CARTESIAN_POINT('',(5.45,-10.328831715547,-2.10066300685388));
#2145=CARTESIAN_POINT('',(6.31878584476565,-8.58161076903343,0.828948196325801));
#2146=CARTESIAN_POINT('',(6.31515787017655,-8.33974721311528,0.684700703470851));
#2147=CARTESIAN_POINT('',(6.30469691651265,-7.90122687648865,0.343837438616353));
#2148=CARTESIAN_POINT('',(6.29161626026168,-7.55045921135773,-0.101831069324527));
#2149=CARTESIAN_POINT('',(6.28560631135591,-7.4053849157635,-0.343147246876962));
#2150=CARTESIAN_POINT('',(6.31878584476565,-8.58161076903343,0.828948196325802));
#2151=CARTESIAN_POINT('',(5.45,-8.58161076903343,0.828948196325801));
#2152=CARTESIAN_POINT('',(5.45,-8.58161076903343,0.828948196325801));
#2153=CARTESIAN_POINT('',(5.45,-10.328831715547,-2.10066300685388));
#2154=CARTESIAN_POINT('',(5.45,-9.25192883435107,-0.291678972269375));
#2155=CARTESIAN_POINT('',(6.32379875205081,-9.25,1.01412646472454));
#2156=CARTESIAN_POINT('',(6.32379866719432,-9.13214699466804,1.01395238142038));
#2157=CARTESIAN_POINT('',(6.32286687941927,-8.9014462423454,0.982393798289844));
#2158=CARTESIAN_POINT('',(6.32030282424322,-8.68274214183937,0.889441273829161));
#2159=CARTESIAN_POINT('',(6.31878584476564,-8.58161076903343,0.828948196325802));
#2160=CARTESIAN_POINT('',(6.32379875205081,-9.25,1.01412646472454));
#2161=CARTESIAN_POINT('',(5.45,-9.25,1.01412646472454));
#2162=CARTESIAN_POINT('',(5.45,-9.25,1.01412646472454));
#2163=CARTESIAN_POINT('',(5.45,-9.25192883435107,-0.291678972269375));
#2164=CARTESIAN_POINT('',(5.45,-9.24807116564894,-0.291678972269376));
#2165=CARTESIAN_POINT('',(6.32379875205081,-9.25,1.01412646472454));
#2166=CARTESIAN_POINT('',(6.3237988369073,-9.36785300417389,1.01395238142209));
#2167=CARTESIAN_POINT('',(6.32286738136714,-9.59855375581927,0.982393798850387));
#2168=CARTESIAN_POINT('',(6.32030364118582,-9.81725785750793,0.889441274219582));
#2169=CARTESIAN_POINT('',(6.31878680738077,-9.91838923096657,0.828948196325805));
#2170=CARTESIAN_POINT('',(6.31878680738077,-9.91838923096658,0.828948196325804));
#2171=CARTESIAN_POINT('',(5.45,-9.91838923096658,0.828948196325804));
#2172=CARTESIAN_POINT('',(5.45,-9.91838923096658,0.828948196325804));
#2173=CARTESIAN_POINT('',(5.45,-9.24807116564894,-0.291678972269376));
#2174=CARTESIAN_POINT('',(5.45,-8.17116828445302,-2.10066300685386));
#2175=CARTESIAN_POINT('',(6.31878680738077,-9.91838923096658,0.828948196325804));
#2176=CARTESIAN_POINT('',(6.315159181215,-10.160252786036,0.684700703977063));
#2177=CARTESIAN_POINT('',(6.30469885951258,-10.5987731237735,0.34383743871143));
#2178=CARTESIAN_POINT('',(6.2916187093846,-10.949540789201,-0.101831070253956));
#2179=CARTESIAN_POINT('',(6.28560896995269,-11.0946150842365,-0.343147246876958));
#2180=CARTESIAN_POINT('',(5.45,-8.17116828445302,-2.10066300685386));
#2181=CARTESIAN_POINT('',(5.45,-15.3682527932383,1.00770946062524));
#2182=CARTESIAN_POINT('',(5.51637990530002,-17.6948654875161,0.136806536465549));
#2183=CARTESIAN_POINT('',(5.52987582402271,-17.6249334279736,-0.0500166018602373));
#2184=CARTESIAN_POINT('',(5.55574541635606,-17.4896731781612,-0.31108328523889));
#2185=CARTESIAN_POINT('',(5.60044997032418,-17.2477620703665,-0.625877147093503));
#2186=CARTESIAN_POINT('',(5.63768229849531,-17.0410869923972,-0.836660279235923));
#2187=CARTESIAN_POINT('',(5.67756383215026,-16.8132782176174,-1.02024056700683));
#2188=CARTESIAN_POINT('',(5.73448549201098,-16.4772573810334,-1.23058302016714));
#2189=CARTESIAN_POINT('',(5.77827514686927,-16.2044204360012,-1.33995198172381));
#2190=CARTESIAN_POINT('',(5.80759091663892,-16.0134886801243,-1.39130474999527));
#2191=CARTESIAN_POINT('',(5.51637990530021,-17.6948654875151,0.13680653646591));
#2192=CARTESIAN_POINT('',(5.45,-17.6948654875151,0.136806536465909));
#2193=CARTESIAN_POINT('',(5.45,-17.6948654875151,0.136806536465909));
#2194=CARTESIAN_POINT('',(5.45,-15.3682527932383,1.00770946062524));
#2195=CARTESIAN_POINT('',(5.45,-17.6948654875151,0.482877366395855));
#2196=CARTESIAN_POINT('',(5.51637990530021,-17.6948654875151,10.5));
#2197=CARTESIAN_POINT('',(5.5163799053003,-17.6948654875147,6.73377886414491));
#2198=CARTESIAN_POINT('',(5.45,-17.6948654875159,6.7337788641453));
#2199=CARTESIAN_POINT('',(5.45,-17.6948654875159,6.7337788641453));
#2200=CARTESIAN_POINT('',(5.45,-17.6948654875151,0.482877366395855));
#2201=CARTESIAN_POINT('',(5.45,-14.3237673286061,5.66564602280991));
#2202=CARTESIAN_POINT('',(5.83011586564881,-15.8651202395561,8.8483244180678));
#2203=CARTESIAN_POINT('',(5.79758051977106,-16.081884352616,8.74334680011174));
#2204=CARTESIAN_POINT('',(5.74956521867989,-16.3855456240847,8.5557446236312));
#2205=CARTESIAN_POINT('',(5.68854290051344,-16.7495051782193,8.24723886271575));
#2206=CARTESIAN_POINT('',(5.63034629666427,-17.0842095745906,7.89858367761431));
#2207=CARTESIAN_POINT('',(5.56781471659974,-17.4264019232096,7.4123922868197));
#2208=CARTESIAN_POINT('',(5.53052614843879,-17.6215636295388,6.96512439431155));
#2209=CARTESIAN_POINT('',(5.51637990530029,-17.6948654875147,6.73377886414491));
#2210=CARTESIAN_POINT('',(5.83011586564889,-15.8651202395555,8.8483244180667));
#2211=CARTESIAN_POINT('',(5.45,-15.8651202395555,8.8483244180667));
#2212=CARTESIAN_POINT('',(5.45,-15.8651202395555,8.8483244180667));
#2213=CARTESIAN_POINT('',(5.45,-14.3237673286061,5.66564602280991));
#2214=CARTESIAN_POINT('',(5.45,-13.0656306517689,1.05027848514088));
#2215=CARTESIAN_POINT('',(6.0932803054201,-13.7770080417393,9.30501073598862));
#2216=CARTESIAN_POINT('',(6.02000573781659,-14.4946341048444,9.2431670637491));
#2217=CARTESIAN_POINT('',(5.93137840056928,-15.1904667826446,9.09052423892335));
#2218=CARTESIAN_POINT('',(5.83011586564889,-15.8651202395555,8.8483244180667));
#2219=CARTESIAN_POINT('',(5.45,-13.0656306517689,1.05027848514088));
#2220=CARTESIAN_POINT('',(5.45,-9.72999817097223,-49.4707314129559));
#2221=CARTESIAN_POINT('',(6.32379875205081,-9.25,9.43963378667833));
#2222=CARTESIAN_POINT('',(6.32379983346738,-10.7519263116454,9.45187139342346));
#2223=CARTESIAN_POINT('',(6.24807025972598,-12.24830735096,9.40670682809134));
#2224=CARTESIAN_POINT('',(6.09712496286444,-13.739195227623,9.30501073598983));
#2225=CARTESIAN_POINT('',(6.32379875205081,-9.25,9.43963378667833));
#2226=CARTESIAN_POINT('',(5.45,-9.25,9.43963378667833));
#2227=CARTESIAN_POINT('',(5.45,-9.25,9.43963378667833));
#2228=CARTESIAN_POINT('',(5.45,-9.72999817097223,-49.4707314129559));
#2229=CARTESIAN_POINT('',(5.45,-8.77000182902708,-49.4707314129564));
#2230=CARTESIAN_POINT('',(6.32379875205081,-9.25,9.43963378667833));
#2231=CARTESIAN_POINT('',(6.32379767063416,-7.74807357880931,9.45187139431604));
#2232=CARTESIAN_POINT('',(6.24806593105114,-6.25169253999059,9.40670682065291));
#2233=CARTESIAN_POINT('',(6.09711846519711,-4.76080477237695,9.30501073598987));
#2234=CARTESIAN_POINT('',(5.45,-8.77000182902708,-49.4707314129564));
#2235=CARTESIAN_POINT('',(5.45,-5.43436934823114,1.05027848514083));
#2236=CARTESIAN_POINT('',(6.09327375245424,-4.72299195826065,9.30501073598861));
#2237=CARTESIAN_POINT('',(6.0199981334157,-4.00536587731478,9.2431670622116));
#2238=CARTESIAN_POINT('',(5.93136977001872,-3.30953320168904,9.09052423329913));
#2239=CARTESIAN_POINT('',(5.83010623290679,-2.63487976044443,8.84832441806668));
#2240=CARTESIAN_POINT('',(5.83010623290671,-2.63487976044389,8.8483244180678));
#2241=CARTESIAN_POINT('',(5.45,-2.63487976044443,8.84832441806668));
#2242=CARTESIAN_POINT('',(5.45,-2.63487976044443,8.84832441806668));
#2243=CARTESIAN_POINT('',(5.45,-5.43436934823114,1.05027848514083));
#2244=CARTESIAN_POINT('',(5.45,-4.17623267139674,5.66564602280534));
#2245=CARTESIAN_POINT('',(5.83010623290671,-2.63487976044389,8.8483244180678));
#2246=CARTESIAN_POINT('',(5.79757097488199,-2.41811838301051,8.74334812495995));
#2247=CARTESIAN_POINT('',(5.74955580944429,-2.1144606368523,8.55574864580384));
#2248=CARTESIAN_POINT('',(5.68853365938062,-1.75050489402134,8.2472481117916));
#2249=CARTESIAN_POINT('',(5.63033707863431,-1.41580301782582,7.89859869340529));
#2250=CARTESIAN_POINT('',(5.5678053385671,-1.07361199811341,7.41241572447404));
#2251=CARTESIAN_POINT('',(5.5305162578704,-0.878448818660072,6.96515541495352));
#2252=CARTESIAN_POINT('',(5.51636964082719,-0.805145502090464,6.73381354745299));
#2253=CARTESIAN_POINT('',(5.51636964082717,-0.805145502090457,6.73381354745297));
#2254=CARTESIAN_POINT('',(2.37114517395971,-4.17623267139674,5.66564602280534));
#2255=CARTESIAN_POINT('',(5.51637989413038,-0.805134512484074,6.73377886414528));
#2256=CARTESIAN_POINT('',(5.45,-0.805134512484074,6.73377886414528));
#2257=CARTESIAN_POINT('',(5.45,-0.805134512484074,6.73377886414528));
#2258=CARTESIAN_POINT('',(5.45,-4.17623267139674,5.66564602280534));
#2259=CARTESIAN_POINT('',(5.45,-9.25,-0.556918451922468));
#2260=CARTESIAN_POINT('',(5.7,-9.25,-0.556918451922468));
#2261=CARTESIAN_POINT('',(6.29383696701795,-10.8839434981346,0.8289481963258));
#2262=CARTESIAN_POINT('',(6.29754576199654,-10.7828513114531,0.948136374603492));
#2263=CARTESIAN_POINT('',(6.30507887813488,-10.5593911291693,1.16013316436103));
#2264=CARTESIAN_POINT('',(6.31526262334637,-10.1559597484005,1.40321949876487));
#2265=CARTESIAN_POINT('',(6.32098240122153,-9.79035817094997,1.52654361338177));
#2266=CARTESIAN_POINT('',(6.32339921195394,-9.48148248919992,1.57732368295586));
#2267=CARTESIAN_POINT('',(6.32399723660112,-9.2509323287139,1.58971389366395));
#2268=CARTESIAN_POINT('',(6.32340432065813,-9.01920440433077,1.57743735355016));
#2269=CARTESIAN_POINT('',(6.3209869676062,-8.71023617945565,1.52665645622308));
#2270=CARTESIAN_POINT('',(6.31643532543002,-8.41885981405514,1.42853794823062));
#2271=CARTESIAN_POINT('',(6.31016950829032,-8.14188141040581,1.2817437837894));
#2272=CARTESIAN_POINT('',(6.30325277389324,-7.88704753561469,1.10864421785859));
#2273=CARTESIAN_POINT('',(6.29754355201794,-7.71714865247962,0.948136332079946));
#2274=CARTESIAN_POINT('',(6.29383461249185,-7.61605650186539,0.828948196325799));
#2275=CARTESIAN_POINT('',(5.45,-0.805134512484074,0.482877366395842));
#2276=CARTESIAN_POINT('',(5.51637989413038,-0.805134512484074,0.482877366395842));
#2277=CARTESIAN_POINT('',(5.45,-0.805134512484074,0.482877366395842));
#2278=CARTESIAN_POINT('',(5.45,-9.25,4.02486329245848));
#2279=CARTESIAN_POINT('',(5.45,-17.289106474233,0.419273574011045));
#2280=CARTESIAN_POINT('',(5.45,-17.289106474233,6.33314430479397));
#2281=CARTESIAN_POINT('',(5.45,-17.289106474233,0.315720183417806));
#2282=CARTESIAN_POINT('',(5.45,-15.1241247916368,-1.84926149917837));
#2283=CARTESIAN_POINT('',(5.45,-15.8926598648263,-1.08072642598892));
#2284=CARTESIAN_POINT('',(5.45,-9.25,-1.08072642598892));
#2285=CARTESIAN_POINT('',(5.45,-12.9446968211145,-1.08072642598892));
#2286=CARTESIAN_POINT('',(5.45,-10.7310070949623,0.631184558149511));
#2287=CARTESIAN_POINT('',(5.45,-10.7096043672936,0.647735913180808));
#2288=CARTESIAN_POINT('',(5.45,-9.25,-0.556918451922468));
#2289=CARTESIAN_POINT('',(5.45,-7.79039563270644,0.647735913180808));
#2290=CARTESIAN_POINT('',(5.45,-10.3380418277771,2.61790519820559));
#2291=CARTESIAN_POINT('',(5.45,-5.55530317888551,-1.08072642598892));
#2292=CARTESIAN_POINT('',(5.45,-9.25,-1.08072642598892));
#2293=CARTESIAN_POINT('',(5.45,-2.64856828771452,-1.08072642598892));
#2294=CARTESIAN_POINT('',(5.45,-3.39648928463357,-1.82864742290797));
#2295=CARTESIAN_POINT('',(5.45,-1.2521216783079,0.315720183417695));
#2296=CARTESIAN_POINT('',(5.45,-1.2521216783079,4.02486329245848));
#2297=CARTESIAN_POINT('',(5.45,-1.2521216783079,6.33314430479408));
#2298=CARTESIAN_POINT('',(5.45,-3.07534498301119,8.15636760949737));
#2299=CARTESIAN_POINT('',(5.45,-3.1391496435936,8.22017227007977));
#2300=CARTESIAN_POINT('',(5.45,-9.22687450592975,8.78572365195985));
#2301=CARTESIAN_POINT('',(5.45,-9.24992106041227,8.78786468346667));
#2302=CARTESIAN_POINT('',(5.45,-15.3120754309104,8.22853353214541));
#2303=CARTESIAN_POINT('',(5.45,-15.4020156800866,8.22023509894044));
#2304=CARTESIAN_POINT('',(5.45,-17.2158831695296,6.40636760949737));
#2305=CARTESIAN_POINT('',(-38.2423744425707,-9.25003208852378,10.5));
#2306=CARTESIAN_POINT('',(5.7,-16.6804776715922,0.0606447713701967));
#2307=CARTESIAN_POINT('',(5.67963228419162,-16.8009288322374,0.181095932015411));
#2308=CARTESIAN_POINT('',(5.6584847912219,-16.9229911836889,0.299743483446481));
#2309=CARTESIAN_POINT('',(5.63638882736309,-17.047334642301,0.415865355203812));
#2310=CARTESIAN_POINT('',(5.6363888273632,-17.047334642301,0.415865355203844));
#2311=CARTESIAN_POINT('',(5.63638882736307,-17.047334642301,3.32443224410589));
#2312=CARTESIAN_POINT('',(5.6363888273632,-17.047334642301,6.23299913300793));
#2313=CARTESIAN_POINT('',(5.6363888273632,-17.047334642301,6.23299913300793));
#2314=CARTESIAN_POINT('',(5.65848479122201,-16.9229911836889,6.34912100476527));
#2315=CARTESIAN_POINT('',(5.67963228419162,-16.8009288322374,6.46776855619636));
#2316=CARTESIAN_POINT('',(5.7,-16.6804776715921,6.58821971684158));
#2317=CARTESIAN_POINT('',(5.7,-1.81958650545542,6.54705574134833));
#2318=CARTESIAN_POINT('',(5.68198807049689,-1.7130670589686,6.44053629486151));
#2319=CARTESIAN_POINT('',(5.66336363150028,-1.60527425504587,6.33543543817467));
#2320=CARTESIAN_POINT('',(5.64401585228102,-1.49577260731122,6.2322207855161));
#2321=CARTESIAN_POINT('',(5.64401585228102,-1.49577260731122,6.2322207855161));
#2322=CARTESIAN_POINT('',(5.64401585228102,-1.49577260731122,3.32443224410589));
#2323=CARTESIAN_POINT('',(5.64401585228102,-1.49577260731122,0.416643702695674));
#2324=CARTESIAN_POINT('',(5.64401585228102,-1.49577260731122,0.416643702695673));
#2325=CARTESIAN_POINT('',(5.66336363150027,-1.60527425504587,0.313429050037108));
#2326=CARTESIAN_POINT('',(5.68198807049689,-1.71306705896861,0.208328193350263));
#2327=CARTESIAN_POINT('',(5.7,-1.81958650545542,0.101808746863448));
#2328=CARTESIAN_POINT('',(5.51636964082717,-0.805145502090457,10.5));
#2329=CARTESIAN_POINT('',(7.13280141353607,0.927364360541104,10.5));
#2330=CARTESIAN_POINT('',(5.7,-1.69639300752178,-0.12855114579618));
#2331=CARTESIAN_POINT('',(5.7,-1.2521216783079,0.315720183417696));
#2332=CARTESIAN_POINT('',(5.7,-2.64856828771452,-1.08072642598892));
#2333=CARTESIAN_POINT('',(5.7,-1.2521216783079,0.624110885168385));
#2334=CARTESIAN_POINT('',(5.7,-1.2521216783079,6.33314430479408));
#2335=CARTESIAN_POINT('',(5.7,-4.11101791576306,-1.08072642598892));
#2336=CARTESIAN_POINT('',(5.7,-5.55530317888551,-1.08072642598892));
#2337=CARTESIAN_POINT('',(5.7,-4.09692033298615,9.17794295947233));
#2338=CARTESIAN_POINT('',(5.7,-3.1391496435936,8.22017227007977));
#2339=CARTESIAN_POINT('',(5.7,-6.69592173071412,-0.198652753007867));
#2340=CARTESIAN_POINT('',(5.7,-7.61605650186539,0.828948196325801));
#2341=CARTESIAN_POINT('',(5.63377545509963,-7.61605650186539,0.828948196325801));
#2342=CARTESIAN_POINT('',(5.50414796424672,-7.65373563849844,0.789446738097668));
#2343=CARTESIAN_POINT('',(5.45,-7.74497307633037,0.694626042007845));
#2344=CARTESIAN_POINT('',(5.45,-7.79039563270644,0.647735913180808));
#2345=CARTESIAN_POINT('',(5.7,-8.81130129940597,8.74711678214614));
#2346=CARTESIAN_POINT('',(5.7,-9.24992106041226,8.78786468346667));
#2347=CARTESIAN_POINT('',(5.7,-9.25,-0.556918451922468));
#2348=CARTESIAN_POINT('',(5.7,-10.8839434981346,0.828948196325801));
#2349=CARTESIAN_POINT('',(5.63377545509963,-10.8839434981346,0.828948196325801));
#2350=CARTESIAN_POINT('',(5.50414796424672,-10.8462643615016,0.789446738097595));
#2351=CARTESIAN_POINT('',(5.45,-10.7550269236694,0.694626042008037));
#2352=CARTESIAN_POINT('',(5.45,-10.7096043672936,0.647735913180807));
#2353=CARTESIAN_POINT('',(5.7,-9.68575316268844,8.74765216879776));
#2354=CARTESIAN_POINT('',(5.7,-15.4020156800866,8.22023509894044));
#2355=CARTESIAN_POINT('',(5.7,-8.16195817222291,2.61790519820559));
#2356=CARTESIAN_POINT('',(5.7,-12.9446968211145,-1.08072642598892));
#2357=CARTESIAN_POINT('',(5.7,-14.4236937432842,9.19855703574273));
#2358=CARTESIAN_POINT('',(5.7,-17.289106474233,6.33314430479397));
#2359=CARTESIAN_POINT('',(5.7,-14.4095961605074,-1.08072642598892));
#2360=CARTESIAN_POINT('',(5.7,-15.8926598648263,-1.08072642598892));
#2361=CARTESIAN_POINT('',(5.7,-17.289106474233,4.02486329245848));
#2362=CARTESIAN_POINT('',(5.7,-17.289106474233,0.315720183417807));
#2363=CARTESIAN_POINT('',(5.7,-16.3984178316322,-0.574968459183075));
#2364=MECHANICAL_DESIGN_GEOMETRIC_PRESENTATION_REPRESENTATION('',(#1334),
#2365);
#2365=(
GEOMETRIC_REPRESENTATION_CONTEXT(3)
GLOBAL_UNCERTAINTY_ASSIGNED_CONTEXT((#2366))
GLOBAL_UNIT_ASSIGNED_CONTEXT((#2369,#2368,#2367))
REPRESENTATION_CONTEXT('Cushion','TOP_LEVEL_ASSEMBLY_PART')
);
#2366=UNCERTAINTY_MEASURE_WITH_UNIT(LENGTH_MEASURE(0.002),#2369,
'DISTANCE_ACCURACY_VALUE','Maximum Tolerance applied to model');
#2367=(
NAMED_UNIT(*)
SI_UNIT($,.STERADIAN.)
SOLID_ANGLE_UNIT()
);
#2368=(
NAMED_UNIT(*)
PLANE_ANGLE_UNIT()
SI_UNIT($,.RADIAN.)
);
#2369=(
LENGTH_UNIT()
NAMED_UNIT(*)
SI_UNIT(.CENTI.,.METRE.)
);
#2370=PRODUCT_DEFINITION_SHAPE('','',#2371);
#2371=PRODUCT_DEFINITION('','',#2373,#2372);
#2372=PRODUCT_DEFINITION_CONTEXT('',#2379,'design');
#2373=PRODUCT_DEFINITION_FORMATION_WITH_SPECIFIED_SOURCE('','',#2375,
 .NOT_KNOWN.);
#2374=PRODUCT_RELATED_PRODUCT_CATEGORY('','',(#2375));
#2375=PRODUCT('Cushion','Cushion','Cushion',(#2377));
#2376=PRODUCT_CATEGORY('','');
#2377=PRODUCT_CONTEXT('',#2379,'mechanical');
#2378=APPLICATION_PROTOCOL_DEFINITION('international standard',
'ap242_managed_model_based_3d_engineering',2020,#2379);
#2379=APPLICATION_CONTEXT('managed model based 3d engineering');
ENDSEC;
END-ISO-10303-21;
