ISO-10303-21;
HEADER;
/* Generated by software containing ST-Developer
 * from STEP Tools, Inc. (www.steptools.com) 
 */
/* OPTION: using custom renumber hook */

FILE_DESCRIPTION(
/* description */ ('STEP AP242 Edition 2',
'CAx-IF Rec.Pracs.---Representation and Presentation of Product Manufa
cturing Information (PMI)---4.0---2014-10-13',
'CAx-IF Rec.Pracs.---3D Tessellated Geometry---0.4---2014-09-14','2;1',
'CAx-IF Rec.Pracs.---User Defined Attributes---1.5---2016-08-15'),
/* implementation_level */ '2;1');

FILE_NAME(
/* name */ 'Part Studio 1 - VR_Body',
/* time_stamp */ '2026-09-11T10:35:30Z',
/* author */ (''),
/* organization */ (''),
/* preprocessor_version */ 'ST-DEVELOPER v20',
/* originating_system */ 'ONSHAPE BY PTC INC, 1.220',
/* authorisation */ '  ');

FILE_SCHEMA (('AP242_MANAGED_MODEL_BASED_3D_ENGINEERING_MIM_LF { 1 0 10303 442 3 1 4 }'));
ENDSEC;

DATA;
#10=SHAPE_REPRESENTATION_RELATIONSHIP('','',#4542,#11);
#11=ADVANCED_BREP_SHAPE_REPRESENTATION('',(#4540),#7886);
#12=DEGENERATE_TOROIDAL_SURFACE('',#4897,0.124999999999998,0.125,.T.);
#13=DEGENERATE_TOROIDAL_SURFACE('',#4918,0.124999999999998,0.125,.T.);
#14=TOROIDAL_SURFACE('',#4882,0.125,0.125);
#15=TOROIDAL_SURFACE('',#4886,0.125,0.125);
#16=TOROIDAL_SURFACE('',#4891,0.125,0.125);
#17=TOROIDAL_SURFACE('',#4898,0.625,0.125);
#18=TOROIDAL_SURFACE('',#4900,0.625,0.125);
#19=TOROIDAL_SURFACE('',#4903,0.125,0.125);
#20=TOROIDAL_SURFACE('',#4907,0.125,0.125);
#21=TOROIDAL_SURFACE('',#4912,0.125,0.125);
#22=TOROIDAL_SURFACE('',#4919,0.625,0.125);
#23=TOROIDAL_SURFACE('',#4920,0.625,0.125);
#24=TOROIDAL_SURFACE('',#4922,0.625,0.125);
#25=TOROIDAL_SURFACE('',#4923,0.625,0.125);
#26=TOROIDAL_SURFACE('',#4924,0.625,0.125);
#27=B_SPLINE_SURFACE_WITH_KNOTS('',3,1,((#6947,#6948),(#6949,#6950),(#6951,
#6952),(#6953,#6954),(#6955,#6956),(#6957,#6958),(#6959,#6960),(#6961,#6962)),
 .SURF_OF_LINEAR_EXTRUSION.,.F.,.F.,.F.,(4,1,1,1,1,4),(2,2),(0.5,0.582392929388413,
0.664785858776827,0.74717878816524,0.788375252859447,0.829571717553653),
(0.,1.),.UNSPECIFIED.);
#28=B_SPLINE_SURFACE_WITH_KNOTS('',3,1,((#6964,#6965),(#6966,#6967),(#6968,
#6969),(#6970,#6971),(#6972,#6973),(#6974,#6975),(#6976,#6977),(#6978,#6979)),
 .SURF_OF_LINEAR_EXTRUSION.,.F.,.F.,.F.,(4,1,1,1,1,4),(2,2),(0.17042828244658,
0.211624747140757,0.252821211834935,0.33521414122329,0.417607070611645,
0.5),(0.,1.),.UNSPECIFIED.);
#29=B_SPLINE_SURFACE_WITH_KNOTS('',3,1,((#7096,#7097),(#7098,#7099),(#7100,
#7101),(#7102,#7103)),.SURF_OF_LINEAR_EXTRUSION.,.F.,.F.,.F.,(4,4),(2,2),
(0.5,0.826351821827644),(0.,1.),.PIECEWISE_BEZIER_KNOTS.);
#30=B_SPLINE_SURFACE_WITH_KNOTS('',3,1,((#7105,#7106),(#7107,#7108),(#7109,
#7110),(#7111,#7112)),.SURF_OF_LINEAR_EXTRUSION.,.F.,.F.,.F.,(4,4),(2,2),
(0.173648178172367,0.5),(0.,1.),.PIECEWISE_BEZIER_KNOTS.);
#31=B_SPLINE_SURFACE_WITH_KNOTS('',1,3,((#7677,#7678,#7679,#7680,#7681,
#7682,#7683),(#7684,#7685,#7686,#7687,#7688,#7689,#7690),(#7691,#7692,#7693,
#7694,#7695,#7696,#7697)),.RULED_SURF.,.F.,.F.,.F.,(2,1,2),(4,3,4),(-0.00623137082325077,
0.,1.),(-0.000221162906327719,0.,0.00327422393835774),
 .PIECEWISE_BEZIER_KNOTS.);
#32=B_SPLINE_SURFACE_WITH_KNOTS('',1,3,((#7730,#7731,#7732,#7733,#7734,
#7735,#7736),(#7737,#7738,#7739,#7740,#7741,#7742,#7743)),.RULED_SURF.,
 .F.,.F.,.F.,(2,2),(4,3,4),(0.,1.),(-0.000242135227395467,0.,0.00327422393835764),
 .PIECEWISE_BEZIER_KNOTS.);
#33=ELLIPSE('',#4561,0.93642094433834,0.75);
#34=ELLIPSE('',#4567,0.93642094433834,0.75);
#35=ELLIPSE('',#4568,0.821996536853035,0.75);
#36=ELLIPSE('',#4571,0.775471913033479,0.75);
#37=ELLIPSE('',#4573,0.775471913033479,0.75);
#38=ELLIPSE('',#4576,0.821996536853035,0.75);
#39=ELLIPSE('',#4584,0.775471913033479,0.75);
#40=ELLIPSE('',#4586,0.775471913033479,0.75);
#41=ELLIPSE('',#4589,0.821996536853037,0.75);
#42=ELLIPSE('',#4590,0.936420944338345,0.75);
#43=ELLIPSE('',#4596,0.936420944338345,0.75);
#44=ELLIPSE('',#4597,0.821996536853037,0.75);
#45=ELLIPSE('',#4825,0.268650217192333,0.125);
#46=ELLIPSE('',#4826,0.268650217192333,0.125);
#47=ELLIPSE('',#4828,0.491748672382495,0.125);
#48=ELLIPSE('',#4829,0.491748672382495,0.125);
#49=ELLIPSE('',#4835,0.208761681509625,0.125);
#50=ELLIPSE('',#4836,0.208761681509625,0.125);
#51=ELLIPSE('',#4845,0.208761681509627,0.125);
#52=ELLIPSE('',#4846,0.208761681509627,0.125);
#53=ELLIPSE('',#4852,0.491748672382496,0.125);
#54=ELLIPSE('',#4853,0.491748672382496,0.125);
#55=ELLIPSE('',#4855,0.268650217192334,0.125);
#56=ELLIPSE('',#4856,0.268650217192334,0.125);
#57=LINE('',#6254,#486);
#58=LINE('',#6259,#487);
#59=LINE('',#6263,#488);
#60=LINE('',#6268,#489);
#61=LINE('',#6277,#490);
#62=LINE('',#6285,#491);
#63=LINE('',#6295,#492);
#64=LINE('',#6307,#493);
#65=LINE('',#6313,#494);
#66=LINE('',#6318,#495);
#67=LINE('',#6322,#496);
#68=LINE('',#6325,#497);
#69=LINE('',#6327,#498);
#70=LINE('',#6329,#499);
#71=LINE('',#6331,#500);
#72=LINE('',#6334,#501);
#73=LINE('',#6336,#502);
#74=LINE('',#6338,#503);
#75=LINE('',#6340,#504);
#76=LINE('',#6343,#505);
#77=LINE('',#6345,#506);
#78=LINE('',#6347,#507);
#79=LINE('',#6349,#508);
#80=LINE('',#6351,#509);
#81=LINE('',#6353,#510);
#82=LINE('',#6355,#511);
#83=LINE('',#6357,#512);
#84=LINE('',#6368,#513);
#85=LINE('',#6378,#514);
#86=LINE('',#6382,#515);
#87=LINE('',#6386,#516);
#88=LINE('',#6390,#517);
#89=LINE('',#6400,#518);
#90=LINE('',#6404,#519);
#91=LINE('',#6409,#520);
#92=LINE('',#6413,#521);
#93=LINE('',#6416,#522);
#94=LINE('',#6418,#523);
#95=LINE('',#6420,#524);
#96=LINE('',#6422,#525);
#97=LINE('',#6424,#526);
#98=LINE('',#6426,#527);
#99=LINE('',#6428,#528);
#100=LINE('',#6430,#529);
#101=LINE('',#6432,#530);
#102=LINE('',#6435,#531);
#103=LINE('',#6437,#532);
#104=LINE('',#6439,#533);
#105=LINE('',#6441,#534);
#106=LINE('',#6443,#535);
#107=LINE('',#6445,#536);
#108=LINE('',#6447,#537);
#109=LINE('',#6449,#538);
#110=LINE('',#6453,#539);
#111=LINE('',#6458,#540);
#112=LINE('',#6462,#541);
#113=LINE('',#6466,#542);
#114=LINE('',#6472,#543);
#115=LINE('',#6476,#544);
#116=LINE('',#6480,#545);
#117=LINE('',#6484,#546);
#118=LINE('',#6485,#547);
#119=LINE('',#6489,#548);
#120=LINE('',#6496,#549);
#121=LINE('',#6498,#550);
#122=LINE('',#6502,#551);
#123=LINE('',#6506,#552);
#124=LINE('',#6508,#553);
#125=LINE('',#6512,#554);
#126=LINE('',#6515,#555);
#127=LINE('',#6517,#556);
#128=LINE('',#6519,#557);
#129=LINE('',#6521,#558);
#130=LINE('',#6525,#559);
#131=LINE('',#6529,#560);
#132=LINE('',#6531,#561);
#133=LINE('',#6533,#562);
#134=LINE('',#6536,#563);
#135=LINE('',#6538,#564);
#136=LINE('',#6540,#565);
#137=LINE('',#6542,#566);
#138=LINE('',#6545,#567);
#139=LINE('',#6547,#568);
#140=LINE('',#6549,#569);
#141=LINE('',#6553,#570);
#142=LINE('',#6555,#571);
#143=LINE('',#6557,#572);
#144=LINE('',#6559,#573);
#145=LINE('',#6561,#574);
#146=LINE('',#6564,#575);
#147=LINE('',#6566,#576);
#148=LINE('',#6568,#577);
#149=LINE('',#6570,#578);
#150=LINE('',#6573,#579);
#151=LINE('',#6575,#580);
#152=LINE('',#6577,#581);
#153=LINE('',#6579,#582);
#154=LINE('',#6582,#583);
#155=LINE('',#6584,#584);
#156=LINE('',#6586,#585);
#157=LINE('',#6588,#586);
#158=LINE('',#6590,#587);
#159=LINE('',#6594,#588);
#160=LINE('',#6596,#589);
#161=LINE('',#6598,#590);
#162=LINE('',#6600,#591);
#163=LINE('',#6602,#592);
#164=LINE('',#6604,#593);
#165=LINE('',#6609,#594);
#166=LINE('',#6613,#595);
#167=LINE('',#6617,#596);
#168=LINE('',#6621,#597);
#169=LINE('',#6624,#598);
#170=LINE('',#6626,#599);
#171=LINE('',#6628,#600);
#172=LINE('',#6630,#601);
#173=LINE('',#6632,#602);
#174=LINE('',#6634,#603);
#175=LINE('',#6636,#604);
#176=LINE('',#6638,#605);
#177=LINE('',#6640,#606);
#178=LINE('',#6642,#607);
#179=LINE('',#6644,#608);
#180=LINE('',#6647,#609);
#181=LINE('',#6649,#610);
#182=LINE('',#6650,#611);
#183=LINE('',#6652,#612);
#184=LINE('',#6654,#613);
#185=LINE('',#6656,#614);
#186=LINE('',#6658,#615);
#187=LINE('',#6662,#616);
#188=LINE('',#6666,#617);
#189=LINE('',#6673,#618);
#190=LINE('',#6677,#619);
#191=LINE('',#6683,#620);
#192=LINE('',#6687,#621);
#193=LINE('',#6711,#622);
#194=LINE('',#6715,#623);
#195=LINE('',#6722,#624);
#196=LINE('',#6740,#625);
#197=LINE('',#6743,#626);
#198=LINE('',#6750,#627);
#199=LINE('',#6752,#628);
#200=LINE('',#6753,#629);
#201=LINE('',#6754,#630);
#202=LINE('',#6756,#631);
#203=LINE('',#6758,#632);
#204=LINE('',#6759,#633);
#205=LINE('',#6760,#634);
#206=LINE('',#6764,#635);
#207=LINE('',#6788,#636);
#208=LINE('',#6792,#637);
#209=LINE('',#6794,#638);
#210=LINE('',#6796,#639);
#211=LINE('',#6797,#640);
#212=LINE('',#6798,#641);
#213=LINE('',#6801,#642);
#214=LINE('',#6804,#643);
#215=LINE('',#6809,#644);
#216=LINE('',#6813,#645);
#217=LINE('',#6817,#646);
#218=LINE('',#6820,#647);
#219=LINE('',#6838,#648);
#220=LINE('',#6888,#649);
#221=LINE('',#6890,#650);
#222=LINE('',#6891,#651);
#223=LINE('',#6893,#652);
#224=LINE('',#6895,#653);
#225=LINE('',#6902,#654);
#226=LINE('',#6906,#655);
#227=LINE('',#6910,#656);
#228=LINE('',#6914,#657);
#229=LINE('',#6915,#658);
#230=LINE('',#6918,#659);
#231=LINE('',#6922,#660);
#232=LINE('',#6925,#661);
#233=LINE('',#6928,#662);
#234=LINE('',#6931,#663);
#235=LINE('',#6942,#664);
#236=LINE('',#6944,#665);
#237=LINE('',#6946,#666);
#238=LINE('',#6963,#667);
#239=LINE('',#6980,#668);
#240=LINE('',#6982,#669);
#241=LINE('',#6984,#670);
#242=LINE('',#6996,#671);
#243=LINE('',#6998,#672);
#244=LINE('',#7000,#673);
#245=LINE('',#7015,#674);
#246=LINE('',#7045,#675);
#247=LINE('',#7059,#676);
#248=LINE('',#7061,#677);
#249=LINE('',#7063,#678);
#250=LINE('',#7064,#679);
#251=LINE('',#7068,#680);
#252=LINE('',#7073,#681);
#253=LINE('',#7077,#682);
#254=LINE('',#7081,#683);
#255=LINE('',#7084,#684);
#256=LINE('',#7087,#685);
#257=LINE('',#7088,#686);
#258=LINE('',#7089,#687);
#259=LINE('',#7090,#688);
#260=LINE('',#7094,#689);
#261=LINE('',#7095,#690);
#262=LINE('',#7104,#691);
#263=LINE('',#7113,#692);
#264=LINE('',#7115,#693);
#265=LINE('',#7120,#694);
#266=LINE('',#7124,#695);
#267=LINE('',#7128,#696);
#268=LINE('',#7132,#697);
#269=LINE('',#7133,#698);
#270=LINE('',#7138,#699);
#271=LINE('',#7142,#700);
#272=LINE('',#7146,#701);
#273=LINE('',#7149,#702);
#274=LINE('',#7151,#703);
#275=LINE('',#7153,#704);
#276=LINE('',#7154,#705);
#277=LINE('',#7155,#706);
#278=LINE('',#7159,#707);
#279=LINE('',#7163,#708);
#280=LINE('',#7165,#709);
#281=LINE('',#7167,#710);
#282=LINE('',#7169,#711);
#283=LINE('',#7171,#712);
#284=LINE('',#7174,#713);
#285=LINE('',#7176,#714);
#286=LINE('',#7178,#715);
#287=LINE('',#7179,#716);
#288=LINE('',#7182,#717);
#289=LINE('',#7184,#718);
#290=LINE('',#7186,#719);
#291=LINE('',#7187,#720);
#292=LINE('',#7189,#721);
#293=LINE('',#7191,#722);
#294=LINE('',#7193,#723);
#295=LINE('',#7195,#724);
#296=LINE('',#7197,#725);
#297=LINE('',#7199,#726);
#298=LINE('',#7200,#727);
#299=LINE('',#7202,#728);
#300=LINE('',#7204,#729);
#301=LINE('',#7206,#730);
#302=LINE('',#7207,#731);
#303=LINE('',#7209,#732);
#304=LINE('',#7211,#733);
#305=LINE('',#7213,#734);
#306=LINE('',#7214,#735);
#307=LINE('',#7216,#736);
#308=LINE('',#7218,#737);
#309=LINE('',#7220,#738);
#310=LINE('',#7222,#739);
#311=LINE('',#7224,#740);
#312=LINE('',#7226,#741);
#313=LINE('',#7229,#742);
#314=LINE('',#7231,#743);
#315=LINE('',#7233,#744);
#316=LINE('',#7235,#745);
#317=LINE('',#7236,#746);
#318=LINE('',#7238,#747);
#319=LINE('',#7240,#748);
#320=LINE('',#7242,#749);
#321=LINE('',#7245,#750);
#322=LINE('',#7247,#751);
#323=LINE('',#7249,#752);
#324=LINE('',#7250,#753);
#325=LINE('',#7252,#754);
#326=LINE('',#7254,#755);
#327=LINE('',#7256,#756);
#328=LINE('',#7258,#757);
#329=LINE('',#7260,#758);
#330=LINE('',#7262,#759);
#331=LINE('',#7264,#760);
#332=LINE('',#7266,#761);
#333=LINE('',#7268,#762);
#334=LINE('',#7270,#763);
#335=LINE('',#7272,#764);
#336=LINE('',#7274,#765);
#337=LINE('',#7276,#766);
#338=LINE('',#7278,#767);
#339=LINE('',#7280,#768);
#340=LINE('',#7282,#769);
#341=LINE('',#7284,#770);
#342=LINE('',#7286,#771);
#343=LINE('',#7288,#772);
#344=LINE('',#7290,#773);
#345=LINE('',#7291,#774);
#346=LINE('',#7292,#775);
#347=LINE('',#7294,#776);
#348=LINE('',#7297,#777);
#349=LINE('',#7299,#778);
#350=LINE('',#7301,#779);
#351=LINE('',#7303,#780);
#352=LINE('',#7304,#781);
#353=LINE('',#7305,#782);
#354=LINE('',#7306,#783);
#355=LINE('',#7308,#784);
#356=LINE('',#7310,#785);
#357=LINE('',#7312,#786);
#358=LINE('',#7314,#787);
#359=LINE('',#7316,#788);
#360=LINE('',#7318,#789);
#361=LINE('',#7319,#790);
#362=LINE('',#7320,#791);
#363=LINE('',#7321,#792);
#364=LINE('',#7323,#793);
#365=LINE('',#7326,#794);
#366=LINE('',#7328,#795);
#367=LINE('',#7330,#796);
#368=LINE('',#7331,#797);
#369=LINE('',#7332,#798);
#370=LINE('',#7333,#799);
#371=LINE('',#7335,#800);
#372=LINE('',#7337,#801);
#373=LINE('',#7341,#802);
#374=LINE('',#7344,#803);
#375=LINE('',#7348,#804);
#376=LINE('',#7352,#805);
#377=LINE('',#7354,#806);
#378=LINE('',#7356,#807);
#379=LINE('',#7358,#808);
#380=LINE('',#7361,#809);
#381=LINE('',#7363,#810);
#382=LINE('',#7366,#811);
#383=LINE('',#7367,#812);
#384=LINE('',#7369,#813);
#385=LINE('',#7376,#814);
#386=LINE('',#7379,#815);
#387=LINE('',#7381,#816);
#388=LINE('',#7383,#817);
#389=LINE('',#7388,#818);
#390=LINE('',#7390,#819);
#391=LINE('',#7392,#820);
#392=LINE('',#7395,#821);
#393=LINE('',#7397,#822);
#394=LINE('',#7399,#823);
#395=LINE('',#7401,#824);
#396=LINE('',#7402,#825);
#397=LINE('',#7403,#826);
#398=LINE('',#7405,#827);
#399=LINE('',#7420,#828);
#400=LINE('',#7423,#829);
#401=LINE('',#7424,#830);
#402=LINE('',#7430,#831);
#403=LINE('',#7433,#832);
#404=LINE('',#7436,#833);
#405=LINE('',#7440,#834);
#406=LINE('',#7444,#835);
#407=LINE('',#7447,#836);
#408=LINE('',#7448,#837);
#409=LINE('',#7450,#838);
#410=LINE('',#7456,#839);
#411=LINE('',#7459,#840);
#412=LINE('',#7461,#841);
#413=LINE('',#7463,#842);
#414=LINE('',#7467,#843);
#415=LINE('',#7469,#844);
#416=LINE('',#7472,#845);
#417=LINE('',#7474,#846);
#418=LINE('',#7476,#847);
#419=LINE('',#7480,#848);
#420=LINE('',#7489,#849);
#421=LINE('',#7491,#850);
#422=LINE('',#7493,#851);
#423=LINE('',#7498,#852);
#424=LINE('',#7501,#853);
#425=LINE('',#7503,#854);
#426=LINE('',#7505,#855);
#427=LINE('',#7509,#856);
#428=LINE('',#7514,#857);
#429=LINE('',#7516,#858);
#430=LINE('',#7518,#859);
#431=LINE('',#7522,#860);
#432=LINE('',#7527,#861);
#433=LINE('',#7532,#862);
#434=LINE('',#7535,#863);
#435=LINE('',#7536,#864);
#436=LINE('',#7539,#865);
#437=LINE('',#7541,#866);
#438=LINE('',#7546,#867);
#439=LINE('',#7547,#868);
#440=LINE('',#7559,#869);
#441=LINE('',#7561,#870);
#442=LINE('',#7564,#871);
#443=LINE('',#7571,#872);
#444=LINE('',#7592,#873);
#445=LINE('',#7595,#874);
#446=LINE('',#7597,#875);
#447=LINE('',#7598,#876);
#448=LINE('',#7601,#877);
#449=LINE('',#7605,#878);
#450=LINE('',#7619,#879);
#451=LINE('',#7632,#880);
#452=LINE('',#7638,#881);
#453=LINE('',#7639,#882);
#454=LINE('',#7652,#883);
#455=LINE('',#7654,#884);
#456=LINE('',#7657,#885);
#457=LINE('',#7659,#886);
#458=LINE('',#7661,#887);
#459=LINE('',#7710,#888);
#460=LINE('',#7712,#889);
#461=LINE('',#7714,#890);
#462=LINE('',#7821,#891);
#463=LINE('',#7822,#892);
#464=LINE('',#7824,#893);
#465=LINE('',#7826,#894);
#466=LINE('',#7828,#895);
#467=LINE('',#7830,#896);
#468=LINE('',#7832,#897);
#469=LINE('',#7834,#898);
#470=LINE('',#7837,#899);
#471=LINE('',#7838,#900);
#472=LINE('',#7840,#901);
#473=LINE('',#7842,#902);
#474=LINE('',#7844,#903);
#475=LINE('',#7846,#904);
#476=LINE('',#7848,#905);
#477=LINE('',#7850,#906);
#478=LINE('',#7853,#907);
#479=LINE('',#7854,#908);
#480=LINE('',#7856,#909);
#481=LINE('',#7858,#910);
#482=LINE('',#7860,#911);
#483=LINE('',#7862,#912);
#484=LINE('',#7864,#913);
#485=LINE('',#7866,#914);
#486=VECTOR('',#4985,100.);
#487=VECTOR('',#4988,100.);
#488=VECTOR('',#4993,100.);
#489=VECTOR('',#4996,100.);
#490=VECTOR('',#5005,100.);
#491=VECTOR('',#5012,100.);
#492=VECTOR('',#5021,100.);
#493=VECTOR('',#5032,100.);
#494=VECTOR('',#5039,100.);
#495=VECTOR('',#5042,100.);
#496=VECTOR('',#5047,100.);
#497=VECTOR('',#5048,100.);
#498=VECTOR('',#5049,100.);
#499=VECTOR('',#5050,100.);
#500=VECTOR('',#5053,100.);
#501=VECTOR('',#5054,100.);
#502=VECTOR('',#5055,100.);
#503=VECTOR('',#5056,100.);
#504=VECTOR('',#5059,100.);
#505=VECTOR('',#5060,100.);
#506=VECTOR('',#5061,100.);
#507=VECTOR('',#5062,100.);
#508=VECTOR('',#5063,100.);
#509=VECTOR('',#5064,100.);
#510=VECTOR('',#5065,100.);
#511=VECTOR('',#5066,100.);
#512=VECTOR('',#5067,100.);
#513=VECTOR('',#5078,100.);
#514=VECTOR('',#5087,100.);
#515=VECTOR('',#5090,100.);
#516=VECTOR('',#5093,100.);
#517=VECTOR('',#5096,100.);
#518=VECTOR('',#5105,100.);
#519=VECTOR('',#5110,100.);
#520=VECTOR('',#5113,100.);
#521=VECTOR('',#5118,100.);
#522=VECTOR('',#5119,100.);
#523=VECTOR('',#5120,100.);
#524=VECTOR('',#5121,100.);
#525=VECTOR('',#5122,100.);
#526=VECTOR('',#5123,100.);
#527=VECTOR('',#5124,100.);
#528=VECTOR('',#5125,100.);
#529=VECTOR('',#5126,100.);
#530=VECTOR('',#5129,100.);
#531=VECTOR('',#5130,100.);
#532=VECTOR('',#5131,100.);
#533=VECTOR('',#5132,100.);
#534=VECTOR('',#5133,100.);
#535=VECTOR('',#5134,100.);
#536=VECTOR('',#5135,100.);
#537=VECTOR('',#5136,100.);
#538=VECTOR('',#5137,100.);
#539=VECTOR('',#5142,100.);
#540=VECTOR('',#5145,100.);
#541=VECTOR('',#5148,100.);
#542=VECTOR('',#5151,100.);
#543=VECTOR('',#5156,100.);
#544=VECTOR('',#5159,100.);
#545=VECTOR('',#5162,100.);
#546=VECTOR('',#5165,100.);
#547=VECTOR('',#5166,100.);
#548=VECTOR('',#5169,100.);
#549=VECTOR('',#5170,100.);
#550=VECTOR('',#5171,100.);
#551=VECTOR('',#5174,100.);
#552=VECTOR('',#5177,100.);
#553=VECTOR('',#5178,100.);
#554=VECTOR('',#5183,100.);
#555=VECTOR('',#5184,100.);
#556=VECTOR('',#5185,100.);
#557=VECTOR('',#5186,100.);
#558=VECTOR('',#5187,100.);
#559=VECTOR('',#5190,100.);
#560=VECTOR('',#5193,100.);
#561=VECTOR('',#5194,100.);
#562=VECTOR('',#5197,100.);
#563=VECTOR('',#5198,100.);
#564=VECTOR('',#5199,100.);
#565=VECTOR('',#5200,100.);
#566=VECTOR('',#5203,100.);
#567=VECTOR('',#5204,100.);
#568=VECTOR('',#5205,100.);
#569=VECTOR('',#5206,100.);
#570=VECTOR('',#5209,100.);
#571=VECTOR('',#5210,100.);
#572=VECTOR('',#5211,100.);
#573=VECTOR('',#5212,100.);
#574=VECTOR('',#5215,100.);
#575=VECTOR('',#5216,100.);
#576=VECTOR('',#5217,100.);
#577=VECTOR('',#5218,100.);
#578=VECTOR('',#5221,100.);
#579=VECTOR('',#5222,100.);
#580=VECTOR('',#5223,100.);
#581=VECTOR('',#5224,100.);
#582=VECTOR('',#5227,100.);
#583=VECTOR('',#5228,100.);
#584=VECTOR('',#5229,100.);
#585=VECTOR('',#5230,100.);
#586=VECTOR('',#5231,100.);
#587=VECTOR('',#5232,100.);
#588=VECTOR('',#5235,100.);
#589=VECTOR('',#5236,100.);
#590=VECTOR('',#5239,100.);
#591=VECTOR('',#5240,100.);
#592=VECTOR('',#5241,100.);
#593=VECTOR('',#5244,100.);
#594=VECTOR('',#5247,100.);
#595=VECTOR('',#5250,100.);
#596=VECTOR('',#5253,100.);
#597=VECTOR('',#5256,100.);
#598=VECTOR('',#5261,100.);
#599=VECTOR('',#5262,100.);
#600=VECTOR('',#5263,100.);
#601=VECTOR('',#5266,100.);
#602=VECTOR('',#5267,100.);
#603=VECTOR('',#5268,100.);
#604=VECTOR('',#5269,100.);
#605=VECTOR('',#5270,100.);
#606=VECTOR('',#5271,100.);
#607=VECTOR('',#5272,100.);
#608=VECTOR('',#5275,100.);
#609=VECTOR('',#5276,100.);
#610=VECTOR('',#5277,100.);
#611=VECTOR('',#5278,100.);
#612=VECTOR('',#5279,100.);
#613=VECTOR('',#5280,100.);
#614=VECTOR('',#5281,100.);
#615=VECTOR('',#5284,100.);
#616=VECTOR('',#5287,100.);
#617=VECTOR('',#5290,100.);
#618=VECTOR('',#5297,100.);
#619=VECTOR('',#5300,100.);
#620=VECTOR('',#5305,100.);
#621=VECTOR('',#5308,100.);
#622=VECTOR('',#5313,100.);
#623=VECTOR('',#5316,100.);
#624=VECTOR('',#5323,100.);
#625=VECTOR('',#5332,100.);
#626=VECTOR('',#5335,100.);
#627=VECTOR('',#5342,100.);
#628=VECTOR('',#5343,100.);
#629=VECTOR('',#5344,100.);
#630=VECTOR('',#5345,100.);
#631=VECTOR('',#5346,100.);
#632=VECTOR('',#5347,100.);
#633=VECTOR('',#5348,100.);
#634=VECTOR('',#5349,100.);
#635=VECTOR('',#5352,100.);
#636=VECTOR('',#5357,100.);
#637=VECTOR('',#5360,100.);
#638=VECTOR('',#5361,100.);
#639=VECTOR('',#5362,100.);
#640=VECTOR('',#5363,100.);
#641=VECTOR('',#5364,100.);
#642=VECTOR('',#5367,100.);
#643=VECTOR('',#5370,100.);
#644=VECTOR('',#5375,100.);
#645=VECTOR('',#5378,100.);
#646=VECTOR('',#5381,100.);
#647=VECTOR('',#5384,100.);
#648=VECTOR('',#5393,100.);
#649=VECTOR('',#5400,100.);
#650=VECTOR('',#5403,100.);
#651=VECTOR('',#5404,100.);
#652=VECTOR('',#5407,100.);
#653=VECTOR('',#5410,100.);
#654=VECTOR('',#5417,100.);
#655=VECTOR('',#5420,100.);
#656=VECTOR('',#5423,100.);
#657=VECTOR('',#5426,100.);
#658=VECTOR('',#5427,100.);
#659=VECTOR('',#5430,100.);
#660=VECTOR('',#5433,100.);
#661=VECTOR('',#5436,100.);
#662=VECTOR('',#5439,100.);
#663=VECTOR('',#5444,100.);
#664=VECTOR('',#5445,100.);
#665=VECTOR('',#5448,100.);
#666=VECTOR('',#5451,100.);
#667=VECTOR('',#5452,100.);
#668=VECTOR('',#5453,100.);
#669=VECTOR('',#5456,100.);
#670=VECTOR('',#5459,100.);
#671=VECTOR('',#5462,100.);
#672=VECTOR('',#5465,100.);
#673=VECTOR('',#5468,100.);
#674=VECTOR('',#5473,100.);
#675=VECTOR('',#5476,100.);
#676=VECTOR('',#5479,100.);
#677=VECTOR('',#5480,100.);
#678=VECTOR('',#5483,100.);
#679=VECTOR('',#5484,100.);
#680=VECTOR('',#5489,100.);
#681=VECTOR('',#5492,100.);
#682=VECTOR('',#5495,100.);
#683=VECTOR('',#5498,100.);
#684=VECTOR('',#5501,100.);
#685=VECTOR('',#5502,100.);
#686=VECTOR('',#5503,100.);
#687=VECTOR('',#5504,100.);
#688=VECTOR('',#5505,100.);
#689=VECTOR('',#5512,100.);
#690=VECTOR('',#5513,100.);
#691=VECTOR('',#5514,100.);
#692=VECTOR('',#5515,100.);
#693=VECTOR('',#5518,100.);
#694=VECTOR('',#5523,100.);
#695=VECTOR('',#5526,100.);
#696=VECTOR('',#5529,100.);
#697=VECTOR('',#5532,100.);
#698=VECTOR('',#5533,100.);
#699=VECTOR('',#5536,100.);
#700=VECTOR('',#5539,100.);
#701=VECTOR('',#5542,100.);
#702=VECTOR('',#5545,100.);
#703=VECTOR('',#5546,100.);
#704=VECTOR('',#5547,100.);
#705=VECTOR('',#5548,100.);
#706=VECTOR('',#5549,100.);
#707=VECTOR('',#5556,100.);
#708=VECTOR('',#5561,100.);
#709=VECTOR('',#5564,100.);
#710=VECTOR('',#5565,100.);
#711=VECTOR('',#5566,100.);
#712=VECTOR('',#5569,100.);
#713=VECTOR('',#5570,100.);
#714=VECTOR('',#5571,100.);
#715=VECTOR('',#5572,100.);
#716=VECTOR('',#5573,100.);
#717=VECTOR('',#5574,100.);
#718=VECTOR('',#5575,100.);
#719=VECTOR('',#5576,100.);
#720=VECTOR('',#5577,100.);
#721=VECTOR('',#5578,100.);
#722=VECTOR('',#5579,100.);
#723=VECTOR('',#5580,100.);
#724=VECTOR('',#5581,100.);
#725=VECTOR('',#5582,100.);
#726=VECTOR('',#5583,100.);
#727=VECTOR('',#5584,100.);
#728=VECTOR('',#5585,100.);
#729=VECTOR('',#5586,100.);
#730=VECTOR('',#5587,100.);
#731=VECTOR('',#5588,100.);
#732=VECTOR('',#5589,100.);
#733=VECTOR('',#5590,100.);
#734=VECTOR('',#5591,100.);
#735=VECTOR('',#5592,100.);
#736=VECTOR('',#5593,100.);
#737=VECTOR('',#5594,100.);
#738=VECTOR('',#5595,100.);
#739=VECTOR('',#5596,100.);
#740=VECTOR('',#5597,100.);
#741=VECTOR('',#5598,100.);
#742=VECTOR('',#5601,100.);
#743=VECTOR('',#5602,100.);
#744=VECTOR('',#5603,100.);
#745=VECTOR('',#5604,100.);
#746=VECTOR('',#5605,100.);
#747=VECTOR('',#5606,100.);
#748=VECTOR('',#5607,100.);
#749=VECTOR('',#5610,100.);
#750=VECTOR('',#5611,100.);
#751=VECTOR('',#5612,100.);
#752=VECTOR('',#5613,100.);
#753=VECTOR('',#5614,100.);
#754=VECTOR('',#5615,100.);
#755=VECTOR('',#5618,100.);
#756=VECTOR('',#5619,100.);
#757=VECTOR('',#5620,100.);
#758=VECTOR('',#5623,100.);
#759=VECTOR('',#5624,100.);
#760=VECTOR('',#5627,100.);
#761=VECTOR('',#5628,100.);
#762=VECTOR('',#5631,100.);
#763=VECTOR('',#5632,100.);
#764=VECTOR('',#5633,100.);
#765=VECTOR('',#5636,100.);
#766=VECTOR('',#5637,100.);
#767=VECTOR('',#5640,100.);
#768=VECTOR('',#5641,100.);
#769=VECTOR('',#5644,100.);
#770=VECTOR('',#5647,100.);
#771=VECTOR('',#5650,100.);
#772=VECTOR('',#5651,100.);
#773=VECTOR('',#5652,100.);
#774=VECTOR('',#5653,100.);
#775=VECTOR('',#5654,100.);
#776=VECTOR('',#5657,100.);
#777=VECTOR('',#5662,100.);
#778=VECTOR('',#5665,100.);
#779=VECTOR('',#5668,100.);
#780=VECTOR('',#5671,100.);
#781=VECTOR('',#5672,100.);
#782=VECTOR('',#5673,100.);
#783=VECTOR('',#5674,100.);
#784=VECTOR('',#5675,100.);
#785=VECTOR('',#5676,100.);
#786=VECTOR('',#5679,100.);
#787=VECTOR('',#5682,100.);
#788=VECTOR('',#5683,100.);
#789=VECTOR('',#5684,100.);
#790=VECTOR('',#5685,100.);
#791=VECTOR('',#5686,100.);
#792=VECTOR('',#5687,100.);
#793=VECTOR('',#5690,100.);
#794=VECTOR('',#5695,100.);
#795=VECTOR('',#5698,100.);
#796=VECTOR('',#5701,100.);
#797=VECTOR('',#5702,100.);
#798=VECTOR('',#5703,100.);
#799=VECTOR('',#5704,100.);
#800=VECTOR('',#5705,100.);
#801=VECTOR('',#5706,100.);
#802=VECTOR('',#5713,100.);
#803=VECTOR('',#5718,100.);
#804=VECTOR('',#5725,100.);
#805=VECTOR('',#5732,100.);
#806=VECTOR('',#5735,100.);
#807=VECTOR('',#5738,100.);
#808=VECTOR('',#5741,100.);
#809=VECTOR('',#5746,100.);
#810=VECTOR('',#5749,100.);
#811=VECTOR('',#5754,100.);
#812=VECTOR('',#5755,100.);
#813=VECTOR('',#5758,100.);
#814=VECTOR('',#5767,100.);
#815=VECTOR('',#5768,100.);
#816=VECTOR('',#5769,100.);
#817=VECTOR('',#5770,100.);
#818=VECTOR('',#5777,100.);
#819=VECTOR('',#5778,100.);
#820=VECTOR('',#5781,100.);
#821=VECTOR('',#5782,100.);
#822=VECTOR('',#5783,100.);
#823=VECTOR('',#5784,100.);
#824=VECTOR('',#5785,100.);
#825=VECTOR('',#5786,100.);
#826=VECTOR('',#5787,100.);
#827=VECTOR('',#5790,100.);
#828=VECTOR('',#5797,100.);
#829=VECTOR('',#5798,100.);
#830=VECTOR('',#5799,100.);
#831=VECTOR('',#5810,100.);
#832=VECTOR('',#5815,100.);
#833=VECTOR('',#5816,100.);
#834=VECTOR('',#5819,100.);
#835=VECTOR('',#5822,100.);
#836=VECTOR('',#5827,100.);
#837=VECTOR('',#5828,100.);
#838=VECTOR('',#5831,100.);
#839=VECTOR('',#5838,100.);
#840=VECTOR('',#5839,100.);
#841=VECTOR('',#5840,100.);
#842=VECTOR('',#5841,100.);
#843=VECTOR('',#5846,100.);
#844=VECTOR('',#5847,100.);
#845=VECTOR('',#5852,100.);
#846=VECTOR('',#5853,100.);
#847=VECTOR('',#5854,100.);
#848=VECTOR('',#5859,100.);
#849=VECTOR('',#5864,100.);
#850=VECTOR('',#5865,100.);
#851=VECTOR('',#5866,100.);
#852=VECTOR('',#5875,100.);
#853=VECTOR('',#5876,100.);
#854=VECTOR('',#5877,100.);
#855=VECTOR('',#5878,100.);
#856=VECTOR('',#5885,100.);
#857=VECTOR('',#5890,100.);
#858=VECTOR('',#5891,100.);
#859=VECTOR('',#5892,100.);
#860=VECTOR('',#5895,100.);
#861=VECTOR('',#5902,100.);
#862=VECTOR('',#5909,100.);
#863=VECTOR('',#5914,100.);
#864=VECTOR('',#5915,100.);
#865=VECTOR('',#5920,100.);
#866=VECTOR('',#5923,100.);
#867=VECTOR('',#5932,100.);
#868=VECTOR('',#5933,100.);
#869=VECTOR('',#5936,100.);
#870=VECTOR('',#5939,100.);
#871=VECTOR('',#5944,100.);
#872=VECTOR('',#5947,100.);
#873=VECTOR('',#5954,100.);
#874=VECTOR('',#5959,100.);
#875=VECTOR('',#5962,100.);
#876=VECTOR('',#5963,100.);
#877=VECTOR('',#5968,100.);
#878=VECTOR('',#5973,100.);
#879=VECTOR('',#5984,100.);
#880=VECTOR('',#5987,100.);
#881=VECTOR('',#5990,100.);
#882=VECTOR('',#5991,100.);
#883=VECTOR('',#5996,100.);
#884=VECTOR('',#5999,100.);
#885=VECTOR('',#6004,100.);
#886=VECTOR('',#6007,100.);
#887=VECTOR('',#6010,100.);
#888=VECTOR('',#6023,100.);
#889=VECTOR('',#6026,100.);
#890=VECTOR('',#6029,100.);
#891=VECTOR('',#6132,100.);
#892=VECTOR('',#6133,100.);
#893=VECTOR('',#6136,100.);
#894=VECTOR('',#6139,100.);
#895=VECTOR('',#6142,100.);
#896=VECTOR('',#6145,100.);
#897=VECTOR('',#6148,100.);
#898=VECTOR('',#6151,100.);
#899=VECTOR('',#6156,100.);
#900=VECTOR('',#6157,100.);
#901=VECTOR('',#6160,100.);
#902=VECTOR('',#6163,100.);
#903=VECTOR('',#6166,100.);
#904=VECTOR('',#6169,100.);
#905=VECTOR('',#6172,100.);
#906=VECTOR('',#6175,100.);
#907=VECTOR('',#6180,100.);
#908=VECTOR('',#6181,100.);
#909=VECTOR('',#6184,100.);
#910=VECTOR('',#6187,100.);
#911=VECTOR('',#6190,100.);
#912=VECTOR('',#6193,100.);
#913=VECTOR('',#6196,100.);
#914=VECTOR('',#6199,100.);
#915=PLANE('',#4554);
#916=PLANE('',#4557);
#917=PLANE('',#4577);
#918=PLANE('',#4580);
#919=PLANE('',#4581);
#920=PLANE('',#4582);
#921=PLANE('',#4600);
#922=PLANE('',#4603);
#923=PLANE('',#4604);
#924=PLANE('',#4605);
#925=PLANE('',#4619);
#926=PLANE('',#4622);
#927=PLANE('',#4623);
#928=PLANE('',#4625);
#929=PLANE('',#4626);
#930=PLANE('',#4627);
#931=PLANE('',#4629);
#932=PLANE('',#4636);
#933=PLANE('',#4637);
#934=PLANE('',#4638);
#935=PLANE('',#4643);
#936=PLANE('',#4660);
#937=PLANE('',#4682);
#938=PLANE('',#4684);
#939=PLANE('',#4696);
#940=PLANE('',#4699);
#941=PLANE('',#4703);
#942=PLANE('',#4706);
#943=PLANE('',#4708);
#944=PLANE('',#4718);
#945=PLANE('',#4729);
#946=PLANE('',#4732);
#947=PLANE('',#4733);
#948=PLANE('',#4735);
#949=PLANE('',#4736);
#950=PLANE('',#4737);
#951=PLANE('',#4738);
#952=PLANE('',#4739);
#953=PLANE('',#4740);
#954=PLANE('',#4741);
#955=PLANE('',#4742);
#956=PLANE('',#4743);
#957=PLANE('',#4744);
#958=PLANE('',#4745);
#959=PLANE('',#4746);
#960=PLANE('',#4748);
#961=PLANE('',#4749);
#962=PLANE('',#4750);
#963=PLANE('',#4751);
#964=PLANE('',#4752);
#965=PLANE('',#4753);
#966=PLANE('',#4754);
#967=PLANE('',#4755);
#968=PLANE('',#4756);
#969=PLANE('',#4757);
#970=PLANE('',#4758);
#971=PLANE('',#4759);
#972=PLANE('',#4760);
#973=PLANE('',#4761);
#974=PLANE('',#4762);
#975=PLANE('',#4763);
#976=PLANE('',#4764);
#977=PLANE('',#4765);
#978=PLANE('',#4766);
#979=PLANE('',#4767);
#980=PLANE('',#4768);
#981=PLANE('',#4769);
#982=PLANE('',#4770);
#983=PLANE('',#4771);
#984=PLANE('',#4772);
#985=PLANE('',#4773);
#986=PLANE('',#4774);
#987=PLANE('',#4775);
#988=PLANE('',#4776);
#989=PLANE('',#4777);
#990=PLANE('',#4779);
#991=PLANE('',#4781);
#992=PLANE('',#4785);
#993=PLANE('',#4789);
#994=PLANE('',#4796);
#995=PLANE('',#4799);
#996=PLANE('',#4800);
#997=PLANE('',#4801);
#998=PLANE('',#4803);
#999=PLANE('',#4804);
#1000=PLANE('',#4808);
#1001=PLANE('',#4812);
#1002=PLANE('',#4816);
#1003=PLANE('',#4820);
#1004=PLANE('',#4823);
#1005=PLANE('',#4824);
#1006=PLANE('',#4827);
#1007=PLANE('',#4830);
#1008=PLANE('',#4831);
#1009=PLANE('',#4832);
#1010=PLANE('',#4833);
#1011=PLANE('',#4834);
#1012=PLANE('',#4837);
#1013=PLANE('',#4838);
#1014=PLANE('',#4839);
#1015=PLANE('',#4840);
#1016=PLANE('',#4841);
#1017=PLANE('',#4842);
#1018=PLANE('',#4843);
#1019=PLANE('',#4844);
#1020=PLANE('',#4847);
#1021=PLANE('',#4848);
#1022=PLANE('',#4849);
#1023=PLANE('',#4850);
#1024=PLANE('',#4851);
#1025=PLANE('',#4854);
#1026=PLANE('',#4857);
#1027=PLANE('',#4858);
#1028=PLANE('',#4859);
#1029=PLANE('',#4860);
#1030=PLANE('',#4861);
#1031=PLANE('',#4862);
#1032=PLANE('',#4863);
#1033=PLANE('',#4864);
#1034=PLANE('',#4866);
#1035=PLANE('',#4868);
#1036=PLANE('',#4870);
#1037=PLANE('',#4872);
#1038=PLANE('',#4874);
#1039=PLANE('',#4876);
#1040=PLANE('',#4878);
#1041=PLANE('',#4926);
#1042=PLANE('',#4928);
#1043=PLANE('',#4930);
#1044=PLANE('',#4932);
#1045=PLANE('',#4933);
#1046=PLANE('',#4935);
#1047=PLANE('',#4937);
#1048=PLANE('',#4939);
#1049=PLANE('',#4941);
#1050=PLANE('',#4943);
#1051=PLANE('',#4945);
#1052=PLANE('',#4947);
#1053=PLANE('',#4955);
#1054=PLANE('',#4959);
#1055=PLANE('',#4960);
#1056=B_SPLINE_CURVE_WITH_KNOTS('',3,(#6238,#6239,#6240,#6241),
 .UNSPECIFIED.,.F.,.F.,(4,4),(0.,0.000373070749161045),.UNSPECIFIED.);
#1057=B_SPLINE_CURVE_WITH_KNOTS('',3,(#6249,#6250,#6251,#6252),
 .UNSPECIFIED.,.F.,.F.,(4,4),(0.,0.000373070749160687),.UNSPECIFIED.);
#1058=B_SPLINE_CURVE_WITH_KNOTS('',3,(#6491,#6492,#6493,#6494),
 .UNSPECIFIED.,.F.,.F.,(4,4),(-0.000678475216538382,1.),.UNSPECIFIED.);
#1059=B_SPLINE_CURVE_WITH_KNOTS('',3,(#6691,#6692,#6693,#6694,#6695,#6696,
#6697,#6698),.UNSPECIFIED.,.F.,.F.,(4,1,1,1,1,4),(0.,0.004450813237941,
0.008901626475882,0.013352439713823,0.0155778463327935,0.017803252951764),
 .UNSPECIFIED.);
#1060=B_SPLINE_CURVE_WITH_KNOTS('',3,(#6700,#6701,#6702,#6703,#6704,#6705,
#6706,#6707),.UNSPECIFIED.,.F.,.F.,(4,1,1,1,1,4),(0.,0.00221930414227371,
0.00443860828454742,0.00887721656909484,0.0133158248536423,0.0177544331381897),
 .UNSPECIFIED.);
#1061=B_SPLINE_CURVE_WITH_KNOTS('',3,(#6727,#6728,#6729,#6730),
 .UNSPECIFIED.,.F.,.F.,(4,4),(0.5,0.826351822333318),
 .PIECEWISE_BEZIER_KNOTS.);
#1062=B_SPLINE_CURVE_WITH_KNOTS('',3,(#6732,#6733,#6734,#6735),
 .UNSPECIFIED.,.F.,.F.,(4,4),(0.173648177666931,0.5),
 .PIECEWISE_BEZIER_KNOTS.);
#1063=B_SPLINE_CURVE_WITH_KNOTS('',3,(#6768,#6769,#6770,#6771,#6772,#6773,
#6774,#6775),.UNSPECIFIED.,.F.,.F.,(4,1,1,1,1,4),(0.,0.00221930414227371,
0.00443860828454743,0.00887721656909485,0.0133158248536423,0.0177544331381897),
 .UNSPECIFIED.);
#1064=B_SPLINE_CURVE_WITH_KNOTS('',3,(#6777,#6778,#6779,#6780,#6781,#6782,
#6783,#6784),.UNSPECIFIED.,.F.,.F.,(4,1,1,1,1,4),(0.,0.004450813237941,
0.00890162647588201,0.013352439713823,0.0155778463327935,0.017803252951764),
 .UNSPECIFIED.);
#1065=B_SPLINE_CURVE_WITH_KNOTS('',3,(#6825,#6826,#6827,#6828),
 .UNSPECIFIED.,.F.,.F.,(4,4),(0.173648177666931,0.5),
 .PIECEWISE_BEZIER_KNOTS.);
#1066=B_SPLINE_CURVE_WITH_KNOTS('',3,(#6830,#6831,#6832,#6833),
 .UNSPECIFIED.,.F.,.F.,(4,4),(0.5,0.826351822333318),
 .PIECEWISE_BEZIER_KNOTS.);
#1067=B_SPLINE_CURVE_WITH_KNOTS('',3,(#6842,#6843,#6844,#6845,#6846,#6847,
#6848,#6849,#6850,#6851,#6852,#6853),.UNSPECIFIED.,.F.,.F.,(4,1,1,1,1,1,
1,1,1,4),(0.,0.000691705342352151,0.0013834106847043,0.00207511602705645,
0.0027668213694086,0.00415023205411291,0.00553364273881721,0.00691705342352151,
0.00830046410822581,0.0110672854776344),.UNSPECIFIED.);
#1068=B_SPLINE_CURVE_WITH_KNOTS('',3,(#6854,#6855,#6856,#6857,#6858,#6859,
#6860,#6861,#6862,#6863),.UNSPECIFIED.,.F.,.F.,(4,1,1,1,1,1,1,4),(0.,0.00249901049828604,
0.00499802099657208,0.0062475262457151,0.00749703149485812,0.00874653674400114,
0.00937128936857265,0.00999604199314416),.UNSPECIFIED.);
#1069=B_SPLINE_CURVE_WITH_KNOTS('',3,(#6865,#6866,#6867,#6868,#6869,#6870,
#6871,#6872,#6873,#6874,#6875),.UNSPECIFIED.,.F.,.F.,(4,1,1,1,1,1,1,1,4),
(0.,0.000691094418864638,0.00138218883772928,0.00207328325659391,0.00276437767545855,
0.00414656651318783,0.0055287553509171,0.00829313302637565,0.0110575107018342),
 .UNSPECIFIED.);
#1070=B_SPLINE_CURVE_WITH_KNOTS('',3,(#6877,#6878,#6879,#6880,#6881,#6882,
#6883,#6884,#6885,#6886),.UNSPECIFIED.,.F.,.F.,(4,1,1,1,1,1,1,4),(0.,0.00249524500406535,
0.00499049000813069,0.00623811251016336,0.00748573501219604,0.00873335751422871,
0.00935716876524505,0.00998098001626138),.UNSPECIFIED.);
#1071=B_SPLINE_CURVE_WITH_KNOTS('',3,(#6933,#6934,#6935,#6936),
 .UNSPECIFIED.,.F.,.F.,(4,4),(0.,1.),.UNSPECIFIED.);
#1072=B_SPLINE_CURVE_WITH_KNOTS('',3,(#6938,#6939,#6940,#6941),
 .UNSPECIFIED.,.F.,.F.,(4,4),(0.,0.00327422393835774),
 .PIECEWISE_BEZIER_KNOTS.);
#1073=B_SPLINE_CURVE_WITH_KNOTS('',3,(#6986,#6987,#6988,#6989),
 .UNSPECIFIED.,.F.,.F.,(4,4),(0.,0.00327422393835764),
 .PIECEWISE_BEZIER_KNOTS.);
#1074=B_SPLINE_CURVE_WITH_KNOTS('',3,(#6991,#6992,#6993,#6994),
 .UNSPECIFIED.,.F.,.F.,(4,4),(0.,1.),.UNSPECIFIED.);
#1075=B_SPLINE_CURVE_WITH_KNOTS('',3,(#7003,#7004,#7005,#7006,#7007,#7008,
#7009,#7010,#7011,#7012,#7013),.UNSPECIFIED.,.F.,.F.,(4,1,1,1,1,1,1,1,4),
(0.0215481669545794,0.0241088162676893,0.0266694655807993,0.0279497902373543,
0.0292301148939093,0.0298702772221868,0.0305104395504643,0.0311506018787418,
0.0317907642070193),.UNSPECIFIED.);
#1076=B_SPLINE_CURVE_WITH_KNOTS('',3,(#7017,#7018,#7019,#7020,#7021,#7022,
#7023,#7024,#7025,#7026,#7027,#7028,#7029),.UNSPECIFIED.,.F.,.F.,(4,1,1,
1,1,1,1,1,1,1,4),(0.,0.000361291500987479,0.000722583001974957,0.00144516600394991,
0.00216774900592487,0.00289033200789983,0.00433549801184975,0.00578066401579966,
0.00722583001974958,0.00867099602369949,0.0115613280315993),
 .UNSPECIFIED.);
#1077=B_SPLINE_CURVE_WITH_KNOTS('',3,(#7031,#7032,#7033,#7034,#7035,#7036,
#7037,#7038,#7039,#7040,#7041,#7042,#7043),.UNSPECIFIED.,.F.,.F.,(4,1,1,
1,1,1,1,1,1,1,4),(0.,0.000361918694199979,0.000723837388399959,0.00144767477679992,
0.00217151216519988,0.00289534955359983,0.00434302433039975,0.00579069910719967,
0.00723837388399959,0.00868604866079951,0.0115813982143993),
 .UNSPECIFIED.);
#1078=B_SPLINE_CURVE_WITH_KNOTS('',3,(#7047,#7048,#7049,#7050,#7051,#7052,
#7053,#7054,#7055,#7056,#7057),.UNSPECIFIED.,.F.,.F.,(4,1,1,1,1,1,1,1,4),
(0.0215486912747688,0.0241098623176783,0.0266710333605879,0.0279516188820426,
0.0292322044034974,0.0298724971642248,0.0305127899249522,0.0311530826856796,
0.0317933754464069),.UNSPECIFIED.);
#1079=B_SPLINE_CURVE_WITH_KNOTS('',3,(#7409,#7410,#7411,#7412,#7413,#7414,
#7415,#7416),.UNSPECIFIED.,.F.,.F.,(4,1,1,1,1,4),(0.,0.25,0.375,0.5,0.75,
1.),.UNSPECIFIED.);
#1080=B_SPLINE_CURVE_WITH_KNOTS('',3,(#7484,#7485,#7486,#7487),
 .UNSPECIFIED.,.F.,.F.,(4,4),(0.,1.),.UNSPECIFIED.);
#1081=B_SPLINE_CURVE_WITH_KNOTS('',3,(#7549,#7550,#7551,#7552,#7553),
 .UNSPECIFIED.,.F.,.F.,(4,1,4),(0.,0.00188313766158185,0.00376627532316371),
 .UNSPECIFIED.);
#1082=B_SPLINE_CURVE_WITH_KNOTS('',3,(#7554,#7555,#7556,#7557,#7558),
 .UNSPECIFIED.,.F.,.F.,(4,1,4),(0.,0.00188720297297701,0.00377440594595401),
 .UNSPECIFIED.);
#1083=B_SPLINE_CURVE_WITH_KNOTS('',3,(#7566,#7567,#7568,#7569),
 .UNSPECIFIED.,.F.,.F.,(4,4),(0.,0.000678442951551871),.UNSPECIFIED.);
#1084=B_SPLINE_CURVE_WITH_KNOTS('',3,(#7573,#7574,#7575,#7576),
 .UNSPECIFIED.,.F.,.F.,(4,4),(0.,0.000678442951551858),.UNSPECIFIED.);
#1085=B_SPLINE_CURVE_WITH_KNOTS('',3,(#7578,#7579,#7580,#7581,#7582,#7583),
 .UNSPECIFIED.,.F.,.F.,(4,1,1,4),(0.,0.00158425759673955,0.00237638639510933,
0.00316851519347911),.UNSPECIFIED.);
#1086=B_SPLINE_CURVE_WITH_KNOTS('',3,(#7584,#7585,#7586,#7587,#7588,#7589),
 .UNSPECIFIED.,.F.,.F.,(4,1,1,4),(0.,0.00079787686550342,0.00159575373100684,
0.00319150746201368),.UNSPECIFIED.);
#1087=B_SPLINE_CURVE_WITH_KNOTS('',3,(#7612,#7613,#7614,#7615,#7616,#7617),
 .UNSPECIFIED.,.F.,.F.,(4,1,1,4),(0.,0.000797876865503425,0.00159575373100685,
0.0031915074620137),.UNSPECIFIED.);
#1088=B_SPLINE_CURVE_WITH_KNOTS('',3,(#7621,#7622,#7623,#7624,#7625,#7626),
 .UNSPECIFIED.,.F.,.F.,(4,1,1,4),(0.,0.00158425759673962,0.00237638639510942,
0.00316851519347923),.UNSPECIFIED.);
#1089=B_SPLINE_CURVE_WITH_KNOTS('',3,(#7628,#7629,#7630,#7631),
 .UNSPECIFIED.,.F.,.F.,(4,4),(0.,0.000678442951551761),.UNSPECIFIED.);
#1090=B_SPLINE_CURVE_WITH_KNOTS('',3,(#7633,#7634,#7635,#7636),
 .UNSPECIFIED.,.F.,.F.,(4,4),(0.,0.000678442951551753),.UNSPECIFIED.);
#1091=B_SPLINE_CURVE_WITH_KNOTS('',3,(#7641,#7642,#7643,#7644,#7645),
 .UNSPECIFIED.,.F.,.F.,(4,1,4),(0.,0.00188720297297692,0.00377440594595385),
 .UNSPECIFIED.);
#1092=B_SPLINE_CURVE_WITH_KNOTS('',3,(#7646,#7647,#7648,#7649,#7650),
 .UNSPECIFIED.,.F.,.F.,(4,1,4),(0.,0.00188313766158188,0.00376627532316377),
 .UNSPECIFIED.);
#1093=B_SPLINE_CURVE_WITH_KNOTS('',3,(#7663,#7664,#7665,#7666,#7667,#7668,
#7669,#7670,#7671),.UNSPECIFIED.,.F.,.F.,(4,1,1,1,1,1,4),(0.,0.25,0.375,
0.5,0.625,0.75,1.),.UNSPECIFIED.);
#1094=B_SPLINE_CURVE_WITH_KNOTS('',3,(#7673,#7674,#7675,#7676),
 .UNSPECIFIED.,.F.,.F.,(4,4),(0.,1.),.UNSPECIFIED.);
#1095=B_SPLINE_CURVE_WITH_KNOTS('',3,(#7699,#7700,#7701,#7702),
 .UNSPECIFIED.,.F.,.F.,(4,4),(0.,0.00176970951664626),.UNSPECIFIED.);
#1096=B_SPLINE_CURVE_WITH_KNOTS('',3,(#7704,#7705,#7706,#7707),
 .UNSPECIFIED.,.F.,.F.,(4,4),(0.,0.00176970951664719),.UNSPECIFIED.);
#1097=B_SPLINE_CURVE_WITH_KNOTS('',3,(#7716,#7717,#7718,#7719,#7720,#7721,
#7722,#7723,#7724),.UNSPECIFIED.,.F.,.F.,(4,1,1,1,1,1,4),(0.,0.25,0.375,
0.5,0.625,0.75,1.),.UNSPECIFIED.);
#1098=B_SPLINE_CURVE_WITH_KNOTS('',3,(#7726,#7727,#7728,#7729),
 .UNSPECIFIED.,.F.,.F.,(4,4),(0.,1.),.UNSPECIFIED.);
#1099=B_SPLINE_CURVE_WITH_KNOTS('',3,(#7745,#7746,#7747,#7748),
 .UNSPECIFIED.,.F.,.F.,(4,4),(9.33223189195333E-16,0.00176970951664718),
 .UNSPECIFIED.);
#1100=B_SPLINE_CURVE_WITH_KNOTS('',3,(#7750,#7751,#7752,#7753),
 .UNSPECIFIED.,.F.,.F.,(4,4),(9.13618102873092E-16,0.00176970951664626),
 .UNSPECIFIED.);
#1101=B_SPLINE_CURVE_WITH_KNOTS('',3,(#7774,#7775,#7776,#7777,#7778),
 .UNSPECIFIED.,.F.,.F.,(4,1,4),(0.,0.000977659578946474,0.00195531915789295),
 .UNSPECIFIED.);
#1102=B_SPLINE_CURVE_WITH_KNOTS('',3,(#7780,#7781,#7782,#7783,#7784),
 .UNSPECIFIED.,.F.,.F.,(4,1,4),(0.,0.000977659578946474,0.00195531915789295),
 .UNSPECIFIED.);
#1103=B_SPLINE_CURVE_WITH_KNOTS('',3,(#7806,#7807,#7808,#7809,#7810),
 .UNSPECIFIED.,.F.,.F.,(4,1,4),(0.,0.000977659578946488,0.00195531915789298),
 .UNSPECIFIED.);
#1104=B_SPLINE_CURVE_WITH_KNOTS('',3,(#7812,#7813,#7814,#7815,#7816),
 .UNSPECIFIED.,.F.,.F.,(4,1,4),(0.,0.000977659578946488,0.00195531915789298),
 .UNSPECIFIED.);
#1105=CONICAL_SURFACE('',#4550,0.375,0.785398163397446);
#1106=CONICAL_SURFACE('',#4552,0.25,0.785398163397446);
#1107=CONICAL_SURFACE('',#4865,0.375,0.785398163397449);
#1108=CONICAL_SURFACE('',#4867,0.375,0.785398163397446);
#1109=CONICAL_SURFACE('',#4869,0.875,0.785398163397449);
#1110=CONICAL_SURFACE('',#4871,0.875,0.785398163397449);
#1111=CONICAL_SURFACE('',#4873,0.25,0.78539816339745);
#1112=CONICAL_SURFACE('',#4875,0.25,0.785398163397446);
#1113=CONICAL_SURFACE('',#4877,0.875,0.785398163397449);
#1114=CONICAL_SURFACE('',#4879,0.75,0.785398163397449);
#1115=ORIENTED_EDGE('',*,*,#2441,.F.);
#1116=ORIENTED_EDGE('',*,*,#2442,.T.);
#1117=ORIENTED_EDGE('',*,*,#2443,.F.);
#1118=ORIENTED_EDGE('',*,*,#2444,.T.);
#1119=ORIENTED_EDGE('',*,*,#2445,.F.);
#1120=ORIENTED_EDGE('',*,*,#2446,.F.);
#1121=ORIENTED_EDGE('',*,*,#2447,.F.);
#1122=ORIENTED_EDGE('',*,*,#2448,.F.);
#1123=ORIENTED_EDGE('',*,*,#2449,.T.);
#1124=ORIENTED_EDGE('',*,*,#2450,.T.);
#1125=ORIENTED_EDGE('',*,*,#2451,.T.);
#1126=ORIENTED_EDGE('',*,*,#2452,.T.);
#1127=ORIENTED_EDGE('',*,*,#2453,.F.);
#1128=ORIENTED_EDGE('',*,*,#2454,.T.);
#1129=ORIENTED_EDGE('',*,*,#2455,.T.);
#1130=ORIENTED_EDGE('',*,*,#2456,.T.);
#1131=ORIENTED_EDGE('',*,*,#2457,.T.);
#1132=ORIENTED_EDGE('',*,*,#2458,.T.);
#1133=ORIENTED_EDGE('',*,*,#2459,.T.);
#1134=ORIENTED_EDGE('',*,*,#2460,.T.);
#1135=ORIENTED_EDGE('',*,*,#2461,.T.);
#1136=ORIENTED_EDGE('',*,*,#2462,.T.);
#1137=ORIENTED_EDGE('',*,*,#2463,.F.);
#1138=ORIENTED_EDGE('',*,*,#2464,.T.);
#1139=ORIENTED_EDGE('',*,*,#2465,.T.);
#1140=ORIENTED_EDGE('',*,*,#2466,.T.);
#1141=ORIENTED_EDGE('',*,*,#2467,.F.);
#1142=ORIENTED_EDGE('',*,*,#2468,.T.);
#1143=ORIENTED_EDGE('',*,*,#2469,.F.);
#1144=ORIENTED_EDGE('',*,*,#2470,.F.);
#1145=ORIENTED_EDGE('',*,*,#2471,.T.);
#1146=ORIENTED_EDGE('',*,*,#2472,.F.);
#1147=ORIENTED_EDGE('',*,*,#2473,.F.);
#1148=ORIENTED_EDGE('',*,*,#2474,.T.);
#1149=ORIENTED_EDGE('',*,*,#2475,.F.);
#1150=ORIENTED_EDGE('',*,*,#2476,.T.);
#1151=ORIENTED_EDGE('',*,*,#2477,.T.);
#1152=ORIENTED_EDGE('',*,*,#2478,.T.);
#1153=ORIENTED_EDGE('',*,*,#2479,.T.);
#1154=ORIENTED_EDGE('',*,*,#2480,.T.);
#1155=ORIENTED_EDGE('',*,*,#2481,.T.);
#1156=ORIENTED_EDGE('',*,*,#2482,.T.);
#1157=ORIENTED_EDGE('',*,*,#2483,.T.);
#1158=ORIENTED_EDGE('',*,*,#2484,.T.);
#1159=ORIENTED_EDGE('',*,*,#2485,.F.);
#1160=ORIENTED_EDGE('',*,*,#2486,.T.);
#1161=ORIENTED_EDGE('',*,*,#2487,.T.);
#1162=ORIENTED_EDGE('',*,*,#2488,.T.);
#1163=ORIENTED_EDGE('',*,*,#2489,.F.);
#1164=ORIENTED_EDGE('',*,*,#2490,.T.);
#1165=ORIENTED_EDGE('',*,*,#2491,.T.);
#1166=ORIENTED_EDGE('',*,*,#2492,.T.);
#1167=ORIENTED_EDGE('',*,*,#2493,.T.);
#1168=ORIENTED_EDGE('',*,*,#2494,.F.);
#1169=ORIENTED_EDGE('',*,*,#2495,.F.);
#1170=ORIENTED_EDGE('',*,*,#2496,.T.);
#1171=ORIENTED_EDGE('',*,*,#2497,.F.);
#1172=ORIENTED_EDGE('',*,*,#2498,.F.);
#1173=ORIENTED_EDGE('',*,*,#2499,.T.);
#1174=ORIENTED_EDGE('',*,*,#2500,.F.);
#1175=ORIENTED_EDGE('',*,*,#2501,.F.);
#1176=ORIENTED_EDGE('',*,*,#2502,.T.);
#1177=ORIENTED_EDGE('',*,*,#2503,.T.);
#1178=ORIENTED_EDGE('',*,*,#2504,.T.);
#1179=ORIENTED_EDGE('',*,*,#2505,.T.);
#1180=ORIENTED_EDGE('',*,*,#2506,.T.);
#1181=ORIENTED_EDGE('',*,*,#2507,.T.);
#1182=ORIENTED_EDGE('',*,*,#2508,.T.);
#1183=ORIENTED_EDGE('',*,*,#2509,.T.);
#1184=ORIENTED_EDGE('',*,*,#2510,.F.);
#1185=ORIENTED_EDGE('',*,*,#2511,.T.);
#1186=ORIENTED_EDGE('',*,*,#2512,.T.);
#1187=ORIENTED_EDGE('',*,*,#2513,.F.);
#1188=ORIENTED_EDGE('',*,*,#2514,.T.);
#1189=ORIENTED_EDGE('',*,*,#2515,.T.);
#1190=ORIENTED_EDGE('',*,*,#2516,.T.);
#1191=ORIENTED_EDGE('',*,*,#2517,.T.);
#1192=ORIENTED_EDGE('',*,*,#2518,.T.);
#1193=ORIENTED_EDGE('',*,*,#2519,.F.);
#1194=ORIENTED_EDGE('',*,*,#2520,.F.);
#1195=ORIENTED_EDGE('',*,*,#2521,.T.);
#1196=ORIENTED_EDGE('',*,*,#2522,.T.);
#1197=ORIENTED_EDGE('',*,*,#2523,.T.);
#1198=ORIENTED_EDGE('',*,*,#2524,.T.);
#1199=ORIENTED_EDGE('',*,*,#2525,.T.);
#1200=ORIENTED_EDGE('',*,*,#2526,.T.);
#1201=ORIENTED_EDGE('',*,*,#2527,.T.);
#1202=ORIENTED_EDGE('',*,*,#2528,.T.);
#1203=ORIENTED_EDGE('',*,*,#2529,.F.);
#1204=ORIENTED_EDGE('',*,*,#2530,.F.);
#1205=ORIENTED_EDGE('',*,*,#2531,.T.);
#1206=ORIENTED_EDGE('',*,*,#2532,.T.);
#1207=ORIENTED_EDGE('',*,*,#2533,.F.);
#1208=ORIENTED_EDGE('',*,*,#2534,.T.);
#1209=ORIENTED_EDGE('',*,*,#2535,.F.);
#1210=ORIENTED_EDGE('',*,*,#2536,.F.);
#1211=ORIENTED_EDGE('',*,*,#2537,.F.);
#1212=ORIENTED_EDGE('',*,*,#2538,.T.);
#1213=ORIENTED_EDGE('',*,*,#2539,.T.);
#1214=ORIENTED_EDGE('',*,*,#2540,.T.);
#1215=ORIENTED_EDGE('',*,*,#2541,.T.);
#1216=ORIENTED_EDGE('',*,*,#2542,.F.);
#1217=ORIENTED_EDGE('',*,*,#2543,.F.);
#1218=ORIENTED_EDGE('',*,*,#2544,.F.);
#1219=ORIENTED_EDGE('',*,*,#2545,.F.);
#1220=ORIENTED_EDGE('',*,*,#2546,.F.);
#1221=ORIENTED_EDGE('',*,*,#2547,.T.);
#1222=ORIENTED_EDGE('',*,*,#2548,.F.);
#1223=ORIENTED_EDGE('',*,*,#2549,.T.);
#1224=ORIENTED_EDGE('',*,*,#2550,.F.);
#1225=ORIENTED_EDGE('',*,*,#2551,.F.);
#1226=ORIENTED_EDGE('',*,*,#2552,.T.);
#1227=ORIENTED_EDGE('',*,*,#2553,.F.);
#1228=ORIENTED_EDGE('',*,*,#2554,.T.);
#1229=ORIENTED_EDGE('',*,*,#2555,.F.);
#1230=ORIENTED_EDGE('',*,*,#2556,.F.);
#1231=ORIENTED_EDGE('',*,*,#2557,.F.);
#1232=ORIENTED_EDGE('',*,*,#2558,.F.);
#1233=ORIENTED_EDGE('',*,*,#2559,.T.);
#1234=ORIENTED_EDGE('',*,*,#2560,.T.);
#1235=ORIENTED_EDGE('',*,*,#2447,.T.);
#1236=ORIENTED_EDGE('',*,*,#2561,.F.);
#1237=ORIENTED_EDGE('',*,*,#2562,.T.);
#1238=ORIENTED_EDGE('',*,*,#2563,.T.);
#1239=ORIENTED_EDGE('',*,*,#2564,.F.);
#1240=ORIENTED_EDGE('',*,*,#2565,.T.);
#1241=ORIENTED_EDGE('',*,*,#2566,.T.);
#1242=ORIENTED_EDGE('',*,*,#2567,.T.);
#1243=ORIENTED_EDGE('',*,*,#2568,.F.);
#1244=ORIENTED_EDGE('',*,*,#2569,.T.);
#1245=ORIENTED_EDGE('',*,*,#2570,.T.);
#1246=ORIENTED_EDGE('',*,*,#2571,.T.);
#1247=ORIENTED_EDGE('',*,*,#2572,.T.);
#1248=ORIENTED_EDGE('',*,*,#2573,.F.);
#1249=ORIENTED_EDGE('',*,*,#2574,.T.);
#1250=ORIENTED_EDGE('',*,*,#2575,.T.);
#1251=ORIENTED_EDGE('',*,*,#2576,.F.);
#1252=ORIENTED_EDGE('',*,*,#2577,.T.);
#1253=ORIENTED_EDGE('',*,*,#2578,.F.);
#1254=ORIENTED_EDGE('',*,*,#2579,.T.);
#1255=ORIENTED_EDGE('',*,*,#2580,.T.);
#1256=ORIENTED_EDGE('',*,*,#2581,.T.);
#1257=ORIENTED_EDGE('',*,*,#2582,.T.);
#1258=ORIENTED_EDGE('',*,*,#2583,.F.);
#1259=ORIENTED_EDGE('',*,*,#2584,.T.);
#1260=ORIENTED_EDGE('',*,*,#2585,.F.);
#1261=ORIENTED_EDGE('',*,*,#2586,.T.);
#1262=ORIENTED_EDGE('',*,*,#2587,.F.);
#1263=ORIENTED_EDGE('',*,*,#2588,.F.);
#1264=ORIENTED_EDGE('',*,*,#2589,.F.);
#1265=ORIENTED_EDGE('',*,*,#2590,.F.);
#1266=ORIENTED_EDGE('',*,*,#2591,.T.);
#1267=ORIENTED_EDGE('',*,*,#2592,.F.);
#1268=ORIENTED_EDGE('',*,*,#2593,.F.);
#1269=ORIENTED_EDGE('',*,*,#2594,.F.);
#1270=ORIENTED_EDGE('',*,*,#2595,.F.);
#1271=ORIENTED_EDGE('',*,*,#2596,.F.);
#1272=ORIENTED_EDGE('',*,*,#2597,.T.);
#1273=ORIENTED_EDGE('',*,*,#2598,.F.);
#1274=ORIENTED_EDGE('',*,*,#2599,.F.);
#1275=ORIENTED_EDGE('',*,*,#2600,.T.);
#1276=ORIENTED_EDGE('',*,*,#2601,.T.);
#1277=ORIENTED_EDGE('',*,*,#2602,.F.);
#1278=ORIENTED_EDGE('',*,*,#2603,.T.);
#1279=ORIENTED_EDGE('',*,*,#2604,.T.);
#1280=ORIENTED_EDGE('',*,*,#2605,.T.);
#1281=ORIENTED_EDGE('',*,*,#2606,.F.);
#1282=ORIENTED_EDGE('',*,*,#2607,.F.);
#1283=ORIENTED_EDGE('',*,*,#2608,.T.);
#1284=ORIENTED_EDGE('',*,*,#2609,.T.);
#1285=ORIENTED_EDGE('',*,*,#2610,.T.);
#1286=ORIENTED_EDGE('',*,*,#2577,.F.);
#1287=ORIENTED_EDGE('',*,*,#2611,.T.);
#1288=ORIENTED_EDGE('',*,*,#2612,.T.);
#1289=ORIENTED_EDGE('',*,*,#2613,.F.);
#1290=ORIENTED_EDGE('',*,*,#2614,.F.);
#1291=ORIENTED_EDGE('',*,*,#2615,.T.);
#1292=ORIENTED_EDGE('',*,*,#2616,.F.);
#1293=ORIENTED_EDGE('',*,*,#2617,.F.);
#1294=ORIENTED_EDGE('',*,*,#2618,.F.);
#1295=ORIENTED_EDGE('',*,*,#2619,.T.);
#1296=ORIENTED_EDGE('',*,*,#2620,.T.);
#1297=ORIENTED_EDGE('',*,*,#2621,.F.);
#1298=ORIENTED_EDGE('',*,*,#2622,.T.);
#1299=ORIENTED_EDGE('',*,*,#2578,.T.);
#1300=ORIENTED_EDGE('',*,*,#2613,.T.);
#1301=ORIENTED_EDGE('',*,*,#2623,.F.);
#1302=ORIENTED_EDGE('',*,*,#2618,.T.);
#1303=ORIENTED_EDGE('',*,*,#2624,.T.);
#1304=ORIENTED_EDGE('',*,*,#2625,.F.);
#1305=ORIENTED_EDGE('',*,*,#2626,.T.);
#1306=ORIENTED_EDGE('',*,*,#2627,.F.);
#1307=ORIENTED_EDGE('',*,*,#2607,.T.);
#1308=ORIENTED_EDGE('',*,*,#2628,.F.);
#1309=ORIENTED_EDGE('',*,*,#2629,.F.);
#1310=ORIENTED_EDGE('',*,*,#2630,.F.);
#1311=ORIENTED_EDGE('',*,*,#2631,.T.);
#1312=ORIENTED_EDGE('',*,*,#2632,.T.);
#1313=ORIENTED_EDGE('',*,*,#2633,.F.);
#1314=ORIENTED_EDGE('',*,*,#2634,.T.);
#1315=ORIENTED_EDGE('',*,*,#2635,.F.);
#1316=ORIENTED_EDGE('',*,*,#2636,.T.);
#1317=ORIENTED_EDGE('',*,*,#2590,.T.);
#1318=ORIENTED_EDGE('',*,*,#2637,.T.);
#1319=ORIENTED_EDGE('',*,*,#2638,.F.);
#1320=ORIENTED_EDGE('',*,*,#2639,.F.);
#1321=ORIENTED_EDGE('',*,*,#2640,.T.);
#1322=ORIENTED_EDGE('',*,*,#2611,.F.);
#1323=ORIENTED_EDGE('',*,*,#2576,.T.);
#1324=ORIENTED_EDGE('',*,*,#2641,.F.);
#1325=ORIENTED_EDGE('',*,*,#2642,.F.);
#1326=ORIENTED_EDGE('',*,*,#2643,.F.);
#1327=ORIENTED_EDGE('',*,*,#2644,.T.);
#1328=ORIENTED_EDGE('',*,*,#2645,.T.);
#1329=ORIENTED_EDGE('',*,*,#2646,.F.);
#1330=ORIENTED_EDGE('',*,*,#2647,.F.);
#1331=ORIENTED_EDGE('',*,*,#2648,.T.);
#1332=ORIENTED_EDGE('',*,*,#2649,.T.);
#1333=ORIENTED_EDGE('',*,*,#2650,.F.);
#1334=ORIENTED_EDGE('',*,*,#2651,.T.);
#1335=ORIENTED_EDGE('',*,*,#2652,.T.);
#1336=ORIENTED_EDGE('',*,*,#2653,.T.);
#1337=ORIENTED_EDGE('',*,*,#2654,.T.);
#1338=ORIENTED_EDGE('',*,*,#2655,.T.);
#1339=ORIENTED_EDGE('',*,*,#2656,.T.);
#1340=ORIENTED_EDGE('',*,*,#2657,.T.);
#1341=ORIENTED_EDGE('',*,*,#2658,.T.);
#1342=ORIENTED_EDGE('',*,*,#2659,.T.);
#1343=ORIENTED_EDGE('',*,*,#2660,.T.);
#1344=ORIENTED_EDGE('',*,*,#2661,.T.);
#1345=ORIENTED_EDGE('',*,*,#2662,.F.);
#1346=ORIENTED_EDGE('',*,*,#2663,.T.);
#1347=ORIENTED_EDGE('',*,*,#2626,.F.);
#1348=ORIENTED_EDGE('',*,*,#2664,.T.);
#1349=ORIENTED_EDGE('',*,*,#2665,.F.);
#1350=ORIENTED_EDGE('',*,*,#2666,.T.);
#1351=ORIENTED_EDGE('',*,*,#2667,.F.);
#1352=ORIENTED_EDGE('',*,*,#2631,.F.);
#1353=ORIENTED_EDGE('',*,*,#2668,.F.);
#1354=ORIENTED_EDGE('',*,*,#2669,.F.);
#1355=ORIENTED_EDGE('',*,*,#2670,.F.);
#1356=ORIENTED_EDGE('',*,*,#2671,.F.);
#1357=ORIENTED_EDGE('',*,*,#2640,.F.);
#1358=ORIENTED_EDGE('',*,*,#2672,.F.);
#1359=ORIENTED_EDGE('',*,*,#2673,.F.);
#1360=ORIENTED_EDGE('',*,*,#2674,.F.);
#1361=ORIENTED_EDGE('',*,*,#2644,.F.);
#1362=ORIENTED_EDGE('',*,*,#2675,.T.);
#1363=ORIENTED_EDGE('',*,*,#2619,.F.);
#1364=ORIENTED_EDGE('',*,*,#2676,.T.);
#1365=ORIENTED_EDGE('',*,*,#2677,.F.);
#1366=ORIENTED_EDGE('',*,*,#2678,.F.);
#1367=ORIENTED_EDGE('',*,*,#2679,.T.);
#1368=ORIENTED_EDGE('',*,*,#2511,.F.);
#1369=ORIENTED_EDGE('',*,*,#2680,.F.);
#1370=ORIENTED_EDGE('',*,*,#2509,.F.);
#1371=ORIENTED_EDGE('',*,*,#2681,.T.);
#1372=ORIENTED_EDGE('',*,*,#2682,.F.);
#1373=ORIENTED_EDGE('',*,*,#2683,.T.);
#1374=ORIENTED_EDGE('',*,*,#2540,.F.);
#1375=ORIENTED_EDGE('',*,*,#2684,.F.);
#1376=ORIENTED_EDGE('',*,*,#2528,.F.);
#1377=ORIENTED_EDGE('',*,*,#2685,.T.);
#1378=ORIENTED_EDGE('',*,*,#2686,.F.);
#1379=ORIENTED_EDGE('',*,*,#2687,.F.);
#1380=ORIENTED_EDGE('',*,*,#2688,.F.);
#1381=ORIENTED_EDGE('',*,*,#2689,.F.);
#1382=ORIENTED_EDGE('',*,*,#2690,.F.);
#1383=ORIENTED_EDGE('',*,*,#2691,.F.);
#1384=ORIENTED_EDGE('',*,*,#2692,.F.);
#1385=ORIENTED_EDGE('',*,*,#2693,.F.);
#1386=ORIENTED_EDGE('',*,*,#2694,.T.);
#1387=ORIENTED_EDGE('',*,*,#2695,.F.);
#1388=ORIENTED_EDGE('',*,*,#2696,.T.);
#1389=ORIENTED_EDGE('',*,*,#2493,.F.);
#1390=ORIENTED_EDGE('',*,*,#2697,.T.);
#1391=ORIENTED_EDGE('',*,*,#2568,.T.);
#1392=ORIENTED_EDGE('',*,*,#2698,.T.);
#1393=ORIENTED_EDGE('',*,*,#2699,.T.);
#1394=ORIENTED_EDGE('',*,*,#2700,.T.);
#1395=ORIENTED_EDGE('',*,*,#2701,.T.);
#1396=ORIENTED_EDGE('',*,*,#2702,.T.);
#1397=ORIENTED_EDGE('',*,*,#2564,.T.);
#1398=ORIENTED_EDGE('',*,*,#2703,.F.);
#1399=ORIENTED_EDGE('',*,*,#2704,.F.);
#1400=ORIENTED_EDGE('',*,*,#2705,.T.);
#1401=ORIENTED_EDGE('',*,*,#2706,.F.);
#1402=ORIENTED_EDGE('',*,*,#2707,.F.);
#1403=ORIENTED_EDGE('',*,*,#2708,.F.);
#1404=ORIENTED_EDGE('',*,*,#2709,.T.);
#1405=ORIENTED_EDGE('',*,*,#2623,.T.);
#1406=ORIENTED_EDGE('',*,*,#2612,.F.);
#1407=ORIENTED_EDGE('',*,*,#2646,.T.);
#1408=ORIENTED_EDGE('',*,*,#2710,.T.);
#1409=ORIENTED_EDGE('',*,*,#2711,.F.);
#1410=ORIENTED_EDGE('',*,*,#2712,.T.);
#1411=ORIENTED_EDGE('',*,*,#2638,.T.);
#1412=ORIENTED_EDGE('',*,*,#2713,.T.);
#1413=ORIENTED_EDGE('',*,*,#2714,.T.);
#1414=ORIENTED_EDGE('',*,*,#2715,.T.);
#1415=ORIENTED_EDGE('',*,*,#2716,.T.);
#1416=ORIENTED_EDGE('',*,*,#2633,.T.);
#1417=ORIENTED_EDGE('',*,*,#2717,.T.);
#1418=ORIENTED_EDGE('',*,*,#2718,.T.);
#1419=ORIENTED_EDGE('',*,*,#2719,.T.);
#1420=ORIENTED_EDGE('',*,*,#2653,.F.);
#1421=ORIENTED_EDGE('',*,*,#2720,.F.);
#1422=ORIENTED_EDGE('',*,*,#2562,.F.);
#1423=ORIENTED_EDGE('',*,*,#2721,.F.);
#1424=ORIENTED_EDGE('',*,*,#2722,.T.);
#1425=ORIENTED_EDGE('',*,*,#2662,.T.);
#1426=ORIENTED_EDGE('',*,*,#2723,.T.);
#1427=ORIENTED_EDGE('',*,*,#2724,.T.);
#1428=ORIENTED_EDGE('',*,*,#2725,.T.);
#1429=ORIENTED_EDGE('',*,*,#2706,.T.);
#1430=ORIENTED_EDGE('',*,*,#2726,.F.);
#1431=ORIENTED_EDGE('',*,*,#2649,.F.);
#1432=ORIENTED_EDGE('',*,*,#2727,.T.);
#1433=ORIENTED_EDGE('',*,*,#2707,.T.);
#1434=ORIENTED_EDGE('',*,*,#2725,.F.);
#1435=ORIENTED_EDGE('',*,*,#2648,.F.);
#1436=ORIENTED_EDGE('',*,*,#2676,.F.);
#1437=ORIENTED_EDGE('',*,*,#2727,.F.);
#1438=ORIENTED_EDGE('',*,*,#2647,.T.);
#1439=ORIENTED_EDGE('',*,*,#2728,.T.);
#1440=ORIENTED_EDGE('',*,*,#2729,.F.);
#1441=ORIENTED_EDGE('',*,*,#2730,.F.);
#1442=ORIENTED_EDGE('',*,*,#2731,.F.);
#1443=ORIENTED_EDGE('',*,*,#2732,.F.);
#1444=ORIENTED_EDGE('',*,*,#2733,.T.);
#1445=ORIENTED_EDGE('',*,*,#2734,.F.);
#1446=ORIENTED_EDGE('',*,*,#2735,.T.);
#1447=ORIENTED_EDGE('',*,*,#2736,.F.);
#1448=ORIENTED_EDGE('',*,*,#2737,.F.);
#1449=ORIENTED_EDGE('',*,*,#2738,.T.);
#1450=ORIENTED_EDGE('',*,*,#2446,.T.);
#1451=ORIENTED_EDGE('',*,*,#2739,.T.);
#1452=ORIENTED_EDGE('',*,*,#2740,.T.);
#1453=ORIENTED_EDGE('',*,*,#2741,.T.);
#1454=ORIENTED_EDGE('',*,*,#2742,.T.);
#1455=ORIENTED_EDGE('',*,*,#2682,.T.);
#1456=ORIENTED_EDGE('',*,*,#2743,.T.);
#1457=ORIENTED_EDGE('',*,*,#2744,.T.);
#1458=ORIENTED_EDGE('',*,*,#2745,.T.);
#1459=ORIENTED_EDGE('',*,*,#2678,.T.);
#1460=ORIENTED_EDGE('',*,*,#2746,.F.);
#1461=ORIENTED_EDGE('',*,*,#2724,.F.);
#1462=ORIENTED_EDGE('',*,*,#2746,.T.);
#1463=ORIENTED_EDGE('',*,*,#2677,.T.);
#1464=ORIENTED_EDGE('',*,*,#2728,.F.);
#1465=ORIENTED_EDGE('',*,*,#2663,.F.);
#1466=ORIENTED_EDGE('',*,*,#2722,.F.);
#1467=ORIENTED_EDGE('',*,*,#2686,.T.);
#1468=ORIENTED_EDGE('',*,*,#2747,.T.);
#1469=ORIENTED_EDGE('',*,*,#2748,.T.);
#1470=ORIENTED_EDGE('',*,*,#2749,.T.);
#1471=ORIENTED_EDGE('',*,*,#2445,.T.);
#1472=ORIENTED_EDGE('',*,*,#2738,.F.);
#1473=ORIENTED_EDGE('',*,*,#2723,.F.);
#1474=ORIENTED_EDGE('',*,*,#2661,.F.);
#1475=ORIENTED_EDGE('',*,*,#2750,.T.);
#1476=ORIENTED_EDGE('',*,*,#2751,.T.);
#1477=ORIENTED_EDGE('',*,*,#2687,.T.);
#1478=ORIENTED_EDGE('',*,*,#2750,.F.);
#1479=ORIENTED_EDGE('',*,*,#2660,.F.);
#1480=ORIENTED_EDGE('',*,*,#2752,.T.);
#1481=ORIENTED_EDGE('',*,*,#2688,.T.);
#1482=ORIENTED_EDGE('',*,*,#2751,.F.);
#1483=ORIENTED_EDGE('',*,*,#2659,.F.);
#1484=ORIENTED_EDGE('',*,*,#2753,.T.);
#1485=ORIENTED_EDGE('',*,*,#2689,.T.);
#1486=ORIENTED_EDGE('',*,*,#2752,.F.);
#1487=ORIENTED_EDGE('',*,*,#2658,.F.);
#1488=ORIENTED_EDGE('',*,*,#2754,.T.);
#1489=ORIENTED_EDGE('',*,*,#2690,.T.);
#1490=ORIENTED_EDGE('',*,*,#2753,.F.);
#1491=ORIENTED_EDGE('',*,*,#2657,.F.);
#1492=ORIENTED_EDGE('',*,*,#2755,.T.);
#1493=ORIENTED_EDGE('',*,*,#2691,.T.);
#1494=ORIENTED_EDGE('',*,*,#2754,.F.);
#1495=ORIENTED_EDGE('',*,*,#2656,.F.);
#1496=ORIENTED_EDGE('',*,*,#2756,.T.);
#1497=ORIENTED_EDGE('',*,*,#2692,.T.);
#1498=ORIENTED_EDGE('',*,*,#2755,.F.);
#1499=ORIENTED_EDGE('',*,*,#2655,.F.);
#1500=ORIENTED_EDGE('',*,*,#2561,.T.);
#1501=ORIENTED_EDGE('',*,*,#2448,.T.);
#1502=ORIENTED_EDGE('',*,*,#2757,.T.);
#1503=ORIENTED_EDGE('',*,*,#2758,.T.);
#1504=ORIENTED_EDGE('',*,*,#2759,.T.);
#1505=ORIENTED_EDGE('',*,*,#2693,.T.);
#1506=ORIENTED_EDGE('',*,*,#2756,.F.);
#1507=ORIENTED_EDGE('',*,*,#2654,.F.);
#1508=ORIENTED_EDGE('',*,*,#2721,.T.);
#1509=ORIENTED_EDGE('',*,*,#2760,.T.);
#1510=ORIENTED_EDGE('',*,*,#2703,.T.);
#1511=ORIENTED_EDGE('',*,*,#2563,.F.);
#1512=ORIENTED_EDGE('',*,*,#2720,.T.);
#1513=ORIENTED_EDGE('',*,*,#2652,.F.);
#1514=ORIENTED_EDGE('',*,*,#2761,.T.);
#1515=ORIENTED_EDGE('',*,*,#2704,.T.);
#1516=ORIENTED_EDGE('',*,*,#2760,.F.);
#1517=ORIENTED_EDGE('',*,*,#2651,.F.);
#1518=ORIENTED_EDGE('',*,*,#2705,.F.);
#1519=ORIENTED_EDGE('',*,*,#2761,.F.);
#1520=ORIENTED_EDGE('',*,*,#2650,.T.);
#1521=ORIENTED_EDGE('',*,*,#2726,.T.);
#1522=ORIENTED_EDGE('',*,*,#2673,.T.);
#1523=ORIENTED_EDGE('',*,*,#2762,.T.);
#1524=ORIENTED_EDGE('',*,*,#2763,.T.);
#1525=ORIENTED_EDGE('',*,*,#2764,.T.);
#1526=ORIENTED_EDGE('',*,*,#2765,.F.);
#1527=ORIENTED_EDGE('',*,*,#2766,.F.);
#1528=ORIENTED_EDGE('',*,*,#2767,.F.);
#1529=ORIENTED_EDGE('',*,*,#2666,.F.);
#1530=ORIENTED_EDGE('',*,*,#2768,.F.);
#1531=ORIENTED_EDGE('',*,*,#2614,.T.);
#1532=ORIENTED_EDGE('',*,*,#2709,.F.);
#1533=ORIENTED_EDGE('',*,*,#2769,.F.);
#1534=ORIENTED_EDGE('',*,*,#2708,.T.);
#1535=ORIENTED_EDGE('',*,*,#2770,.F.);
#1536=ORIENTED_EDGE('',*,*,#2664,.F.);
#1537=ORIENTED_EDGE('',*,*,#2625,.T.);
#1538=ORIENTED_EDGE('',*,*,#2771,.T.);
#1539=ORIENTED_EDGE('',*,*,#2769,.T.);
#1540=ORIENTED_EDGE('',*,*,#2772,.F.);
#1541=ORIENTED_EDGE('',*,*,#2773,.F.);
#1542=ORIENTED_EDGE('',*,*,#2774,.F.);
#1543=ORIENTED_EDGE('',*,*,#2775,.F.);
#1544=ORIENTED_EDGE('',*,*,#2776,.F.);
#1545=ORIENTED_EDGE('',*,*,#2777,.T.);
#1546=ORIENTED_EDGE('',*,*,#2778,.F.);
#1547=ORIENTED_EDGE('',*,*,#2779,.T.);
#1548=ORIENTED_EDGE('',*,*,#2780,.F.);
#1549=ORIENTED_EDGE('',*,*,#2781,.F.);
#1550=ORIENTED_EDGE('',*,*,#2782,.T.);
#1551=ORIENTED_EDGE('',*,*,#2596,.T.);
#1552=ORIENTED_EDGE('',*,*,#2783,.F.);
#1553=ORIENTED_EDGE('',*,*,#2784,.F.);
#1554=ORIENTED_EDGE('',*,*,#2766,.T.);
#1555=ORIENTED_EDGE('',*,*,#2785,.T.);
#1556=ORIENTED_EDGE('',*,*,#2718,.F.);
#1557=ORIENTED_EDGE('',*,*,#2785,.F.);
#1558=ORIENTED_EDGE('',*,*,#2765,.T.);
#1559=ORIENTED_EDGE('',*,*,#2665,.T.);
#1560=ORIENTED_EDGE('',*,*,#2770,.T.);
#1561=ORIENTED_EDGE('',*,*,#2719,.F.);
#1562=ORIENTED_EDGE('',*,*,#2632,.F.);
#1563=ORIENTED_EDGE('',*,*,#2667,.T.);
#1564=ORIENTED_EDGE('',*,*,#2767,.T.);
#1565=ORIENTED_EDGE('',*,*,#2784,.T.);
#1566=ORIENTED_EDGE('',*,*,#2717,.F.);
#1567=ORIENTED_EDGE('',*,*,#2786,.F.);
#1568=ORIENTED_EDGE('',*,*,#2668,.T.);
#1569=ORIENTED_EDGE('',*,*,#2630,.T.);
#1570=ORIENTED_EDGE('',*,*,#2787,.T.);
#1571=ORIENTED_EDGE('',*,*,#2627,.T.);
#1572=ORIENTED_EDGE('',*,*,#2716,.F.);
#1573=ORIENTED_EDGE('',*,*,#2788,.F.);
#1574=ORIENTED_EDGE('',*,*,#2669,.T.);
#1575=ORIENTED_EDGE('',*,*,#2786,.T.);
#1576=ORIENTED_EDGE('',*,*,#2715,.F.);
#1577=ORIENTED_EDGE('',*,*,#2789,.F.);
#1578=ORIENTED_EDGE('',*,*,#2670,.T.);
#1579=ORIENTED_EDGE('',*,*,#2788,.T.);
#1580=ORIENTED_EDGE('',*,*,#2714,.F.);
#1581=ORIENTED_EDGE('',*,*,#2634,.F.);
#1582=ORIENTED_EDGE('',*,*,#2671,.T.);
#1583=ORIENTED_EDGE('',*,*,#2789,.T.);
#1584=ORIENTED_EDGE('',*,*,#2713,.F.);
#1585=ORIENTED_EDGE('',*,*,#2637,.F.);
#1586=ORIENTED_EDGE('',*,*,#2790,.F.);
#1587=ORIENTED_EDGE('',*,*,#2791,.T.);
#1588=ORIENTED_EDGE('',*,*,#2792,.T.);
#1589=ORIENTED_EDGE('',*,*,#2793,.T.);
#1590=ORIENTED_EDGE('',*,*,#2794,.F.);
#1591=ORIENTED_EDGE('',*,*,#2795,.T.);
#1592=ORIENTED_EDGE('',*,*,#2796,.F.);
#1593=ORIENTED_EDGE('',*,*,#2797,.T.);
#1594=ORIENTED_EDGE('',*,*,#2798,.T.);
#1595=ORIENTED_EDGE('',*,*,#2443,.T.);
#1596=ORIENTED_EDGE('',*,*,#2441,.T.);
#1597=ORIENTED_EDGE('',*,*,#2799,.F.);
#1598=ORIENTED_EDGE('',*,*,#2800,.T.);
#1599=ORIENTED_EDGE('',*,*,#2801,.T.);
#1600=ORIENTED_EDGE('',*,*,#2802,.T.);
#1601=ORIENTED_EDGE('',*,*,#2803,.T.);
#1602=ORIENTED_EDGE('',*,*,#2804,.T.);
#1603=ORIENTED_EDGE('',*,*,#2805,.F.);
#1604=ORIENTED_EDGE('',*,*,#2806,.T.);
#1605=ORIENTED_EDGE('',*,*,#2807,.F.);
#1606=ORIENTED_EDGE('',*,*,#2808,.T.);
#1607=ORIENTED_EDGE('',*,*,#2809,.T.);
#1608=ORIENTED_EDGE('',*,*,#2584,.F.);
#1609=ORIENTED_EDGE('',*,*,#2711,.T.);
#1610=ORIENTED_EDGE('',*,*,#2810,.F.);
#1611=ORIENTED_EDGE('',*,*,#2763,.F.);
#1612=ORIENTED_EDGE('',*,*,#2811,.T.);
#1613=ORIENTED_EDGE('',*,*,#2811,.F.);
#1614=ORIENTED_EDGE('',*,*,#2762,.F.);
#1615=ORIENTED_EDGE('',*,*,#2672,.T.);
#1616=ORIENTED_EDGE('',*,*,#2639,.T.);
#1617=ORIENTED_EDGE('',*,*,#2712,.F.);
#1618=ORIENTED_EDGE('',*,*,#2645,.F.);
#1619=ORIENTED_EDGE('',*,*,#2674,.T.);
#1620=ORIENTED_EDGE('',*,*,#2764,.F.);
#1621=ORIENTED_EDGE('',*,*,#2810,.T.);
#1622=ORIENTED_EDGE('',*,*,#2710,.F.);
#1623=ORIENTED_EDGE('',*,*,#2643,.T.);
#1624=ORIENTED_EDGE('',*,*,#2812,.T.);
#1625=ORIENTED_EDGE('',*,*,#2620,.F.);
#1626=ORIENTED_EDGE('',*,*,#2675,.F.);
#1627=ORIENTED_EDGE('',*,*,#2813,.F.);
#1628=ORIENTED_EDGE('',*,*,#2790,.T.);
#1629=ORIENTED_EDGE('',*,*,#2589,.T.);
#1630=ORIENTED_EDGE('',*,*,#2814,.F.);
#1631=ORIENTED_EDGE('',*,*,#2771,.F.);
#1632=ORIENTED_EDGE('',*,*,#2815,.T.);
#1633=ORIENTED_EDGE('',*,*,#2816,.T.);
#1634=ORIENTED_EDGE('',*,*,#2817,.F.);
#1635=ORIENTED_EDGE('',*,*,#2818,.F.);
#1636=ORIENTED_EDGE('',*,*,#2819,.F.);
#1637=ORIENTED_EDGE('',*,*,#2820,.T.);
#1638=ORIENTED_EDGE('',*,*,#2821,.T.);
#1639=ORIENTED_EDGE('',*,*,#2822,.F.);
#1640=ORIENTED_EDGE('',*,*,#2823,.F.);
#1641=ORIENTED_EDGE('',*,*,#2824,.T.);
#1642=ORIENTED_EDGE('',*,*,#2825,.T.);
#1643=ORIENTED_EDGE('',*,*,#2624,.F.);
#1644=ORIENTED_EDGE('',*,*,#2617,.T.);
#1645=ORIENTED_EDGE('',*,*,#2826,.T.);
#1646=ORIENTED_EDGE('',*,*,#2827,.T.);
#1647=ORIENTED_EDGE('',*,*,#2828,.T.);
#1648=ORIENTED_EDGE('',*,*,#2829,.T.);
#1649=ORIENTED_EDGE('',*,*,#2830,.F.);
#1650=ORIENTED_EDGE('',*,*,#2831,.F.);
#1651=ORIENTED_EDGE('',*,*,#2832,.F.);
#1652=ORIENTED_EDGE('',*,*,#2621,.T.);
#1653=ORIENTED_EDGE('',*,*,#2812,.F.);
#1654=ORIENTED_EDGE('',*,*,#2642,.T.);
#1655=ORIENTED_EDGE('',*,*,#2833,.F.);
#1656=ORIENTED_EDGE('',*,*,#2834,.F.);
#1657=ORIENTED_EDGE('',*,*,#2835,.T.);
#1658=ORIENTED_EDGE('',*,*,#2836,.F.);
#1659=ORIENTED_EDGE('',*,*,#2808,.F.);
#1660=ORIENTED_EDGE('',*,*,#2837,.T.);
#1661=ORIENTED_EDGE('',*,*,#2838,.T.);
#1662=ORIENTED_EDGE('',*,*,#2839,.T.);
#1663=ORIENTED_EDGE('',*,*,#2840,.F.);
#1664=ORIENTED_EDGE('',*,*,#2635,.T.);
#1665=ORIENTED_EDGE('',*,*,#2813,.T.);
#1666=ORIENTED_EDGE('',*,*,#2841,.T.);
#1667=ORIENTED_EDGE('',*,*,#2842,.T.);
#1668=ORIENTED_EDGE('',*,*,#2843,.F.);
#1669=ORIENTED_EDGE('',*,*,#2844,.F.);
#1670=ORIENTED_EDGE('',*,*,#2845,.T.);
#1671=ORIENTED_EDGE('',*,*,#2846,.F.);
#1672=ORIENTED_EDGE('',*,*,#2847,.F.);
#1673=ORIENTED_EDGE('',*,*,#2848,.F.);
#1674=ORIENTED_EDGE('',*,*,#2629,.T.);
#1675=ORIENTED_EDGE('',*,*,#2849,.T.);
#1676=ORIENTED_EDGE('',*,*,#2850,.F.);
#1677=ORIENTED_EDGE('',*,*,#2851,.F.);
#1678=ORIENTED_EDGE('',*,*,#2852,.F.);
#1679=ORIENTED_EDGE('',*,*,#2781,.T.);
#1680=ORIENTED_EDGE('',*,*,#2853,.T.);
#1681=ORIENTED_EDGE('',*,*,#2854,.F.);
#1682=ORIENTED_EDGE('',*,*,#2855,.T.);
#1683=ORIENTED_EDGE('',*,*,#2815,.F.);
#1684=ORIENTED_EDGE('',*,*,#2856,.F.);
#1685=ORIENTED_EDGE('',*,*,#2857,.F.);
#1686=ORIENTED_EDGE('',*,*,#2858,.F.);
#1687=ORIENTED_EDGE('',*,*,#2859,.F.);
#1688=ORIENTED_EDGE('',*,*,#2615,.F.);
#1689=ORIENTED_EDGE('',*,*,#2768,.T.);
#1690=ORIENTED_EDGE('',*,*,#2817,.T.);
#1691=ORIENTED_EDGE('',*,*,#2860,.F.);
#1692=ORIENTED_EDGE('',*,*,#2861,.T.);
#1693=ORIENTED_EDGE('',*,*,#2862,.T.);
#1694=ORIENTED_EDGE('',*,*,#2863,.F.);
#1695=ORIENTED_EDGE('',*,*,#2864,.F.);
#1696=ORIENTED_EDGE('',*,*,#2818,.T.);
#1697=ORIENTED_EDGE('',*,*,#2865,.T.);
#1698=ORIENTED_EDGE('',*,*,#2866,.T.);
#1699=ORIENTED_EDGE('',*,*,#2862,.F.);
#1700=ORIENTED_EDGE('',*,*,#2821,.F.);
#1701=ORIENTED_EDGE('',*,*,#2867,.T.);
#1702=ORIENTED_EDGE('',*,*,#2868,.T.);
#1703=ORIENTED_EDGE('',*,*,#2865,.F.);
#1704=ORIENTED_EDGE('',*,*,#2820,.F.);
#1705=ORIENTED_EDGE('',*,*,#2869,.T.);
#1706=ORIENTED_EDGE('',*,*,#2870,.F.);
#1707=ORIENTED_EDGE('',*,*,#2871,.F.);
#1708=ORIENTED_EDGE('',*,*,#2822,.T.);
#1709=ORIENTED_EDGE('',*,*,#2872,.T.);
#1710=ORIENTED_EDGE('',*,*,#2873,.T.);
#1711=ORIENTED_EDGE('',*,*,#2869,.F.);
#1712=ORIENTED_EDGE('',*,*,#2825,.F.);
#1713=ORIENTED_EDGE('',*,*,#2874,.T.);
#1714=ORIENTED_EDGE('',*,*,#2875,.T.);
#1715=ORIENTED_EDGE('',*,*,#2872,.F.);
#1716=ORIENTED_EDGE('',*,*,#2824,.F.);
#1717=ORIENTED_EDGE('',*,*,#2595,.T.);
#1718=ORIENTED_EDGE('',*,*,#2876,.F.);
#1719=ORIENTED_EDGE('',*,*,#2853,.F.);
#1720=ORIENTED_EDGE('',*,*,#2783,.T.);
#1721=ORIENTED_EDGE('',*,*,#2597,.F.);
#1722=ORIENTED_EDGE('',*,*,#2782,.F.);
#1723=ORIENTED_EDGE('',*,*,#2852,.T.);
#1724=ORIENTED_EDGE('',*,*,#2877,.T.);
#1725=ORIENTED_EDGE('',*,*,#2604,.F.);
#1726=ORIENTED_EDGE('',*,*,#2878,.F.);
#1727=ORIENTED_EDGE('',*,*,#2879,.F.);
#1728=ORIENTED_EDGE('',*,*,#2880,.T.);
#1729=ORIENTED_EDGE('',*,*,#2861,.F.);
#1730=ORIENTED_EDGE('',*,*,#2881,.F.);
#1731=ORIENTED_EDGE('',*,*,#2854,.T.);
#1732=ORIENTED_EDGE('',*,*,#2876,.T.);
#1733=ORIENTED_EDGE('',*,*,#2594,.T.);
#1734=ORIENTED_EDGE('',*,*,#2877,.F.);
#1735=ORIENTED_EDGE('',*,*,#2851,.T.);
#1736=ORIENTED_EDGE('',*,*,#2882,.T.);
#1737=ORIENTED_EDGE('',*,*,#2605,.F.);
#1738=ORIENTED_EDGE('',*,*,#2882,.F.);
#1739=ORIENTED_EDGE('',*,*,#2850,.T.);
#1740=ORIENTED_EDGE('',*,*,#2883,.T.);
#1741=ORIENTED_EDGE('',*,*,#2606,.T.);
#1742=ORIENTED_EDGE('',*,*,#2883,.F.);
#1743=ORIENTED_EDGE('',*,*,#2849,.F.);
#1744=ORIENTED_EDGE('',*,*,#2628,.T.);
#1745=ORIENTED_EDGE('',*,*,#2608,.F.);
#1746=ORIENTED_EDGE('',*,*,#2787,.F.);
#1747=ORIENTED_EDGE('',*,*,#2848,.T.);
#1748=ORIENTED_EDGE('',*,*,#2884,.T.);
#1749=ORIENTED_EDGE('',*,*,#2609,.F.);
#1750=ORIENTED_EDGE('',*,*,#2884,.F.);
#1751=ORIENTED_EDGE('',*,*,#2847,.T.);
#1752=ORIENTED_EDGE('',*,*,#2885,.T.);
#1753=ORIENTED_EDGE('',*,*,#2610,.F.);
#1754=ORIENTED_EDGE('',*,*,#2885,.F.);
#1755=ORIENTED_EDGE('',*,*,#2846,.T.);
#1756=ORIENTED_EDGE('',*,*,#2886,.T.);
#1757=ORIENTED_EDGE('',*,*,#2887,.T.);
#1758=ORIENTED_EDGE('',*,*,#2600,.F.);
#1759=ORIENTED_EDGE('',*,*,#2888,.F.);
#1760=ORIENTED_EDGE('',*,*,#2828,.F.);
#1761=ORIENTED_EDGE('',*,*,#2889,.T.);
#1762=ORIENTED_EDGE('',*,*,#2857,.T.);
#1763=ORIENTED_EDGE('',*,*,#2890,.F.);
#1764=ORIENTED_EDGE('',*,*,#2891,.T.);
#1765=ORIENTED_EDGE('',*,*,#2892,.T.);
#1766=ORIENTED_EDGE('',*,*,#2602,.T.);
#1767=ORIENTED_EDGE('',*,*,#2886,.F.);
#1768=ORIENTED_EDGE('',*,*,#2845,.F.);
#1769=ORIENTED_EDGE('',*,*,#2601,.F.);
#1770=ORIENTED_EDGE('',*,*,#2887,.F.);
#1771=ORIENTED_EDGE('',*,*,#2844,.T.);
#1772=ORIENTED_EDGE('',*,*,#2893,.T.);
#1773=ORIENTED_EDGE('',*,*,#2586,.F.);
#1774=ORIENTED_EDGE('',*,*,#2894,.F.);
#1775=ORIENTED_EDGE('',*,*,#2895,.F.);
#1776=ORIENTED_EDGE('',*,*,#2896,.T.);
#1777=ORIENTED_EDGE('',*,*,#2571,.F.);
#1778=ORIENTED_EDGE('',*,*,#2897,.F.);
#1779=ORIENTED_EDGE('',*,*,#2830,.T.);
#1780=ORIENTED_EDGE('',*,*,#2898,.T.);
#1781=ORIENTED_EDGE('',*,*,#2598,.T.);
#1782=ORIENTED_EDGE('',*,*,#2893,.F.);
#1783=ORIENTED_EDGE('',*,*,#2843,.T.);
#1784=ORIENTED_EDGE('',*,*,#2899,.T.);
#1785=ORIENTED_EDGE('',*,*,#2587,.T.);
#1786=ORIENTED_EDGE('',*,*,#2899,.F.);
#1787=ORIENTED_EDGE('',*,*,#2842,.F.);
#1788=ORIENTED_EDGE('',*,*,#2900,.T.);
#1789=ORIENTED_EDGE('',*,*,#2588,.T.);
#1790=ORIENTED_EDGE('',*,*,#2900,.F.);
#1791=ORIENTED_EDGE('',*,*,#2841,.F.);
#1792=ORIENTED_EDGE('',*,*,#2814,.T.);
#1793=ORIENTED_EDGE('',*,*,#2591,.F.);
#1794=ORIENTED_EDGE('',*,*,#2636,.F.);
#1795=ORIENTED_EDGE('',*,*,#2840,.T.);
#1796=ORIENTED_EDGE('',*,*,#2901,.T.);
#1797=ORIENTED_EDGE('',*,*,#2592,.T.);
#1798=ORIENTED_EDGE('',*,*,#2901,.F.);
#1799=ORIENTED_EDGE('',*,*,#2839,.F.);
#1800=ORIENTED_EDGE('',*,*,#2902,.T.);
#1801=ORIENTED_EDGE('',*,*,#2903,.T.);
#1802=ORIENTED_EDGE('',*,*,#2582,.F.);
#1803=ORIENTED_EDGE('',*,*,#2904,.F.);
#1804=ORIENTED_EDGE('',*,*,#2835,.F.);
#1805=ORIENTED_EDGE('',*,*,#2905,.T.);
#1806=ORIENTED_EDGE('',*,*,#2573,.T.);
#1807=ORIENTED_EDGE('',*,*,#2906,.F.);
#1808=ORIENTED_EDGE('',*,*,#2907,.T.);
#1809=ORIENTED_EDGE('',*,*,#2908,.T.);
#1810=ORIENTED_EDGE('',*,*,#2593,.T.);
#1811=ORIENTED_EDGE('',*,*,#2902,.F.);
#1812=ORIENTED_EDGE('',*,*,#2838,.F.);
#1813=ORIENTED_EDGE('',*,*,#2583,.T.);
#1814=ORIENTED_EDGE('',*,*,#2903,.F.);
#1815=ORIENTED_EDGE('',*,*,#2837,.F.);
#1816=ORIENTED_EDGE('',*,*,#2807,.T.);
#1817=ORIENTED_EDGE('',*,*,#2581,.F.);
#1818=ORIENTED_EDGE('',*,*,#2809,.F.);
#1819=ORIENTED_EDGE('',*,*,#2836,.T.);
#1820=ORIENTED_EDGE('',*,*,#2904,.T.);
#1821=ORIENTED_EDGE('',*,*,#2574,.F.);
#1822=ORIENTED_EDGE('',*,*,#2905,.F.);
#1823=ORIENTED_EDGE('',*,*,#2834,.T.);
#1824=ORIENTED_EDGE('',*,*,#2909,.T.);
#1825=ORIENTED_EDGE('',*,*,#2575,.F.);
#1826=ORIENTED_EDGE('',*,*,#2909,.F.);
#1827=ORIENTED_EDGE('',*,*,#2833,.T.);
#1828=ORIENTED_EDGE('',*,*,#2641,.T.);
#1829=ORIENTED_EDGE('',*,*,#2579,.F.);
#1830=ORIENTED_EDGE('',*,*,#2622,.F.);
#1831=ORIENTED_EDGE('',*,*,#2832,.T.);
#1832=ORIENTED_EDGE('',*,*,#2910,.T.);
#1833=ORIENTED_EDGE('',*,*,#2580,.F.);
#1834=ORIENTED_EDGE('',*,*,#2910,.F.);
#1835=ORIENTED_EDGE('',*,*,#2831,.T.);
#1836=ORIENTED_EDGE('',*,*,#2897,.T.);
#1837=ORIENTED_EDGE('',*,*,#2599,.T.);
#1838=ORIENTED_EDGE('',*,*,#2898,.F.);
#1839=ORIENTED_EDGE('',*,*,#2829,.F.);
#1840=ORIENTED_EDGE('',*,*,#2888,.T.);
#1841=ORIENTED_EDGE('',*,*,#2858,.T.);
#1842=ORIENTED_EDGE('',*,*,#2889,.F.);
#1843=ORIENTED_EDGE('',*,*,#2827,.F.);
#1844=ORIENTED_EDGE('',*,*,#2911,.T.);
#1845=ORIENTED_EDGE('',*,*,#2859,.T.);
#1846=ORIENTED_EDGE('',*,*,#2911,.F.);
#1847=ORIENTED_EDGE('',*,*,#2826,.F.);
#1848=ORIENTED_EDGE('',*,*,#2616,.T.);
#1849=ORIENTED_EDGE('',*,*,#2860,.T.);
#1850=ORIENTED_EDGE('',*,*,#2816,.F.);
#1851=ORIENTED_EDGE('',*,*,#2855,.F.);
#1852=ORIENTED_EDGE('',*,*,#2881,.T.);
#1853=ORIENTED_EDGE('',*,*,#2871,.T.);
#1854=ORIENTED_EDGE('',*,*,#2912,.F.);
#1855=ORIENTED_EDGE('',*,*,#2874,.F.);
#1856=ORIENTED_EDGE('',*,*,#2823,.T.);
#1857=ORIENTED_EDGE('',*,*,#2864,.T.);
#1858=ORIENTED_EDGE('',*,*,#2913,.F.);
#1859=ORIENTED_EDGE('',*,*,#2867,.F.);
#1860=ORIENTED_EDGE('',*,*,#2819,.T.);
#1861=ORIENTED_EDGE('',*,*,#2603,.F.);
#1862=ORIENTED_EDGE('',*,*,#2892,.F.);
#1863=ORIENTED_EDGE('',*,*,#2914,.T.);
#1864=ORIENTED_EDGE('',*,*,#2878,.T.);
#1865=ORIENTED_EDGE('',*,*,#2856,.T.);
#1866=ORIENTED_EDGE('',*,*,#2880,.F.);
#1867=ORIENTED_EDGE('',*,*,#2915,.F.);
#1868=ORIENTED_EDGE('',*,*,#2890,.T.);
#1869=ORIENTED_EDGE('',*,*,#2912,.T.);
#1870=ORIENTED_EDGE('',*,*,#2870,.T.);
#1871=ORIENTED_EDGE('',*,*,#2873,.F.);
#1872=ORIENTED_EDGE('',*,*,#2875,.F.);
#1873=ORIENTED_EDGE('',*,*,#2879,.T.);
#1874=ORIENTED_EDGE('',*,*,#2914,.F.);
#1875=ORIENTED_EDGE('',*,*,#2891,.F.);
#1876=ORIENTED_EDGE('',*,*,#2915,.T.);
#1877=ORIENTED_EDGE('',*,*,#2572,.F.);
#1878=ORIENTED_EDGE('',*,*,#2896,.F.);
#1879=ORIENTED_EDGE('',*,*,#2916,.T.);
#1880=ORIENTED_EDGE('',*,*,#2906,.T.);
#1881=ORIENTED_EDGE('',*,*,#2585,.T.);
#1882=ORIENTED_EDGE('',*,*,#2908,.F.);
#1883=ORIENTED_EDGE('',*,*,#2917,.F.);
#1884=ORIENTED_EDGE('',*,*,#2894,.T.);
#1885=ORIENTED_EDGE('',*,*,#2913,.T.);
#1886=ORIENTED_EDGE('',*,*,#2863,.T.);
#1887=ORIENTED_EDGE('',*,*,#2866,.F.);
#1888=ORIENTED_EDGE('',*,*,#2868,.F.);
#1889=ORIENTED_EDGE('',*,*,#2916,.F.);
#1890=ORIENTED_EDGE('',*,*,#2895,.T.);
#1891=ORIENTED_EDGE('',*,*,#2917,.T.);
#1892=ORIENTED_EDGE('',*,*,#2907,.F.);
#1893=ORIENTED_EDGE('',*,*,#2459,.F.);
#1894=ORIENTED_EDGE('',*,*,#2918,.T.);
#1895=ORIENTED_EDGE('',*,*,#2463,.T.);
#1896=ORIENTED_EDGE('',*,*,#2919,.T.);
#1897=ORIENTED_EDGE('',*,*,#2920,.F.);
#1898=ORIENTED_EDGE('',*,*,#2921,.T.);
#1899=ORIENTED_EDGE('',*,*,#2700,.F.);
#1900=ORIENTED_EDGE('',*,*,#2922,.T.);
#1901=ORIENTED_EDGE('',*,*,#2923,.F.);
#1902=ORIENTED_EDGE('',*,*,#2924,.T.);
#1903=ORIENTED_EDGE('',*,*,#2925,.T.);
#1904=ORIENTED_EDGE('',*,*,#2926,.T.);
#1905=ORIENTED_EDGE('',*,*,#2483,.F.);
#1906=ORIENTED_EDGE('',*,*,#2927,.T.);
#1907=ORIENTED_EDGE('',*,*,#2923,.T.);
#1908=ORIENTED_EDGE('',*,*,#2928,.T.);
#1909=ORIENTED_EDGE('',*,*,#2929,.F.);
#1910=ORIENTED_EDGE('',*,*,#2930,.F.);
#1911=ORIENTED_EDGE('',*,*,#2931,.F.);
#1912=ORIENTED_EDGE('',*,*,#2932,.T.);
#1913=ORIENTED_EDGE('',*,*,#2933,.F.);
#1914=ORIENTED_EDGE('',*,*,#2934,.F.);
#1915=ORIENTED_EDGE('',*,*,#2935,.T.);
#1916=ORIENTED_EDGE('',*,*,#2929,.T.);
#1917=ORIENTED_EDGE('',*,*,#2936,.T.);
#1918=ORIENTED_EDGE('',*,*,#2695,.T.);
#1919=ORIENTED_EDGE('',*,*,#2937,.T.);
#1920=ORIENTED_EDGE('',*,*,#2938,.F.);
#1921=ORIENTED_EDGE('',*,*,#2939,.T.);
#1922=ORIENTED_EDGE('',*,*,#2931,.T.);
#1923=ORIENTED_EDGE('',*,*,#2940,.T.);
#1924=ORIENTED_EDGE('',*,*,#2941,.T.);
#1925=ORIENTED_EDGE('',*,*,#2942,.F.);
#1926=ORIENTED_EDGE('',*,*,#2943,.T.);
#1927=ORIENTED_EDGE('',*,*,#2938,.T.);
#1928=ORIENTED_EDGE('',*,*,#2944,.T.);
#1929=ORIENTED_EDGE('',*,*,#2491,.F.);
#1930=ORIENTED_EDGE('',*,*,#2945,.T.);
#1931=ORIENTED_EDGE('',*,*,#2942,.T.);
#1932=ORIENTED_EDGE('',*,*,#2946,.T.);
#1933=ORIENTED_EDGE('',*,*,#2925,.F.);
#1934=ORIENTED_EDGE('',*,*,#2947,.T.);
#1935=ORIENTED_EDGE('',*,*,#2485,.T.);
#1936=ORIENTED_EDGE('',*,*,#2948,.T.);
#1937=ORIENTED_EDGE('',*,*,#2495,.T.);
#1938=ORIENTED_EDGE('',*,*,#2949,.T.);
#1939=ORIENTED_EDGE('',*,*,#2950,.F.);
#1940=ORIENTED_EDGE('',*,*,#2951,.T.);
#1941=ORIENTED_EDGE('',*,*,#2952,.T.);
#1942=ORIENTED_EDGE('',*,*,#2953,.T.);
#1943=ORIENTED_EDGE('',*,*,#2954,.T.);
#1944=ORIENTED_EDGE('',*,*,#2955,.T.);
#1945=ORIENTED_EDGE('',*,*,#2696,.F.);
#1946=ORIENTED_EDGE('',*,*,#2936,.F.);
#1947=ORIENTED_EDGE('',*,*,#2928,.F.);
#1948=ORIENTED_EDGE('',*,*,#2926,.F.);
#1949=ORIENTED_EDGE('',*,*,#2949,.F.);
#1950=ORIENTED_EDGE('',*,*,#2494,.T.);
#1951=ORIENTED_EDGE('',*,*,#2507,.F.);
#1952=ORIENTED_EDGE('',*,*,#2956,.T.);
#1953=ORIENTED_EDGE('',*,*,#2513,.T.);
#1954=ORIENTED_EDGE('',*,*,#2957,.T.);
#1955=ORIENTED_EDGE('',*,*,#2958,.T.);
#1956=ORIENTED_EDGE('',*,*,#2959,.T.);
#1957=ORIENTED_EDGE('',*,*,#2510,.T.);
#1958=ORIENTED_EDGE('',*,*,#2680,.T.);
#1959=ORIENTED_EDGE('',*,*,#2960,.F.);
#1960=ORIENTED_EDGE('',*,*,#2961,.T.);
#1961=ORIENTED_EDGE('',*,*,#2962,.T.);
#1962=ORIENTED_EDGE('',*,*,#2963,.F.);
#1963=ORIENTED_EDGE('',*,*,#2962,.F.);
#1964=ORIENTED_EDGE('',*,*,#2964,.T.);
#1965=ORIENTED_EDGE('',*,*,#2965,.T.);
#1966=ORIENTED_EDGE('',*,*,#2966,.T.);
#1967=ORIENTED_EDGE('',*,*,#2530,.T.);
#1968=ORIENTED_EDGE('',*,*,#2967,.F.);
#1969=ORIENTED_EDGE('',*,*,#2965,.F.);
#1970=ORIENTED_EDGE('',*,*,#2968,.T.);
#1971=ORIENTED_EDGE('',*,*,#2969,.F.);
#1972=ORIENTED_EDGE('',*,*,#2970,.F.);
#1973=ORIENTED_EDGE('',*,*,#2526,.F.);
#1974=ORIENTED_EDGE('',*,*,#2971,.T.);
#1975=ORIENTED_EDGE('',*,*,#2972,.T.);
#1976=ORIENTED_EDGE('',*,*,#2973,.T.);
#1977=ORIENTED_EDGE('',*,*,#2974,.T.);
#1978=ORIENTED_EDGE('',*,*,#2972,.F.);
#1979=ORIENTED_EDGE('',*,*,#2975,.T.);
#1980=ORIENTED_EDGE('',*,*,#2976,.T.);
#1981=ORIENTED_EDGE('',*,*,#2977,.T.);
#1982=ORIENTED_EDGE('',*,*,#2976,.F.);
#1983=ORIENTED_EDGE('',*,*,#2978,.T.);
#1984=ORIENTED_EDGE('',*,*,#2533,.T.);
#1985=ORIENTED_EDGE('',*,*,#2979,.T.);
#1986=ORIENTED_EDGE('',*,*,#2980,.T.);
#1987=ORIENTED_EDGE('',*,*,#2981,.T.);
#1988=ORIENTED_EDGE('',*,*,#2982,.T.);
#1989=ORIENTED_EDGE('',*,*,#2983,.T.);
#1990=ORIENTED_EDGE('',*,*,#2982,.F.);
#1991=ORIENTED_EDGE('',*,*,#2984,.T.);
#1992=ORIENTED_EDGE('',*,*,#2960,.T.);
#1993=ORIENTED_EDGE('',*,*,#2985,.F.);
#1994=ORIENTED_EDGE('',*,*,#2538,.F.);
#1995=ORIENTED_EDGE('',*,*,#2986,.F.);
#1996=ORIENTED_EDGE('',*,*,#2987,.T.);
#1997=ORIENTED_EDGE('',*,*,#2988,.T.);
#1998=ORIENTED_EDGE('',*,*,#2989,.T.);
#1999=ORIENTED_EDGE('',*,*,#2990,.T.);
#2000=ORIENTED_EDGE('',*,*,#2991,.T.);
#2001=ORIENTED_EDGE('',*,*,#2992,.T.);
#2002=ORIENTED_EDGE('',*,*,#2529,.T.);
#2003=ORIENTED_EDGE('',*,*,#2684,.T.);
#2004=ORIENTED_EDGE('',*,*,#2539,.F.);
#2005=ORIENTED_EDGE('',*,*,#2985,.T.);
#2006=ORIENTED_EDGE('',*,*,#2963,.T.);
#2007=ORIENTED_EDGE('',*,*,#2967,.T.);
#2008=ORIENTED_EDGE('',*,*,#2989,.F.);
#2009=ORIENTED_EDGE('',*,*,#2993,.T.);
#2010=ORIENTED_EDGE('',*,*,#2994,.T.);
#2011=ORIENTED_EDGE('',*,*,#2995,.T.);
#2012=ORIENTED_EDGE('',*,*,#2994,.F.);
#2013=ORIENTED_EDGE('',*,*,#2996,.T.);
#2014=ORIENTED_EDGE('',*,*,#2980,.F.);
#2015=ORIENTED_EDGE('',*,*,#2997,.T.);
#2016=ORIENTED_EDGE('',*,*,#2969,.T.);
#2017=ORIENTED_EDGE('',*,*,#2998,.T.);
#2018=ORIENTED_EDGE('',*,*,#2999,.T.);
#2019=ORIENTED_EDGE('',*,*,#2966,.F.);
#2020=ORIENTED_EDGE('',*,*,#3000,.F.);
#2021=ORIENTED_EDGE('',*,*,#2986,.T.);
#2022=ORIENTED_EDGE('',*,*,#3000,.T.);
#2023=ORIENTED_EDGE('',*,*,#2970,.T.);
#2024=ORIENTED_EDGE('',*,*,#2997,.F.);
#2025=ORIENTED_EDGE('',*,*,#2983,.F.);
#2026=ORIENTED_EDGE('',*,*,#2537,.T.);
#2027=ORIENTED_EDGE('',*,*,#3001,.T.);
#2028=ORIENTED_EDGE('',*,*,#2531,.F.);
#2029=ORIENTED_EDGE('',*,*,#2999,.F.);
#2030=ORIENTED_EDGE('',*,*,#2536,.T.);
#2031=ORIENTED_EDGE('',*,*,#3002,.T.);
#2032=ORIENTED_EDGE('',*,*,#2532,.F.);
#2033=ORIENTED_EDGE('',*,*,#3001,.F.);
#2034=ORIENTED_EDGE('',*,*,#2535,.T.);
#2035=ORIENTED_EDGE('',*,*,#3003,.T.);
#2036=ORIENTED_EDGE('',*,*,#2453,.T.);
#2037=ORIENTED_EDGE('',*,*,#3004,.T.);
#2038=ORIENTED_EDGE('',*,*,#2524,.F.);
#2039=ORIENTED_EDGE('',*,*,#3002,.F.);
#2040=ORIENTED_EDGE('',*,*,#3005,.T.);
#2041=ORIENTED_EDGE('',*,*,#2502,.F.);
#2042=ORIENTED_EDGE('',*,*,#3006,.F.);
#2043=ORIENTED_EDGE('',*,*,#2518,.F.);
#2044=ORIENTED_EDGE('',*,*,#2515,.F.);
#2045=ORIENTED_EDGE('',*,*,#3007,.T.);
#2046=ORIENTED_EDGE('',*,*,#2520,.T.);
#2047=ORIENTED_EDGE('',*,*,#3008,.T.);
#2048=ORIENTED_EDGE('',*,*,#2505,.F.);
#2049=ORIENTED_EDGE('',*,*,#3009,.F.);
#2050=ORIENTED_EDGE('',*,*,#3010,.F.);
#2051=ORIENTED_EDGE('',*,*,#2516,.F.);
#2052=ORIENTED_EDGE('',*,*,#3009,.T.);
#2053=ORIENTED_EDGE('',*,*,#2504,.F.);
#2054=ORIENTED_EDGE('',*,*,#3010,.T.);
#2055=ORIENTED_EDGE('',*,*,#2503,.F.);
#2056=ORIENTED_EDGE('',*,*,#3005,.F.);
#2057=ORIENTED_EDGE('',*,*,#2517,.F.);
#2058=ORIENTED_EDGE('',*,*,#2519,.T.);
#2059=ORIENTED_EDGE('',*,*,#3006,.T.);
#2060=ORIENTED_EDGE('',*,*,#2501,.T.);
#2061=ORIENTED_EDGE('',*,*,#3011,.F.);
#2062=ORIENTED_EDGE('',*,*,#2500,.T.);
#2063=ORIENTED_EDGE('',*,*,#3012,.T.);
#2064=ORIENTED_EDGE('',*,*,#3013,.F.);
#2065=ORIENTED_EDGE('',*,*,#3014,.T.);
#2066=ORIENTED_EDGE('',*,*,#2498,.T.);
#2067=ORIENTED_EDGE('',*,*,#3011,.T.);
#2068=ORIENTED_EDGE('',*,*,#3013,.T.);
#2069=ORIENTED_EDGE('',*,*,#3015,.T.);
#2070=ORIENTED_EDGE('',*,*,#2958,.F.);
#2071=ORIENTED_EDGE('',*,*,#3016,.T.);
#2072=ORIENTED_EDGE('',*,*,#2451,.F.);
#2073=ORIENTED_EDGE('',*,*,#3017,.T.);
#2074=ORIENTED_EDGE('',*,*,#2489,.T.);
#2075=ORIENTED_EDGE('',*,*,#3018,.T.);
#2076=ORIENTED_EDGE('',*,*,#2933,.T.);
#2077=ORIENTED_EDGE('',*,*,#3019,.T.);
#2078=ORIENTED_EDGE('',*,*,#2497,.T.);
#2079=ORIENTED_EDGE('',*,*,#3020,.T.);
#2080=ORIENTED_EDGE('',*,*,#2934,.T.);
#2081=ORIENTED_EDGE('',*,*,#3018,.F.);
#2082=ORIENTED_EDGE('',*,*,#3021,.T.);
#2083=ORIENTED_EDGE('',*,*,#2930,.T.);
#2084=ORIENTED_EDGE('',*,*,#3022,.F.);
#2085=ORIENTED_EDGE('',*,*,#2948,.F.);
#2086=ORIENTED_EDGE('',*,*,#3022,.T.);
#2087=ORIENTED_EDGE('',*,*,#2935,.F.);
#2088=ORIENTED_EDGE('',*,*,#3020,.F.);
#2089=ORIENTED_EDGE('',*,*,#2496,.F.);
#2090=ORIENTED_EDGE('',*,*,#3023,.T.);
#2091=ORIENTED_EDGE('',*,*,#2484,.F.);
#2092=ORIENTED_EDGE('',*,*,#3021,.F.);
#2093=ORIENTED_EDGE('',*,*,#2488,.F.);
#2094=ORIENTED_EDGE('',*,*,#2487,.F.);
#2095=ORIENTED_EDGE('',*,*,#3024,.T.);
#2096=ORIENTED_EDGE('',*,*,#3025,.T.);
#2097=ORIENTED_EDGE('',*,*,#3026,.T.);
#2098=ORIENTED_EDGE('',*,*,#2481,.F.);
#2099=ORIENTED_EDGE('',*,*,#3023,.F.);
#2100=ORIENTED_EDGE('',*,*,#3025,.F.);
#2101=ORIENTED_EDGE('',*,*,#3027,.T.);
#2102=ORIENTED_EDGE('',*,*,#2950,.T.);
#2103=ORIENTED_EDGE('',*,*,#3028,.T.);
#2104=ORIENTED_EDGE('',*,*,#2920,.T.);
#2105=ORIENTED_EDGE('',*,*,#3029,.T.);
#2106=ORIENTED_EDGE('',*,*,#3030,.F.);
#2107=ORIENTED_EDGE('',*,*,#3031,.T.);
#2108=ORIENTED_EDGE('',*,*,#3030,.T.);
#2109=ORIENTED_EDGE('',*,*,#3032,.T.);
#2110=ORIENTED_EDGE('',*,*,#2470,.T.);
#2111=ORIENTED_EDGE('',*,*,#3033,.F.);
#2112=ORIENTED_EDGE('',*,*,#2472,.T.);
#2113=ORIENTED_EDGE('',*,*,#3034,.T.);
#2114=ORIENTED_EDGE('',*,*,#3035,.T.);
#2115=ORIENTED_EDGE('',*,*,#2466,.F.);
#2116=ORIENTED_EDGE('',*,*,#3036,.F.);
#2117=ORIENTED_EDGE('',*,*,#2476,.F.);
#2118=ORIENTED_EDGE('',*,*,#2479,.F.);
#2119=ORIENTED_EDGE('',*,*,#3037,.T.);
#2120=ORIENTED_EDGE('',*,*,#2457,.F.);
#2121=ORIENTED_EDGE('',*,*,#3036,.T.);
#2122=ORIENTED_EDGE('',*,*,#2465,.F.);
#2123=ORIENTED_EDGE('',*,*,#3038,.T.);
#2124=ORIENTED_EDGE('',*,*,#2469,.T.);
#2125=ORIENTED_EDGE('',*,*,#3039,.F.);
#2126=ORIENTED_EDGE('',*,*,#2473,.T.);
#2127=ORIENTED_EDGE('',*,*,#3033,.T.);
#2128=ORIENTED_EDGE('',*,*,#3039,.T.);
#2129=ORIENTED_EDGE('',*,*,#2468,.F.);
#2130=ORIENTED_EDGE('',*,*,#3040,.F.);
#2131=ORIENTED_EDGE('',*,*,#2474,.F.);
#2132=ORIENTED_EDGE('',*,*,#2475,.T.);
#2133=ORIENTED_EDGE('',*,*,#3040,.T.);
#2134=ORIENTED_EDGE('',*,*,#2467,.T.);
#2135=ORIENTED_EDGE('',*,*,#3035,.F.);
#2136=ORIENTED_EDGE('',*,*,#2683,.F.);
#2137=ORIENTED_EDGE('',*,*,#2742,.F.);
#2138=ORIENTED_EDGE('',*,*,#3041,.F.);
#2139=ORIENTED_EDGE('',*,*,#2541,.F.);
#2140=ORIENTED_EDGE('',*,*,#3041,.T.);
#2141=ORIENTED_EDGE('',*,*,#2741,.F.);
#2142=ORIENTED_EDGE('',*,*,#3042,.F.);
#2143=ORIENTED_EDGE('',*,*,#2979,.F.);
#2144=ORIENTED_EDGE('',*,*,#3042,.T.);
#2145=ORIENTED_EDGE('',*,*,#2740,.F.);
#2146=ORIENTED_EDGE('',*,*,#3043,.F.);
#2147=ORIENTED_EDGE('',*,*,#2977,.F.);
#2148=ORIENTED_EDGE('',*,*,#2739,.F.);
#2149=ORIENTED_EDGE('',*,*,#3044,.F.);
#2150=ORIENTED_EDGE('',*,*,#2973,.F.);
#2151=ORIENTED_EDGE('',*,*,#3043,.T.);
#2152=ORIENTED_EDGE('',*,*,#2685,.F.);
#2153=ORIENTED_EDGE('',*,*,#2527,.F.);
#2154=ORIENTED_EDGE('',*,*,#3045,.F.);
#2155=ORIENTED_EDGE('',*,*,#2747,.F.);
#2156=ORIENTED_EDGE('',*,*,#2749,.F.);
#2157=ORIENTED_EDGE('',*,*,#2748,.F.);
#2158=ORIENTED_EDGE('',*,*,#3045,.T.);
#2159=ORIENTED_EDGE('',*,*,#2974,.F.);
#2160=ORIENTED_EDGE('',*,*,#3044,.T.);
#2161=ORIENTED_EDGE('',*,*,#2681,.F.);
#2162=ORIENTED_EDGE('',*,*,#2508,.F.);
#2163=ORIENTED_EDGE('',*,*,#3046,.F.);
#2164=ORIENTED_EDGE('',*,*,#2743,.F.);
#2165=ORIENTED_EDGE('',*,*,#3046,.T.);
#2166=ORIENTED_EDGE('',*,*,#2957,.F.);
#2167=ORIENTED_EDGE('',*,*,#3047,.F.);
#2168=ORIENTED_EDGE('',*,*,#2744,.F.);
#2169=ORIENTED_EDGE('',*,*,#3047,.T.);
#2170=ORIENTED_EDGE('',*,*,#2512,.F.);
#2171=ORIENTED_EDGE('',*,*,#2679,.F.);
#2172=ORIENTED_EDGE('',*,*,#2745,.F.);
#2173=ORIENTED_EDGE('',*,*,#2697,.F.);
#2174=ORIENTED_EDGE('',*,*,#2492,.F.);
#2175=ORIENTED_EDGE('',*,*,#3048,.F.);
#2176=ORIENTED_EDGE('',*,*,#2569,.F.);
#2177=ORIENTED_EDGE('',*,*,#3048,.T.);
#2178=ORIENTED_EDGE('',*,*,#2946,.F.);
#2179=ORIENTED_EDGE('',*,*,#3049,.F.);
#2180=ORIENTED_EDGE('',*,*,#2570,.F.);
#2181=ORIENTED_EDGE('',*,*,#3049,.T.);
#2182=ORIENTED_EDGE('',*,*,#2944,.F.);
#2183=ORIENTED_EDGE('',*,*,#3050,.F.);
#2184=ORIENTED_EDGE('',*,*,#2559,.F.);
#2185=ORIENTED_EDGE('',*,*,#3050,.T.);
#2186=ORIENTED_EDGE('',*,*,#2941,.F.);
#2187=ORIENTED_EDGE('',*,*,#3051,.F.);
#2188=ORIENTED_EDGE('',*,*,#2560,.F.);
#2189=ORIENTED_EDGE('',*,*,#2694,.F.);
#2190=ORIENTED_EDGE('',*,*,#2759,.F.);
#2191=ORIENTED_EDGE('',*,*,#3052,.F.);
#2192=ORIENTED_EDGE('',*,*,#2937,.F.);
#2193=ORIENTED_EDGE('',*,*,#3051,.T.);
#2194=ORIENTED_EDGE('',*,*,#2940,.F.);
#2195=ORIENTED_EDGE('',*,*,#3052,.T.);
#2196=ORIENTED_EDGE('',*,*,#2758,.F.);
#2197=ORIENTED_EDGE('',*,*,#2757,.F.);
#2198=ORIENTED_EDGE('',*,*,#2698,.F.);
#2199=ORIENTED_EDGE('',*,*,#2567,.F.);
#2200=ORIENTED_EDGE('',*,*,#3053,.F.);
#2201=ORIENTED_EDGE('',*,*,#2462,.F.);
#2202=ORIENTED_EDGE('',*,*,#3053,.T.);
#2203=ORIENTED_EDGE('',*,*,#2566,.F.);
#2204=ORIENTED_EDGE('',*,*,#3054,.F.);
#2205=ORIENTED_EDGE('',*,*,#2919,.F.);
#2206=ORIENTED_EDGE('',*,*,#3054,.T.);
#2207=ORIENTED_EDGE('',*,*,#2565,.F.);
#2208=ORIENTED_EDGE('',*,*,#2702,.F.);
#2209=ORIENTED_EDGE('',*,*,#2460,.F.);
#2210=ORIENTED_EDGE('',*,*,#3028,.F.);
#2211=ORIENTED_EDGE('',*,*,#2955,.F.);
#2212=ORIENTED_EDGE('',*,*,#3055,.F.);
#2213=ORIENTED_EDGE('',*,*,#2482,.F.);
#2214=ORIENTED_EDGE('',*,*,#3026,.F.);
#2215=ORIENTED_EDGE('',*,*,#3055,.T.);
#2216=ORIENTED_EDGE('',*,*,#2954,.F.);
#2217=ORIENTED_EDGE('',*,*,#3056,.F.);
#2218=ORIENTED_EDGE('',*,*,#2927,.F.);
#2219=ORIENTED_EDGE('',*,*,#3056,.T.);
#2220=ORIENTED_EDGE('',*,*,#2953,.F.);
#2221=ORIENTED_EDGE('',*,*,#3057,.F.);
#2222=ORIENTED_EDGE('',*,*,#2924,.F.);
#2223=ORIENTED_EDGE('',*,*,#3057,.T.);
#2224=ORIENTED_EDGE('',*,*,#2952,.F.);
#2225=ORIENTED_EDGE('',*,*,#3058,.F.);
#2226=ORIENTED_EDGE('',*,*,#2947,.F.);
#2227=ORIENTED_EDGE('',*,*,#3058,.T.);
#2228=ORIENTED_EDGE('',*,*,#2951,.F.);
#2229=ORIENTED_EDGE('',*,*,#3027,.F.);
#2230=ORIENTED_EDGE('',*,*,#3024,.F.);
#2231=ORIENTED_EDGE('',*,*,#2486,.F.);
#2232=ORIENTED_EDGE('',*,*,#3019,.F.);
#2233=ORIENTED_EDGE('',*,*,#2932,.F.);
#2234=ORIENTED_EDGE('',*,*,#3059,.F.);
#2235=ORIENTED_EDGE('',*,*,#3059,.T.);
#2236=ORIENTED_EDGE('',*,*,#2939,.F.);
#2237=ORIENTED_EDGE('',*,*,#3060,.F.);
#2238=ORIENTED_EDGE('',*,*,#2452,.F.);
#2239=ORIENTED_EDGE('',*,*,#3060,.T.);
#2240=ORIENTED_EDGE('',*,*,#2943,.F.);
#2241=ORIENTED_EDGE('',*,*,#3061,.F.);
#2242=ORIENTED_EDGE('',*,*,#2449,.F.);
#2243=ORIENTED_EDGE('',*,*,#2490,.F.);
#2244=ORIENTED_EDGE('',*,*,#3017,.F.);
#2245=ORIENTED_EDGE('',*,*,#3062,.F.);
#2246=ORIENTED_EDGE('',*,*,#3061,.T.);
#2247=ORIENTED_EDGE('',*,*,#2945,.F.);
#2248=ORIENTED_EDGE('',*,*,#3062,.T.);
#2249=ORIENTED_EDGE('',*,*,#2450,.F.);
#2250=ORIENTED_EDGE('',*,*,#3038,.F.);
#2251=ORIENTED_EDGE('',*,*,#2464,.F.);
#2252=ORIENTED_EDGE('',*,*,#3063,.F.);
#2253=ORIENTED_EDGE('',*,*,#2480,.F.);
#2254=ORIENTED_EDGE('',*,*,#3063,.T.);
#2255=ORIENTED_EDGE('',*,*,#2918,.F.);
#2256=ORIENTED_EDGE('',*,*,#3064,.F.);
#2257=ORIENTED_EDGE('',*,*,#2477,.F.);
#2258=ORIENTED_EDGE('',*,*,#3064,.T.);
#2259=ORIENTED_EDGE('',*,*,#2458,.F.);
#2260=ORIENTED_EDGE('',*,*,#3037,.F.);
#2261=ORIENTED_EDGE('',*,*,#2478,.F.);
#2262=ORIENTED_EDGE('',*,*,#2998,.F.);
#2263=ORIENTED_EDGE('',*,*,#2968,.F.);
#2264=ORIENTED_EDGE('',*,*,#3065,.F.);
#2265=ORIENTED_EDGE('',*,*,#2990,.F.);
#2266=ORIENTED_EDGE('',*,*,#2995,.F.);
#2267=ORIENTED_EDGE('',*,*,#3065,.T.);
#2268=ORIENTED_EDGE('',*,*,#2964,.F.);
#2269=ORIENTED_EDGE('',*,*,#3066,.F.);
#2270=ORIENTED_EDGE('',*,*,#2991,.F.);
#2271=ORIENTED_EDGE('',*,*,#3066,.T.);
#2272=ORIENTED_EDGE('',*,*,#2961,.F.);
#2273=ORIENTED_EDGE('',*,*,#3067,.F.);
#2274=ORIENTED_EDGE('',*,*,#2992,.F.);
#2275=ORIENTED_EDGE('',*,*,#3067,.T.);
#2276=ORIENTED_EDGE('',*,*,#2984,.F.);
#2277=ORIENTED_EDGE('',*,*,#3068,.F.);
#2278=ORIENTED_EDGE('',*,*,#2987,.F.);
#2279=ORIENTED_EDGE('',*,*,#3068,.T.);
#2280=ORIENTED_EDGE('',*,*,#2981,.F.);
#2281=ORIENTED_EDGE('',*,*,#2996,.F.);
#2282=ORIENTED_EDGE('',*,*,#2993,.F.);
#2283=ORIENTED_EDGE('',*,*,#2988,.F.);
#2284=ORIENTED_EDGE('',*,*,#2525,.F.);
#2285=ORIENTED_EDGE('',*,*,#3004,.F.);
#2286=ORIENTED_EDGE('',*,*,#3069,.F.);
#2287=ORIENTED_EDGE('',*,*,#3069,.T.);
#2288=ORIENTED_EDGE('',*,*,#2456,.F.);
#2289=ORIENTED_EDGE('',*,*,#3070,.F.);
#2290=ORIENTED_EDGE('',*,*,#2971,.F.);
#2291=ORIENTED_EDGE('',*,*,#3070,.T.);
#2292=ORIENTED_EDGE('',*,*,#2455,.F.);
#2293=ORIENTED_EDGE('',*,*,#3071,.F.);
#2294=ORIENTED_EDGE('',*,*,#2975,.F.);
#2295=ORIENTED_EDGE('',*,*,#3003,.F.);
#2296=ORIENTED_EDGE('',*,*,#2534,.F.);
#2297=ORIENTED_EDGE('',*,*,#3072,.F.);
#2298=ORIENTED_EDGE('',*,*,#3071,.T.);
#2299=ORIENTED_EDGE('',*,*,#2454,.F.);
#2300=ORIENTED_EDGE('',*,*,#3072,.T.);
#2301=ORIENTED_EDGE('',*,*,#2978,.F.);
#2302=ORIENTED_EDGE('',*,*,#3016,.F.);
#2303=ORIENTED_EDGE('',*,*,#2959,.F.);
#2304=ORIENTED_EDGE('',*,*,#3015,.F.);
#2305=ORIENTED_EDGE('',*,*,#3012,.F.);
#2306=ORIENTED_EDGE('',*,*,#2499,.F.);
#2307=ORIENTED_EDGE('',*,*,#3014,.F.);
#2308=ORIENTED_EDGE('',*,*,#3008,.F.);
#2309=ORIENTED_EDGE('',*,*,#2523,.F.);
#2310=ORIENTED_EDGE('',*,*,#3073,.F.);
#2311=ORIENTED_EDGE('',*,*,#2506,.F.);
#2312=ORIENTED_EDGE('',*,*,#3073,.T.);
#2313=ORIENTED_EDGE('',*,*,#2522,.F.);
#2314=ORIENTED_EDGE('',*,*,#3074,.F.);
#2315=ORIENTED_EDGE('',*,*,#2956,.F.);
#2316=ORIENTED_EDGE('',*,*,#3074,.T.);
#2317=ORIENTED_EDGE('',*,*,#2521,.F.);
#2318=ORIENTED_EDGE('',*,*,#3007,.F.);
#2319=ORIENTED_EDGE('',*,*,#2514,.F.);
#2320=ORIENTED_EDGE('',*,*,#3034,.F.);
#2321=ORIENTED_EDGE('',*,*,#2471,.F.);
#2322=ORIENTED_EDGE('',*,*,#3032,.F.);
#2323=ORIENTED_EDGE('',*,*,#3029,.F.);
#2324=ORIENTED_EDGE('',*,*,#2921,.F.);
#2325=ORIENTED_EDGE('',*,*,#3031,.F.);
#2326=ORIENTED_EDGE('',*,*,#2701,.F.);
#2327=ORIENTED_EDGE('',*,*,#2922,.F.);
#2328=ORIENTED_EDGE('',*,*,#2699,.F.);
#2329=ORIENTED_EDGE('',*,*,#2461,.F.);
#2330=ORIENTED_EDGE('',*,*,#3075,.T.);
#2331=ORIENTED_EDGE('',*,*,#2551,.T.);
#2332=ORIENTED_EDGE('',*,*,#3076,.F.);
#2333=ORIENTED_EDGE('',*,*,#2800,.F.);
#2334=ORIENTED_EDGE('',*,*,#3076,.T.);
#2335=ORIENTED_EDGE('',*,*,#2558,.T.);
#2336=ORIENTED_EDGE('',*,*,#3077,.F.);
#2337=ORIENTED_EDGE('',*,*,#2801,.F.);
#2338=ORIENTED_EDGE('',*,*,#3077,.T.);
#2339=ORIENTED_EDGE('',*,*,#2557,.T.);
#2340=ORIENTED_EDGE('',*,*,#3078,.F.);
#2341=ORIENTED_EDGE('',*,*,#2802,.F.);
#2342=ORIENTED_EDGE('',*,*,#3078,.T.);
#2343=ORIENTED_EDGE('',*,*,#2556,.T.);
#2344=ORIENTED_EDGE('',*,*,#3079,.F.);
#2345=ORIENTED_EDGE('',*,*,#2803,.F.);
#2346=ORIENTED_EDGE('',*,*,#3079,.T.);
#2347=ORIENTED_EDGE('',*,*,#2555,.T.);
#2348=ORIENTED_EDGE('',*,*,#3080,.F.);
#2349=ORIENTED_EDGE('',*,*,#2804,.F.);
#2350=ORIENTED_EDGE('',*,*,#2805,.T.);
#2351=ORIENTED_EDGE('',*,*,#3080,.T.);
#2352=ORIENTED_EDGE('',*,*,#2554,.F.);
#2353=ORIENTED_EDGE('',*,*,#3081,.F.);
#2354=ORIENTED_EDGE('',*,*,#3081,.T.);
#2355=ORIENTED_EDGE('',*,*,#2553,.T.);
#2356=ORIENTED_EDGE('',*,*,#3082,.F.);
#2357=ORIENTED_EDGE('',*,*,#2806,.F.);
#2358=ORIENTED_EDGE('',*,*,#2799,.T.);
#2359=ORIENTED_EDGE('',*,*,#3082,.T.);
#2360=ORIENTED_EDGE('',*,*,#2552,.F.);
#2361=ORIENTED_EDGE('',*,*,#3075,.F.);
#2362=ORIENTED_EDGE('',*,*,#3083,.T.);
#2363=ORIENTED_EDGE('',*,*,#2543,.T.);
#2364=ORIENTED_EDGE('',*,*,#3084,.F.);
#2365=ORIENTED_EDGE('',*,*,#2792,.F.);
#2366=ORIENTED_EDGE('',*,*,#3084,.T.);
#2367=ORIENTED_EDGE('',*,*,#2550,.T.);
#2368=ORIENTED_EDGE('',*,*,#3085,.F.);
#2369=ORIENTED_EDGE('',*,*,#2793,.F.);
#2370=ORIENTED_EDGE('',*,*,#2794,.T.);
#2371=ORIENTED_EDGE('',*,*,#3085,.T.);
#2372=ORIENTED_EDGE('',*,*,#2549,.F.);
#2373=ORIENTED_EDGE('',*,*,#3086,.F.);
#2374=ORIENTED_EDGE('',*,*,#3086,.T.);
#2375=ORIENTED_EDGE('',*,*,#2548,.T.);
#2376=ORIENTED_EDGE('',*,*,#3087,.F.);
#2377=ORIENTED_EDGE('',*,*,#2795,.F.);
#2378=ORIENTED_EDGE('',*,*,#2796,.T.);
#2379=ORIENTED_EDGE('',*,*,#3087,.T.);
#2380=ORIENTED_EDGE('',*,*,#2547,.F.);
#2381=ORIENTED_EDGE('',*,*,#3088,.F.);
#2382=ORIENTED_EDGE('',*,*,#3088,.T.);
#2383=ORIENTED_EDGE('',*,*,#2546,.T.);
#2384=ORIENTED_EDGE('',*,*,#3089,.F.);
#2385=ORIENTED_EDGE('',*,*,#2797,.F.);
#2386=ORIENTED_EDGE('',*,*,#3089,.T.);
#2387=ORIENTED_EDGE('',*,*,#2545,.T.);
#2388=ORIENTED_EDGE('',*,*,#3090,.F.);
#2389=ORIENTED_EDGE('',*,*,#2798,.F.);
#2390=ORIENTED_EDGE('',*,*,#3090,.T.);
#2391=ORIENTED_EDGE('',*,*,#2544,.T.);
#2392=ORIENTED_EDGE('',*,*,#3083,.F.);
#2393=ORIENTED_EDGE('',*,*,#2791,.F.);
#2394=ORIENTED_EDGE('',*,*,#2773,.T.);
#2395=ORIENTED_EDGE('',*,*,#3091,.T.);
#2396=ORIENTED_EDGE('',*,*,#2731,.T.);
#2397=ORIENTED_EDGE('',*,*,#3092,.F.);
#2398=ORIENTED_EDGE('',*,*,#2774,.T.);
#2399=ORIENTED_EDGE('',*,*,#3092,.T.);
#2400=ORIENTED_EDGE('',*,*,#2730,.T.);
#2401=ORIENTED_EDGE('',*,*,#3093,.F.);
#2402=ORIENTED_EDGE('',*,*,#2775,.T.);
#2403=ORIENTED_EDGE('',*,*,#3093,.T.);
#2404=ORIENTED_EDGE('',*,*,#2737,.T.);
#2405=ORIENTED_EDGE('',*,*,#3094,.F.);
#2406=ORIENTED_EDGE('',*,*,#2776,.T.);
#2407=ORIENTED_EDGE('',*,*,#3094,.T.);
#2408=ORIENTED_EDGE('',*,*,#2736,.T.);
#2409=ORIENTED_EDGE('',*,*,#3095,.F.);
#2410=ORIENTED_EDGE('',*,*,#3095,.T.);
#2411=ORIENTED_EDGE('',*,*,#2735,.F.);
#2412=ORIENTED_EDGE('',*,*,#3096,.F.);
#2413=ORIENTED_EDGE('',*,*,#2777,.F.);
#2414=ORIENTED_EDGE('',*,*,#2778,.T.);
#2415=ORIENTED_EDGE('',*,*,#3096,.T.);
#2416=ORIENTED_EDGE('',*,*,#2734,.T.);
#2417=ORIENTED_EDGE('',*,*,#3097,.F.);
#2418=ORIENTED_EDGE('',*,*,#3097,.T.);
#2419=ORIENTED_EDGE('',*,*,#2733,.F.);
#2420=ORIENTED_EDGE('',*,*,#3098,.F.);
#2421=ORIENTED_EDGE('',*,*,#2779,.F.);
#2422=ORIENTED_EDGE('',*,*,#2780,.T.);
#2423=ORIENTED_EDGE('',*,*,#3098,.T.);
#2424=ORIENTED_EDGE('',*,*,#2732,.T.);
#2425=ORIENTED_EDGE('',*,*,#3091,.F.);
#2426=ORIENTED_EDGE('',*,*,#2772,.T.);
#2427=ORIENTED_EDGE('',*,*,#2729,.T.);
#2428=ORIENTED_EDGE('',*,*,#3099,.T.);
#2429=ORIENTED_EDGE('',*,*,#3100,.F.);
#2430=ORIENTED_EDGE('',*,*,#3101,.F.);
#2431=ORIENTED_EDGE('',*,*,#2542,.T.);
#2432=ORIENTED_EDGE('',*,*,#3101,.T.);
#2433=ORIENTED_EDGE('',*,*,#3099,.F.);
#2434=ORIENTED_EDGE('',*,*,#2444,.F.);
#2435=ORIENTED_EDGE('',*,*,#3102,.F.);
#2436=ORIENTED_EDGE('',*,*,#3103,.T.);
#2437=ORIENTED_EDGE('',*,*,#2442,.F.);
#2438=ORIENTED_EDGE('',*,*,#3102,.T.);
#2439=ORIENTED_EDGE('',*,*,#3103,.F.);
#2440=ORIENTED_EDGE('',*,*,#3100,.T.);
#2441=EDGE_CURVE('',#3104,#3104,#3532,.T.);
#2442=EDGE_CURVE('',#3105,#3105,#3533,.T.);
#2443=EDGE_CURVE('',#3106,#3106,#3534,.T.);
#2444=EDGE_CURVE('',#3107,#3107,#3535,.T.);
#2445=EDGE_CURVE('',#3108,#3109,#1056,.T.);
#2446=EDGE_CURVE('',#3109,#3108,#3536,.T.);
#2447=EDGE_CURVE('',#3110,#3111,#3537,.F.);
#2448=EDGE_CURVE('',#3111,#3110,#1057,.T.);
#2449=EDGE_CURVE('',#3112,#3113,#57,.F.);
#2450=EDGE_CURVE('',#3113,#3114,#3538,.T.);
#2451=EDGE_CURVE('',#3114,#3115,#58,.T.);
#2452=EDGE_CURVE('',#3115,#3112,#3539,.T.);
#2453=EDGE_CURVE('',#3116,#3117,#59,.T.);
#2454=EDGE_CURVE('',#3116,#3118,#3540,.F.);
#2455=EDGE_CURVE('',#3118,#3119,#60,.T.);
#2456=EDGE_CURVE('',#3119,#3117,#3541,.F.);
#2457=EDGE_CURVE('',#3120,#3121,#33,.T.);
#2458=EDGE_CURVE('',#3121,#3122,#3542,.F.);
#2459=EDGE_CURVE('',#3122,#3123,#61,.T.);
#2460=EDGE_CURVE('',#3123,#3124,#3543,.T.);
#2461=EDGE_CURVE('',#3124,#3125,#3544,.T.);
#2462=EDGE_CURVE('',#3125,#3126,#3545,.T.);
#2463=EDGE_CURVE('',#3127,#3126,#62,.T.);
#2464=EDGE_CURVE('',#3127,#3128,#3546,.F.);
#2465=EDGE_CURVE('',#3128,#3129,#34,.T.);
#2466=EDGE_CURVE('',#3129,#3130,#35,.T.);
#2467=EDGE_CURVE('',#3131,#3130,#3547,.T.);
#2468=EDGE_CURVE('',#3131,#3132,#63,.F.);
#2469=EDGE_CURVE('',#3133,#3132,#3548,.T.);
#2470=EDGE_CURVE('',#3134,#3133,#36,.T.);
#2471=EDGE_CURVE('',#3134,#3135,#3549,.F.);
#2472=EDGE_CURVE('',#3136,#3135,#37,.T.);
#2473=EDGE_CURVE('',#3137,#3136,#3550,.T.);
#2474=EDGE_CURVE('',#3137,#3138,#64,.T.);
#2475=EDGE_CURVE('',#3139,#3138,#3551,.T.);
#2476=EDGE_CURVE('',#3139,#3120,#38,.T.);
#2477=EDGE_CURVE('',#3140,#3141,#65,.T.);
#2478=EDGE_CURVE('',#3141,#3142,#3552,.T.);
#2479=EDGE_CURVE('',#3142,#3143,#66,.T.);
#2480=EDGE_CURVE('',#3143,#3140,#3553,.T.);
#2481=EDGE_CURVE('',#3144,#3145,#67,.T.);
#2482=EDGE_CURVE('',#3145,#3146,#68,.F.);
#2483=EDGE_CURVE('',#3146,#3147,#69,.T.);
#2484=EDGE_CURVE('',#3147,#3144,#70,.T.);
#2485=EDGE_CURVE('',#3148,#3149,#71,.T.);
#2486=EDGE_CURVE('',#3148,#3150,#72,.T.);
#2487=EDGE_CURVE('',#3150,#3151,#73,.T.);
#2488=EDGE_CURVE('',#3151,#3149,#74,.T.);
#2489=EDGE_CURVE('',#3152,#3153,#75,.T.);
#2490=EDGE_CURVE('',#3152,#3154,#76,.F.);
#2491=EDGE_CURVE('',#3154,#3155,#77,.T.);
#2492=EDGE_CURVE('',#3155,#3156,#78,.T.);
#2493=EDGE_CURVE('',#3156,#3157,#79,.T.);
#2494=EDGE_CURVE('',#3158,#3157,#80,.T.);
#2495=EDGE_CURVE('',#3159,#3158,#81,.T.);
#2496=EDGE_CURVE('',#3159,#3160,#82,.T.);
#2497=EDGE_CURVE('',#3153,#3160,#83,.T.);
#2498=EDGE_CURVE('',#3161,#3162,#39,.F.);
#2499=EDGE_CURVE('',#3161,#3163,#3554,.T.);
#2500=EDGE_CURVE('',#3164,#3163,#40,.F.);
#2501=EDGE_CURVE('',#3165,#3164,#3555,.F.);
#2502=EDGE_CURVE('',#3165,#3166,#84,.T.);
#2503=EDGE_CURVE('',#3166,#3167,#3556,.F.);
#2504=EDGE_CURVE('',#3167,#3168,#41,.F.);
#2505=EDGE_CURVE('',#3168,#3169,#42,.F.);
#2506=EDGE_CURVE('',#3169,#3170,#3557,.T.);
#2507=EDGE_CURVE('',#3170,#3171,#85,.T.);
#2508=EDGE_CURVE('',#3171,#3172,#3558,.F.);
#2509=EDGE_CURVE('',#3172,#3173,#86,.T.);
#2510=EDGE_CURVE('',#3174,#3173,#3559,.T.);
#2511=EDGE_CURVE('',#3174,#3175,#87,.F.);
#2512=EDGE_CURVE('',#3175,#3176,#3560,.F.);
#2513=EDGE_CURVE('',#3177,#3176,#88,.T.);
#2514=EDGE_CURVE('',#3177,#3178,#3561,.T.);
#2515=EDGE_CURVE('',#3178,#3179,#43,.F.);
#2516=EDGE_CURVE('',#3179,#3180,#44,.F.);
#2517=EDGE_CURVE('',#3180,#3181,#3562,.F.);
#2518=EDGE_CURVE('',#3181,#3182,#89,.F.);
#2519=EDGE_CURVE('',#3162,#3182,#3563,.F.);
#2520=EDGE_CURVE('',#3183,#3184,#90,.T.);
#2521=EDGE_CURVE('',#3183,#3185,#3564,.F.);
#2522=EDGE_CURVE('',#3185,#3186,#91,.F.);
#2523=EDGE_CURVE('',#3186,#3184,#3565,.F.);
#2524=EDGE_CURVE('',#3187,#3188,#92,.T.);
#2525=EDGE_CURVE('',#3188,#3189,#93,.T.);
#2526=EDGE_CURVE('',#3189,#3190,#94,.T.);
#2527=EDGE_CURVE('',#3190,#3191,#95,.T.);
#2528=EDGE_CURVE('',#3191,#3192,#96,.T.);
#2529=EDGE_CURVE('',#3193,#3192,#97,.T.);
#2530=EDGE_CURVE('',#3194,#3193,#98,.T.);
#2531=EDGE_CURVE('',#3194,#3195,#99,.T.);
#2532=EDGE_CURVE('',#3195,#3187,#100,.T.);
#2533=EDGE_CURVE('',#3196,#3197,#101,.T.);
#2534=EDGE_CURVE('',#3196,#3198,#102,.T.);
#2535=EDGE_CURVE('',#3199,#3198,#103,.T.);
#2536=EDGE_CURVE('',#3200,#3199,#104,.T.);
#2537=EDGE_CURVE('',#3201,#3200,#105,.T.);
#2538=EDGE_CURVE('',#3201,#3202,#106,.T.);
#2539=EDGE_CURVE('',#3202,#3203,#107,.T.);
#2540=EDGE_CURVE('',#3203,#3204,#108,.T.);
#2541=EDGE_CURVE('',#3204,#3197,#109,.T.);
#2542=EDGE_CURVE('',#3205,#3205,#3566,.T.);
#2543=EDGE_CURVE('',#3206,#3207,#110,.T.);
#2544=EDGE_CURVE('',#3208,#3206,#3567,.T.);
#2545=EDGE_CURVE('',#3209,#3208,#111,.T.);
#2546=EDGE_CURVE('',#3210,#3209,#3568,.T.);
#2547=EDGE_CURVE('',#3210,#3211,#112,.T.);
#2548=EDGE_CURVE('',#3212,#3211,#3569,.T.);
#2549=EDGE_CURVE('',#3212,#3213,#113,.T.);
#2550=EDGE_CURVE('',#3207,#3213,#3570,.T.);
#2551=EDGE_CURVE('',#3214,#3215,#3571,.T.);
#2552=EDGE_CURVE('',#3214,#3216,#114,.T.);
#2553=EDGE_CURVE('',#3217,#3216,#3572,.T.);
#2554=EDGE_CURVE('',#3217,#3218,#115,.T.);
#2555=EDGE_CURVE('',#3219,#3218,#3573,.T.);
#2556=EDGE_CURVE('',#3220,#3219,#116,.T.);
#2557=EDGE_CURVE('',#3221,#3220,#3574,.T.);
#2558=EDGE_CURVE('',#3215,#3221,#117,.T.);
#2559=EDGE_CURVE('',#3222,#3223,#118,.T.);
#2560=EDGE_CURVE('',#3223,#3110,#3575,.F.);
#2561=EDGE_CURVE('',#3224,#3111,#119,.T.);
#2562=EDGE_CURVE('',#3224,#3225,#1058,.T.);
#2563=EDGE_CURVE('',#3225,#3226,#120,.T.);
#2564=EDGE_CURVE('',#3227,#3226,#121,.T.);
#2565=EDGE_CURVE('',#3227,#3228,#3576,.F.);
#2566=EDGE_CURVE('',#3228,#3229,#122,.T.);
#2567=EDGE_CURVE('',#3229,#3230,#3577,.F.);
#2568=EDGE_CURVE('',#3231,#3230,#123,.T.);
#2569=EDGE_CURVE('',#3231,#3232,#124,.T.);
#2570=EDGE_CURVE('',#3232,#3222,#3578,.F.);
#2571=EDGE_CURVE('',#3233,#3234,#125,.T.);
#2572=EDGE_CURVE('',#3234,#3235,#126,.T.);
#2573=EDGE_CURVE('',#3236,#3235,#127,.T.);
#2574=EDGE_CURVE('',#3236,#3237,#128,.T.);
#2575=EDGE_CURVE('',#3237,#3238,#129,.T.);
#2576=EDGE_CURVE('',#3239,#3238,#3579,.T.);
#2577=EDGE_CURVE('',#3239,#3240,#130,.T.);
#2578=EDGE_CURVE('',#3241,#3240,#3580,.T.);
#2579=EDGE_CURVE('',#3241,#3242,#131,.T.);
#2580=EDGE_CURVE('',#3242,#3233,#132,.T.);
#2581=EDGE_CURVE('',#3243,#3244,#133,.T.);
#2582=EDGE_CURVE('',#3244,#3245,#134,.T.);
#2583=EDGE_CURVE('',#3246,#3245,#135,.T.);
#2584=EDGE_CURVE('',#3246,#3243,#136,.T.);
#2585=EDGE_CURVE('',#3247,#3248,#137,.T.);
#2586=EDGE_CURVE('',#3247,#3249,#138,.T.);
#2587=EDGE_CURVE('',#3250,#3249,#139,.T.);
#2588=EDGE_CURVE('',#3251,#3250,#140,.T.);
#2589=EDGE_CURVE('',#3252,#3251,#3581,.T.);
#2590=EDGE_CURVE('',#3253,#3252,#141,.T.);
#2591=EDGE_CURVE('',#3253,#3254,#142,.T.);
#2592=EDGE_CURVE('',#3255,#3254,#143,.T.);
#2593=EDGE_CURVE('',#3248,#3255,#144,.T.);
#2594=EDGE_CURVE('',#3256,#3257,#145,.T.);
#2595=EDGE_CURVE('',#3258,#3256,#146,.T.);
#2596=EDGE_CURVE('',#3259,#3258,#147,.T.);
#2597=EDGE_CURVE('',#3259,#3257,#148,.T.);
#2598=EDGE_CURVE('',#3260,#3261,#149,.T.);
#2599=EDGE_CURVE('',#3262,#3260,#150,.T.);
#2600=EDGE_CURVE('',#3262,#3263,#151,.T.);
#2601=EDGE_CURVE('',#3263,#3261,#152,.T.);
#2602=EDGE_CURVE('',#3264,#3265,#153,.T.);
#2603=EDGE_CURVE('',#3264,#3266,#154,.T.);
#2604=EDGE_CURVE('',#3266,#3267,#155,.T.);
#2605=EDGE_CURVE('',#3267,#3268,#156,.T.);
#2606=EDGE_CURVE('',#3269,#3268,#157,.T.);
#2607=EDGE_CURVE('',#3270,#3269,#158,.T.);
#2608=EDGE_CURVE('',#3270,#3271,#3582,.T.);
#2609=EDGE_CURVE('',#3271,#3272,#159,.T.);
#2610=EDGE_CURVE('',#3272,#3265,#160,.T.);
#2611=EDGE_CURVE('',#3239,#3273,#161,.T.);
#2612=EDGE_CURVE('',#3273,#3274,#162,.T.);
#2613=EDGE_CURVE('',#3240,#3274,#163,.T.);
#2614=EDGE_CURVE('',#3275,#3276,#164,.T.);
#2615=EDGE_CURVE('',#3275,#3277,#3583,.T.);
#2616=EDGE_CURVE('',#3278,#3277,#165,.T.);
#2617=EDGE_CURVE('',#3279,#3278,#3584,.T.);
#2618=EDGE_CURVE('',#3280,#3279,#166,.T.);
#2619=EDGE_CURVE('',#3280,#3281,#3585,.T.);
#2620=EDGE_CURVE('',#3281,#3282,#167,.T.);
#2621=EDGE_CURVE('',#3283,#3282,#3586,.T.);
#2622=EDGE_CURVE('',#3283,#3241,#168,.T.);
#2623=EDGE_CURVE('',#3276,#3274,#3587,.T.);
#2624=EDGE_CURVE('',#3279,#3284,#169,.T.);
#2625=EDGE_CURVE('',#3285,#3284,#170,.T.);
#2626=EDGE_CURVE('',#3285,#3280,#171,.T.);
#2627=EDGE_CURVE('',#3270,#3286,#172,.T.);
#2628=EDGE_CURVE('',#3287,#3269,#173,.T.);
#2629=EDGE_CURVE('',#3288,#3287,#174,.T.);
#2630=EDGE_CURVE('',#3289,#3288,#175,.T.);
#2631=EDGE_CURVE('',#3289,#3290,#176,.T.);
#2632=EDGE_CURVE('',#3290,#3291,#177,.T.);
#2633=EDGE_CURVE('',#3286,#3291,#178,.T.);
#2634=EDGE_CURVE('',#3292,#3293,#179,.T.);
#2635=EDGE_CURVE('',#3294,#3293,#180,.T.);
#2636=EDGE_CURVE('',#3294,#3253,#181,.T.);
#2637=EDGE_CURVE('',#3252,#3295,#182,.T.);
#2638=EDGE_CURVE('',#3296,#3295,#183,.T.);
#2639=EDGE_CURVE('',#3297,#3296,#184,.T.);
#2640=EDGE_CURVE('',#3297,#3292,#185,.T.);
#2641=EDGE_CURVE('',#3298,#3238,#186,.T.);
#2642=EDGE_CURVE('',#3299,#3298,#3588,.T.);
#2643=EDGE_CURVE('',#3300,#3299,#187,.T.);
#2644=EDGE_CURVE('',#3300,#3301,#3589,.T.);
#2645=EDGE_CURVE('',#3301,#3302,#188,.T.);
#2646=EDGE_CURVE('',#3273,#3302,#3590,.T.);
#2647=EDGE_CURVE('',#3303,#3304,#3591,.F.);
#2648=EDGE_CURVE('',#3303,#3305,#189,.T.);
#2649=EDGE_CURVE('',#3305,#3306,#3592,.T.);
#2650=EDGE_CURVE('',#3307,#3306,#190,.T.);
#2651=EDGE_CURVE('',#3307,#3308,#3593,.T.);
#2652=EDGE_CURVE('',#3308,#3309,#3594,.T.);
#2653=EDGE_CURVE('',#3309,#3310,#191,.F.);
#2654=EDGE_CURVE('',#3310,#3311,#3595,.T.);
#2655=EDGE_CURVE('',#3311,#3312,#192,.T.);
#2656=EDGE_CURVE('',#3312,#3313,#3596,.T.);
#2657=EDGE_CURVE('',#3313,#3314,#1059,.T.);
#2658=EDGE_CURVE('',#3314,#3315,#1060,.T.);
#2659=EDGE_CURVE('',#3315,#3316,#3597,.T.);
#2660=EDGE_CURVE('',#3316,#3317,#193,.T.);
#2661=EDGE_CURVE('',#3317,#3318,#3598,.T.);
#2662=EDGE_CURVE('',#3319,#3318,#194,.F.);
#2663=EDGE_CURVE('',#3319,#3304,#3599,.T.);
#2664=EDGE_CURVE('',#3285,#3320,#3600,.F.);
#2665=EDGE_CURVE('',#3321,#3320,#3601,.T.);
#2666=EDGE_CURVE('',#3321,#3322,#195,.F.);
#2667=EDGE_CURVE('',#3290,#3322,#3602,.T.);
#2668=EDGE_CURVE('',#3323,#3289,#3603,.T.);
#2669=EDGE_CURVE('',#3324,#3323,#1061,.T.);
#2670=EDGE_CURVE('',#3325,#3324,#1062,.T.);
#2671=EDGE_CURVE('',#3292,#3325,#3604,.T.);
#2672=EDGE_CURVE('',#3326,#3297,#3605,.T.);
#2673=EDGE_CURVE('',#3327,#3326,#196,.F.);
#2674=EDGE_CURVE('',#3301,#3327,#3606,.T.);
#2675=EDGE_CURVE('',#3300,#3281,#197,.T.);
#2676=EDGE_CURVE('',#3328,#3329,#3607,.F.);
#2677=EDGE_CURVE('',#3330,#3329,#3608,.T.);
#2678=EDGE_CURVE('',#3331,#3330,#198,.T.);
#2679=EDGE_CURVE('',#3331,#3175,#199,.F.);
#2680=EDGE_CURVE('',#3173,#3174,#200,.T.);
#2681=EDGE_CURVE('',#3172,#3332,#201,.F.);
#2682=EDGE_CURVE('',#3333,#3332,#202,.T.);
#2683=EDGE_CURVE('',#3333,#3204,#203,.F.);
#2684=EDGE_CURVE('',#3192,#3203,#204,.T.);
#2685=EDGE_CURVE('',#3191,#3334,#205,.T.);
#2686=EDGE_CURVE('',#3335,#3334,#3609,.T.);
#2687=EDGE_CURVE('',#3336,#3335,#206,.T.);
#2688=EDGE_CURVE('',#3337,#3336,#3610,.T.);
#2689=EDGE_CURVE('',#3338,#3337,#1063,.T.);
#2690=EDGE_CURVE('',#3339,#3338,#1064,.T.);
#2691=EDGE_CURVE('',#3340,#3339,#3611,.T.);
#2692=EDGE_CURVE('',#3341,#3340,#207,.T.);
#2693=EDGE_CURVE('',#3342,#3341,#3612,.T.);
#2694=EDGE_CURVE('',#3342,#3343,#208,.T.);
#2695=EDGE_CURVE('',#3344,#3343,#209,.T.);
#2696=EDGE_CURVE('',#3344,#3157,#210,.T.);
#2697=EDGE_CURVE('',#3156,#3231,#211,.F.);
#2698=EDGE_CURVE('',#3230,#3125,#212,.F.);
#2699=EDGE_CURVE('',#3125,#3345,#3613,.T.);
#2700=EDGE_CURVE('',#3345,#3346,#213,.T.);
#2701=EDGE_CURVE('',#3346,#3124,#3614,.T.);
#2702=EDGE_CURVE('',#3124,#3227,#214,.F.);
#2703=EDGE_CURVE('',#3347,#3226,#3615,.T.);
#2704=EDGE_CURVE('',#3348,#3347,#3616,.T.);
#2705=EDGE_CURVE('',#3348,#3349,#215,.T.);
#2706=EDGE_CURVE('',#3350,#3349,#3617,.T.);
#2707=EDGE_CURVE('',#3328,#3350,#216,.T.);
#2708=EDGE_CURVE('',#3351,#3352,#3618,.F.);
#2709=EDGE_CURVE('',#3351,#3276,#217,.T.);
#2710=EDGE_CURVE('',#3302,#3353,#3619,.T.);
#2711=EDGE_CURVE('',#3354,#3353,#218,.T.);
#2712=EDGE_CURVE('',#3354,#3296,#3620,.T.);
#2713=EDGE_CURVE('',#3295,#3355,#3621,.T.);
#2714=EDGE_CURVE('',#3355,#3356,#1065,.T.);
#2715=EDGE_CURVE('',#3356,#3357,#1066,.T.);
#2716=EDGE_CURVE('',#3357,#3286,#3622,.T.);
#2717=EDGE_CURVE('',#3291,#3358,#3623,.T.);
#2718=EDGE_CURVE('',#3358,#3359,#219,.T.);
#2719=EDGE_CURVE('',#3359,#3352,#3624,.T.);
#2720=EDGE_CURVE('',#3225,#3309,#1067,.T.);
#2721=EDGE_CURVE('',#3310,#3224,#1068,.T.);
#2722=EDGE_CURVE('',#3360,#3319,#1069,.T.);
#2723=EDGE_CURVE('',#3318,#3361,#1070,.T.);
#2724=EDGE_CURVE('',#3361,#3360,#220,.T.);
#2725=EDGE_CURVE('',#3305,#3350,#221,.T.);
#2726=EDGE_CURVE('',#3306,#3349,#222,.T.);
#2727=EDGE_CURVE('',#3303,#3328,#223,.T.);
#2728=EDGE_CURVE('',#3304,#3329,#224,.T.);
#2729=EDGE_CURVE('',#3362,#3362,#3625,.T.);
#2730=EDGE_CURVE('',#3363,#3364,#3626,.T.);
#2731=EDGE_CURVE('',#3365,#3363,#225,.T.);
#2732=EDGE_CURVE('',#3366,#3365,#3627,.T.);
#2733=EDGE_CURVE('',#3366,#3367,#226,.T.);
#2734=EDGE_CURVE('',#3368,#3367,#3628,.T.);
#2735=EDGE_CURVE('',#3368,#3369,#227,.T.);
#2736=EDGE_CURVE('',#3370,#3369,#3629,.T.);
#2737=EDGE_CURVE('',#3364,#3370,#228,.T.);
#2738=EDGE_CURVE('',#3361,#3109,#229,.T.);
#2739=EDGE_CURVE('',#3108,#3371,#3630,.T.);
#2740=EDGE_CURVE('',#3371,#3372,#230,.T.);
#2741=EDGE_CURVE('',#3372,#3373,#3631,.T.);
#2742=EDGE_CURVE('',#3373,#3333,#231,.T.);
#2743=EDGE_CURVE('',#3332,#3374,#3632,.T.);
#2744=EDGE_CURVE('',#3374,#3375,#232,.T.);
#2745=EDGE_CURVE('',#3375,#3331,#3633,.T.);
#2746=EDGE_CURVE('',#3360,#3330,#233,.T.);
#2747=EDGE_CURVE('',#3334,#3376,#234,.F.);
#2748=EDGE_CURVE('',#3376,#3377,#1071,.T.);
#2749=EDGE_CURVE('',#3377,#3108,#1072,.F.);
#2750=EDGE_CURVE('',#3317,#3335,#235,.T.);
#2751=EDGE_CURVE('',#3316,#3336,#236,.F.);
#2752=EDGE_CURVE('',#3315,#3337,#237,.T.);
#2753=EDGE_CURVE('',#3314,#3338,#238,.T.);
#2754=EDGE_CURVE('',#3313,#3339,#239,.T.);
#2755=EDGE_CURVE('',#3312,#3340,#240,.T.);
#2756=EDGE_CURVE('',#3311,#3341,#241,.T.);
#2757=EDGE_CURVE('',#3110,#3378,#1073,.T.);
#2758=EDGE_CURVE('',#3378,#3379,#1074,.T.);
#2759=EDGE_CURVE('',#3379,#3342,#242,.T.);
#2760=EDGE_CURVE('',#3308,#3347,#243,.T.);
#2761=EDGE_CURVE('',#3307,#3348,#244,.T.);
#2762=EDGE_CURVE('',#3326,#3380,#1075,.T.);
#2763=EDGE_CURVE('',#3380,#3381,#245,.T.);
#2764=EDGE_CURVE('',#3381,#3327,#1076,.T.);
#2765=EDGE_CURVE('',#3382,#3321,#1077,.T.);
#2766=EDGE_CURVE('',#3383,#3382,#246,.T.);
#2767=EDGE_CURVE('',#3322,#3383,#1078,.T.);
#2768=EDGE_CURVE('',#3275,#3384,#247,.T.);
#2769=EDGE_CURVE('',#3384,#3351,#248,.T.);
#2770=EDGE_CURVE('',#3320,#3352,#249,.T.);
#2771=EDGE_CURVE('',#3284,#3384,#250,.T.);
#2772=EDGE_CURVE('',#3385,#3385,#3634,.T.);
#2773=EDGE_CURVE('',#3386,#3387,#251,.T.);
#2774=EDGE_CURVE('',#3388,#3386,#3635,.T.);
#2775=EDGE_CURVE('',#3389,#3388,#252,.T.);
#2776=EDGE_CURVE('',#3390,#3389,#3636,.T.);
#2777=EDGE_CURVE('',#3390,#3391,#253,.T.);
#2778=EDGE_CURVE('',#3392,#3391,#3637,.T.);
#2779=EDGE_CURVE('',#3392,#3393,#254,.T.);
#2780=EDGE_CURVE('',#3387,#3393,#3638,.T.);
#2781=EDGE_CURVE('',#3394,#3395,#255,.T.);
#2782=EDGE_CURVE('',#3394,#3259,#256,.T.);
#2783=EDGE_CURVE('',#3395,#3258,#257,.T.);
#2784=EDGE_CURVE('',#3383,#3358,#258,.T.);
#2785=EDGE_CURVE('',#3382,#3359,#259,.T.);
#2786=EDGE_CURVE('',#3323,#3357,#260,.T.);
#2787=EDGE_CURVE('',#3288,#3270,#261,.T.);
#2788=EDGE_CURVE('',#3324,#3356,#262,.T.);
#2789=EDGE_CURVE('',#3325,#3355,#263,.T.);
#2790=EDGE_CURVE('',#3293,#3252,#264,.T.);
#2791=EDGE_CURVE('',#3396,#3397,#3639,.T.);
#2792=EDGE_CURVE('',#3397,#3398,#265,.T.);
#2793=EDGE_CURVE('',#3398,#3399,#3640,.T.);
#2794=EDGE_CURVE('',#3400,#3399,#266,.T.);
#2795=EDGE_CURVE('',#3400,#3401,#3641,.T.);
#2796=EDGE_CURVE('',#3402,#3401,#267,.T.);
#2797=EDGE_CURVE('',#3402,#3403,#3642,.T.);
#2798=EDGE_CURVE('',#3403,#3396,#268,.T.);
#2799=EDGE_CURVE('',#3404,#3405,#269,.T.);
#2800=EDGE_CURVE('',#3404,#3406,#3643,.T.);
#2801=EDGE_CURVE('',#3406,#3407,#270,.T.);
#2802=EDGE_CURVE('',#3407,#3408,#3644,.T.);
#2803=EDGE_CURVE('',#3408,#3409,#271,.T.);
#2804=EDGE_CURVE('',#3409,#3410,#3645,.T.);
#2805=EDGE_CURVE('',#3411,#3410,#272,.T.);
#2806=EDGE_CURVE('',#3411,#3405,#3646,.T.);
#2807=EDGE_CURVE('',#3412,#3246,#273,.T.);
#2808=EDGE_CURVE('',#3412,#3413,#274,.T.);
#2809=EDGE_CURVE('',#3413,#3243,#275,.T.);
#2810=EDGE_CURVE('',#3381,#3353,#276,.T.);
#2811=EDGE_CURVE('',#3380,#3354,#277,.T.);
#2812=EDGE_CURVE('',#3299,#3282,#278,.T.);
#2813=EDGE_CURVE('',#3293,#3414,#3647,.T.);
#2814=EDGE_CURVE('',#3414,#3251,#279,.T.);
#2815=EDGE_CURVE('',#3284,#3415,#280,.T.);
#2816=EDGE_CURVE('',#3415,#3416,#281,.T.);
#2817=EDGE_CURVE('',#3384,#3416,#282,.T.);
#2818=EDGE_CURVE('',#3417,#3418,#283,.T.);
#2819=EDGE_CURVE('',#3419,#3417,#284,.T.);
#2820=EDGE_CURVE('',#3419,#3420,#285,.T.);
#2821=EDGE_CURVE('',#3420,#3418,#286,.T.);
#2822=EDGE_CURVE('',#3421,#3422,#287,.T.);
#2823=EDGE_CURVE('',#3423,#3421,#288,.T.);
#2824=EDGE_CURVE('',#3423,#3424,#289,.T.);
#2825=EDGE_CURVE('',#3424,#3422,#290,.T.);
#2826=EDGE_CURVE('',#3278,#3425,#291,.T.);
#2827=EDGE_CURVE('',#3425,#3426,#292,.T.);
#2828=EDGE_CURVE('',#3426,#3427,#293,.T.);
#2829=EDGE_CURVE('',#3427,#3428,#294,.T.);
#2830=EDGE_CURVE('',#3429,#3428,#295,.T.);
#2831=EDGE_CURVE('',#3430,#3429,#296,.T.);
#2832=EDGE_CURVE('',#3283,#3430,#297,.T.);
#2833=EDGE_CURVE('',#3431,#3298,#298,.T.);
#2834=EDGE_CURVE('',#3432,#3431,#299,.T.);
#2835=EDGE_CURVE('',#3432,#3433,#300,.T.);
#2836=EDGE_CURVE('',#3413,#3433,#301,.T.);
#2837=EDGE_CURVE('',#3412,#3434,#302,.T.);
#2838=EDGE_CURVE('',#3434,#3435,#303,.T.);
#2839=EDGE_CURVE('',#3435,#3436,#304,.T.);
#2840=EDGE_CURVE('',#3294,#3436,#305,.T.);
#2841=EDGE_CURVE('',#3414,#3437,#306,.T.);
#2842=EDGE_CURVE('',#3437,#3438,#307,.T.);
#2843=EDGE_CURVE('',#3439,#3438,#308,.T.);
#2844=EDGE_CURVE('',#3440,#3439,#309,.T.);
#2845=EDGE_CURVE('',#3440,#3441,#310,.T.);
#2846=EDGE_CURVE('',#3442,#3441,#311,.T.);
#2847=EDGE_CURVE('',#3443,#3442,#312,.T.);
#2848=EDGE_CURVE('',#3288,#3443,#3648,.T.);
#2849=EDGE_CURVE('',#3287,#3444,#313,.T.);
#2850=EDGE_CURVE('',#3445,#3444,#314,.T.);
#2851=EDGE_CURVE('',#3446,#3445,#315,.T.);
#2852=EDGE_CURVE('',#3394,#3446,#316,.T.);
#2853=EDGE_CURVE('',#3395,#3447,#317,.T.);
#2854=EDGE_CURVE('',#3448,#3447,#318,.T.);
#2855=EDGE_CURVE('',#3448,#3415,#319,.T.);
#2856=EDGE_CURVE('',#3449,#3450,#320,.T.);
#2857=EDGE_CURVE('',#3451,#3449,#321,.T.);
#2858=EDGE_CURVE('',#3452,#3451,#322,.T.);
#2859=EDGE_CURVE('',#3277,#3452,#323,.T.);
#2860=EDGE_CURVE('',#3453,#3416,#324,.T.);
#2861=EDGE_CURVE('',#3453,#3450,#325,.T.);
#2862=EDGE_CURVE('',#3418,#3454,#326,.T.);
#2863=EDGE_CURVE('',#3455,#3454,#327,.T.);
#2864=EDGE_CURVE('',#3417,#3455,#328,.T.);
#2865=EDGE_CURVE('',#3420,#3456,#329,.T.);
#2866=EDGE_CURVE('',#3456,#3454,#330,.T.);
#2867=EDGE_CURVE('',#3419,#3457,#331,.T.);
#2868=EDGE_CURVE('',#3457,#3456,#332,.T.);
#2869=EDGE_CURVE('',#3422,#3458,#333,.T.);
#2870=EDGE_CURVE('',#3459,#3458,#334,.T.);
#2871=EDGE_CURVE('',#3421,#3459,#335,.T.);
#2872=EDGE_CURVE('',#3424,#3460,#336,.T.);
#2873=EDGE_CURVE('',#3460,#3458,#337,.T.);
#2874=EDGE_CURVE('',#3423,#3461,#338,.T.);
#2875=EDGE_CURVE('',#3461,#3460,#339,.T.);
#2876=EDGE_CURVE('',#3447,#3256,#340,.T.);
#2877=EDGE_CURVE('',#3446,#3257,#341,.T.);
#2878=EDGE_CURVE('',#3462,#3266,#342,.T.);
#2879=EDGE_CURVE('',#3463,#3462,#343,.T.);
#2880=EDGE_CURVE('',#3463,#3450,#344,.T.);
#2881=EDGE_CURVE('',#3448,#3453,#345,.T.);
#2882=EDGE_CURVE('',#3445,#3267,#346,.T.);
#2883=EDGE_CURVE('',#3444,#3268,#347,.T.);
#2884=EDGE_CURVE('',#3443,#3271,#348,.T.);
#2885=EDGE_CURVE('',#3442,#3272,#349,.T.);
#2886=EDGE_CURVE('',#3441,#3265,#350,.T.);
#2887=EDGE_CURVE('',#3440,#3263,#351,.T.);
#2888=EDGE_CURVE('',#3427,#3262,#352,.T.);
#2889=EDGE_CURVE('',#3426,#3451,#353,.T.);
#2890=EDGE_CURVE('',#3464,#3449,#354,.T.);
#2891=EDGE_CURVE('',#3464,#3465,#355,.T.);
#2892=EDGE_CURVE('',#3465,#3264,#356,.T.);
#2893=EDGE_CURVE('',#3439,#3261,#357,.T.);
#2894=EDGE_CURVE('',#3466,#3247,#358,.T.);
#2895=EDGE_CURVE('',#3467,#3466,#359,.T.);
#2896=EDGE_CURVE('',#3467,#3234,#360,.T.);
#2897=EDGE_CURVE('',#3429,#3233,#361,.T.);
#2898=EDGE_CURVE('',#3428,#3260,#362,.T.);
#2899=EDGE_CURVE('',#3438,#3249,#363,.T.);
#2900=EDGE_CURVE('',#3437,#3250,#364,.T.);
#2901=EDGE_CURVE('',#3436,#3254,#365,.T.);
#2902=EDGE_CURVE('',#3435,#3255,#366,.T.);
#2903=EDGE_CURVE('',#3434,#3245,#367,.T.);
#2904=EDGE_CURVE('',#3433,#3244,#368,.T.);
#2905=EDGE_CURVE('',#3432,#3236,#369,.T.);
#2906=EDGE_CURVE('',#3468,#3235,#370,.T.);
#2907=EDGE_CURVE('',#3468,#3469,#371,.T.);
#2908=EDGE_CURVE('',#3469,#3248,#372,.T.);
#2909=EDGE_CURVE('',#3431,#3237,#373,.T.);
#2910=EDGE_CURVE('',#3430,#3242,#374,.T.);
#2911=EDGE_CURVE('',#3425,#3452,#375,.T.);
#2912=EDGE_CURVE('',#3461,#3459,#376,.T.);
#2913=EDGE_CURVE('',#3457,#3455,#377,.T.);
#2914=EDGE_CURVE('',#3465,#3462,#378,.T.);
#2915=EDGE_CURVE('',#3464,#3463,#379,.T.);
#2916=EDGE_CURVE('',#3467,#3468,#380,.T.);
#2917=EDGE_CURVE('',#3466,#3469,#381,.T.);
#2918=EDGE_CURVE('',#3122,#3127,#382,.F.);
#2919=EDGE_CURVE('',#3126,#3123,#383,.T.);
#2920=EDGE_CURVE('',#3470,#3471,#384,.T.);
#2921=EDGE_CURVE('',#3470,#3471,#3649,.T.);
#2922=EDGE_CURVE('',#3345,#3346,#3650,.F.);
#2923=EDGE_CURVE('',#3472,#3473,#385,.T.);
#2924=EDGE_CURVE('',#3472,#3474,#386,.F.);
#2925=EDGE_CURVE('',#3474,#3475,#387,.T.);
#2926=EDGE_CURVE('',#3475,#3473,#388,.T.);
#2927=EDGE_CURVE('',#3146,#3472,#3651,.F.);
#2928=EDGE_CURVE('',#3473,#3476,#3652,.T.);
#2929=EDGE_CURVE('',#3477,#3476,#389,.T.);
#2930=EDGE_CURVE('',#3147,#3477,#390,.T.);
#2931=EDGE_CURVE('',#3478,#3479,#391,.T.);
#2932=EDGE_CURVE('',#3478,#3480,#392,.F.);
#2933=EDGE_CURVE('',#3481,#3480,#393,.T.);
#2934=EDGE_CURVE('',#3482,#3481,#394,.T.);
#2935=EDGE_CURVE('',#3482,#3477,#395,.T.);
#2936=EDGE_CURVE('',#3476,#3344,#396,.T.);
#2937=EDGE_CURVE('',#3343,#3479,#397,.T.);
#2938=EDGE_CURVE('',#3483,#3484,#398,.T.);
#2939=EDGE_CURVE('',#3483,#3478,#3653,.F.);
#2940=EDGE_CURVE('',#3479,#3485,#1079,.T.);
#2941=EDGE_CURVE('',#3485,#3484,#3654,.T.);
#2942=EDGE_CURVE('',#3486,#3487,#399,.T.);
#2943=EDGE_CURVE('',#3486,#3483,#400,.T.);
#2944=EDGE_CURVE('',#3484,#3487,#401,.T.);
#2945=EDGE_CURVE('',#3154,#3486,#3655,.F.);
#2946=EDGE_CURVE('',#3487,#3155,#3656,.T.);
#2947=EDGE_CURVE('',#3474,#3148,#3657,.F.);
#2948=EDGE_CURVE('',#3149,#3159,#402,.T.);
#2949=EDGE_CURVE('',#3158,#3475,#3658,.T.);
#2950=EDGE_CURVE('',#3488,#3489,#403,.T.);
#2951=EDGE_CURVE('',#3488,#3490,#404,.F.);
#2952=EDGE_CURVE('',#3490,#3491,#3659,.T.);
#2953=EDGE_CURVE('',#3491,#3492,#405,.T.);
#2954=EDGE_CURVE('',#3492,#3493,#3660,.T.);
#2955=EDGE_CURVE('',#3493,#3489,#406,.T.);
#2956=EDGE_CURVE('',#3170,#3177,#407,.T.);
#2957=EDGE_CURVE('',#3176,#3171,#408,.T.);
#2958=EDGE_CURVE('',#3494,#3495,#409,.T.);
#2959=EDGE_CURVE('',#3495,#3494,#3661,.F.);
#2960=EDGE_CURVE('',#3496,#3497,#410,.T.);
#2961=EDGE_CURVE('',#3496,#3498,#411,.T.);
#2962=EDGE_CURVE('',#3498,#3499,#412,.T.);
#2963=EDGE_CURVE('',#3497,#3499,#413,.T.);
#2964=EDGE_CURVE('',#3498,#3500,#3662,.T.);
#2965=EDGE_CURVE('',#3500,#3501,#414,.T.);
#2966=EDGE_CURVE('',#3501,#3194,#415,.T.);
#2967=EDGE_CURVE('',#3499,#3193,#3663,.T.);
#2968=EDGE_CURVE('',#3500,#3502,#416,.T.);
#2969=EDGE_CURVE('',#3503,#3502,#417,.T.);
#2970=EDGE_CURVE('',#3501,#3503,#418,.T.);
#2971=EDGE_CURVE('',#3189,#3504,#3664,.T.);
#2972=EDGE_CURVE('',#3504,#3505,#419,.T.);
#2973=EDGE_CURVE('',#3505,#3506,#3665,.F.);
#2974=EDGE_CURVE('',#3506,#3190,#1080,.T.);
#2975=EDGE_CURVE('',#3504,#3507,#420,.F.);
#2976=EDGE_CURVE('',#3507,#3508,#421,.T.);
#2977=EDGE_CURVE('',#3508,#3505,#422,.T.);
#2978=EDGE_CURVE('',#3507,#3196,#3666,.T.);
#2979=EDGE_CURVE('',#3197,#3508,#3667,.F.);
#2980=EDGE_CURVE('',#3509,#3510,#423,.T.);
#2981=EDGE_CURVE('',#3510,#3511,#424,.F.);
#2982=EDGE_CURVE('',#3511,#3512,#425,.T.);
#2983=EDGE_CURVE('',#3512,#3509,#426,.T.);
#2984=EDGE_CURVE('',#3511,#3496,#3668,.T.);
#2985=EDGE_CURVE('',#3202,#3497,#3669,.T.);
#2986=EDGE_CURVE('',#3512,#3201,#427,.T.);
#2987=EDGE_CURVE('',#3513,#3514,#3670,.F.);
#2988=EDGE_CURVE('',#3514,#3515,#428,.T.);
#2989=EDGE_CURVE('',#3515,#3516,#429,.T.);
#2990=EDGE_CURVE('',#3516,#3517,#430,.F.);
#2991=EDGE_CURVE('',#3517,#3518,#3671,.F.);
#2992=EDGE_CURVE('',#3518,#3513,#431,.F.);
#2993=EDGE_CURVE('',#3515,#3519,#45,.F.);
#2994=EDGE_CURVE('',#3519,#3520,#432,.T.);
#2995=EDGE_CURVE('',#3520,#3516,#46,.F.);
#2996=EDGE_CURVE('',#3519,#3510,#47,.F.);
#2997=EDGE_CURVE('',#3509,#3503,#433,.T.);
#2998=EDGE_CURVE('',#3502,#3520,#48,.F.);
#2999=EDGE_CURVE('',#3201,#3194,#434,.T.);
#3000=EDGE_CURVE('',#3512,#3501,#435,.T.);
#3001=EDGE_CURVE('',#3200,#3195,#436,.T.);
#3002=EDGE_CURVE('',#3199,#3187,#437,.T.);
#3003=EDGE_CURVE('',#3198,#3116,#49,.T.);
#3004=EDGE_CURVE('',#3117,#3188,#50,.T.);
#3005=EDGE_CURVE('',#3181,#3166,#438,.T.);
#3006=EDGE_CURVE('',#3182,#3165,#439,.T.);
#3007=EDGE_CURVE('',#3178,#3183,#1081,.T.);
#3008=EDGE_CURVE('',#3184,#3169,#1082,.T.);
#3009=EDGE_CURVE('',#3179,#3168,#440,.T.);
#3010=EDGE_CURVE('',#3180,#3167,#441,.T.);
#3011=EDGE_CURVE('',#3162,#3164,#442,.T.);
#3012=EDGE_CURVE('',#3163,#3521,#1083,.T.);
#3013=EDGE_CURVE('',#3522,#3521,#443,.T.);
#3014=EDGE_CURVE('',#3522,#3161,#1084,.T.);
#3015=EDGE_CURVE('',#3521,#3495,#1085,.T.);
#3016=EDGE_CURVE('',#3494,#3522,#1086,.T.);
#3017=EDGE_CURVE('',#3114,#3152,#51,.F.);
#3018=EDGE_CURVE('',#3153,#3481,#444,.T.);
#3019=EDGE_CURVE('',#3480,#3115,#52,.F.);
#3020=EDGE_CURVE('',#3160,#3482,#445,.T.);
#3021=EDGE_CURVE('',#3149,#3147,#446,.T.);
#3022=EDGE_CURVE('',#3159,#3477,#447,.T.);
#3023=EDGE_CURVE('',#3151,#3144,#448,.T.);
#3024=EDGE_CURVE('',#3150,#3523,#53,.T.);
#3025=EDGE_CURVE('',#3523,#3524,#449,.T.);
#3026=EDGE_CURVE('',#3524,#3145,#54,.T.);
#3027=EDGE_CURVE('',#3523,#3488,#55,.T.);
#3028=EDGE_CURVE('',#3489,#3524,#56,.T.);
#3029=EDGE_CURVE('',#3471,#3525,#1087,.T.);
#3030=EDGE_CURVE('',#3526,#3525,#450,.T.);
#3031=EDGE_CURVE('',#3526,#3470,#1088,.T.);
#3032=EDGE_CURVE('',#3525,#3134,#1089,.T.);
#3033=EDGE_CURVE('',#3136,#3133,#451,.T.);
#3034=EDGE_CURVE('',#3135,#3526,#1090,.T.);
#3035=EDGE_CURVE('',#3139,#3130,#452,.T.);
#3036=EDGE_CURVE('',#3120,#3129,#453,.T.);
#3037=EDGE_CURVE('',#3142,#3121,#1091,.T.);
#3038=EDGE_CURVE('',#3128,#3143,#1092,.T.);
#3039=EDGE_CURVE('',#3137,#3132,#454,.T.);
#3040=EDGE_CURVE('',#3138,#3131,#455,.T.);
#3041=EDGE_CURVE('',#3197,#3373,#456,.T.);
#3042=EDGE_CURVE('',#3508,#3372,#457,.T.);
#3043=EDGE_CURVE('',#3505,#3371,#458,.T.);
#3044=EDGE_CURVE('',#3506,#3108,#1093,.F.);
#3045=EDGE_CURVE('',#3376,#3190,#1094,.F.);
#3046=EDGE_CURVE('',#3374,#3171,#1095,.F.);
#3047=EDGE_CURVE('',#3375,#3176,#1096,.F.);
#3048=EDGE_CURVE('',#3232,#3155,#459,.T.);
#3049=EDGE_CURVE('',#3222,#3487,#460,.T.);
#3050=EDGE_CURVE('',#3223,#3484,#461,.T.);
#3051=EDGE_CURVE('',#3110,#3485,#1097,.F.);
#3052=EDGE_CURVE('',#3479,#3379,#1098,.F.);
#3053=EDGE_CURVE('',#3126,#3229,#1099,.F.);
#3054=EDGE_CURVE('',#3123,#3228,#1100,.F.);
#3055=EDGE_CURVE('',#3146,#3493,#3672,.T.);
#3056=EDGE_CURVE('',#3472,#3492,#3673,.T.);
#3057=EDGE_CURVE('',#3474,#3491,#3674,.T.);
#3058=EDGE_CURVE('',#3148,#3490,#3675,.T.);
#3059=EDGE_CURVE('',#3115,#3478,#3676,.T.);
#3060=EDGE_CURVE('',#3112,#3483,#3677,.T.);
#3061=EDGE_CURVE('',#3113,#3486,#3678,.T.);
#3062=EDGE_CURVE('',#3154,#3114,#3679,.T.);
#3063=EDGE_CURVE('',#3140,#3127,#1101,.F.);
#3064=EDGE_CURVE('',#3141,#3122,#1102,.F.);
#3065=EDGE_CURVE('',#3517,#3500,#3680,.T.);
#3066=EDGE_CURVE('',#3518,#3498,#3681,.T.);
#3067=EDGE_CURVE('',#3513,#3496,#3682,.T.);
#3068=EDGE_CURVE('',#3514,#3511,#3683,.T.);
#3069=EDGE_CURVE('',#3189,#3117,#3684,.T.);
#3070=EDGE_CURVE('',#3504,#3119,#3685,.T.);
#3071=EDGE_CURVE('',#3507,#3118,#3686,.T.);
#3072=EDGE_CURVE('',#3116,#3196,#3687,.T.);
#3073=EDGE_CURVE('',#3170,#3186,#1103,.T.);
#3074=EDGE_CURVE('',#3177,#3185,#1104,.T.);
#3075=EDGE_CURVE('',#3404,#3214,#462,.T.);
#3076=EDGE_CURVE('',#3406,#3215,#463,.T.);
#3077=EDGE_CURVE('',#3407,#3221,#464,.T.);
#3078=EDGE_CURVE('',#3408,#3220,#465,.T.);
#3079=EDGE_CURVE('',#3409,#3219,#466,.T.);
#3080=EDGE_CURVE('',#3410,#3218,#467,.T.);
#3081=EDGE_CURVE('',#3411,#3217,#468,.T.);
#3082=EDGE_CURVE('',#3405,#3216,#469,.T.);
#3083=EDGE_CURVE('',#3397,#3206,#470,.T.);
#3084=EDGE_CURVE('',#3398,#3207,#471,.T.);
#3085=EDGE_CURVE('',#3399,#3213,#472,.T.);
#3086=EDGE_CURVE('',#3400,#3212,#473,.T.);
#3087=EDGE_CURVE('',#3401,#3211,#474,.T.);
#3088=EDGE_CURVE('',#3402,#3210,#475,.T.);
#3089=EDGE_CURVE('',#3403,#3209,#476,.T.);
#3090=EDGE_CURVE('',#3396,#3208,#477,.T.);
#3091=EDGE_CURVE('',#3387,#3365,#478,.T.);
#3092=EDGE_CURVE('',#3386,#3363,#479,.T.);
#3093=EDGE_CURVE('',#3388,#3364,#480,.T.);
#3094=EDGE_CURVE('',#3389,#3370,#481,.T.);
#3095=EDGE_CURVE('',#3390,#3369,#482,.T.);
#3096=EDGE_CURVE('',#3391,#3368,#483,.T.);
#3097=EDGE_CURVE('',#3392,#3367,#484,.T.);
#3098=EDGE_CURVE('',#3393,#3366,#485,.T.);
#3099=EDGE_CURVE('',#3527,#3527,#3688,.T.);
#3100=EDGE_CURVE('',#3528,#3528,#3689,.T.);
#3101=EDGE_CURVE('',#3529,#3529,#3690,.T.);
#3102=EDGE_CURVE('',#3530,#3530,#3691,.T.);
#3103=EDGE_CURVE('',#3531,#3531,#3692,.T.);
#3104=VERTEX_POINT('',#6229);
#3105=VERTEX_POINT('',#6231);
#3106=VERTEX_POINT('',#6234);
#3107=VERTEX_POINT('',#6236);
#3108=VERTEX_POINT('',#6242);
#3109=VERTEX_POINT('',#6243);
#3110=VERTEX_POINT('',#6247);
#3111=VERTEX_POINT('',#6248);
#3112=VERTEX_POINT('',#6255);
#3113=VERTEX_POINT('',#6256);
#3114=VERTEX_POINT('',#6258);
#3115=VERTEX_POINT('',#6260);
#3116=VERTEX_POINT('',#6264);
#3117=VERTEX_POINT('',#6265);
#3118=VERTEX_POINT('',#6267);
#3119=VERTEX_POINT('',#6269);
#3120=VERTEX_POINT('',#6273);
#3121=VERTEX_POINT('',#6274);
#3122=VERTEX_POINT('',#6276);
#3123=VERTEX_POINT('',#6278);
#3124=VERTEX_POINT('',#6280);
#3125=VERTEX_POINT('',#6282);
#3126=VERTEX_POINT('',#6284);
#3127=VERTEX_POINT('',#6286);
#3128=VERTEX_POINT('',#6288);
#3129=VERTEX_POINT('',#6290);
#3130=VERTEX_POINT('',#6292);
#3131=VERTEX_POINT('',#6294);
#3132=VERTEX_POINT('',#6296);
#3133=VERTEX_POINT('',#6298);
#3134=VERTEX_POINT('',#6300);
#3135=VERTEX_POINT('',#6302);
#3136=VERTEX_POINT('',#6304);
#3137=VERTEX_POINT('',#6306);
#3138=VERTEX_POINT('',#6308);
#3139=VERTEX_POINT('',#6310);
#3140=VERTEX_POINT('',#6314);
#3141=VERTEX_POINT('',#6315);
#3142=VERTEX_POINT('',#6317);
#3143=VERTEX_POINT('',#6319);
#3144=VERTEX_POINT('',#6323);
#3145=VERTEX_POINT('',#6324);
#3146=VERTEX_POINT('',#6326);
#3147=VERTEX_POINT('',#6328);
#3148=VERTEX_POINT('',#6332);
#3149=VERTEX_POINT('',#6333);
#3150=VERTEX_POINT('',#6335);
#3151=VERTEX_POINT('',#6337);
#3152=VERTEX_POINT('',#6341);
#3153=VERTEX_POINT('',#6342);
#3154=VERTEX_POINT('',#6344);
#3155=VERTEX_POINT('',#6346);
#3156=VERTEX_POINT('',#6348);
#3157=VERTEX_POINT('',#6350);
#3158=VERTEX_POINT('',#6352);
#3159=VERTEX_POINT('',#6354);
#3160=VERTEX_POINT('',#6356);
#3161=VERTEX_POINT('',#6360);
#3162=VERTEX_POINT('',#6361);
#3163=VERTEX_POINT('',#6363);
#3164=VERTEX_POINT('',#6365);
#3165=VERTEX_POINT('',#6367);
#3166=VERTEX_POINT('',#6369);
#3167=VERTEX_POINT('',#6371);
#3168=VERTEX_POINT('',#6373);
#3169=VERTEX_POINT('',#6375);
#3170=VERTEX_POINT('',#6377);
#3171=VERTEX_POINT('',#6379);
#3172=VERTEX_POINT('',#6381);
#3173=VERTEX_POINT('',#6383);
#3174=VERTEX_POINT('',#6385);
#3175=VERTEX_POINT('',#6387);
#3176=VERTEX_POINT('',#6389);
#3177=VERTEX_POINT('',#6391);
#3178=VERTEX_POINT('',#6393);
#3179=VERTEX_POINT('',#6395);
#3180=VERTEX_POINT('',#6397);
#3181=VERTEX_POINT('',#6399);
#3182=VERTEX_POINT('',#6401);
#3183=VERTEX_POINT('',#6405);
#3184=VERTEX_POINT('',#6406);
#3185=VERTEX_POINT('',#6408);
#3186=VERTEX_POINT('',#6410);
#3187=VERTEX_POINT('',#6414);
#3188=VERTEX_POINT('',#6415);
#3189=VERTEX_POINT('',#6417);
#3190=VERTEX_POINT('',#6419);
#3191=VERTEX_POINT('',#6421);
#3192=VERTEX_POINT('',#6423);
#3193=VERTEX_POINT('',#6425);
#3194=VERTEX_POINT('',#6427);
#3195=VERTEX_POINT('',#6429);
#3196=VERTEX_POINT('',#6433);
#3197=VERTEX_POINT('',#6434);
#3198=VERTEX_POINT('',#6436);
#3199=VERTEX_POINT('',#6438);
#3200=VERTEX_POINT('',#6440);
#3201=VERTEX_POINT('',#6442);
#3202=VERTEX_POINT('',#6444);
#3203=VERTEX_POINT('',#6446);
#3204=VERTEX_POINT('',#6448);
#3205=VERTEX_POINT('',#6452);
#3206=VERTEX_POINT('',#6454);
#3207=VERTEX_POINT('',#6455);
#3208=VERTEX_POINT('',#6457);
#3209=VERTEX_POINT('',#6459);
#3210=VERTEX_POINT('',#6461);
#3211=VERTEX_POINT('',#6463);
#3212=VERTEX_POINT('',#6465);
#3213=VERTEX_POINT('',#6467);
#3214=VERTEX_POINT('',#6470);
#3215=VERTEX_POINT('',#6471);
#3216=VERTEX_POINT('',#6473);
#3217=VERTEX_POINT('',#6475);
#3218=VERTEX_POINT('',#6477);
#3219=VERTEX_POINT('',#6479);
#3220=VERTEX_POINT('',#6481);
#3221=VERTEX_POINT('',#6483);
#3222=VERTEX_POINT('',#6486);
#3223=VERTEX_POINT('',#6487);
#3224=VERTEX_POINT('',#6490);
#3225=VERTEX_POINT('',#6495);
#3226=VERTEX_POINT('',#6497);
#3227=VERTEX_POINT('',#6499);
#3228=VERTEX_POINT('',#6501);
#3229=VERTEX_POINT('',#6503);
#3230=VERTEX_POINT('',#6505);
#3231=VERTEX_POINT('',#6507);
#3232=VERTEX_POINT('',#6509);
#3233=VERTEX_POINT('',#6513);
#3234=VERTEX_POINT('',#6514);
#3235=VERTEX_POINT('',#6516);
#3236=VERTEX_POINT('',#6518);
#3237=VERTEX_POINT('',#6520);
#3238=VERTEX_POINT('',#6522);
#3239=VERTEX_POINT('',#6524);
#3240=VERTEX_POINT('',#6526);
#3241=VERTEX_POINT('',#6528);
#3242=VERTEX_POINT('',#6530);
#3243=VERTEX_POINT('',#6534);
#3244=VERTEX_POINT('',#6535);
#3245=VERTEX_POINT('',#6537);
#3246=VERTEX_POINT('',#6539);
#3247=VERTEX_POINT('',#6543);
#3248=VERTEX_POINT('',#6544);
#3249=VERTEX_POINT('',#6546);
#3250=VERTEX_POINT('',#6548);
#3251=VERTEX_POINT('',#6550);
#3252=VERTEX_POINT('',#6552);
#3253=VERTEX_POINT('',#6554);
#3254=VERTEX_POINT('',#6556);
#3255=VERTEX_POINT('',#6558);
#3256=VERTEX_POINT('',#6562);
#3257=VERTEX_POINT('',#6563);
#3258=VERTEX_POINT('',#6565);
#3259=VERTEX_POINT('',#6567);
#3260=VERTEX_POINT('',#6571);
#3261=VERTEX_POINT('',#6572);
#3262=VERTEX_POINT('',#6574);
#3263=VERTEX_POINT('',#6576);
#3264=VERTEX_POINT('',#6580);
#3265=VERTEX_POINT('',#6581);
#3266=VERTEX_POINT('',#6583);
#3267=VERTEX_POINT('',#6585);
#3268=VERTEX_POINT('',#6587);
#3269=VERTEX_POINT('',#6589);
#3270=VERTEX_POINT('',#6591);
#3271=VERTEX_POINT('',#6593);
#3272=VERTEX_POINT('',#6595);
#3273=VERTEX_POINT('',#6599);
#3274=VERTEX_POINT('',#6601);
#3275=VERTEX_POINT('',#6605);
#3276=VERTEX_POINT('',#6606);
#3277=VERTEX_POINT('',#6608);
#3278=VERTEX_POINT('',#6610);
#3279=VERTEX_POINT('',#6612);
#3280=VERTEX_POINT('',#6614);
#3281=VERTEX_POINT('',#6616);
#3282=VERTEX_POINT('',#6618);
#3283=VERTEX_POINT('',#6620);
#3284=VERTEX_POINT('',#6625);
#3285=VERTEX_POINT('',#6627);
#3286=VERTEX_POINT('',#6631);
#3287=VERTEX_POINT('',#6633);
#3288=VERTEX_POINT('',#6635);
#3289=VERTEX_POINT('',#6637);
#3290=VERTEX_POINT('',#6639);
#3291=VERTEX_POINT('',#6641);
#3292=VERTEX_POINT('',#6645);
#3293=VERTEX_POINT('',#6646);
#3294=VERTEX_POINT('',#6648);
#3295=VERTEX_POINT('',#6651);
#3296=VERTEX_POINT('',#6653);
#3297=VERTEX_POINT('',#6655);
#3298=VERTEX_POINT('',#6659);
#3299=VERTEX_POINT('',#6661);
#3300=VERTEX_POINT('',#6663);
#3301=VERTEX_POINT('',#6665);
#3302=VERTEX_POINT('',#6667);
#3303=VERTEX_POINT('',#6671);
#3304=VERTEX_POINT('',#6672);
#3305=VERTEX_POINT('',#6674);
#3306=VERTEX_POINT('',#6676);
#3307=VERTEX_POINT('',#6678);
#3308=VERTEX_POINT('',#6680);
#3309=VERTEX_POINT('',#6682);
#3310=VERTEX_POINT('',#6684);
#3311=VERTEX_POINT('',#6686);
#3312=VERTEX_POINT('',#6688);
#3313=VERTEX_POINT('',#6690);
#3314=VERTEX_POINT('',#6699);
#3315=VERTEX_POINT('',#6708);
#3316=VERTEX_POINT('',#6710);
#3317=VERTEX_POINT('',#6712);
#3318=VERTEX_POINT('',#6714);
#3319=VERTEX_POINT('',#6716);
#3320=VERTEX_POINT('',#6719);
#3321=VERTEX_POINT('',#6721);
#3322=VERTEX_POINT('',#6723);
#3323=VERTEX_POINT('',#6726);
#3324=VERTEX_POINT('',#6731);
#3325=VERTEX_POINT('',#6736);
#3326=VERTEX_POINT('',#6739);
#3327=VERTEX_POINT('',#6741);
#3328=VERTEX_POINT('',#6746);
#3329=VERTEX_POINT('',#6747);
#3330=VERTEX_POINT('',#6749);
#3331=VERTEX_POINT('',#6751);
#3332=VERTEX_POINT('',#6755);
#3333=VERTEX_POINT('',#6757);
#3334=VERTEX_POINT('',#6761);
#3335=VERTEX_POINT('',#6763);
#3336=VERTEX_POINT('',#6765);
#3337=VERTEX_POINT('',#6767);
#3338=VERTEX_POINT('',#6776);
#3339=VERTEX_POINT('',#6785);
#3340=VERTEX_POINT('',#6787);
#3341=VERTEX_POINT('',#6789);
#3342=VERTEX_POINT('',#6791);
#3343=VERTEX_POINT('',#6793);
#3344=VERTEX_POINT('',#6795);
#3345=VERTEX_POINT('',#6800);
#3346=VERTEX_POINT('',#6802);
#3347=VERTEX_POINT('',#6806);
#3348=VERTEX_POINT('',#6808);
#3349=VERTEX_POINT('',#6810);
#3350=VERTEX_POINT('',#6812);
#3351=VERTEX_POINT('',#6815);
#3352=VERTEX_POINT('',#6816);
#3353=VERTEX_POINT('',#6819);
#3354=VERTEX_POINT('',#6821);
#3355=VERTEX_POINT('',#6824);
#3356=VERTEX_POINT('',#6829);
#3357=VERTEX_POINT('',#6834);
#3358=VERTEX_POINT('',#6837);
#3359=VERTEX_POINT('',#6839);
#3360=VERTEX_POINT('',#6876);
#3361=VERTEX_POINT('',#6887);
#3362=VERTEX_POINT('',#6898);
#3363=VERTEX_POINT('',#6900);
#3364=VERTEX_POINT('',#6901);
#3365=VERTEX_POINT('',#6903);
#3366=VERTEX_POINT('',#6905);
#3367=VERTEX_POINT('',#6907);
#3368=VERTEX_POINT('',#6909);
#3369=VERTEX_POINT('',#6911);
#3370=VERTEX_POINT('',#6913);
#3371=VERTEX_POINT('',#6917);
#3372=VERTEX_POINT('',#6919);
#3373=VERTEX_POINT('',#6921);
#3374=VERTEX_POINT('',#6924);
#3375=VERTEX_POINT('',#6926);
#3376=VERTEX_POINT('',#6932);
#3377=VERTEX_POINT('',#6937);
#3378=VERTEX_POINT('',#6990);
#3379=VERTEX_POINT('',#6995);
#3380=VERTEX_POINT('',#7014);
#3381=VERTEX_POINT('',#7016);
#3382=VERTEX_POINT('',#7044);
#3383=VERTEX_POINT('',#7046);
#3384=VERTEX_POINT('',#7060);
#3385=VERTEX_POINT('',#7067);
#3386=VERTEX_POINT('',#7069);
#3387=VERTEX_POINT('',#7070);
#3388=VERTEX_POINT('',#7072);
#3389=VERTEX_POINT('',#7074);
#3390=VERTEX_POINT('',#7076);
#3391=VERTEX_POINT('',#7078);
#3392=VERTEX_POINT('',#7080);
#3393=VERTEX_POINT('',#7082);
#3394=VERTEX_POINT('',#7085);
#3395=VERTEX_POINT('',#7086);
#3396=VERTEX_POINT('',#7118);
#3397=VERTEX_POINT('',#7119);
#3398=VERTEX_POINT('',#7121);
#3399=VERTEX_POINT('',#7123);
#3400=VERTEX_POINT('',#7125);
#3401=VERTEX_POINT('',#7127);
#3402=VERTEX_POINT('',#7129);
#3403=VERTEX_POINT('',#7131);
#3404=VERTEX_POINT('',#7134);
#3405=VERTEX_POINT('',#7135);
#3406=VERTEX_POINT('',#7137);
#3407=VERTEX_POINT('',#7139);
#3408=VERTEX_POINT('',#7141);
#3409=VERTEX_POINT('',#7143);
#3410=VERTEX_POINT('',#7145);
#3411=VERTEX_POINT('',#7147);
#3412=VERTEX_POINT('',#7150);
#3413=VERTEX_POINT('',#7152);
#3414=VERTEX_POINT('',#7162);
#3415=VERTEX_POINT('',#7166);
#3416=VERTEX_POINT('',#7168);
#3417=VERTEX_POINT('',#7172);
#3418=VERTEX_POINT('',#7173);
#3419=VERTEX_POINT('',#7175);
#3420=VERTEX_POINT('',#7177);
#3421=VERTEX_POINT('',#7180);
#3422=VERTEX_POINT('',#7181);
#3423=VERTEX_POINT('',#7183);
#3424=VERTEX_POINT('',#7185);
#3425=VERTEX_POINT('',#7188);
#3426=VERTEX_POINT('',#7190);
#3427=VERTEX_POINT('',#7192);
#3428=VERTEX_POINT('',#7194);
#3429=VERTEX_POINT('',#7196);
#3430=VERTEX_POINT('',#7198);
#3431=VERTEX_POINT('',#7201);
#3432=VERTEX_POINT('',#7203);
#3433=VERTEX_POINT('',#7205);
#3434=VERTEX_POINT('',#7208);
#3435=VERTEX_POINT('',#7210);
#3436=VERTEX_POINT('',#7212);
#3437=VERTEX_POINT('',#7215);
#3438=VERTEX_POINT('',#7217);
#3439=VERTEX_POINT('',#7219);
#3440=VERTEX_POINT('',#7221);
#3441=VERTEX_POINT('',#7223);
#3442=VERTEX_POINT('',#7225);
#3443=VERTEX_POINT('',#7227);
#3444=VERTEX_POINT('',#7230);
#3445=VERTEX_POINT('',#7232);
#3446=VERTEX_POINT('',#7234);
#3447=VERTEX_POINT('',#7237);
#3448=VERTEX_POINT('',#7239);
#3449=VERTEX_POINT('',#7243);
#3450=VERTEX_POINT('',#7244);
#3451=VERTEX_POINT('',#7246);
#3452=VERTEX_POINT('',#7248);
#3453=VERTEX_POINT('',#7251);
#3454=VERTEX_POINT('',#7255);
#3455=VERTEX_POINT('',#7257);
#3456=VERTEX_POINT('',#7261);
#3457=VERTEX_POINT('',#7265);
#3458=VERTEX_POINT('',#7269);
#3459=VERTEX_POINT('',#7271);
#3460=VERTEX_POINT('',#7275);
#3461=VERTEX_POINT('',#7279);
#3462=VERTEX_POINT('',#7287);
#3463=VERTEX_POINT('',#7289);
#3464=VERTEX_POINT('',#7307);
#3465=VERTEX_POINT('',#7309);
#3466=VERTEX_POINT('',#7315);
#3467=VERTEX_POINT('',#7317);
#3468=VERTEX_POINT('',#7334);
#3469=VERTEX_POINT('',#7336);
#3470=VERTEX_POINT('',#7370);
#3471=VERTEX_POINT('',#7371);
#3472=VERTEX_POINT('',#7377);
#3473=VERTEX_POINT('',#7378);
#3474=VERTEX_POINT('',#7380);
#3475=VERTEX_POINT('',#7382);
#3476=VERTEX_POINT('',#7387);
#3477=VERTEX_POINT('',#7389);
#3478=VERTEX_POINT('',#7393);
#3479=VERTEX_POINT('',#7394);
#3480=VERTEX_POINT('',#7396);
#3481=VERTEX_POINT('',#7398);
#3482=VERTEX_POINT('',#7400);
#3483=VERTEX_POINT('',#7406);
#3484=VERTEX_POINT('',#7407);
#3485=VERTEX_POINT('',#7417);
#3486=VERTEX_POINT('',#7421);
#3487=VERTEX_POINT('',#7422);
#3488=VERTEX_POINT('',#7434);
#3489=VERTEX_POINT('',#7435);
#3490=VERTEX_POINT('',#7437);
#3491=VERTEX_POINT('',#7439);
#3492=VERTEX_POINT('',#7441);
#3493=VERTEX_POINT('',#7443);
#3494=VERTEX_POINT('',#7451);
#3495=VERTEX_POINT('',#7452);
#3496=VERTEX_POINT('',#7457);
#3497=VERTEX_POINT('',#7458);
#3498=VERTEX_POINT('',#7460);
#3499=VERTEX_POINT('',#7462);
#3500=VERTEX_POINT('',#7466);
#3501=VERTEX_POINT('',#7468);
#3502=VERTEX_POINT('',#7473);
#3503=VERTEX_POINT('',#7475);
#3504=VERTEX_POINT('',#7479);
#3505=VERTEX_POINT('',#7481);
#3506=VERTEX_POINT('',#7483);
#3507=VERTEX_POINT('',#7490);
#3508=VERTEX_POINT('',#7492);
#3509=VERTEX_POINT('',#7499);
#3510=VERTEX_POINT('',#7500);
#3511=VERTEX_POINT('',#7502);
#3512=VERTEX_POINT('',#7504);
#3513=VERTEX_POINT('',#7512);
#3514=VERTEX_POINT('',#7513);
#3515=VERTEX_POINT('',#7515);
#3516=VERTEX_POINT('',#7517);
#3517=VERTEX_POINT('',#7519);
#3518=VERTEX_POINT('',#7521);
#3519=VERTEX_POINT('',#7526);
#3520=VERTEX_POINT('',#7528);
#3521=VERTEX_POINT('',#7570);
#3522=VERTEX_POINT('',#7572);
#3523=VERTEX_POINT('',#7604);
#3524=VERTEX_POINT('',#7606);
#3525=VERTEX_POINT('',#7618);
#3526=VERTEX_POINT('',#7620);
#3527=VERTEX_POINT('',#7871);
#3528=VERTEX_POINT('',#7873);
#3529=VERTEX_POINT('',#7876);
#3530=VERTEX_POINT('',#7880);
#3531=VERTEX_POINT('',#7882);
#3532=CIRCLE('',#4545,0.05125);
#3533=CIRCLE('',#4546,0.05125);
#3534=CIRCLE('',#4548,0.05125);
#3535=CIRCLE('',#4549,0.05125);
#3536=CIRCLE('',#4551,0.375);
#3537=CIRCLE('',#4553,0.375);
#3538=CIRCLE('',#4555,0.124999999999998);
#3539=CIRCLE('',#4556,0.125);
#3540=CIRCLE('',#4558,0.124999999999998);
#3541=CIRCLE('',#4559,0.125);
#3542=CIRCLE('',#4562,0.75);
#3543=CIRCLE('',#4563,0.75);
#3544=CIRCLE('',#4564,0.75);
#3545=CIRCLE('',#4565,0.75);
#3546=CIRCLE('',#4566,0.75);
#3547=CIRCLE('',#4569,0.75);
#3548=CIRCLE('',#4570,0.75);
#3549=CIRCLE('',#4572,0.75);
#3550=CIRCLE('',#4574,0.75);
#3551=CIRCLE('',#4575,0.75);
#3552=CIRCLE('',#4578,0.625);
#3553=CIRCLE('',#4579,0.625);
#3554=CIRCLE('',#4585,0.75);
#3555=CIRCLE('',#4587,0.75);
#3556=CIRCLE('',#4588,0.75);
#3557=CIRCLE('',#4591,0.75);
#3558=CIRCLE('',#4592,0.75);
#3559=CIRCLE('',#4593,0.75);
#3560=CIRCLE('',#4594,0.75);
#3561=CIRCLE('',#4595,0.75);
#3562=CIRCLE('',#4598,0.75);
#3563=CIRCLE('',#4599,0.75);
#3564=CIRCLE('',#4601,0.625);
#3565=CIRCLE('',#4602,0.625);
#3566=CIRCLE('',#4606,0.374999999999981);
#3567=CIRCLE('',#4607,0.05);
#3568=CIRCLE('',#4608,0.05);
#3569=CIRCLE('',#4609,0.05);
#3570=CIRCLE('',#4610,0.05);
#3571=CIRCLE('',#4611,0.05);
#3572=CIRCLE('',#4612,0.0499999999999988);
#3573=CIRCLE('',#4613,0.0499999999999994);
#3574=CIRCLE('',#4614,0.05);
#3575=CIRCLE('',#4615,0.375);
#3576=CIRCLE('',#4616,0.875);
#3577=CIRCLE('',#4617,0.875);
#3578=CIRCLE('',#4618,0.375);
#3579=CIRCLE('',#4620,9.31441588174493);
#3580=CIRCLE('',#4621,74.9765564910616);
#3581=CIRCLE('',#4624,4.38741037887916);
#3582=CIRCLE('',#4628,4.38741037887914);
#3583=CIRCLE('',#4631,74.9765564910616);
#3584=CIRCLE('',#4632,74.9765564910616);
#3585=CIRCLE('',#4633,74.9765564910616);
#3586=CIRCLE('',#4634,74.9765564910616);
#3587=CIRCLE('',#4635,74.9765564910616);
#3588=CIRCLE('',#4640,9.31441588174493);
#3589=CIRCLE('',#4641,9.31441588174493);
#3590=CIRCLE('',#4642,9.31441588174493);
#3591=CIRCLE('',#4644,9.56441588174495);
#3592=CIRCLE('',#4645,75.2265564910616);
#3593=CIRCLE('',#4646,9.56441588174493);
#3594=CIRCLE('',#4647,4.25);
#3595=CIRCLE('',#4648,3.25);
#3596=CIRCLE('',#4649,4.88782568992506);
#3597=CIRCLE('',#4650,4.88782568992546);
#3598=CIRCLE('',#4651,3.25);
#3599=CIRCLE('',#4652,4.25);
#3600=CIRCLE('',#4653,9.31441588174495);
#3601=CIRCLE('',#4654,4.);
#3602=CIRCLE('',#4655,3.);
#3603=CIRCLE('',#4656,4.63782568992546);
#3604=CIRCLE('',#4657,4.63782568992506);
#3605=CIRCLE('',#4658,3.);
#3606=CIRCLE('',#4659,4.);
#3607=CIRCLE('',#4661,9.56441588174495);
#3608=CIRCLE('',#4662,4.25);
#3609=CIRCLE('',#4663,3.25);
#3610=CIRCLE('',#4664,4.88782568992546);
#3611=CIRCLE('',#4665,4.88782568992506);
#3612=CIRCLE('',#4666,3.25);
#3613=CIRCLE('',#4667,0.125);
#3614=CIRCLE('',#4668,0.125);
#3615=CIRCLE('',#4669,4.25);
#3616=CIRCLE('',#4670,9.56441588174493);
#3617=CIRCLE('',#4671,75.2265564910616);
#3618=CIRCLE('',#4672,9.31441588174495);
#3619=CIRCLE('',#4673,4.);
#3620=CIRCLE('',#4674,3.);
#3621=CIRCLE('',#4675,4.63782568992506);
#3622=CIRCLE('',#4676,4.63782568992546);
#3623=CIRCLE('',#4677,3.);
#3624=CIRCLE('',#4678,4.);
#3625=CIRCLE('',#4685,0.625);
#3626=CIRCLE('',#4686,0.1275);
#3627=CIRCLE('',#4687,0.1275);
#3628=CIRCLE('',#4688,0.1275);
#3629=CIRCLE('',#4689,0.1275);
#3630=CIRCLE('',#4690,0.375);
#3631=CIRCLE('',#4691,0.375);
#3632=CIRCLE('',#4692,0.875);
#3633=CIRCLE('',#4693,0.875);
#3634=CIRCLE('',#4709,0.625);
#3635=CIRCLE('',#4710,0.1275);
#3636=CIRCLE('',#4711,0.1275);
#3637=CIRCLE('',#4712,0.1275);
#3638=CIRCLE('',#4713,0.1275);
#3639=CIRCLE('',#4719,0.05);
#3640=CIRCLE('',#4720,0.05);
#3641=CIRCLE('',#4721,0.05);
#3642=CIRCLE('',#4722,0.05);
#3643=CIRCLE('',#4723,0.05);
#3644=CIRCLE('',#4724,0.05);
#3645=CIRCLE('',#4725,0.0499999999999994);
#3646=CIRCLE('',#4726,0.0499999999999988);
#3647=CIRCLE('',#4731,4.38741037887916);
#3648=CIRCLE('',#4734,4.38741037887914);
#3649=CIRCLE('',#4778,0.625);
#3650=CIRCLE('',#4780,0.625);
#3651=CIRCLE('',#4783,0.25);
#3652=CIRCLE('',#4784,0.25);
#3653=CIRCLE('',#4787,0.25);
#3654=CIRCLE('',#4788,0.25);
#3655=CIRCLE('',#4791,0.25);
#3656=CIRCLE('',#4792,0.25);
#3657=CIRCLE('',#4794,0.25);
#3658=CIRCLE('',#4795,0.25);
#3659=CIRCLE('',#4797,0.125);
#3660=CIRCLE('',#4798,0.125);
#3661=CIRCLE('',#4802,0.625);
#3662=CIRCLE('',#4806,0.25);
#3663=CIRCLE('',#4807,0.25);
#3664=CIRCLE('',#4810,0.25);
#3665=CIRCLE('',#4811,0.25);
#3666=CIRCLE('',#4814,0.25);
#3667=CIRCLE('',#4815,0.25);
#3668=CIRCLE('',#4818,0.25);
#3669=CIRCLE('',#4819,0.25);
#3670=CIRCLE('',#4821,0.125);
#3671=CIRCLE('',#4822,0.125);
#3672=CIRCLE('',#4881,0.125);
#3673=CIRCLE('',#4883,0.125);
#3674=CIRCLE('',#4885,0.125);
#3675=CIRCLE('',#4887,0.125);
#3676=CIRCLE('',#4890,0.125);
#3677=CIRCLE('',#4892,0.125);
#3678=CIRCLE('',#4894,0.125);
#3679=CIRCLE('',#4896,0.125);
#3680=CIRCLE('',#4902,0.125);
#3681=CIRCLE('',#4904,0.125);
#3682=CIRCLE('',#4906,0.125);
#3683=CIRCLE('',#4908,0.125);
#3684=CIRCLE('',#4911,0.125);
#3685=CIRCLE('',#4913,0.125);
#3686=CIRCLE('',#4915,0.125);
#3687=CIRCLE('',#4917,0.125);
#3688=CIRCLE('',#4951,0.225);
#3689=CIRCLE('',#4952,0.225);
#3690=CIRCLE('',#4954,0.374999999999981);
#3691=CIRCLE('',#4957,0.1625);
#3692=CIRCLE('',#4958,0.1625);
#3693=EDGE_LOOP('',(#1115));
#3694=EDGE_LOOP('',(#1116));
#3695=EDGE_LOOP('',(#1117));
#3696=EDGE_LOOP('',(#1118));
#3697=EDGE_LOOP('',(#1119,#1120));
#3698=EDGE_LOOP('',(#1121,#1122));
#3699=EDGE_LOOP('',(#1123,#1124,#1125,#1126));
#3700=EDGE_LOOP('',(#1127,#1128,#1129,#1130));
#3701=EDGE_LOOP('',(#1131,#1132,#1133,#1134,#1135,#1136,#1137,#1138,#1139,
#1140,#1141,#1142,#1143,#1144,#1145,#1146,#1147,#1148,#1149,#1150));
#3702=EDGE_LOOP('',(#1151,#1152,#1153,#1154));
#3703=EDGE_LOOP('',(#1155,#1156,#1157,#1158));
#3704=EDGE_LOOP('',(#1159,#1160,#1161,#1162));
#3705=EDGE_LOOP('',(#1163,#1164,#1165,#1166,#1167,#1168,#1169,#1170,#1171));
#3706=EDGE_LOOP('',(#1172,#1173,#1174,#1175,#1176,#1177,#1178,#1179,#1180,
#1181,#1182,#1183,#1184,#1185,#1186,#1187,#1188,#1189,#1190,#1191,#1192,
#1193));
#3707=EDGE_LOOP('',(#1194,#1195,#1196,#1197));
#3708=EDGE_LOOP('',(#1198,#1199,#1200,#1201,#1202,#1203,#1204,#1205,#1206));
#3709=EDGE_LOOP('',(#1207,#1208,#1209,#1210,#1211,#1212,#1213,#1214,#1215));
#3710=EDGE_LOOP('',(#1216));
#3711=EDGE_LOOP('',(#1217,#1218,#1219,#1220,#1221,#1222,#1223,#1224));
#3712=EDGE_LOOP('',(#1225,#1226,#1227,#1228,#1229,#1230,#1231,#1232));
#3713=EDGE_LOOP('',(#1233,#1234,#1235,#1236,#1237,#1238,#1239,#1240,#1241,
#1242,#1243,#1244,#1245));
#3714=EDGE_LOOP('',(#1246,#1247,#1248,#1249,#1250,#1251,#1252,#1253,#1254,
#1255));
#3715=EDGE_LOOP('',(#1256,#1257,#1258,#1259));
#3716=EDGE_LOOP('',(#1260,#1261,#1262,#1263,#1264,#1265,#1266,#1267,#1268));
#3717=EDGE_LOOP('',(#1269,#1270,#1271,#1272));
#3718=EDGE_LOOP('',(#1273,#1274,#1275,#1276));
#3719=EDGE_LOOP('',(#1277,#1278,#1279,#1280,#1281,#1282,#1283,#1284,#1285));
#3720=EDGE_LOOP('',(#1286,#1287,#1288,#1289));
#3721=EDGE_LOOP('',(#1290,#1291,#1292,#1293,#1294,#1295,#1296,#1297,#1298,
#1299,#1300,#1301));
#3722=EDGE_LOOP('',(#1302,#1303,#1304,#1305));
#3723=EDGE_LOOP('',(#1306,#1307,#1308,#1309,#1310,#1311,#1312,#1313));
#3724=EDGE_LOOP('',(#1314,#1315,#1316,#1317,#1318,#1319,#1320,#1321));
#3725=EDGE_LOOP('',(#1322,#1323,#1324,#1325,#1326,#1327,#1328,#1329));
#3726=EDGE_LOOP('',(#1330,#1331,#1332,#1333,#1334,#1335,#1336,#1337,#1338,
#1339,#1340,#1341,#1342,#1343,#1344,#1345,#1346));
#3727=EDGE_LOOP('',(#1347,#1348,#1349,#1350,#1351,#1352,#1353,#1354,#1355,
#1356,#1357,#1358,#1359,#1360,#1361,#1362,#1363));
#3728=EDGE_LOOP('',(#1364,#1365,#1366,#1367,#1368,#1369,#1370,#1371,#1372,
#1373,#1374,#1375,#1376,#1377,#1378,#1379,#1380,#1381,#1382,#1383,#1384,
#1385,#1386,#1387,#1388,#1389,#1390,#1391,#1392,#1393,#1394,#1395,#1396,
#1397,#1398,#1399,#1400,#1401,#1402));
#3729=EDGE_LOOP('',(#1403,#1404,#1405,#1406,#1407,#1408,#1409,#1410,#1411,
#1412,#1413,#1414,#1415,#1416,#1417,#1418,#1419));
#3730=EDGE_LOOP('',(#1420,#1421,#1422,#1423));
#3731=EDGE_LOOP('',(#1424,#1425,#1426,#1427));
#3732=EDGE_LOOP('',(#1428,#1429,#1430,#1431));
#3733=EDGE_LOOP('',(#1432,#1433,#1434,#1435));
#3734=EDGE_LOOP('',(#1436,#1437,#1438,#1439));
#3735=EDGE_LOOP('',(#1440));
#3736=EDGE_LOOP('',(#1441,#1442,#1443,#1444,#1445,#1446,#1447,#1448));
#3737=EDGE_LOOP('',(#1449,#1450,#1451,#1452,#1453,#1454,#1455,#1456,#1457,
#1458,#1459,#1460,#1461));
#3738=EDGE_LOOP('',(#1462,#1463,#1464,#1465,#1466));
#3739=EDGE_LOOP('',(#1467,#1468,#1469,#1470,#1471,#1472,#1473,#1474,#1475));
#3740=EDGE_LOOP('',(#1476,#1477,#1478,#1479));
#3741=EDGE_LOOP('',(#1480,#1481,#1482,#1483));
#3742=EDGE_LOOP('',(#1484,#1485,#1486,#1487));
#3743=EDGE_LOOP('',(#1488,#1489,#1490,#1491));
#3744=EDGE_LOOP('',(#1492,#1493,#1494,#1495));
#3745=EDGE_LOOP('',(#1496,#1497,#1498,#1499));
#3746=EDGE_LOOP('',(#1500,#1501,#1502,#1503,#1504,#1505,#1506,#1507,#1508));
#3747=EDGE_LOOP('',(#1509,#1510,#1511,#1512,#1513));
#3748=EDGE_LOOP('',(#1514,#1515,#1516,#1517));
#3749=EDGE_LOOP('',(#1518,#1519,#1520,#1521));
#3750=EDGE_LOOP('',(#1522,#1523,#1524,#1525));
#3751=EDGE_LOOP('',(#1526,#1527,#1528,#1529));
#3752=EDGE_LOOP('',(#1530,#1531,#1532,#1533));
#3753=EDGE_LOOP('',(#1534,#1535,#1536,#1537,#1538,#1539));
#3754=EDGE_LOOP('',(#1540));
#3755=EDGE_LOOP('',(#1541,#1542,#1543,#1544,#1545,#1546,#1547,#1548));
#3756=EDGE_LOOP('',(#1549,#1550,#1551,#1552));
#3757=EDGE_LOOP('',(#1553,#1554,#1555,#1556));
#3758=EDGE_LOOP('',(#1557,#1558,#1559,#1560,#1561));
#3759=EDGE_LOOP('',(#1562,#1563,#1564,#1565,#1566));
#3760=EDGE_LOOP('',(#1567,#1568,#1569,#1570,#1571,#1572));
#3761=EDGE_LOOP('',(#1573,#1574,#1575,#1576));
#3762=EDGE_LOOP('',(#1577,#1578,#1579,#1580));
#3763=EDGE_LOOP('',(#1581,#1582,#1583,#1584,#1585,#1586));
#3764=EDGE_LOOP('',(#1587,#1588,#1589,#1590,#1591,#1592,#1593,#1594));
#3765=EDGE_LOOP('',(#1595));
#3766=EDGE_LOOP('',(#1596));
#3767=EDGE_LOOP('',(#1597,#1598,#1599,#1600,#1601,#1602,#1603,#1604));
#3768=EDGE_LOOP('',(#1605,#1606,#1607,#1608));
#3769=EDGE_LOOP('',(#1609,#1610,#1611,#1612));
#3770=EDGE_LOOP('',(#1613,#1614,#1615,#1616,#1617));
#3771=EDGE_LOOP('',(#1618,#1619,#1620,#1621,#1622));
#3772=EDGE_LOOP('',(#1623,#1624,#1625,#1626));
#3773=EDGE_LOOP('',(#1627,#1628,#1629,#1630));
#3774=EDGE_LOOP('',(#1631,#1632,#1633,#1634));
#3775=EDGE_LOOP('',(#1635,#1636,#1637,#1638));
#3776=EDGE_LOOP('',(#1639,#1640,#1641,#1642));
#3777=EDGE_LOOP('',(#1643,#1644,#1645,#1646,#1647,#1648,#1649,#1650,#1651,
#1652,#1653,#1654,#1655,#1656,#1657,#1658,#1659,#1660,#1661,#1662,#1663,
#1664,#1665,#1666,#1667,#1668,#1669,#1670,#1671,#1672,#1673,#1674,#1675,
#1676,#1677,#1678,#1679,#1680,#1681,#1682,#1683));
#3778=EDGE_LOOP('',(#1684,#1685,#1686,#1687,#1688,#1689,#1690,#1691,#1692));
#3779=EDGE_LOOP('',(#1693,#1694,#1695,#1696));
#3780=EDGE_LOOP('',(#1697,#1698,#1699,#1700));
#3781=EDGE_LOOP('',(#1701,#1702,#1703,#1704));
#3782=EDGE_LOOP('',(#1705,#1706,#1707,#1708));
#3783=EDGE_LOOP('',(#1709,#1710,#1711,#1712));
#3784=EDGE_LOOP('',(#1713,#1714,#1715,#1716));
#3785=EDGE_LOOP('',(#1717,#1718,#1719,#1720));
#3786=EDGE_LOOP('',(#1721,#1722,#1723,#1724));
#3787=EDGE_LOOP('',(#1725,#1726,#1727,#1728,#1729,#1730,#1731,#1732,#1733,
#1734,#1735,#1736));
#3788=EDGE_LOOP('',(#1737,#1738,#1739,#1740));
#3789=EDGE_LOOP('',(#1741,#1742,#1743,#1744));
#3790=EDGE_LOOP('',(#1745,#1746,#1747,#1748));
#3791=EDGE_LOOP('',(#1749,#1750,#1751,#1752));
#3792=EDGE_LOOP('',(#1753,#1754,#1755,#1756));
#3793=EDGE_LOOP('',(#1757,#1758,#1759,#1760,#1761,#1762,#1763,#1764,#1765,
#1766,#1767,#1768));
#3794=EDGE_LOOP('',(#1769,#1770,#1771,#1772));
#3795=EDGE_LOOP('',(#1773,#1774,#1775,#1776,#1777,#1778,#1779,#1780,#1781,
#1782,#1783,#1784));
#3796=EDGE_LOOP('',(#1785,#1786,#1787,#1788));
#3797=EDGE_LOOP('',(#1789,#1790,#1791,#1792));
#3798=EDGE_LOOP('',(#1793,#1794,#1795,#1796));
#3799=EDGE_LOOP('',(#1797,#1798,#1799,#1800));
#3800=EDGE_LOOP('',(#1801,#1802,#1803,#1804,#1805,#1806,#1807,#1808,#1809,
#1810,#1811,#1812));
#3801=EDGE_LOOP('',(#1813,#1814,#1815,#1816));
#3802=EDGE_LOOP('',(#1817,#1818,#1819,#1820));
#3803=EDGE_LOOP('',(#1821,#1822,#1823,#1824));
#3804=EDGE_LOOP('',(#1825,#1826,#1827,#1828));
#3805=EDGE_LOOP('',(#1829,#1830,#1831,#1832));
#3806=EDGE_LOOP('',(#1833,#1834,#1835,#1836));
#3807=EDGE_LOOP('',(#1837,#1838,#1839,#1840));
#3808=EDGE_LOOP('',(#1841,#1842,#1843,#1844));
#3809=EDGE_LOOP('',(#1845,#1846,#1847,#1848));
#3810=EDGE_LOOP('',(#1849,#1850,#1851,#1852));
#3811=EDGE_LOOP('',(#1853,#1854,#1855,#1856));
#3812=EDGE_LOOP('',(#1857,#1858,#1859,#1860));
#3813=EDGE_LOOP('',(#1861,#1862,#1863,#1864));
#3814=EDGE_LOOP('',(#1865,#1866,#1867,#1868));
#3815=EDGE_LOOP('',(#1869,#1870,#1871,#1872));
#3816=EDGE_LOOP('',(#1873,#1874,#1875,#1876));
#3817=EDGE_LOOP('',(#1877,#1878,#1879,#1880));
#3818=EDGE_LOOP('',(#1881,#1882,#1883,#1884));
#3819=EDGE_LOOP('',(#1885,#1886,#1887,#1888));
#3820=EDGE_LOOP('',(#1889,#1890,#1891,#1892));
#3821=EDGE_LOOP('',(#1893,#1894,#1895,#1896));
#3822=EDGE_LOOP('',(#1897,#1898));
#3823=EDGE_LOOP('',(#1899,#1900));
#3824=EDGE_LOOP('',(#1901,#1902,#1903,#1904));
#3825=EDGE_LOOP('',(#1905,#1906,#1907,#1908,#1909,#1910));
#3826=EDGE_LOOP('',(#1911,#1912,#1913,#1914,#1915,#1916,#1917,#1918,#1919));
#3827=EDGE_LOOP('',(#1920,#1921,#1922,#1923,#1924));
#3828=EDGE_LOOP('',(#1925,#1926,#1927,#1928));
#3829=EDGE_LOOP('',(#1929,#1930,#1931,#1932));
#3830=EDGE_LOOP('',(#1933,#1934,#1935,#1936,#1937,#1938));
#3831=EDGE_LOOP('',(#1939,#1940,#1941,#1942,#1943,#1944));
#3832=EDGE_LOOP('',(#1945,#1946,#1947,#1948,#1949,#1950));
#3833=EDGE_LOOP('',(#1951,#1952,#1953,#1954));
#3834=EDGE_LOOP('',(#1955,#1956));
#3835=EDGE_LOOP('',(#1957,#1958));
#3836=EDGE_LOOP('',(#1959,#1960,#1961,#1962));
#3837=EDGE_LOOP('',(#1963,#1964,#1965,#1966,#1967,#1968));
#3838=EDGE_LOOP('',(#1969,#1970,#1971,#1972));
#3839=EDGE_LOOP('',(#1973,#1974,#1975,#1976,#1977));
#3840=EDGE_LOOP('',(#1978,#1979,#1980,#1981));
#3841=EDGE_LOOP('',(#1982,#1983,#1984,#1985));
#3842=EDGE_LOOP('',(#1986,#1987,#1988,#1989));
#3843=EDGE_LOOP('',(#1990,#1991,#1992,#1993,#1994,#1995));
#3844=EDGE_LOOP('',(#1996,#1997,#1998,#1999,#2000,#2001));
#3845=EDGE_LOOP('',(#2002,#2003,#2004,#2005,#2006,#2007));
#3846=EDGE_LOOP('',(#2008,#2009,#2010,#2011));
#3847=EDGE_LOOP('',(#2012,#2013,#2014,#2015,#2016,#2017));
#3848=EDGE_LOOP('',(#2018,#2019,#2020,#2021));
#3849=EDGE_LOOP('',(#2022,#2023,#2024,#2025));
#3850=EDGE_LOOP('',(#2026,#2027,#2028,#2029));
#3851=EDGE_LOOP('',(#2030,#2031,#2032,#2033));
#3852=EDGE_LOOP('',(#2034,#2035,#2036,#2037,#2038,#2039));
#3853=EDGE_LOOP('',(#2040,#2041,#2042,#2043));
#3854=EDGE_LOOP('',(#2044,#2045,#2046,#2047,#2048,#2049));
#3855=EDGE_LOOP('',(#2050,#2051,#2052,#2053));
#3856=EDGE_LOOP('',(#2054,#2055,#2056,#2057));
#3857=EDGE_LOOP('',(#2058,#2059,#2060,#2061));
#3858=EDGE_LOOP('',(#2062,#2063,#2064,#2065,#2066,#2067));
#3859=EDGE_LOOP('',(#2068,#2069,#2070,#2071));
#3860=EDGE_LOOP('',(#2072,#2073,#2074,#2075,#2076,#2077));
#3861=EDGE_LOOP('',(#2078,#2079,#2080,#2081));
#3862=EDGE_LOOP('',(#2082,#2083,#2084,#2085));
#3863=EDGE_LOOP('',(#2086,#2087,#2088,#2089));
#3864=EDGE_LOOP('',(#2090,#2091,#2092,#2093));
#3865=EDGE_LOOP('',(#2094,#2095,#2096,#2097,#2098,#2099));
#3866=EDGE_LOOP('',(#2100,#2101,#2102,#2103));
#3867=EDGE_LOOP('',(#2104,#2105,#2106,#2107));
#3868=EDGE_LOOP('',(#2108,#2109,#2110,#2111,#2112,#2113));
#3869=EDGE_LOOP('',(#2114,#2115,#2116,#2117));
#3870=EDGE_LOOP('',(#2118,#2119,#2120,#2121,#2122,#2123));
#3871=EDGE_LOOP('',(#2124,#2125,#2126,#2127));
#3872=EDGE_LOOP('',(#2128,#2129,#2130,#2131));
#3873=EDGE_LOOP('',(#2132,#2133,#2134,#2135));
#3874=EDGE_LOOP('',(#2136,#2137,#2138,#2139));
#3875=EDGE_LOOP('',(#2140,#2141,#2142,#2143));
#3876=EDGE_LOOP('',(#2144,#2145,#2146,#2147));
#3877=EDGE_LOOP('',(#2148,#2149,#2150,#2151));
#3878=EDGE_LOOP('',(#2152,#2153,#2154,#2155));
#3879=EDGE_LOOP('',(#2156,#2157,#2158,#2159,#2160));
#3880=EDGE_LOOP('',(#2161,#2162,#2163,#2164));
#3881=EDGE_LOOP('',(#2165,#2166,#2167,#2168));
#3882=EDGE_LOOP('',(#2169,#2170,#2171,#2172));
#3883=EDGE_LOOP('',(#2173,#2174,#2175,#2176));
#3884=EDGE_LOOP('',(#2177,#2178,#2179,#2180));
#3885=EDGE_LOOP('',(#2181,#2182,#2183,#2184));
#3886=EDGE_LOOP('',(#2185,#2186,#2187,#2188));
#3887=EDGE_LOOP('',(#2189,#2190,#2191,#2192));
#3888=EDGE_LOOP('',(#2193,#2194,#2195,#2196,#2197));
#3889=EDGE_LOOP('',(#2198,#2199,#2200,#2201));
#3890=EDGE_LOOP('',(#2202,#2203,#2204,#2205));
#3891=EDGE_LOOP('',(#2206,#2207,#2208,#2209));
#3892=EDGE_LOOP('',(#2210,#2211,#2212,#2213,#2214));
#3893=EDGE_LOOP('',(#2215,#2216,#2217,#2218));
#3894=EDGE_LOOP('',(#2219,#2220,#2221,#2222));
#3895=EDGE_LOOP('',(#2223,#2224,#2225,#2226));
#3896=EDGE_LOOP('',(#2227,#2228,#2229,#2230,#2231));
#3897=EDGE_LOOP('',(#2232,#2233,#2234));
#3898=EDGE_LOOP('',(#2235,#2236,#2237,#2238));
#3899=EDGE_LOOP('',(#2239,#2240,#2241,#2242));
#3900=EDGE_LOOP('',(#2243,#2244,#2245));
#3901=EDGE_LOOP('',(#2246,#2247,#2248,#2249));
#3902=EDGE_LOOP('',(#2250,#2251,#2252,#2253));
#3903=EDGE_LOOP('',(#2254,#2255,#2256,#2257));
#3904=EDGE_LOOP('',(#2258,#2259,#2260,#2261));
#3905=EDGE_LOOP('',(#2262,#2263,#2264,#2265,#2266));
#3906=EDGE_LOOP('',(#2267,#2268,#2269,#2270));
#3907=EDGE_LOOP('',(#2271,#2272,#2273,#2274));
#3908=EDGE_LOOP('',(#2275,#2276,#2277,#2278));
#3909=EDGE_LOOP('',(#2279,#2280,#2281,#2282,#2283));
#3910=EDGE_LOOP('',(#2284,#2285,#2286));
#3911=EDGE_LOOP('',(#2287,#2288,#2289,#2290));
#3912=EDGE_LOOP('',(#2291,#2292,#2293,#2294));
#3913=EDGE_LOOP('',(#2295,#2296,#2297));
#3914=EDGE_LOOP('',(#2298,#2299,#2300,#2301));
#3915=EDGE_LOOP('',(#2302,#2303,#2304,#2305,#2306,#2307));
#3916=EDGE_LOOP('',(#2308,#2309,#2310,#2311));
#3917=EDGE_LOOP('',(#2312,#2313,#2314,#2315));
#3918=EDGE_LOOP('',(#2316,#2317,#2318,#2319));
#3919=EDGE_LOOP('',(#2320,#2321,#2322,#2323,#2324,#2325));
#3920=EDGE_LOOP('',(#2326,#2327,#2328,#2329));
#3921=EDGE_LOOP('',(#2330,#2331,#2332,#2333));
#3922=EDGE_LOOP('',(#2334,#2335,#2336,#2337));
#3923=EDGE_LOOP('',(#2338,#2339,#2340,#2341));
#3924=EDGE_LOOP('',(#2342,#2343,#2344,#2345));
#3925=EDGE_LOOP('',(#2346,#2347,#2348,#2349));
#3926=EDGE_LOOP('',(#2350,#2351,#2352,#2353));
#3927=EDGE_LOOP('',(#2354,#2355,#2356,#2357));
#3928=EDGE_LOOP('',(#2358,#2359,#2360,#2361));
#3929=EDGE_LOOP('',(#2362,#2363,#2364,#2365));
#3930=EDGE_LOOP('',(#2366,#2367,#2368,#2369));
#3931=EDGE_LOOP('',(#2370,#2371,#2372,#2373));
#3932=EDGE_LOOP('',(#2374,#2375,#2376,#2377));
#3933=EDGE_LOOP('',(#2378,#2379,#2380,#2381));
#3934=EDGE_LOOP('',(#2382,#2383,#2384,#2385));
#3935=EDGE_LOOP('',(#2386,#2387,#2388,#2389));
#3936=EDGE_LOOP('',(#2390,#2391,#2392,#2393));
#3937=EDGE_LOOP('',(#2394,#2395,#2396,#2397));
#3938=EDGE_LOOP('',(#2398,#2399,#2400,#2401));
#3939=EDGE_LOOP('',(#2402,#2403,#2404,#2405));
#3940=EDGE_LOOP('',(#2406,#2407,#2408,#2409));
#3941=EDGE_LOOP('',(#2410,#2411,#2412,#2413));
#3942=EDGE_LOOP('',(#2414,#2415,#2416,#2417));
#3943=EDGE_LOOP('',(#2418,#2419,#2420,#2421));
#3944=EDGE_LOOP('',(#2422,#2423,#2424,#2425));
#3945=EDGE_LOOP('',(#2426));
#3946=EDGE_LOOP('',(#2427));
#3947=EDGE_LOOP('',(#2428));
#3948=EDGE_LOOP('',(#2429));
#3949=EDGE_LOOP('',(#2430));
#3950=EDGE_LOOP('',(#2431));
#3951=EDGE_LOOP('',(#2432));
#3952=EDGE_LOOP('',(#2433));
#3953=EDGE_LOOP('',(#2434));
#3954=EDGE_LOOP('',(#2435));
#3955=EDGE_LOOP('',(#2436));
#3956=EDGE_LOOP('',(#2437));
#3957=EDGE_LOOP('',(#2438));
#3958=EDGE_LOOP('',(#2439));
#3959=EDGE_LOOP('',(#2440));
#3960=FACE_BOUND('',#3693,.T.);
#3961=FACE_BOUND('',#3694,.T.);
#3962=FACE_BOUND('',#3695,.T.);
#3963=FACE_BOUND('',#3696,.T.);
#3964=FACE_BOUND('',#3697,.T.);
#3965=FACE_BOUND('',#3698,.T.);
#3966=FACE_BOUND('',#3699,.T.);
#3967=FACE_BOUND('',#3700,.T.);
#3968=FACE_BOUND('',#3701,.T.);
#3969=FACE_BOUND('',#3702,.T.);
#3970=FACE_BOUND('',#3703,.T.);
#3971=FACE_BOUND('',#3704,.T.);
#3972=FACE_BOUND('',#3705,.T.);
#3973=FACE_BOUND('',#3706,.T.);
#3974=FACE_BOUND('',#3707,.T.);
#3975=FACE_BOUND('',#3708,.T.);
#3976=FACE_BOUND('',#3709,.T.);
#3977=FACE_BOUND('',#3710,.T.);
#3978=FACE_BOUND('',#3711,.T.);
#3979=FACE_BOUND('',#3712,.T.);
#3980=FACE_BOUND('',#3713,.T.);
#3981=FACE_BOUND('',#3714,.T.);
#3982=FACE_BOUND('',#3715,.T.);
#3983=FACE_BOUND('',#3716,.T.);
#3984=FACE_BOUND('',#3717,.T.);
#3985=FACE_BOUND('',#3718,.T.);
#3986=FACE_BOUND('',#3719,.T.);
#3987=FACE_BOUND('',#3720,.T.);
#3988=FACE_BOUND('',#3721,.T.);
#3989=FACE_BOUND('',#3722,.T.);
#3990=FACE_BOUND('',#3723,.T.);
#3991=FACE_BOUND('',#3724,.T.);
#3992=FACE_BOUND('',#3725,.T.);
#3993=FACE_BOUND('',#3726,.T.);
#3994=FACE_BOUND('',#3727,.T.);
#3995=FACE_BOUND('',#3728,.T.);
#3996=FACE_BOUND('',#3729,.T.);
#3997=FACE_BOUND('',#3730,.T.);
#3998=FACE_BOUND('',#3731,.T.);
#3999=FACE_BOUND('',#3732,.T.);
#4000=FACE_BOUND('',#3733,.T.);
#4001=FACE_BOUND('',#3734,.T.);
#4002=FACE_BOUND('',#3735,.T.);
#4003=FACE_BOUND('',#3736,.T.);
#4004=FACE_BOUND('',#3737,.T.);
#4005=FACE_BOUND('',#3738,.T.);
#4006=FACE_BOUND('',#3739,.T.);
#4007=FACE_BOUND('',#3740,.T.);
#4008=FACE_BOUND('',#3741,.T.);
#4009=FACE_BOUND('',#3742,.T.);
#4010=FACE_BOUND('',#3743,.T.);
#4011=FACE_BOUND('',#3744,.T.);
#4012=FACE_BOUND('',#3745,.T.);
#4013=FACE_BOUND('',#3746,.T.);
#4014=FACE_BOUND('',#3747,.T.);
#4015=FACE_BOUND('',#3748,.T.);
#4016=FACE_BOUND('',#3749,.T.);
#4017=FACE_BOUND('',#3750,.T.);
#4018=FACE_BOUND('',#3751,.T.);
#4019=FACE_BOUND('',#3752,.T.);
#4020=FACE_BOUND('',#3753,.T.);
#4021=FACE_BOUND('',#3754,.T.);
#4022=FACE_BOUND('',#3755,.T.);
#4023=FACE_BOUND('',#3756,.T.);
#4024=FACE_BOUND('',#3757,.T.);
#4025=FACE_BOUND('',#3758,.T.);
#4026=FACE_BOUND('',#3759,.T.);
#4027=FACE_BOUND('',#3760,.T.);
#4028=FACE_BOUND('',#3761,.T.);
#4029=FACE_BOUND('',#3762,.T.);
#4030=FACE_BOUND('',#3763,.T.);
#4031=FACE_BOUND('',#3764,.T.);
#4032=FACE_BOUND('',#3765,.T.);
#4033=FACE_BOUND('',#3766,.T.);
#4034=FACE_BOUND('',#3767,.T.);
#4035=FACE_BOUND('',#3768,.T.);
#4036=FACE_BOUND('',#3769,.T.);
#4037=FACE_BOUND('',#3770,.T.);
#4038=FACE_BOUND('',#3771,.T.);
#4039=FACE_BOUND('',#3772,.T.);
#4040=FACE_BOUND('',#3773,.T.);
#4041=FACE_BOUND('',#3774,.T.);
#4042=FACE_BOUND('',#3775,.T.);
#4043=FACE_BOUND('',#3776,.T.);
#4044=FACE_BOUND('',#3777,.T.);
#4045=FACE_BOUND('',#3778,.T.);
#4046=FACE_BOUND('',#3779,.T.);
#4047=FACE_BOUND('',#3780,.T.);
#4048=FACE_BOUND('',#3781,.T.);
#4049=FACE_BOUND('',#3782,.T.);
#4050=FACE_BOUND('',#3783,.T.);
#4051=FACE_BOUND('',#3784,.T.);
#4052=FACE_BOUND('',#3785,.T.);
#4053=FACE_BOUND('',#3786,.T.);
#4054=FACE_BOUND('',#3787,.T.);
#4055=FACE_BOUND('',#3788,.T.);
#4056=FACE_BOUND('',#3789,.T.);
#4057=FACE_BOUND('',#3790,.T.);
#4058=FACE_BOUND('',#3791,.T.);
#4059=FACE_BOUND('',#3792,.T.);
#4060=FACE_BOUND('',#3793,.T.);
#4061=FACE_BOUND('',#3794,.T.);
#4062=FACE_BOUND('',#3795,.T.);
#4063=FACE_BOUND('',#3796,.T.);
#4064=FACE_BOUND('',#3797,.T.);
#4065=FACE_BOUND('',#3798,.T.);
#4066=FACE_BOUND('',#3799,.T.);
#4067=FACE_BOUND('',#3800,.T.);
#4068=FACE_BOUND('',#3801,.T.);
#4069=FACE_BOUND('',#3802,.T.);
#4070=FACE_BOUND('',#3803,.T.);
#4071=FACE_BOUND('',#3804,.T.);
#4072=FACE_BOUND('',#3805,.T.);
#4073=FACE_BOUND('',#3806,.T.);
#4074=FACE_BOUND('',#3807,.T.);
#4075=FACE_BOUND('',#3808,.T.);
#4076=FACE_BOUND('',#3809,.T.);
#4077=FACE_BOUND('',#3810,.T.);
#4078=FACE_BOUND('',#3811,.T.);
#4079=FACE_BOUND('',#3812,.T.);
#4080=FACE_BOUND('',#3813,.T.);
#4081=FACE_BOUND('',#3814,.T.);
#4082=FACE_BOUND('',#3815,.T.);
#4083=FACE_BOUND('',#3816,.T.);
#4084=FACE_BOUND('',#3817,.T.);
#4085=FACE_BOUND('',#3818,.T.);
#4086=FACE_BOUND('',#3819,.T.);
#4087=FACE_BOUND('',#3820,.T.);
#4088=FACE_BOUND('',#3821,.T.);
#4089=FACE_BOUND('',#3822,.T.);
#4090=FACE_BOUND('',#3823,.T.);
#4091=FACE_BOUND('',#3824,.T.);
#4092=FACE_BOUND('',#3825,.T.);
#4093=FACE_BOUND('',#3826,.T.);
#4094=FACE_BOUND('',#3827,.T.);
#4095=FACE_BOUND('',#3828,.T.);
#4096=FACE_BOUND('',#3829,.T.);
#4097=FACE_BOUND('',#3830,.T.);
#4098=FACE_BOUND('',#3831,.T.);
#4099=FACE_BOUND('',#3832,.T.);
#4100=FACE_BOUND('',#3833,.T.);
#4101=FACE_BOUND('',#3834,.T.);
#4102=FACE_BOUND('',#3835,.T.);
#4103=FACE_BOUND('',#3836,.T.);
#4104=FACE_BOUND('',#3837,.T.);
#4105=FACE_BOUND('',#3838,.T.);
#4106=FACE_BOUND('',#3839,.T.);
#4107=FACE_BOUND('',#3840,.T.);
#4108=FACE_BOUND('',#3841,.T.);
#4109=FACE_BOUND('',#3842,.T.);
#4110=FACE_BOUND('',#3843,.T.);
#4111=FACE_BOUND('',#3844,.T.);
#4112=FACE_BOUND('',#3845,.T.);
#4113=FACE_BOUND('',#3846,.T.);
#4114=FACE_BOUND('',#3847,.T.);
#4115=FACE_BOUND('',#3848,.T.);
#4116=FACE_BOUND('',#3849,.T.);
#4117=FACE_BOUND('',#3850,.T.);
#4118=FACE_BOUND('',#3851,.T.);
#4119=FACE_BOUND('',#3852,.T.);
#4120=FACE_BOUND('',#3853,.T.);
#4121=FACE_BOUND('',#3854,.T.);
#4122=FACE_BOUND('',#3855,.T.);
#4123=FACE_BOUND('',#3856,.T.);
#4124=FACE_BOUND('',#3857,.T.);
#4125=FACE_BOUND('',#3858,.T.);
#4126=FACE_BOUND('',#3859,.T.);
#4127=FACE_BOUND('',#3860,.T.);
#4128=FACE_BOUND('',#3861,.T.);
#4129=FACE_BOUND('',#3862,.T.);
#4130=FACE_BOUND('',#3863,.T.);
#4131=FACE_BOUND('',#3864,.T.);
#4132=FACE_BOUND('',#3865,.T.);
#4133=FACE_BOUND('',#3866,.T.);
#4134=FACE_BOUND('',#3867,.T.);
#4135=FACE_BOUND('',#3868,.T.);
#4136=FACE_BOUND('',#3869,.T.);
#4137=FACE_BOUND('',#3870,.T.);
#4138=FACE_BOUND('',#3871,.T.);
#4139=FACE_BOUND('',#3872,.T.);
#4140=FACE_BOUND('',#3873,.T.);
#4141=FACE_BOUND('',#3874,.T.);
#4142=FACE_BOUND('',#3875,.T.);
#4143=FACE_BOUND('',#3876,.T.);
#4144=FACE_BOUND('',#3877,.T.);
#4145=FACE_BOUND('',#3878,.T.);
#4146=FACE_BOUND('',#3879,.T.);
#4147=FACE_BOUND('',#3880,.T.);
#4148=FACE_BOUND('',#3881,.T.);
#4149=FACE_BOUND('',#3882,.T.);
#4150=FACE_BOUND('',#3883,.T.);
#4151=FACE_BOUND('',#3884,.T.);
#4152=FACE_BOUND('',#3885,.T.);
#4153=FACE_BOUND('',#3886,.T.);
#4154=FACE_BOUND('',#3887,.T.);
#4155=FACE_BOUND('',#3888,.T.);
#4156=FACE_BOUND('',#3889,.T.);
#4157=FACE_BOUND('',#3890,.T.);
#4158=FACE_BOUND('',#3891,.T.);
#4159=FACE_BOUND('',#3892,.T.);
#4160=FACE_BOUND('',#3893,.T.);
#4161=FACE_BOUND('',#3894,.T.);
#4162=FACE_BOUND('',#3895,.T.);
#4163=FACE_BOUND('',#3896,.T.);
#4164=FACE_BOUND('',#3897,.T.);
#4165=FACE_BOUND('',#3898,.T.);
#4166=FACE_BOUND('',#3899,.T.);
#4167=FACE_BOUND('',#3900,.T.);
#4168=FACE_BOUND('',#3901,.T.);
#4169=FACE_BOUND('',#3902,.T.);
#4170=FACE_BOUND('',#3903,.T.);
#4171=FACE_BOUND('',#3904,.T.);
#4172=FACE_BOUND('',#3905,.T.);
#4173=FACE_BOUND('',#3906,.T.);
#4174=FACE_BOUND('',#3907,.T.);
#4175=FACE_BOUND('',#3908,.T.);
#4176=FACE_BOUND('',#3909,.T.);
#4177=FACE_BOUND('',#3910,.T.);
#4178=FACE_BOUND('',#3911,.T.);
#4179=FACE_BOUND('',#3912,.T.);
#4180=FACE_BOUND('',#3913,.T.);
#4181=FACE_BOUND('',#3914,.T.);
#4182=FACE_BOUND('',#3915,.T.);
#4183=FACE_BOUND('',#3916,.T.);
#4184=FACE_BOUND('',#3917,.T.);
#4185=FACE_BOUND('',#3918,.T.);
#4186=FACE_BOUND('',#3919,.T.);
#4187=FACE_BOUND('',#3920,.T.);
#4188=FACE_BOUND('',#3921,.T.);
#4189=FACE_BOUND('',#3922,.T.);
#4190=FACE_BOUND('',#3923,.T.);
#4191=FACE_BOUND('',#3924,.T.);
#4192=FACE_BOUND('',#3925,.T.);
#4193=FACE_BOUND('',#3926,.T.);
#4194=FACE_BOUND('',#3927,.T.);
#4195=FACE_BOUND('',#3928,.T.);
#4196=FACE_BOUND('',#3929,.T.);
#4197=FACE_BOUND('',#3930,.T.);
#4198=FACE_BOUND('',#3931,.T.);
#4199=FACE_BOUND('',#3932,.T.);
#4200=FACE_BOUND('',#3933,.T.);
#4201=FACE_BOUND('',#3934,.T.);
#4202=FACE_BOUND('',#3935,.T.);
#4203=FACE_BOUND('',#3936,.T.);
#4204=FACE_BOUND('',#3937,.T.);
#4205=FACE_BOUND('',#3938,.T.);
#4206=FACE_BOUND('',#3939,.T.);
#4207=FACE_BOUND('',#3940,.T.);
#4208=FACE_BOUND('',#3941,.T.);
#4209=FACE_BOUND('',#3942,.T.);
#4210=FACE_BOUND('',#3943,.T.);
#4211=FACE_BOUND('',#3944,.T.);
#4212=FACE_BOUND('',#3945,.T.);
#4213=FACE_BOUND('',#3946,.T.);
#4214=FACE_BOUND('',#3947,.T.);
#4215=FACE_BOUND('',#3948,.T.);
#4216=FACE_BOUND('',#3949,.T.);
#4217=FACE_BOUND('',#3950,.T.);
#4218=FACE_BOUND('',#3951,.T.);
#4219=FACE_BOUND('',#3952,.T.);
#4220=FACE_BOUND('',#3953,.T.);
#4221=FACE_BOUND('',#3954,.T.);
#4222=FACE_BOUND('',#3955,.T.);
#4223=FACE_BOUND('',#3956,.T.);
#4224=FACE_BOUND('',#3957,.T.);
#4225=FACE_BOUND('',#3958,.T.);
#4226=FACE_BOUND('',#3959,.T.);
#4227=CYLINDRICAL_SURFACE('',#4544,0.05125);
#4228=CYLINDRICAL_SURFACE('',#4547,0.05125);
#4229=CYLINDRICAL_SURFACE('',#4560,0.75);
#4230=CYLINDRICAL_SURFACE('',#4583,0.75);
#4231=CYLINDRICAL_SURFACE('',#4630,74.9765564910616);
#4232=CYLINDRICAL_SURFACE('',#4639,9.31441588174493);
#4233=CYLINDRICAL_SURFACE('',#4679,1.75);
#4234=CYLINDRICAL_SURFACE('',#4680,1.74999999999762);
#4235=CYLINDRICAL_SURFACE('',#4681,75.2265564910616);
#4236=CYLINDRICAL_SURFACE('',#4683,9.56441588174495);
#4237=CYLINDRICAL_SURFACE('',#4694,4.25);
#4238=CYLINDRICAL_SURFACE('',#4695,3.25);
#4239=CYLINDRICAL_SURFACE('',#4697,4.88782568992546);
#4240=CYLINDRICAL_SURFACE('',#4698,4.88782568992506);
#4241=CYLINDRICAL_SURFACE('',#4700,3.25);
#4242=CYLINDRICAL_SURFACE('',#4701,4.25);
#4243=CYLINDRICAL_SURFACE('',#4702,9.56441588174493);
#4244=CYLINDRICAL_SURFACE('',#4704,1.5);
#4245=CYLINDRICAL_SURFACE('',#4705,1.49999999999762);
#4246=CYLINDRICAL_SURFACE('',#4707,9.31441588174495);
#4247=CYLINDRICAL_SURFACE('',#4714,4.);
#4248=CYLINDRICAL_SURFACE('',#4715,3.);
#4249=CYLINDRICAL_SURFACE('',#4716,4.63782568992546);
#4250=CYLINDRICAL_SURFACE('',#4717,4.63782568992506);
#4251=CYLINDRICAL_SURFACE('',#4727,3.);
#4252=CYLINDRICAL_SURFACE('',#4728,4.);
#4253=CYLINDRICAL_SURFACE('',#4730,4.38741037887916);
#4254=CYLINDRICAL_SURFACE('',#4747,4.38741037887914);
#4255=CYLINDRICAL_SURFACE('',#4782,0.25);
#4256=CYLINDRICAL_SURFACE('',#4786,0.25);
#4257=CYLINDRICAL_SURFACE('',#4790,0.25);
#4258=CYLINDRICAL_SURFACE('',#4793,0.25);
#4259=CYLINDRICAL_SURFACE('',#4805,0.25);
#4260=CYLINDRICAL_SURFACE('',#4809,0.25);
#4261=CYLINDRICAL_SURFACE('',#4813,0.25);
#4262=CYLINDRICAL_SURFACE('',#4817,0.25);
#4263=CYLINDRICAL_SURFACE('',#4880,0.125);
#4264=CYLINDRICAL_SURFACE('',#4884,0.125);
#4265=CYLINDRICAL_SURFACE('',#4888,0.125);
#4266=CYLINDRICAL_SURFACE('',#4889,0.125);
#4267=CYLINDRICAL_SURFACE('',#4893,0.125);
#4268=CYLINDRICAL_SURFACE('',#4895,0.125);
#4269=CYLINDRICAL_SURFACE('',#4899,0.125);
#4270=CYLINDRICAL_SURFACE('',#4901,0.125);
#4271=CYLINDRICAL_SURFACE('',#4905,0.125);
#4272=CYLINDRICAL_SURFACE('',#4909,0.125);
#4273=CYLINDRICAL_SURFACE('',#4910,0.125);
#4274=CYLINDRICAL_SURFACE('',#4914,0.125);
#4275=CYLINDRICAL_SURFACE('',#4916,0.125);
#4276=CYLINDRICAL_SURFACE('',#4921,0.125);
#4277=CYLINDRICAL_SURFACE('',#4925,0.05);
#4278=CYLINDRICAL_SURFACE('',#4927,0.05);
#4279=CYLINDRICAL_SURFACE('',#4929,0.0499999999999994);
#4280=CYLINDRICAL_SURFACE('',#4931,0.0499999999999988);
#4281=CYLINDRICAL_SURFACE('',#4934,0.05);
#4282=CYLINDRICAL_SURFACE('',#4936,0.05);
#4283=CYLINDRICAL_SURFACE('',#4938,0.05);
#4284=CYLINDRICAL_SURFACE('',#4940,0.05);
#4285=CYLINDRICAL_SURFACE('',#4942,0.1275);
#4286=CYLINDRICAL_SURFACE('',#4944,0.1275);
#4287=CYLINDRICAL_SURFACE('',#4946,0.1275);
#4288=CYLINDRICAL_SURFACE('',#4948,0.1275);
#4289=CYLINDRICAL_SURFACE('',#4949,0.625);
#4290=CYLINDRICAL_SURFACE('',#4950,0.225);
#4291=CYLINDRICAL_SURFACE('',#4953,0.374999999999981);
#4292=CYLINDRICAL_SURFACE('',#4956,0.1625);
#4293=ADVANCED_FACE('',(#3960,#3961),#4227,.F.);
#4294=ADVANCED_FACE('',(#3962,#3963),#4228,.F.);
#4295=ADVANCED_FACE('',(#3964),#1105,.T.);
#4296=ADVANCED_FACE('',(#3965),#1106,.T.);
#4297=ADVANCED_FACE('',(#3966),#915,.T.);
#4298=ADVANCED_FACE('',(#3967),#916,.F.);
#4299=ADVANCED_FACE('',(#3968),#4229,.T.);
#4300=ADVANCED_FACE('',(#3969),#917,.T.);
#4301=ADVANCED_FACE('',(#3970),#918,.F.);
#4302=ADVANCED_FACE('',(#3971),#919,.T.);
#4303=ADVANCED_FACE('',(#3972),#920,.T.);
#4304=ADVANCED_FACE('',(#3973),#4230,.T.);
#4305=ADVANCED_FACE('',(#3974),#921,.F.);
#4306=ADVANCED_FACE('',(#3975),#922,.T.);
#4307=ADVANCED_FACE('',(#3976),#923,.F.);
#4308=ADVANCED_FACE('',(#3977,#3978,#3979,#3980),#924,.T.);
#4309=ADVANCED_FACE('',(#3981),#925,.T.);
#4310=ADVANCED_FACE('',(#3982),#926,.T.);
#4311=ADVANCED_FACE('',(#3983),#927,.T.);
#4312=ADVANCED_FACE('',(#3984),#928,.T.);
#4313=ADVANCED_FACE('',(#3985),#929,.T.);
#4314=ADVANCED_FACE('',(#3986),#930,.T.);
#4315=ADVANCED_FACE('',(#3987),#931,.F.);
#4316=ADVANCED_FACE('',(#3988),#4231,.F.);
#4317=ADVANCED_FACE('',(#3989),#932,.T.);
#4318=ADVANCED_FACE('',(#3990),#933,.T.);
#4319=ADVANCED_FACE('',(#3991),#934,.T.);
#4320=ADVANCED_FACE('',(#3992),#4232,.F.);
#4321=ADVANCED_FACE('',(#3993,#3994),#935,.T.);
#4322=ADVANCED_FACE('',(#3995,#3996),#936,.F.);
#4323=ADVANCED_FACE('',(#3997),#4233,.T.);
#4324=ADVANCED_FACE('',(#3998),#4234,.T.);
#4325=ADVANCED_FACE('',(#3999),#4235,.T.);
#4326=ADVANCED_FACE('',(#4000),#937,.F.);
#4327=ADVANCED_FACE('',(#4001),#4236,.T.);
#4328=ADVANCED_FACE('',(#4002,#4003,#4004),#938,.F.);
#4329=ADVANCED_FACE('',(#4005),#4237,.T.);
#4330=ADVANCED_FACE('',(#4006),#4238,.T.);
#4331=ADVANCED_FACE('',(#4007),#939,.F.);
#4332=ADVANCED_FACE('',(#4008),#4239,.T.);
#4333=ADVANCED_FACE('',(#4009),#27,.F.);
#4334=ADVANCED_FACE('',(#4010),#28,.F.);
#4335=ADVANCED_FACE('',(#4011),#4240,.T.);
#4336=ADVANCED_FACE('',(#4012),#940,.F.);
#4337=ADVANCED_FACE('',(#4013),#4241,.T.);
#4338=ADVANCED_FACE('',(#4014),#4242,.T.);
#4339=ADVANCED_FACE('',(#4015),#4243,.T.);
#4340=ADVANCED_FACE('',(#4016),#941,.T.);
#4341=ADVANCED_FACE('',(#4017),#4244,.F.);
#4342=ADVANCED_FACE('',(#4018),#4245,.F.);
#4343=ADVANCED_FACE('',(#4019),#942,.T.);
#4344=ADVANCED_FACE('',(#4020),#4246,.F.);
#4345=ADVANCED_FACE('',(#4021,#4022,#4023,#4024),#943,.T.);
#4346=ADVANCED_FACE('',(#4025),#4247,.F.);
#4347=ADVANCED_FACE('',(#4026),#4248,.F.);
#4348=ADVANCED_FACE('',(#4027),#4249,.F.);
#4349=ADVANCED_FACE('',(#4028),#29,.T.);
#4350=ADVANCED_FACE('',(#4029),#30,.T.);
#4351=ADVANCED_FACE('',(#4030),#4250,.F.);
#4352=ADVANCED_FACE('',(#4031,#4032,#4033,#4034,#4035,#4036),#944,.F.);
#4353=ADVANCED_FACE('',(#4037),#4251,.F.);
#4354=ADVANCED_FACE('',(#4038),#4252,.F.);
#4355=ADVANCED_FACE('',(#4039),#945,.F.);
#4356=ADVANCED_FACE('',(#4040),#4253,.T.);
#4357=ADVANCED_FACE('',(#4041),#946,.T.);
#4358=ADVANCED_FACE('',(#4042,#4043,#4044),#947,.F.);
#4359=ADVANCED_FACE('',(#4045),#948,.T.);
#4360=ADVANCED_FACE('',(#4046),#949,.T.);
#4361=ADVANCED_FACE('',(#4047),#950,.F.);
#4362=ADVANCED_FACE('',(#4048),#951,.F.);
#4363=ADVANCED_FACE('',(#4049),#952,.T.);
#4364=ADVANCED_FACE('',(#4050),#953,.F.);
#4365=ADVANCED_FACE('',(#4051),#954,.F.);
#4366=ADVANCED_FACE('',(#4052),#955,.F.);
#4367=ADVANCED_FACE('',(#4053),#956,.T.);
#4368=ADVANCED_FACE('',(#4054),#957,.T.);
#4369=ADVANCED_FACE('',(#4055),#958,.T.);
#4370=ADVANCED_FACE('',(#4056),#959,.F.);
#4371=ADVANCED_FACE('',(#4057),#4254,.T.);
#4372=ADVANCED_FACE('',(#4058),#960,.T.);
#4373=ADVANCED_FACE('',(#4059),#961,.T.);
#4374=ADVANCED_FACE('',(#4060),#962,.F.);
#4375=ADVANCED_FACE('',(#4061),#963,.T.);
#4376=ADVANCED_FACE('',(#4062),#964,.T.);
#4377=ADVANCED_FACE('',(#4063),#965,.F.);
#4378=ADVANCED_FACE('',(#4064),#966,.F.);
#4379=ADVANCED_FACE('',(#4065),#967,.T.);
#4380=ADVANCED_FACE('',(#4066),#968,.F.);
#4381=ADVANCED_FACE('',(#4067),#969,.F.);
#4382=ADVANCED_FACE('',(#4068),#970,.F.);
#4383=ADVANCED_FACE('',(#4069),#971,.T.);
#4384=ADVANCED_FACE('',(#4070),#972,.T.);
#4385=ADVANCED_FACE('',(#4071),#973,.T.);
#4386=ADVANCED_FACE('',(#4072),#974,.T.);
#4387=ADVANCED_FACE('',(#4073),#975,.T.);
#4388=ADVANCED_FACE('',(#4074),#976,.F.);
#4389=ADVANCED_FACE('',(#4075),#977,.F.);
#4390=ADVANCED_FACE('',(#4076),#978,.F.);
#4391=ADVANCED_FACE('',(#4077),#979,.F.);
#4392=ADVANCED_FACE('',(#4078),#980,.T.);
#4393=ADVANCED_FACE('',(#4079),#981,.T.);
#4394=ADVANCED_FACE('',(#4080),#982,.T.);
#4395=ADVANCED_FACE('',(#4081),#983,.F.);
#4396=ADVANCED_FACE('',(#4082,#4083),#984,.T.);
#4397=ADVANCED_FACE('',(#4084),#985,.T.);
#4398=ADVANCED_FACE('',(#4085),#986,.F.);
#4399=ADVANCED_FACE('',(#4086,#4087),#987,.T.);
#4400=ADVANCED_FACE('',(#4088),#988,.F.);
#4401=ADVANCED_FACE('',(#4089),#989,.T.);
#4402=ADVANCED_FACE('',(#4090),#990,.F.);
#4403=ADVANCED_FACE('',(#4091),#991,.F.);
#4404=ADVANCED_FACE('',(#4092),#4255,.T.);
#4405=ADVANCED_FACE('',(#4093),#992,.F.);
#4406=ADVANCED_FACE('',(#4094),#4256,.T.);
#4407=ADVANCED_FACE('',(#4095),#993,.T.);
#4408=ADVANCED_FACE('',(#4096),#4257,.T.);
#4409=ADVANCED_FACE('',(#4097),#4258,.T.);
#4410=ADVANCED_FACE('',(#4098),#994,.T.);
#4411=ADVANCED_FACE('',(#4099),#995,.F.);
#4412=ADVANCED_FACE('',(#4100),#996,.T.);
#4413=ADVANCED_FACE('',(#4101),#997,.F.);
#4414=ADVANCED_FACE('',(#4102),#998,.T.);
#4415=ADVANCED_FACE('',(#4103),#999,.T.);
#4416=ADVANCED_FACE('',(#4104),#4259,.T.);
#4417=ADVANCED_FACE('',(#4105),#1000,.T.);
#4418=ADVANCED_FACE('',(#4106),#4260,.T.);
#4419=ADVANCED_FACE('',(#4107),#1001,.F.);
#4420=ADVANCED_FACE('',(#4108),#4261,.T.);
#4421=ADVANCED_FACE('',(#4109),#1002,.F.);
#4422=ADVANCED_FACE('',(#4110),#4262,.T.);
#4423=ADVANCED_FACE('',(#4111),#1003,.F.);
#4424=ADVANCED_FACE('',(#4112),#1004,.T.);
#4425=ADVANCED_FACE('',(#4113),#1005,.F.);
#4426=ADVANCED_FACE('',(#4114),#1006,.F.);
#4427=ADVANCED_FACE('',(#4115),#1007,.T.);
#4428=ADVANCED_FACE('',(#4116),#1008,.F.);
#4429=ADVANCED_FACE('',(#4117),#1009,.T.);
#4430=ADVANCED_FACE('',(#4118),#1010,.T.);
#4431=ADVANCED_FACE('',(#4119),#1011,.T.);
#4432=ADVANCED_FACE('',(#4120),#1012,.T.);
#4433=ADVANCED_FACE('',(#4121),#1013,.T.);
#4434=ADVANCED_FACE('',(#4122),#1014,.T.);
#4435=ADVANCED_FACE('',(#4123),#1015,.T.);
#4436=ADVANCED_FACE('',(#4124),#1016,.F.);
#4437=ADVANCED_FACE('',(#4125),#1017,.F.);
#4438=ADVANCED_FACE('',(#4126),#1018,.F.);
#4439=ADVANCED_FACE('',(#4127),#1019,.F.);
#4440=ADVANCED_FACE('',(#4128),#1020,.F.);
#4441=ADVANCED_FACE('',(#4129),#1021,.F.);
#4442=ADVANCED_FACE('',(#4130),#1022,.T.);
#4443=ADVANCED_FACE('',(#4131),#1023,.T.);
#4444=ADVANCED_FACE('',(#4132),#1024,.T.);
#4445=ADVANCED_FACE('',(#4133),#1025,.T.);
#4446=ADVANCED_FACE('',(#4134),#1026,.T.);
#4447=ADVANCED_FACE('',(#4135),#1027,.T.);
#4448=ADVANCED_FACE('',(#4136),#1028,.F.);
#4449=ADVANCED_FACE('',(#4137),#1029,.F.);
#4450=ADVANCED_FACE('',(#4138),#1030,.T.);
#4451=ADVANCED_FACE('',(#4139),#1031,.F.);
#4452=ADVANCED_FACE('',(#4140),#1032,.T.);
#4453=ADVANCED_FACE('',(#4141),#1033,.T.);
#4454=ADVANCED_FACE('',(#4142),#1107,.T.);
#4455=ADVANCED_FACE('',(#4143),#1034,.T.);
#4456=ADVANCED_FACE('',(#4144),#1108,.T.);
#4457=ADVANCED_FACE('',(#4145),#1035,.F.);
#4458=ADVANCED_FACE('',(#4146),#31,.T.);
#4459=ADVANCED_FACE('',(#4147),#1109,.T.);
#4460=ADVANCED_FACE('',(#4148),#1036,.F.);
#4461=ADVANCED_FACE('',(#4149),#1110,.T.);
#4462=ADVANCED_FACE('',(#4150),#1037,.T.);
#4463=ADVANCED_FACE('',(#4151),#1111,.T.);
#4464=ADVANCED_FACE('',(#4152),#1038,.T.);
#4465=ADVANCED_FACE('',(#4153),#1112,.T.);
#4466=ADVANCED_FACE('',(#4154),#1039,.F.);
#4467=ADVANCED_FACE('',(#4155),#32,.T.);
#4468=ADVANCED_FACE('',(#4156),#1113,.T.);
#4469=ADVANCED_FACE('',(#4157),#1040,.F.);
#4470=ADVANCED_FACE('',(#4158),#1114,.T.);
#4471=ADVANCED_FACE('',(#4159),#4263,.T.);
#4472=ADVANCED_FACE('',(#4160),#14,.T.);
#4473=ADVANCED_FACE('',(#4161),#4264,.T.);
#4474=ADVANCED_FACE('',(#4162),#15,.T.);
#4475=ADVANCED_FACE('',(#4163),#4265,.T.);
#4476=ADVANCED_FACE('',(#4164),#4266,.T.);
#4477=ADVANCED_FACE('',(#4165),#16,.T.);
#4478=ADVANCED_FACE('',(#4166),#4267,.T.);
#4479=ADVANCED_FACE('',(#4167),#4268,.T.);
#4480=ADVANCED_FACE('',(#4168),#12,.T.);
#4481=ADVANCED_FACE('',(#4169),#17,.T.);
#4482=ADVANCED_FACE('',(#4170),#4269,.T.);
#4483=ADVANCED_FACE('',(#4171),#18,.T.);
#4484=ADVANCED_FACE('',(#4172),#4270,.T.);
#4485=ADVANCED_FACE('',(#4173),#19,.T.);
#4486=ADVANCED_FACE('',(#4174),#4271,.T.);
#4487=ADVANCED_FACE('',(#4175),#20,.T.);
#4488=ADVANCED_FACE('',(#4176),#4272,.T.);
#4489=ADVANCED_FACE('',(#4177),#4273,.T.);
#4490=ADVANCED_FACE('',(#4178),#21,.T.);
#4491=ADVANCED_FACE('',(#4179),#4274,.T.);
#4492=ADVANCED_FACE('',(#4180),#4275,.T.);
#4493=ADVANCED_FACE('',(#4181),#13,.T.);
#4494=ADVANCED_FACE('',(#4182),#22,.T.);
#4495=ADVANCED_FACE('',(#4183),#23,.T.);
#4496=ADVANCED_FACE('',(#4184),#4276,.T.);
#4497=ADVANCED_FACE('',(#4185),#24,.T.);
#4498=ADVANCED_FACE('',(#4186),#25,.T.);
#4499=ADVANCED_FACE('',(#4187),#26,.T.);
#4500=ADVANCED_FACE('',(#4188),#4277,.F.);
#4501=ADVANCED_FACE('',(#4189),#1041,.F.);
#4502=ADVANCED_FACE('',(#4190),#4278,.F.);
#4503=ADVANCED_FACE('',(#4191),#1042,.F.);
#4504=ADVANCED_FACE('',(#4192),#4279,.F.);
#4505=ADVANCED_FACE('',(#4193),#1043,.T.);
#4506=ADVANCED_FACE('',(#4194),#4280,.F.);
#4507=ADVANCED_FACE('',(#4195),#1044,.T.);
#4508=ADVANCED_FACE('',(#4196),#1045,.F.);
#4509=ADVANCED_FACE('',(#4197),#4281,.F.);
#4510=ADVANCED_FACE('',(#4198),#1046,.T.);
#4511=ADVANCED_FACE('',(#4199),#4282,.F.);
#4512=ADVANCED_FACE('',(#4200),#1047,.T.);
#4513=ADVANCED_FACE('',(#4201),#4283,.F.);
#4514=ADVANCED_FACE('',(#4202),#1048,.F.);
#4515=ADVANCED_FACE('',(#4203),#4284,.F.);
#4516=ADVANCED_FACE('',(#4204),#1049,.F.);
#4517=ADVANCED_FACE('',(#4205),#4285,.F.);
#4518=ADVANCED_FACE('',(#4206),#1050,.F.);
#4519=ADVANCED_FACE('',(#4207),#4286,.F.);
#4520=ADVANCED_FACE('',(#4208),#1051,.T.);
#4521=ADVANCED_FACE('',(#4209),#4287,.F.);
#4522=ADVANCED_FACE('',(#4210),#1052,.T.);
#4523=ADVANCED_FACE('',(#4211),#4288,.F.);
#4524=ADVANCED_FACE('',(#4212,#4213),#4289,.F.);
#4525=ADVANCED_FACE('',(#4214,#4215),#4290,.T.);
#4526=ADVANCED_FACE('',(#4216,#4217),#4291,.F.);
#4527=ADVANCED_FACE('',(#4218,#4219,#4220),#1053,.T.);
#4528=ADVANCED_FACE('',(#4221,#4222),#4292,.F.);
#4529=ADVANCED_FACE('',(#4223,#4224),#1054,.T.);
#4530=ADVANCED_FACE('',(#4225,#4226),#1055,.T.);
#4531=CLOSED_SHELL('',(#4293,#4294,#4295,#4296,#4297,#4298,#4299,#4300,
#4301,#4302,#4303,#4304,#4305,#4306,#4307,#4308,#4309,#4310,#4311,#4312,
#4313,#4314,#4315,#4316,#4317,#4318,#4319,#4320,#4321,#4322,#4323,#4324,
#4325,#4326,#4327,#4328,#4329,#4330,#4331,#4332,#4333,#4334,#4335,#4336,
#4337,#4338,#4339,#4340,#4341,#4342,#4343,#4344,#4345,#4346,#4347,#4348,
#4349,#4350,#4351,#4352,#4353,#4354,#4355,#4356,#4357,#4358,#4359,#4360,
#4361,#4362,#4363,#4364,#4365,#4366,#4367,#4368,#4369,#4370,#4371,#4372,
#4373,#4374,#4375,#4376,#4377,#4378,#4379,#4380,#4381,#4382,#4383,#4384,
#4385,#4386,#4387,#4388,#4389,#4390,#4391,#4392,#4393,#4394,#4395,#4396,
#4397,#4398,#4399,#4400,#4401,#4402,#4403,#4404,#4405,#4406,#4407,#4408,
#4409,#4410,#4411,#4412,#4413,#4414,#4415,#4416,#4417,#4418,#4419,#4420,
#4421,#4422,#4423,#4424,#4425,#4426,#4427,#4428,#4429,#4430,#4431,#4432,
#4433,#4434,#4435,#4436,#4437,#4438,#4439,#4440,#4441,#4442,#4443,#4444,
#4445,#4446,#4447,#4448,#4449,#4450,#4451,#4452,#4453,#4454,#4455,#4456,
#4457,#4458,#4459,#4460,#4461,#4462,#4463,#4464,#4465,#4466,#4467,#4468,
#4469,#4470,#4471,#4472,#4473,#4474,#4475,#4476,#4477,#4478,#4479,#4480,
#4481,#4482,#4483,#4484,#4485,#4486,#4487,#4488,#4489,#4490,#4491,#4492,
#4493,#4494,#4495,#4496,#4497,#4498,#4499,#4500,#4501,#4502,#4503,#4504,
#4505,#4506,#4507,#4508,#4509,#4510,#4511,#4512,#4513,#4514,#4515,#4516,
#4517,#4518,#4519,#4520,#4521,#4522,#4523,#4524,#4525,#4526,#4527,#4528,
#4529,#4530));
#4532=STYLED_ITEM('',(#4533),#4540);
#4533=PRESENTATION_STYLE_ASSIGNMENT((#4534));
#4534=SURFACE_STYLE_USAGE(.BOTH.,#4535);
#4535=SURFACE_SIDE_STYLE('',(#4536));
#4536=SURFACE_STYLE_FILL_AREA(#4537);
#4537=FILL_AREA_STYLE('',(#4538));
#4538=FILL_AREA_STYLE_COLOUR('',#4539);
#4539=COLOUR_RGB('',0.4,0.4,0.4);
#4540=MANIFOLD_SOLID_BREP('VR_Body',#4531);
#4541=SHAPE_DEFINITION_REPRESENTATION(#7891,#4542);
#4542=SHAPE_REPRESENTATION('VR_Body',(#4543),#7886);
#4543=AXIS2_PLACEMENT_3D('',#6226,#4961,#4962);
#4544=AXIS2_PLACEMENT_3D('',#6227,#4963,#4964);
#4545=AXIS2_PLACEMENT_3D('',#6228,#4965,#4966);
#4546=AXIS2_PLACEMENT_3D('',#6230,#4967,#4968);
#4547=AXIS2_PLACEMENT_3D('',#6232,#4969,#4970);
#4548=AXIS2_PLACEMENT_3D('',#6233,#4971,#4972);
#4549=AXIS2_PLACEMENT_3D('',#6235,#4973,#4974);
#4550=AXIS2_PLACEMENT_3D('',#6237,#4975,#4976);
#4551=AXIS2_PLACEMENT_3D('',#6244,#4977,#4978);
#4552=AXIS2_PLACEMENT_3D('',#6245,#4979,#4980);
#4553=AXIS2_PLACEMENT_3D('',#6246,#4981,#4982);
#4554=AXIS2_PLACEMENT_3D('',#6253,#4983,#4984);
#4555=AXIS2_PLACEMENT_3D('',#6257,#4986,#4987);
#4556=AXIS2_PLACEMENT_3D('',#6261,#4989,#4990);
#4557=AXIS2_PLACEMENT_3D('',#6262,#4991,#4992);
#4558=AXIS2_PLACEMENT_3D('',#6266,#4994,#4995);
#4559=AXIS2_PLACEMENT_3D('',#6270,#4997,#4998);
#4560=AXIS2_PLACEMENT_3D('',#6271,#4999,#5000);
#4561=AXIS2_PLACEMENT_3D('',#6272,#5001,#5002);
#4562=AXIS2_PLACEMENT_3D('',#6275,#5003,#5004);
#4563=AXIS2_PLACEMENT_3D('',#6279,#5006,#5007);
#4564=AXIS2_PLACEMENT_3D('',#6281,#5008,#5009);
#4565=AXIS2_PLACEMENT_3D('',#6283,#5010,#5011);
#4566=AXIS2_PLACEMENT_3D('',#6287,#5013,#5014);
#4567=AXIS2_PLACEMENT_3D('',#6289,#5015,#5016);
#4568=AXIS2_PLACEMENT_3D('',#6291,#5017,#5018);
#4569=AXIS2_PLACEMENT_3D('',#6293,#5019,#5020);
#4570=AXIS2_PLACEMENT_3D('',#6297,#5022,#5023);
#4571=AXIS2_PLACEMENT_3D('',#6299,#5024,#5025);
#4572=AXIS2_PLACEMENT_3D('',#6301,#5026,#5027);
#4573=AXIS2_PLACEMENT_3D('',#6303,#5028,#5029);
#4574=AXIS2_PLACEMENT_3D('',#6305,#5030,#5031);
#4575=AXIS2_PLACEMENT_3D('',#6309,#5033,#5034);
#4576=AXIS2_PLACEMENT_3D('',#6311,#5035,#5036);
#4577=AXIS2_PLACEMENT_3D('',#6312,#5037,#5038);
#4578=AXIS2_PLACEMENT_3D('',#6316,#5040,#5041);
#4579=AXIS2_PLACEMENT_3D('',#6320,#5043,#5044);
#4580=AXIS2_PLACEMENT_3D('',#6321,#5045,#5046);
#4581=AXIS2_PLACEMENT_3D('',#6330,#5051,#5052);
#4582=AXIS2_PLACEMENT_3D('',#6339,#5057,#5058);
#4583=AXIS2_PLACEMENT_3D('',#6358,#5068,#5069);
#4584=AXIS2_PLACEMENT_3D('',#6359,#5070,#5071);
#4585=AXIS2_PLACEMENT_3D('',#6362,#5072,#5073);
#4586=AXIS2_PLACEMENT_3D('',#6364,#5074,#5075);
#4587=AXIS2_PLACEMENT_3D('',#6366,#5076,#5077);
#4588=AXIS2_PLACEMENT_3D('',#6370,#5079,#5080);
#4589=AXIS2_PLACEMENT_3D('',#6372,#5081,#5082);
#4590=AXIS2_PLACEMENT_3D('',#6374,#5083,#5084);
#4591=AXIS2_PLACEMENT_3D('',#6376,#5085,#5086);
#4592=AXIS2_PLACEMENT_3D('',#6380,#5088,#5089);
#4593=AXIS2_PLACEMENT_3D('',#6384,#5091,#5092);
#4594=AXIS2_PLACEMENT_3D('',#6388,#5094,#5095);
#4595=AXIS2_PLACEMENT_3D('',#6392,#5097,#5098);
#4596=AXIS2_PLACEMENT_3D('',#6394,#5099,#5100);
#4597=AXIS2_PLACEMENT_3D('',#6396,#5101,#5102);
#4598=AXIS2_PLACEMENT_3D('',#6398,#5103,#5104);
#4599=AXIS2_PLACEMENT_3D('',#6402,#5106,#5107);
#4600=AXIS2_PLACEMENT_3D('',#6403,#5108,#5109);
#4601=AXIS2_PLACEMENT_3D('',#6407,#5111,#5112);
#4602=AXIS2_PLACEMENT_3D('',#6411,#5114,#5115);
#4603=AXIS2_PLACEMENT_3D('',#6412,#5116,#5117);
#4604=AXIS2_PLACEMENT_3D('',#6431,#5127,#5128);
#4605=AXIS2_PLACEMENT_3D('',#6450,#5138,#5139);
#4606=AXIS2_PLACEMENT_3D('',#6451,#5140,#5141);
#4607=AXIS2_PLACEMENT_3D('',#6456,#5143,#5144);
#4608=AXIS2_PLACEMENT_3D('',#6460,#5146,#5147);
#4609=AXIS2_PLACEMENT_3D('',#6464,#5149,#5150);
#4610=AXIS2_PLACEMENT_3D('',#6468,#5152,#5153);
#4611=AXIS2_PLACEMENT_3D('',#6469,#5154,#5155);
#4612=AXIS2_PLACEMENT_3D('',#6474,#5157,#5158);
#4613=AXIS2_PLACEMENT_3D('',#6478,#5160,#5161);
#4614=AXIS2_PLACEMENT_3D('',#6482,#5163,#5164);
#4615=AXIS2_PLACEMENT_3D('',#6488,#5167,#5168);
#4616=AXIS2_PLACEMENT_3D('',#6500,#5172,#5173);
#4617=AXIS2_PLACEMENT_3D('',#6504,#5175,#5176);
#4618=AXIS2_PLACEMENT_3D('',#6510,#5179,#5180);
#4619=AXIS2_PLACEMENT_3D('',#6511,#5181,#5182);
#4620=AXIS2_PLACEMENT_3D('',#6523,#5188,#5189);
#4621=AXIS2_PLACEMENT_3D('',#6527,#5191,#5192);
#4622=AXIS2_PLACEMENT_3D('',#6532,#5195,#5196);
#4623=AXIS2_PLACEMENT_3D('',#6541,#5201,#5202);
#4624=AXIS2_PLACEMENT_3D('',#6551,#5207,#5208);
#4625=AXIS2_PLACEMENT_3D('',#6560,#5213,#5214);
#4626=AXIS2_PLACEMENT_3D('',#6569,#5219,#5220);
#4627=AXIS2_PLACEMENT_3D('',#6578,#5225,#5226);
#4628=AXIS2_PLACEMENT_3D('',#6592,#5233,#5234);
#4629=AXIS2_PLACEMENT_3D('',#6597,#5237,#5238);
#4630=AXIS2_PLACEMENT_3D('',#6603,#5242,#5243);
#4631=AXIS2_PLACEMENT_3D('',#6607,#5245,#5246);
#4632=AXIS2_PLACEMENT_3D('',#6611,#5248,#5249);
#4633=AXIS2_PLACEMENT_3D('',#6615,#5251,#5252);
#4634=AXIS2_PLACEMENT_3D('',#6619,#5254,#5255);
#4635=AXIS2_PLACEMENT_3D('',#6622,#5257,#5258);
#4636=AXIS2_PLACEMENT_3D('',#6623,#5259,#5260);
#4637=AXIS2_PLACEMENT_3D('',#6629,#5264,#5265);
#4638=AXIS2_PLACEMENT_3D('',#6643,#5273,#5274);
#4639=AXIS2_PLACEMENT_3D('',#6657,#5282,#5283);
#4640=AXIS2_PLACEMENT_3D('',#6660,#5285,#5286);
#4641=AXIS2_PLACEMENT_3D('',#6664,#5288,#5289);
#4642=AXIS2_PLACEMENT_3D('',#6668,#5291,#5292);
#4643=AXIS2_PLACEMENT_3D('',#6669,#5293,#5294);
#4644=AXIS2_PLACEMENT_3D('',#6670,#5295,#5296);
#4645=AXIS2_PLACEMENT_3D('',#6675,#5298,#5299);
#4646=AXIS2_PLACEMENT_3D('',#6679,#5301,#5302);
#4647=AXIS2_PLACEMENT_3D('',#6681,#5303,#5304);
#4648=AXIS2_PLACEMENT_3D('',#6685,#5306,#5307);
#4649=AXIS2_PLACEMENT_3D('',#6689,#5309,#5310);
#4650=AXIS2_PLACEMENT_3D('',#6709,#5311,#5312);
#4651=AXIS2_PLACEMENT_3D('',#6713,#5314,#5315);
#4652=AXIS2_PLACEMENT_3D('',#6717,#5317,#5318);
#4653=AXIS2_PLACEMENT_3D('',#6718,#5319,#5320);
#4654=AXIS2_PLACEMENT_3D('',#6720,#5321,#5322);
#4655=AXIS2_PLACEMENT_3D('',#6724,#5324,#5325);
#4656=AXIS2_PLACEMENT_3D('',#6725,#5326,#5327);
#4657=AXIS2_PLACEMENT_3D('',#6737,#5328,#5329);
#4658=AXIS2_PLACEMENT_3D('',#6738,#5330,#5331);
#4659=AXIS2_PLACEMENT_3D('',#6742,#5333,#5334);
#4660=AXIS2_PLACEMENT_3D('',#6744,#5336,#5337);
#4661=AXIS2_PLACEMENT_3D('',#6745,#5338,#5339);
#4662=AXIS2_PLACEMENT_3D('',#6748,#5340,#5341);
#4663=AXIS2_PLACEMENT_3D('',#6762,#5350,#5351);
#4664=AXIS2_PLACEMENT_3D('',#6766,#5353,#5354);
#4665=AXIS2_PLACEMENT_3D('',#6786,#5355,#5356);
#4666=AXIS2_PLACEMENT_3D('',#6790,#5358,#5359);
#4667=AXIS2_PLACEMENT_3D('',#6799,#5365,#5366);
#4668=AXIS2_PLACEMENT_3D('',#6803,#5368,#5369);
#4669=AXIS2_PLACEMENT_3D('',#6805,#5371,#5372);
#4670=AXIS2_PLACEMENT_3D('',#6807,#5373,#5374);
#4671=AXIS2_PLACEMENT_3D('',#6811,#5376,#5377);
#4672=AXIS2_PLACEMENT_3D('',#6814,#5379,#5380);
#4673=AXIS2_PLACEMENT_3D('',#6818,#5382,#5383);
#4674=AXIS2_PLACEMENT_3D('',#6822,#5385,#5386);
#4675=AXIS2_PLACEMENT_3D('',#6823,#5387,#5388);
#4676=AXIS2_PLACEMENT_3D('',#6835,#5389,#5390);
#4677=AXIS2_PLACEMENT_3D('',#6836,#5391,#5392);
#4678=AXIS2_PLACEMENT_3D('',#6840,#5394,#5395);
#4679=AXIS2_PLACEMENT_3D('',#6841,#5396,#5397);
#4680=AXIS2_PLACEMENT_3D('',#6864,#5398,#5399);
#4681=AXIS2_PLACEMENT_3D('',#6889,#5401,#5402);
#4682=AXIS2_PLACEMENT_3D('',#6892,#5405,#5406);
#4683=AXIS2_PLACEMENT_3D('',#6894,#5408,#5409);
#4684=AXIS2_PLACEMENT_3D('',#6896,#5411,#5412);
#4685=AXIS2_PLACEMENT_3D('',#6897,#5413,#5414);
#4686=AXIS2_PLACEMENT_3D('',#6899,#5415,#5416);
#4687=AXIS2_PLACEMENT_3D('',#6904,#5418,#5419);
#4688=AXIS2_PLACEMENT_3D('',#6908,#5421,#5422);
#4689=AXIS2_PLACEMENT_3D('',#6912,#5424,#5425);
#4690=AXIS2_PLACEMENT_3D('',#6916,#5428,#5429);
#4691=AXIS2_PLACEMENT_3D('',#6920,#5431,#5432);
#4692=AXIS2_PLACEMENT_3D('',#6923,#5434,#5435);
#4693=AXIS2_PLACEMENT_3D('',#6927,#5437,#5438);
#4694=AXIS2_PLACEMENT_3D('',#6929,#5440,#5441);
#4695=AXIS2_PLACEMENT_3D('',#6930,#5442,#5443);
#4696=AXIS2_PLACEMENT_3D('',#6943,#5446,#5447);
#4697=AXIS2_PLACEMENT_3D('',#6945,#5449,#5450);
#4698=AXIS2_PLACEMENT_3D('',#6981,#5454,#5455);
#4699=AXIS2_PLACEMENT_3D('',#6983,#5457,#5458);
#4700=AXIS2_PLACEMENT_3D('',#6985,#5460,#5461);
#4701=AXIS2_PLACEMENT_3D('',#6997,#5463,#5464);
#4702=AXIS2_PLACEMENT_3D('',#6999,#5466,#5467);
#4703=AXIS2_PLACEMENT_3D('',#7001,#5469,#5470);
#4704=AXIS2_PLACEMENT_3D('',#7002,#5471,#5472);
#4705=AXIS2_PLACEMENT_3D('',#7030,#5474,#5475);
#4706=AXIS2_PLACEMENT_3D('',#7058,#5477,#5478);
#4707=AXIS2_PLACEMENT_3D('',#7062,#5481,#5482);
#4708=AXIS2_PLACEMENT_3D('',#7065,#5485,#5486);
#4709=AXIS2_PLACEMENT_3D('',#7066,#5487,#5488);
#4710=AXIS2_PLACEMENT_3D('',#7071,#5490,#5491);
#4711=AXIS2_PLACEMENT_3D('',#7075,#5493,#5494);
#4712=AXIS2_PLACEMENT_3D('',#7079,#5496,#5497);
#4713=AXIS2_PLACEMENT_3D('',#7083,#5499,#5500);
#4714=AXIS2_PLACEMENT_3D('',#7091,#5506,#5507);
#4715=AXIS2_PLACEMENT_3D('',#7092,#5508,#5509);
#4716=AXIS2_PLACEMENT_3D('',#7093,#5510,#5511);
#4717=AXIS2_PLACEMENT_3D('',#7114,#5516,#5517);
#4718=AXIS2_PLACEMENT_3D('',#7116,#5519,#5520);
#4719=AXIS2_PLACEMENT_3D('',#7117,#5521,#5522);
#4720=AXIS2_PLACEMENT_3D('',#7122,#5524,#5525);
#4721=AXIS2_PLACEMENT_3D('',#7126,#5527,#5528);
#4722=AXIS2_PLACEMENT_3D('',#7130,#5530,#5531);
#4723=AXIS2_PLACEMENT_3D('',#7136,#5534,#5535);
#4724=AXIS2_PLACEMENT_3D('',#7140,#5537,#5538);
#4725=AXIS2_PLACEMENT_3D('',#7144,#5540,#5541);
#4726=AXIS2_PLACEMENT_3D('',#7148,#5543,#5544);
#4727=AXIS2_PLACEMENT_3D('',#7156,#5550,#5551);
#4728=AXIS2_PLACEMENT_3D('',#7157,#5552,#5553);
#4729=AXIS2_PLACEMENT_3D('',#7158,#5554,#5555);
#4730=AXIS2_PLACEMENT_3D('',#7160,#5557,#5558);
#4731=AXIS2_PLACEMENT_3D('',#7161,#5559,#5560);
#4732=AXIS2_PLACEMENT_3D('',#7164,#5562,#5563);
#4733=AXIS2_PLACEMENT_3D('',#7170,#5567,#5568);
#4734=AXIS2_PLACEMENT_3D('',#7228,#5599,#5600);
#4735=AXIS2_PLACEMENT_3D('',#7241,#5608,#5609);
#4736=AXIS2_PLACEMENT_3D('',#7253,#5616,#5617);
#4737=AXIS2_PLACEMENT_3D('',#7259,#5621,#5622);
#4738=AXIS2_PLACEMENT_3D('',#7263,#5625,#5626);
#4739=AXIS2_PLACEMENT_3D('',#7267,#5629,#5630);
#4740=AXIS2_PLACEMENT_3D('',#7273,#5634,#5635);
#4741=AXIS2_PLACEMENT_3D('',#7277,#5638,#5639);
#4742=AXIS2_PLACEMENT_3D('',#7281,#5642,#5643);
#4743=AXIS2_PLACEMENT_3D('',#7283,#5645,#5646);
#4744=AXIS2_PLACEMENT_3D('',#7285,#5648,#5649);
#4745=AXIS2_PLACEMENT_3D('',#7293,#5655,#5656);
#4746=AXIS2_PLACEMENT_3D('',#7295,#5658,#5659);
#4747=AXIS2_PLACEMENT_3D('',#7296,#5660,#5661);
#4748=AXIS2_PLACEMENT_3D('',#7298,#5663,#5664);
#4749=AXIS2_PLACEMENT_3D('',#7300,#5666,#5667);
#4750=AXIS2_PLACEMENT_3D('',#7302,#5669,#5670);
#4751=AXIS2_PLACEMENT_3D('',#7311,#5677,#5678);
#4752=AXIS2_PLACEMENT_3D('',#7313,#5680,#5681);
#4753=AXIS2_PLACEMENT_3D('',#7322,#5688,#5689);
#4754=AXIS2_PLACEMENT_3D('',#7324,#5691,#5692);
#4755=AXIS2_PLACEMENT_3D('',#7325,#5693,#5694);
#4756=AXIS2_PLACEMENT_3D('',#7327,#5696,#5697);
#4757=AXIS2_PLACEMENT_3D('',#7329,#5699,#5700);
#4758=AXIS2_PLACEMENT_3D('',#7338,#5707,#5708);
#4759=AXIS2_PLACEMENT_3D('',#7339,#5709,#5710);
#4760=AXIS2_PLACEMENT_3D('',#7340,#5711,#5712);
#4761=AXIS2_PLACEMENT_3D('',#7342,#5714,#5715);
#4762=AXIS2_PLACEMENT_3D('',#7343,#5716,#5717);
#4763=AXIS2_PLACEMENT_3D('',#7345,#5719,#5720);
#4764=AXIS2_PLACEMENT_3D('',#7346,#5721,#5722);
#4765=AXIS2_PLACEMENT_3D('',#7347,#5723,#5724);
#4766=AXIS2_PLACEMENT_3D('',#7349,#5726,#5727);
#4767=AXIS2_PLACEMENT_3D('',#7350,#5728,#5729);
#4768=AXIS2_PLACEMENT_3D('',#7351,#5730,#5731);
#4769=AXIS2_PLACEMENT_3D('',#7353,#5733,#5734);
#4770=AXIS2_PLACEMENT_3D('',#7355,#5736,#5737);
#4771=AXIS2_PLACEMENT_3D('',#7357,#5739,#5740);
#4772=AXIS2_PLACEMENT_3D('',#7359,#5742,#5743);
#4773=AXIS2_PLACEMENT_3D('',#7360,#5744,#5745);
#4774=AXIS2_PLACEMENT_3D('',#7362,#5747,#5748);
#4775=AXIS2_PLACEMENT_3D('',#7364,#5750,#5751);
#4776=AXIS2_PLACEMENT_3D('',#7365,#5752,#5753);
#4777=AXIS2_PLACEMENT_3D('',#7368,#5756,#5757);
#4778=AXIS2_PLACEMENT_3D('',#7372,#5759,#5760);
#4779=AXIS2_PLACEMENT_3D('',#7373,#5761,#5762);
#4780=AXIS2_PLACEMENT_3D('',#7374,#5763,#5764);
#4781=AXIS2_PLACEMENT_3D('',#7375,#5765,#5766);
#4782=AXIS2_PLACEMENT_3D('',#7384,#5771,#5772);
#4783=AXIS2_PLACEMENT_3D('',#7385,#5773,#5774);
#4784=AXIS2_PLACEMENT_3D('',#7386,#5775,#5776);
#4785=AXIS2_PLACEMENT_3D('',#7391,#5779,#5780);
#4786=AXIS2_PLACEMENT_3D('',#7404,#5788,#5789);
#4787=AXIS2_PLACEMENT_3D('',#7408,#5791,#5792);
#4788=AXIS2_PLACEMENT_3D('',#7418,#5793,#5794);
#4789=AXIS2_PLACEMENT_3D('',#7419,#5795,#5796);
#4790=AXIS2_PLACEMENT_3D('',#7425,#5800,#5801);
#4791=AXIS2_PLACEMENT_3D('',#7426,#5802,#5803);
#4792=AXIS2_PLACEMENT_3D('',#7427,#5804,#5805);
#4793=AXIS2_PLACEMENT_3D('',#7428,#5806,#5807);
#4794=AXIS2_PLACEMENT_3D('',#7429,#5808,#5809);
#4795=AXIS2_PLACEMENT_3D('',#7431,#5811,#5812);
#4796=AXIS2_PLACEMENT_3D('',#7432,#5813,#5814);
#4797=AXIS2_PLACEMENT_3D('',#7438,#5817,#5818);
#4798=AXIS2_PLACEMENT_3D('',#7442,#5820,#5821);
#4799=AXIS2_PLACEMENT_3D('',#7445,#5823,#5824);
#4800=AXIS2_PLACEMENT_3D('',#7446,#5825,#5826);
#4801=AXIS2_PLACEMENT_3D('',#7449,#5829,#5830);
#4802=AXIS2_PLACEMENT_3D('',#7453,#5832,#5833);
#4803=AXIS2_PLACEMENT_3D('',#7454,#5834,#5835);
#4804=AXIS2_PLACEMENT_3D('',#7455,#5836,#5837);
#4805=AXIS2_PLACEMENT_3D('',#7464,#5842,#5843);
#4806=AXIS2_PLACEMENT_3D('',#7465,#5844,#5845);
#4807=AXIS2_PLACEMENT_3D('',#7470,#5848,#5849);
#4808=AXIS2_PLACEMENT_3D('',#7471,#5850,#5851);
#4809=AXIS2_PLACEMENT_3D('',#7477,#5855,#5856);
#4810=AXIS2_PLACEMENT_3D('',#7478,#5857,#5858);
#4811=AXIS2_PLACEMENT_3D('',#7482,#5860,#5861);
#4812=AXIS2_PLACEMENT_3D('',#7488,#5862,#5863);
#4813=AXIS2_PLACEMENT_3D('',#7494,#5867,#5868);
#4814=AXIS2_PLACEMENT_3D('',#7495,#5869,#5870);
#4815=AXIS2_PLACEMENT_3D('',#7496,#5871,#5872);
#4816=AXIS2_PLACEMENT_3D('',#7497,#5873,#5874);
#4817=AXIS2_PLACEMENT_3D('',#7506,#5879,#5880);
#4818=AXIS2_PLACEMENT_3D('',#7507,#5881,#5882);
#4819=AXIS2_PLACEMENT_3D('',#7508,#5883,#5884);
#4820=AXIS2_PLACEMENT_3D('',#7510,#5886,#5887);
#4821=AXIS2_PLACEMENT_3D('',#7511,#5888,#5889);
#4822=AXIS2_PLACEMENT_3D('',#7520,#5893,#5894);
#4823=AXIS2_PLACEMENT_3D('',#7523,#5896,#5897);
#4824=AXIS2_PLACEMENT_3D('',#7524,#5898,#5899);
#4825=AXIS2_PLACEMENT_3D('',#7525,#5900,#5901);
#4826=AXIS2_PLACEMENT_3D('',#7529,#5903,#5904);
#4827=AXIS2_PLACEMENT_3D('',#7530,#5905,#5906);
#4828=AXIS2_PLACEMENT_3D('',#7531,#5907,#5908);
#4829=AXIS2_PLACEMENT_3D('',#7533,#5910,#5911);
#4830=AXIS2_PLACEMENT_3D('',#7534,#5912,#5913);
#4831=AXIS2_PLACEMENT_3D('',#7537,#5916,#5917);
#4832=AXIS2_PLACEMENT_3D('',#7538,#5918,#5919);
#4833=AXIS2_PLACEMENT_3D('',#7540,#5921,#5922);
#4834=AXIS2_PLACEMENT_3D('',#7542,#5924,#5925);
#4835=AXIS2_PLACEMENT_3D('',#7543,#5926,#5927);
#4836=AXIS2_PLACEMENT_3D('',#7544,#5928,#5929);
#4837=AXIS2_PLACEMENT_3D('',#7545,#5930,#5931);
#4838=AXIS2_PLACEMENT_3D('',#7548,#5934,#5935);
#4839=AXIS2_PLACEMENT_3D('',#7560,#5937,#5938);
#4840=AXIS2_PLACEMENT_3D('',#7562,#5940,#5941);
#4841=AXIS2_PLACEMENT_3D('',#7563,#5942,#5943);
#4842=AXIS2_PLACEMENT_3D('',#7565,#5945,#5946);
#4843=AXIS2_PLACEMENT_3D('',#7577,#5948,#5949);
#4844=AXIS2_PLACEMENT_3D('',#7590,#5950,#5951);
#4845=AXIS2_PLACEMENT_3D('',#7591,#5952,#5953);
#4846=AXIS2_PLACEMENT_3D('',#7593,#5955,#5956);
#4847=AXIS2_PLACEMENT_3D('',#7594,#5957,#5958);
#4848=AXIS2_PLACEMENT_3D('',#7596,#5960,#5961);
#4849=AXIS2_PLACEMENT_3D('',#7599,#5964,#5965);
#4850=AXIS2_PLACEMENT_3D('',#7600,#5966,#5967);
#4851=AXIS2_PLACEMENT_3D('',#7602,#5969,#5970);
#4852=AXIS2_PLACEMENT_3D('',#7603,#5971,#5972);
#4853=AXIS2_PLACEMENT_3D('',#7607,#5974,#5975);
#4854=AXIS2_PLACEMENT_3D('',#7608,#5976,#5977);
#4855=AXIS2_PLACEMENT_3D('',#7609,#5978,#5979);
#4856=AXIS2_PLACEMENT_3D('',#7610,#5980,#5981);
#4857=AXIS2_PLACEMENT_3D('',#7611,#5982,#5983);
#4858=AXIS2_PLACEMENT_3D('',#7627,#5985,#5986);
#4859=AXIS2_PLACEMENT_3D('',#7637,#5988,#5989);
#4860=AXIS2_PLACEMENT_3D('',#7640,#5992,#5993);
#4861=AXIS2_PLACEMENT_3D('',#7651,#5994,#5995);
#4862=AXIS2_PLACEMENT_3D('',#7653,#5997,#5998);
#4863=AXIS2_PLACEMENT_3D('',#7655,#6000,#6001);
#4864=AXIS2_PLACEMENT_3D('',#7656,#6002,#6003);
#4865=AXIS2_PLACEMENT_3D('',#7658,#6005,#6006);
#4866=AXIS2_PLACEMENT_3D('',#7660,#6008,#6009);
#4867=AXIS2_PLACEMENT_3D('',#7662,#6011,#6012);
#4868=AXIS2_PLACEMENT_3D('',#7672,#6013,#6014);
#4869=AXIS2_PLACEMENT_3D('',#7698,#6015,#6016);
#4870=AXIS2_PLACEMENT_3D('',#7703,#6017,#6018);
#4871=AXIS2_PLACEMENT_3D('',#7708,#6019,#6020);
#4872=AXIS2_PLACEMENT_3D('',#7709,#6021,#6022);
#4873=AXIS2_PLACEMENT_3D('',#7711,#6024,#6025);
#4874=AXIS2_PLACEMENT_3D('',#7713,#6027,#6028);
#4875=AXIS2_PLACEMENT_3D('',#7715,#6030,#6031);
#4876=AXIS2_PLACEMENT_3D('',#7725,#6032,#6033);
#4877=AXIS2_PLACEMENT_3D('',#7744,#6034,#6035);
#4878=AXIS2_PLACEMENT_3D('',#7749,#6036,#6037);
#4879=AXIS2_PLACEMENT_3D('',#7754,#6038,#6039);
#4880=AXIS2_PLACEMENT_3D('',#7755,#6040,#6041);
#4881=AXIS2_PLACEMENT_3D('',#7756,#6042,#6043);
#4882=AXIS2_PLACEMENT_3D('',#7757,#6044,#6045);
#4883=AXIS2_PLACEMENT_3D('',#7758,#6046,#6047);
#4884=AXIS2_PLACEMENT_3D('',#7759,#6048,#6049);
#4885=AXIS2_PLACEMENT_3D('',#7760,#6050,#6051);
#4886=AXIS2_PLACEMENT_3D('',#7761,#6052,#6053);
#4887=AXIS2_PLACEMENT_3D('',#7762,#6054,#6055);
#4888=AXIS2_PLACEMENT_3D('',#7763,#6056,#6057);
#4889=AXIS2_PLACEMENT_3D('',#7764,#6058,#6059);
#4890=AXIS2_PLACEMENT_3D('',#7765,#6060,#6061);
#4891=AXIS2_PLACEMENT_3D('',#7766,#6062,#6063);
#4892=AXIS2_PLACEMENT_3D('',#7767,#6064,#6065);
#4893=AXIS2_PLACEMENT_3D('',#7768,#6066,#6067);
#4894=AXIS2_PLACEMENT_3D('',#7769,#6068,#6069);
#4895=AXIS2_PLACEMENT_3D('',#7770,#6070,#6071);
#4896=AXIS2_PLACEMENT_3D('',#7771,#6072,#6073);
#4897=AXIS2_PLACEMENT_3D('',#7772,#6074,#6075);
#4898=AXIS2_PLACEMENT_3D('',#7773,#6076,#6077);
#4899=AXIS2_PLACEMENT_3D('',#7779,#6078,#6079);
#4900=AXIS2_PLACEMENT_3D('',#7785,#6080,#6081);
#4901=AXIS2_PLACEMENT_3D('',#7786,#6082,#6083);
#4902=AXIS2_PLACEMENT_3D('',#7787,#6084,#6085);
#4903=AXIS2_PLACEMENT_3D('',#7788,#6086,#6087);
#4904=AXIS2_PLACEMENT_3D('',#7789,#6088,#6089);
#4905=AXIS2_PLACEMENT_3D('',#7790,#6090,#6091);
#4906=AXIS2_PLACEMENT_3D('',#7791,#6092,#6093);
#4907=AXIS2_PLACEMENT_3D('',#7792,#6094,#6095);
#4908=AXIS2_PLACEMENT_3D('',#7793,#6096,#6097);
#4909=AXIS2_PLACEMENT_3D('',#7794,#6098,#6099);
#4910=AXIS2_PLACEMENT_3D('',#7795,#6100,#6101);
#4911=AXIS2_PLACEMENT_3D('',#7796,#6102,#6103);
#4912=AXIS2_PLACEMENT_3D('',#7797,#6104,#6105);
#4913=AXIS2_PLACEMENT_3D('',#7798,#6106,#6107);
#4914=AXIS2_PLACEMENT_3D('',#7799,#6108,#6109);
#4915=AXIS2_PLACEMENT_3D('',#7800,#6110,#6111);
#4916=AXIS2_PLACEMENT_3D('',#7801,#6112,#6113);
#4917=AXIS2_PLACEMENT_3D('',#7802,#6114,#6115);
#4918=AXIS2_PLACEMENT_3D('',#7803,#6116,#6117);
#4919=AXIS2_PLACEMENT_3D('',#7804,#6118,#6119);
#4920=AXIS2_PLACEMENT_3D('',#7805,#6120,#6121);
#4921=AXIS2_PLACEMENT_3D('',#7811,#6122,#6123);
#4922=AXIS2_PLACEMENT_3D('',#7817,#6124,#6125);
#4923=AXIS2_PLACEMENT_3D('',#7818,#6126,#6127);
#4924=AXIS2_PLACEMENT_3D('',#7819,#6128,#6129);
#4925=AXIS2_PLACEMENT_3D('',#7820,#6130,#6131);
#4926=AXIS2_PLACEMENT_3D('',#7823,#6134,#6135);
#4927=AXIS2_PLACEMENT_3D('',#7825,#6137,#6138);
#4928=AXIS2_PLACEMENT_3D('',#7827,#6140,#6141);
#4929=AXIS2_PLACEMENT_3D('',#7829,#6143,#6144);
#4930=AXIS2_PLACEMENT_3D('',#7831,#6146,#6147);
#4931=AXIS2_PLACEMENT_3D('',#7833,#6149,#6150);
#4932=AXIS2_PLACEMENT_3D('',#7835,#6152,#6153);
#4933=AXIS2_PLACEMENT_3D('',#7836,#6154,#6155);
#4934=AXIS2_PLACEMENT_3D('',#7839,#6158,#6159);
#4935=AXIS2_PLACEMENT_3D('',#7841,#6161,#6162);
#4936=AXIS2_PLACEMENT_3D('',#7843,#6164,#6165);
#4937=AXIS2_PLACEMENT_3D('',#7845,#6167,#6168);
#4938=AXIS2_PLACEMENT_3D('',#7847,#6170,#6171);
#4939=AXIS2_PLACEMENT_3D('',#7849,#6173,#6174);
#4940=AXIS2_PLACEMENT_3D('',#7851,#6176,#6177);
#4941=AXIS2_PLACEMENT_3D('',#7852,#6178,#6179);
#4942=AXIS2_PLACEMENT_3D('',#7855,#6182,#6183);
#4943=AXIS2_PLACEMENT_3D('',#7857,#6185,#6186);
#4944=AXIS2_PLACEMENT_3D('',#7859,#6188,#6189);
#4945=AXIS2_PLACEMENT_3D('',#7861,#6191,#6192);
#4946=AXIS2_PLACEMENT_3D('',#7863,#6194,#6195);
#4947=AXIS2_PLACEMENT_3D('',#7865,#6197,#6198);
#4948=AXIS2_PLACEMENT_3D('',#7867,#6200,#6201);
#4949=AXIS2_PLACEMENT_3D('',#7868,#6202,#6203);
#4950=AXIS2_PLACEMENT_3D('',#7869,#6204,#6205);
#4951=AXIS2_PLACEMENT_3D('',#7870,#6206,#6207);
#4952=AXIS2_PLACEMENT_3D('',#7872,#6208,#6209);
#4953=AXIS2_PLACEMENT_3D('',#7874,#6210,#6211);
#4954=AXIS2_PLACEMENT_3D('',#7875,#6212,#6213);
#4955=AXIS2_PLACEMENT_3D('',#7877,#6214,#6215);
#4956=AXIS2_PLACEMENT_3D('',#7878,#6216,#6217);
#4957=AXIS2_PLACEMENT_3D('',#7879,#6218,#6219);
#4958=AXIS2_PLACEMENT_3D('',#7881,#6220,#6221);
#4959=AXIS2_PLACEMENT_3D('',#7883,#6222,#6223);
#4960=AXIS2_PLACEMENT_3D('',#7884,#6224,#6225);
#4961=DIRECTION('',(0.,0.,1.));
#4962=DIRECTION('',(1.,0.,0.));
#4963=DIRECTION('',(0.,-1.,0.));
#4964=DIRECTION('',(0.,0.,-1.));
#4965=DIRECTION('',(0.,-1.,0.));
#4966=DIRECTION('',(0.,0.,-1.));
#4967=DIRECTION('',(0.,-1.,0.));
#4968=DIRECTION('',(0.,0.,-1.));
#4969=DIRECTION('',(0.,-1.,0.));
#4970=DIRECTION('',(0.,0.,-1.));
#4971=DIRECTION('',(0.,-1.,0.));
#4972=DIRECTION('',(0.,0.,-1.));
#4973=DIRECTION('',(0.,-1.,0.));
#4974=DIRECTION('',(0.,0.,-1.));
#4975=DIRECTION('',(0.,-1.,0.));
#4976=DIRECTION('',(0.,0.,-1.));
#4977=DIRECTION('',(0.,-1.,0.));
#4978=DIRECTION('',(0.,0.,-1.));
#4979=DIRECTION('',(0.,1.,0.));
#4980=DIRECTION('',(0.,0.,1.));
#4981=DIRECTION('',(0.,-1.,0.));
#4982=DIRECTION('',(0.,0.,-1.));
#4983=DIRECTION('',(0.,-1.,0.));
#4984=DIRECTION('',(1.,0.,0.));
#4985=DIRECTION('',(0.,0.,-1.));
#4986=DIRECTION('',(0.,-1.,0.));
#4987=DIRECTION('',(0.,0.,-1.));
#4988=DIRECTION('',(0.,0.,-1.));
#4989=DIRECTION('',(0.,-1.,0.));
#4990=DIRECTION('',(0.,0.,-1.));
#4991=DIRECTION('',(0.,-1.,0.));
#4992=DIRECTION('',(1.,0.,0.));
#4993=DIRECTION('',(0.,0.,-1.));
#4994=DIRECTION('',(0.,-1.,0.));
#4995=DIRECTION('',(0.,0.,-1.));
#4996=DIRECTION('',(0.,0.,-1.));
#4997=DIRECTION('',(0.,-1.,0.));
#4998=DIRECTION('',(0.,0.,-1.));
#4999=DIRECTION('',(0.,1.,0.));
#5000=DIRECTION('',(0.,0.,1.));
#5001=DIRECTION('',(0.59876888850522,0.800921855213243,0.));
#5002=DIRECTION('',(-0.800921855213243,0.59876888850522,0.));
#5003=DIRECTION('',(0.,-1.,0.));
#5004=DIRECTION('',(0.,0.,-1.));
#5005=DIRECTION('',(0.,1.,0.));
#5006=DIRECTION('',(0.,-1.,0.));
#5007=DIRECTION('',(0.,0.,-1.));
#5008=DIRECTION('',(0.,-1.,0.));
#5009=DIRECTION('',(0.,0.,-1.));
#5010=DIRECTION('',(0.,-1.,0.));
#5011=DIRECTION('',(0.,0.,-1.));
#5012=DIRECTION('',(0.,1.,0.));
#5013=DIRECTION('',(0.,-1.,0.));
#5014=DIRECTION('',(0.,0.,-1.));
#5015=DIRECTION('',(0.59876888850522,0.800921855213243,0.));
#5016=DIRECTION('',(-0.800921855213243,0.59876888850522,0.));
#5017=DIRECTION('',(0.40927159875472,0.912412603186056,0.));
#5018=DIRECTION('',(-0.912412603186056,0.409271598754721,0.));
#5019=DIRECTION('',(0.,-1.,0.));
#5020=DIRECTION('',(0.,0.,-1.));
#5021=DIRECTION('',(0.,1.,0.));
#5022=DIRECTION('',(0.,1.,0.));
#5023=DIRECTION('',(0.,0.,1.));
#5024=DIRECTION('',(0.254194890642778,0.967153016627207,0.));
#5025=DIRECTION('',(-0.967153016627207,0.254194890642778,0.));
#5026=DIRECTION('',(0.,-1.,0.));
#5027=DIRECTION('',(0.,0.,-1.));
#5028=DIRECTION('',(0.254194890642778,0.967153016627207,0.));
#5029=DIRECTION('',(-0.967153016627207,0.254194890642778,0.));
#5030=DIRECTION('',(0.,1.,0.));
#5031=DIRECTION('',(0.,0.,1.));
#5032=DIRECTION('',(0.,1.,0.));
#5033=DIRECTION('',(0.,-1.,0.));
#5034=DIRECTION('',(0.,0.,-1.));
#5035=DIRECTION('',(0.40927159875472,0.912412603186056,0.));
#5036=DIRECTION('',(-0.912412603186056,0.409271598754721,0.));
#5037=DIRECTION('',(0.,-1.,0.));
#5038=DIRECTION('',(1.,0.,0.));
#5039=DIRECTION('',(0.,0.,1.));
#5040=DIRECTION('',(0.,-1.,0.));
#5041=DIRECTION('',(0.,0.,-1.));
#5042=DIRECTION('',(0.,0.,-1.));
#5043=DIRECTION('',(0.,-1.,0.));
#5044=DIRECTION('',(0.,0.,-1.));
#5045=DIRECTION('',(0.,0.,1.));
#5046=DIRECTION('',(1.,0.,0.));
#5047=DIRECTION('',(0.967153016627207,-0.254194890642778,0.));
#5048=DIRECTION('',(1.,0.,0.));
#5049=DIRECTION('',(0.,1.,0.));
#5050=DIRECTION('',(1.,0.,0.));
#5051=DIRECTION('',(0.,0.,1.));
#5052=DIRECTION('',(1.,0.,0.));
#5053=DIRECTION('',(0.,1.,0.));
#5054=DIRECTION('',(1.,0.,0.));
#5055=DIRECTION('',(-0.967153016627207,0.254194890642778,0.));
#5056=DIRECTION('',(-1.,0.,0.));
#5057=DIRECTION('',(0.,0.,1.));
#5058=DIRECTION('',(1.,0.,0.));
#5059=DIRECTION('',(-0.800921855213243,0.59876888850522,0.));
#5060=DIRECTION('',(-1.,0.,0.));
#5061=DIRECTION('',(0.,1.,0.));
#5062=DIRECTION('',(-1.,0.,0.));
#5063=DIRECTION('',(0.,1.,0.));
#5064=DIRECTION('',(1.,0.,0.));
#5065=DIRECTION('',(0.,1.,0.));
#5066=DIRECTION('',(1.,0.,0.));
#5067=DIRECTION('',(-0.912412603186056,0.409271598754721,0.));
#5068=DIRECTION('',(0.,-1.,0.));
#5069=DIRECTION('',(0.,0.,-1.));
#5070=DIRECTION('',(-0.254194890642779,0.967153016627207,0.));
#5071=DIRECTION('',(-0.967153016627207,-0.254194890642779,0.));
#5072=DIRECTION('',(0.,-1.,0.));
#5073=DIRECTION('',(0.,0.,-1.));
#5074=DIRECTION('',(-0.254194890642779,0.967153016627207,0.));
#5075=DIRECTION('',(-0.967153016627207,-0.254194890642779,0.));
#5076=DIRECTION('',(0.,1.,0.));
#5077=DIRECTION('',(0.,0.,1.));
#5078=DIRECTION('',(0.,-1.,0.));
#5079=DIRECTION('',(0.,1.,0.));
#5080=DIRECTION('',(0.,0.,1.));
#5081=DIRECTION('',(-0.409271598754725,0.912412603186054,0.));
#5082=DIRECTION('',(-0.912412603186054,-0.409271598754725,0.));
#5083=DIRECTION('',(-0.598768888505226,0.800921855213239,0.));
#5084=DIRECTION('',(-0.800921855213239,-0.598768888505226,0.));
#5085=DIRECTION('',(0.,-1.,0.));
#5086=DIRECTION('',(0.,0.,-1.));
#5087=DIRECTION('',(0.,-1.,0.));
#5088=DIRECTION('',(0.,-1.,0.));
#5089=DIRECTION('',(0.,0.,-1.));
#5090=DIRECTION('',(0.,-1.,0.));
#5091=DIRECTION('',(0.,-1.,0.));
#5092=DIRECTION('',(0.,0.,-1.));
#5093=DIRECTION('',(0.,-1.,0.));
#5094=DIRECTION('',(0.,-1.,0.));
#5095=DIRECTION('',(0.,0.,-1.));
#5096=DIRECTION('',(0.,-1.,0.));
#5097=DIRECTION('',(0.,-1.,0.));
#5098=DIRECTION('',(0.,0.,-1.));
#5099=DIRECTION('',(-0.598768888505226,0.800921855213239,0.));
#5100=DIRECTION('',(-0.800921855213239,-0.598768888505226,0.));
#5101=DIRECTION('',(-0.409271598754725,0.912412603186054,0.));
#5102=DIRECTION('',(-0.912412603186054,-0.409271598754725,0.));
#5103=DIRECTION('',(0.,1.,0.));
#5104=DIRECTION('',(0.,0.,1.));
#5105=DIRECTION('',(0.,-1.,0.));
#5106=DIRECTION('',(0.,1.,0.));
#5107=DIRECTION('',(0.,0.,1.));
#5108=DIRECTION('',(0.,-1.,0.));
#5109=DIRECTION('',(1.,0.,0.));
#5110=DIRECTION('',(0.,0.,-1.));
#5111=DIRECTION('',(0.,-1.,0.));
#5112=DIRECTION('',(0.,0.,-1.));
#5113=DIRECTION('',(0.,0.,1.));
#5114=DIRECTION('',(0.,-1.,0.));
#5115=DIRECTION('',(0.,0.,-1.));
#5116=DIRECTION('',(0.,0.,-1.));
#5117=DIRECTION('',(-1.,0.,0.));
#5118=DIRECTION('',(0.800921855213239,0.598768888505226,0.));
#5119=DIRECTION('',(1.,0.,0.));
#5120=DIRECTION('',(0.,-1.,0.));
#5121=DIRECTION('',(-1.,0.,0.));
#5122=DIRECTION('',(0.,-1.,0.));
#5123=DIRECTION('',(1.,0.,0.));
#5124=DIRECTION('',(0.,-1.,0.));
#5125=DIRECTION('',(1.,0.,0.));
#5126=DIRECTION('',(0.912412603186054,0.409271598754725,0.));
#5127=DIRECTION('',(0.,0.,-1.));
#5128=DIRECTION('',(-1.,0.,0.));
#5129=DIRECTION('',(0.,-1.,0.));
#5130=DIRECTION('',(-1.,0.,0.));
#5131=DIRECTION('',(0.800921855213239,0.598768888505226,0.));
#5132=DIRECTION('',(0.912412603186054,0.409271598754725,0.));
#5133=DIRECTION('',(1.,0.,0.));
#5134=DIRECTION('',(0.,-1.,0.));
#5135=DIRECTION('',(1.,0.,0.));
#5136=DIRECTION('',(0.,1.,0.));
#5137=DIRECTION('',(1.,0.,0.));
#5138=DIRECTION('',(0.,-1.,0.));
#5139=DIRECTION('',(0.,0.,-1.));
#5140=DIRECTION('',(0.,-1.,0.));
#5141=DIRECTION('',(0.,0.,-1.));
#5142=DIRECTION('',(-1.,0.,0.));
#5143=DIRECTION('',(0.,-1.,0.));
#5144=DIRECTION('',(0.,0.,-1.));
#5145=DIRECTION('',(0.,0.,1.));
#5146=DIRECTION('',(0.,-1.,0.));
#5147=DIRECTION('',(0.,0.,-1.));
#5148=DIRECTION('',(-1.,0.,0.));
#5149=DIRECTION('',(0.,-1.,0.));
#5150=DIRECTION('',(0.,0.,-1.));
#5151=DIRECTION('',(0.,0.,1.));
#5152=DIRECTION('',(0.,-1.,0.));
#5153=DIRECTION('',(0.,0.,-1.));
#5154=DIRECTION('',(0.,-1.,0.));
#5155=DIRECTION('',(0.,0.,-1.));
#5156=DIRECTION('',(-1.,0.,0.));
#5157=DIRECTION('',(0.,-1.,0.));
#5158=DIRECTION('',(0.,0.,-1.));
#5159=DIRECTION('',(0.,0.,1.));
#5160=DIRECTION('',(0.,-1.,0.));
#5161=DIRECTION('',(0.,0.,-1.));
#5162=DIRECTION('',(-1.,0.,0.));
#5163=DIRECTION('',(0.,-1.,0.));
#5164=DIRECTION('',(0.,0.,-1.));
#5165=DIRECTION('',(0.,0.,1.));
#5166=DIRECTION('',(0.,0.,-1.));
#5167=DIRECTION('',(0.,-1.,0.));
#5168=DIRECTION('',(0.,0.,-1.));
#5169=DIRECTION('',(-1.,0.,0.));
#5170=DIRECTION('',(-1.,0.,0.));
#5171=DIRECTION('',(0.,0.,1.));
#5172=DIRECTION('',(0.,-1.,0.));
#5173=DIRECTION('',(0.,0.,-1.));
#5174=DIRECTION('',(0.,0.,-1.));
#5175=DIRECTION('',(0.,-1.,0.));
#5176=DIRECTION('',(0.,0.,-1.));
#5177=DIRECTION('',(0.,0.,1.));
#5178=DIRECTION('',(1.,0.,0.));
#5179=DIRECTION('',(0.,-1.,0.));
#5180=DIRECTION('',(0.,0.,-1.));
#5181=DIRECTION('',(-1.,0.,0.));
#5182=DIRECTION('',(0.,-1.,0.));
#5183=DIRECTION('',(0.,0.,-1.));
#5184=DIRECTION('',(0.,-1.,0.));
#5185=DIRECTION('',(0.,0.,-1.));
#5186=DIRECTION('',(0.,1.,0.));
#5187=DIRECTION('',(0.,0.,1.));
#5188=DIRECTION('',(1.,0.,0.));
#5189=DIRECTION('',(0.,0.,-1.));
#5190=DIRECTION('',(0.,0.997722257940985,0.0674558819462254));
#5191=DIRECTION('',(1.,0.,0.));
#5192=DIRECTION('',(0.,0.,-1.));
#5193=DIRECTION('',(0.,0.,-1.));
#5194=DIRECTION('',(0.,1.,0.));
#5195=DIRECTION('',(-1.,0.,0.));
#5196=DIRECTION('',(0.,-1.,0.));
#5197=DIRECTION('',(0.,1.,0.));
#5198=DIRECTION('',(0.,0.,-1.));
#5199=DIRECTION('',(0.,1.,0.));
#5200=DIRECTION('',(0.,0.,1.));
#5201=DIRECTION('',(-1.,0.,0.));
#5202=DIRECTION('',(0.,-1.,0.));
#5203=DIRECTION('',(0.,-1.,0.));
#5204=DIRECTION('',(0.,0.,-1.));
#5205=DIRECTION('',(0.,1.,0.));
#5206=DIRECTION('',(0.,2.7408688958076E-5,0.999999999624382));
#5207=DIRECTION('',(1.,0.,0.));
#5208=DIRECTION('',(0.,0.,1.));
#5209=DIRECTION('',(0.,1.,0.));
#5210=DIRECTION('',(0.,2.74086889585157E-5,0.999999999624382));
#5211=DIRECTION('',(0.,1.,0.));
#5212=DIRECTION('',(0.,0.,-1.));
#5213=DIRECTION('',(-1.,0.,0.));
#5214=DIRECTION('',(0.,-1.,0.));
#5215=DIRECTION('',(0.,2.58274790212526E-16,-1.));
#5216=DIRECTION('',(0.,-1.,0.));
#5217=DIRECTION('',(0.,0.,1.));
#5218=DIRECTION('',(0.,-1.,0.));
#5219=DIRECTION('',(-1.,0.,0.));
#5220=DIRECTION('',(0.,-1.,0.));
#5221=DIRECTION('',(0.,0.,-1.));
#5222=DIRECTION('',(0.,-1.,0.));
#5223=DIRECTION('',(0.,0.,-1.));
#5224=DIRECTION('',(0.,-1.,0.));
#5225=DIRECTION('',(-1.,0.,0.));
#5226=DIRECTION('',(0.,-1.,0.));
#5227=DIRECTION('',(0.,0.,-1.));
#5228=DIRECTION('',(0.,1.,-1.05693350359055E-16));
#5229=DIRECTION('',(0.,1.29137395106263E-16,-1.));
#5230=DIRECTION('',(0.,-1.,0.));
#5231=DIRECTION('',(0.,2.74086889582519E-5,0.999999999624382));
#5232=DIRECTION('',(0.,1.,0.));
#5233=DIRECTION('',(-1.,0.,0.));
#5234=DIRECTION('',(0.,0.,1.));
#5235=DIRECTION('',(0.,2.74086889584138E-5,0.999999999624382));
#5236=DIRECTION('',(0.,-1.,0.));
#5237=DIRECTION('',(0.,-0.0674558819462254,0.997722257940985));
#5238=DIRECTION('',(0.,-0.997722257940985,-0.0674558819462254));
#5239=DIRECTION('',(-1.,0.,0.));
#5240=DIRECTION('',(0.,0.997722257940985,0.0674558819462254));
#5241=DIRECTION('',(-1.,0.,0.));
#5242=DIRECTION('',(-1.,0.,0.));
#5243=DIRECTION('',(0.,0.,1.));
#5244=DIRECTION('',(-1.,0.,0.));
#5245=DIRECTION('',(1.,0.,0.));
#5246=DIRECTION('',(0.,0.,-1.));
#5247=DIRECTION('',(-1.,0.,0.));
#5248=DIRECTION('',(1.,0.,0.));
#5249=DIRECTION('',(0.,0.,-1.));
#5250=DIRECTION('',(-1.,0.,0.));
#5251=DIRECTION('',(1.,0.,0.));
#5252=DIRECTION('',(0.,0.,-1.));
#5253=DIRECTION('',(-1.,0.,0.));
#5254=DIRECTION('',(1.,0.,0.));
#5255=DIRECTION('',(0.,0.,-1.));
#5256=DIRECTION('',(-1.,0.,0.));
#5257=DIRECTION('',(1.,0.,0.));
#5258=DIRECTION('',(0.,0.,-1.));
#5259=DIRECTION('',(0.,-0.067455881946229,-0.997722257940985));
#5260=DIRECTION('',(0.,0.997722257940985,-0.067455881946229));
#5261=DIRECTION('',(0.,0.997722257940985,-0.067455881946229));
#5262=DIRECTION('',(-1.,0.,0.));
#5263=DIRECTION('',(0.,-0.997722257940985,0.067455881946229));
#5264=DIRECTION('',(0.,0.,1.));
#5265=DIRECTION('',(1.,0.,0.));
#5266=DIRECTION('',(-1.,0.,0.));
#5267=DIRECTION('',(-1.,0.,0.));
#5268=DIRECTION('',(0.,1.,0.));
#5269=DIRECTION('',(-1.,0.,0.));
#5270=DIRECTION('',(0.,1.,0.));
#5271=DIRECTION('',(-1.,0.,0.));
#5272=DIRECTION('',(0.,1.,0.));
#5273=DIRECTION('',(0.,0.,1.));
#5274=DIRECTION('',(1.,0.,0.));
#5275=DIRECTION('',(-1.,0.,0.));
#5276=DIRECTION('',(0.,1.,0.));
#5277=DIRECTION('',(-1.,0.,0.));
#5278=DIRECTION('',(-1.,0.,0.));
#5279=DIRECTION('',(0.,1.,0.));
#5280=DIRECTION('',(-1.,0.,0.));
#5281=DIRECTION('',(0.,1.,0.));
#5282=DIRECTION('',(-1.,0.,0.));
#5283=DIRECTION('',(0.,0.,1.));
#5284=DIRECTION('',(-1.,0.,0.));
#5285=DIRECTION('',(1.,0.,0.));
#5286=DIRECTION('',(0.,0.,-1.));
#5287=DIRECTION('',(-1.,0.,0.));
#5288=DIRECTION('',(1.,0.,0.));
#5289=DIRECTION('',(0.,0.,-1.));
#5290=DIRECTION('',(-1.,0.,0.));
#5291=DIRECTION('',(1.,0.,0.));
#5292=DIRECTION('',(0.,0.,-1.));
#5293=DIRECTION('',(1.,0.,0.));
#5294=DIRECTION('',(0.,1.,0.));
#5295=DIRECTION('',(1.,0.,0.));
#5296=DIRECTION('',(0.,0.,-1.));
#5297=DIRECTION('',(0.,-0.997722257940985,0.067455881946229));
#5298=DIRECTION('',(1.,0.,0.));
#5299=DIRECTION('',(0.,0.,-1.));
#5300=DIRECTION('',(0.,0.997722257940985,0.0674558819462254));
#5301=DIRECTION('',(1.,0.,0.));
#5302=DIRECTION('',(0.,0.,-1.));
#5303=DIRECTION('',(1.,0.,0.));
#5304=DIRECTION('',(0.,0.,-1.));
#5305=DIRECTION('',(0.,0.,1.));
#5306=DIRECTION('',(1.,0.,0.));
#5307=DIRECTION('',(0.,0.,-1.));
#5308=DIRECTION('',(0.,1.,0.));
#5309=DIRECTION('',(1.,0.,0.));
#5310=DIRECTION('',(0.,0.,-1.));
#5311=DIRECTION('',(1.,0.,0.));
#5312=DIRECTION('',(0.,0.,-1.));
#5313=DIRECTION('',(0.,1.,0.));
#5314=DIRECTION('',(1.,0.,0.));
#5315=DIRECTION('',(0.,0.,-1.));
#5316=DIRECTION('',(0.,0.,1.));
#5317=DIRECTION('',(1.,0.,0.));
#5318=DIRECTION('',(0.,0.,-1.));
#5319=DIRECTION('',(1.,0.,0.));
#5320=DIRECTION('',(0.,0.,-1.));
#5321=DIRECTION('',(1.,0.,0.));
#5322=DIRECTION('',(0.,0.,-1.));
#5323=DIRECTION('',(0.,0.,1.));
#5324=DIRECTION('',(1.,0.,0.));
#5325=DIRECTION('',(0.,0.,-1.));
#5326=DIRECTION('',(1.,0.,0.));
#5327=DIRECTION('',(0.,0.,-1.));
#5328=DIRECTION('',(1.,0.,0.));
#5329=DIRECTION('',(0.,0.,-1.));
#5330=DIRECTION('',(1.,0.,0.));
#5331=DIRECTION('',(0.,0.,-1.));
#5332=DIRECTION('',(0.,0.,1.));
#5333=DIRECTION('',(1.,0.,0.));
#5334=DIRECTION('',(0.,0.,-1.));
#5335=DIRECTION('',(0.,0.997722257940985,0.0674558819462254));
#5336=DIRECTION('',(1.,0.,0.));
#5337=DIRECTION('',(0.,1.,0.));
#5338=DIRECTION('',(1.,0.,0.));
#5339=DIRECTION('',(0.,0.,-1.));
#5340=DIRECTION('',(1.,0.,0.));
#5341=DIRECTION('',(0.,0.,-1.));
#5342=DIRECTION('',(0.,0.,1.));
#5343=DIRECTION('',(0.,-0.707106781186547,0.707106781186548));
#5344=DIRECTION('',(0.,0.,1.));
#5345=DIRECTION('',(0.,0.707106781186547,0.707106781186548));
#5346=DIRECTION('',(0.,0.,1.));
#5347=DIRECTION('',(0.,-0.707106781186548,0.707106781186547));
#5348=DIRECTION('',(0.,0.,1.));
#5349=DIRECTION('',(0.,-0.728554170465882,-0.68498819018781));
#5350=DIRECTION('',(1.,0.,0.));
#5351=DIRECTION('',(0.,0.,-1.));
#5352=DIRECTION('',(0.,1.,0.));
#5353=DIRECTION('',(1.,0.,0.));
#5354=DIRECTION('',(0.,0.,-1.));
#5355=DIRECTION('',(1.,0.,0.));
#5356=DIRECTION('',(0.,0.,-1.));
#5357=DIRECTION('',(0.,1.,0.));
#5358=DIRECTION('',(1.,0.,0.));
#5359=DIRECTION('',(0.,0.,-1.));
#5360=DIRECTION('',(0.,-0.728554170465879,0.684988190187812));
#5361=DIRECTION('',(0.,-1.,0.));
#5362=DIRECTION('',(0.,0.,1.));
#5363=DIRECTION('',(0.,-0.707106781186548,-0.707106781186548));
#5364=DIRECTION('',(0.,0.707106781186547,-0.707106781186548));
#5365=DIRECTION('',(1.,0.,0.));
#5366=DIRECTION('',(0.,0.,-1.));
#5367=DIRECTION('',(0.,0.,1.));
#5368=DIRECTION('',(1.,0.,0.));
#5369=DIRECTION('',(0.,0.,-1.));
#5370=DIRECTION('',(0.,-0.707106781186547,-0.707106781186548));
#5371=DIRECTION('',(1.,0.,0.));
#5372=DIRECTION('',(0.,0.,-1.));
#5373=DIRECTION('',(1.,0.,0.));
#5374=DIRECTION('',(0.,0.,-1.));
#5375=DIRECTION('',(0.,0.997722257940985,0.0674558819462254));
#5376=DIRECTION('',(1.,0.,0.));
#5377=DIRECTION('',(0.,0.,-1.));
#5378=DIRECTION('',(0.,-0.997722257940985,0.067455881946229));
#5379=DIRECTION('',(1.,0.,0.));
#5380=DIRECTION('',(0.,0.,-1.));
#5381=DIRECTION('',(0.,-0.997722257940985,0.067455881946229));
#5382=DIRECTION('',(1.,0.,0.));
#5383=DIRECTION('',(0.,0.,-1.));
#5384=DIRECTION('',(0.,0.,1.));
#5385=DIRECTION('',(1.,0.,0.));
#5386=DIRECTION('',(0.,0.,-1.));
#5387=DIRECTION('',(1.,0.,0.));
#5388=DIRECTION('',(0.,0.,-1.));
#5389=DIRECTION('',(1.,0.,0.));
#5390=DIRECTION('',(0.,0.,-1.));
#5391=DIRECTION('',(1.,0.,0.));
#5392=DIRECTION('',(0.,0.,-1.));
#5393=DIRECTION('',(0.,0.,1.));
#5394=DIRECTION('',(1.,0.,0.));
#5395=DIRECTION('',(0.,0.,-1.));
#5396=DIRECTION('',(0.,0.,1.));
#5397=DIRECTION('',(1.,0.,0.));
#5398=DIRECTION('',(0.,0.,1.));
#5399=DIRECTION('',(1.,0.,0.));
#5400=DIRECTION('',(0.,0.,1.));
#5401=DIRECTION('',(-1.,0.,0.));
#5402=DIRECTION('',(0.,0.,1.));
#5403=DIRECTION('',(-1.,0.,0.));
#5404=DIRECTION('',(-1.,0.,0.));
#5405=DIRECTION('',(0.,-0.067455881946229,-0.997722257940985));
#5406=DIRECTION('',(0.,0.997722257940985,-0.067455881946229));
#5407=DIRECTION('',(-1.,0.,0.));
#5408=DIRECTION('',(-1.,0.,0.));
#5409=DIRECTION('',(0.,0.,1.));
#5410=DIRECTION('',(-1.,0.,0.));
#5411=DIRECTION('',(0.,-1.,0.));
#5412=DIRECTION('',(0.,0.,-1.));
#5413=DIRECTION('',(0.,1.,0.));
#5414=DIRECTION('',(0.,0.,1.));
#5415=DIRECTION('',(0.,1.,0.));
#5416=DIRECTION('',(0.,0.,1.));
#5417=DIRECTION('',(0.,0.,1.));
#5418=DIRECTION('',(0.,1.,0.));
#5419=DIRECTION('',(0.,0.,1.));
#5420=DIRECTION('',(1.,0.,0.));
#5421=DIRECTION('',(0.,1.,0.));
#5422=DIRECTION('',(0.,0.,1.));
#5423=DIRECTION('',(0.,0.,1.));
#5424=DIRECTION('',(0.,1.,0.));
#5425=DIRECTION('',(0.,0.,1.));
#5426=DIRECTION('',(1.,0.,0.));
#5427=DIRECTION('',(-1.,0.,0.));
#5428=DIRECTION('',(0.,-1.,0.));
#5429=DIRECTION('',(0.,0.,-1.));
#5430=DIRECTION('',(0.,0.,1.));
#5431=DIRECTION('',(0.,-1.,0.));
#5432=DIRECTION('',(0.,0.,-1.));
#5433=DIRECTION('',(-1.,0.,0.));
#5434=DIRECTION('',(0.,-1.,0.));
#5435=DIRECTION('',(0.,0.,-1.));
#5436=DIRECTION('',(0.,0.,1.));
#5437=DIRECTION('',(0.,-1.,0.));
#5438=DIRECTION('',(0.,0.,-1.));
#5439=DIRECTION('',(-1.,0.,0.));
#5440=DIRECTION('',(-1.,0.,0.));
#5441=DIRECTION('',(0.,0.,1.));
#5442=DIRECTION('',(-1.,0.,0.));
#5443=DIRECTION('',(0.,0.,1.));
#5444=DIRECTION('',(-1.,0.,0.));
#5445=DIRECTION('',(-1.,0.,0.));
#5446=DIRECTION('',(0.,0.,1.));
#5447=DIRECTION('',(1.,0.,0.));
#5448=DIRECTION('',(1.,0.,0.));
#5449=DIRECTION('',(-1.,0.,0.));
#5450=DIRECTION('',(0.,0.,1.));
#5451=DIRECTION('',(-1.,0.,0.));
#5452=DIRECTION('',(-1.,0.,0.));
#5453=DIRECTION('',(-1.,0.,0.));
#5454=DIRECTION('',(-1.,0.,0.));
#5455=DIRECTION('',(0.,0.,1.));
#5456=DIRECTION('',(-1.,0.,0.));
#5457=DIRECTION('',(0.,0.,1.));
#5458=DIRECTION('',(1.,0.,0.));
#5459=DIRECTION('',(-1.,0.,0.));
#5460=DIRECTION('',(-1.,0.,0.));
#5461=DIRECTION('',(0.,0.,1.));
#5462=DIRECTION('',(-1.,0.,0.));
#5463=DIRECTION('',(-1.,0.,0.));
#5464=DIRECTION('',(0.,0.,1.));
#5465=DIRECTION('',(-1.,0.,0.));
#5466=DIRECTION('',(-1.,0.,0.));
#5467=DIRECTION('',(0.,0.,1.));
#5468=DIRECTION('',(-1.,0.,0.));
#5469=DIRECTION('',(0.,-0.0674558819462254,0.997722257940985));
#5470=DIRECTION('',(0.,-0.997722257940985,-0.0674558819462254));
#5471=DIRECTION('',(0.,0.,1.));
#5472=DIRECTION('',(1.,0.,0.));
#5473=DIRECTION('',(0.,0.,1.));
#5474=DIRECTION('',(0.,0.,1.));
#5475=DIRECTION('',(1.,0.,0.));
#5476=DIRECTION('',(0.,0.,1.));
#5477=DIRECTION('',(0.,-0.067455881946229,-0.997722257940985));
#5478=DIRECTION('',(0.,0.997722257940985,-0.067455881946229));
#5479=DIRECTION('',(0.,0.997722257940985,-0.067455881946229));
#5480=DIRECTION('',(-1.,0.,0.));
#5481=DIRECTION('',(-1.,0.,0.));
#5482=DIRECTION('',(0.,0.,1.));
#5483=DIRECTION('',(-1.,0.,0.));
#5484=DIRECTION('',(-1.,0.,0.));
#5485=DIRECTION('',(0.,-1.,0.));
#5486=DIRECTION('',(0.,0.,-1.));
#5487=DIRECTION('',(0.,-1.,0.));
#5488=DIRECTION('',(0.,0.,-1.));
#5489=DIRECTION('',(0.,0.,-1.));
#5490=DIRECTION('',(0.,-1.,0.));
#5491=DIRECTION('',(0.,0.,-1.));
#5492=DIRECTION('',(-1.,0.,0.));
#5493=DIRECTION('',(0.,-1.,0.));
#5494=DIRECTION('',(0.,0.,-1.));
#5495=DIRECTION('',(0.,0.,-1.));
#5496=DIRECTION('',(0.,-1.,0.));
#5497=DIRECTION('',(0.,0.,-1.));
#5498=DIRECTION('',(-1.,0.,0.));
#5499=DIRECTION('',(0.,-1.,0.));
#5500=DIRECTION('',(0.,0.,-1.));
#5501=DIRECTION('',(0.,0.,1.));
#5502=DIRECTION('',(-1.,0.,0.));
#5503=DIRECTION('',(-1.,0.,0.));
#5504=DIRECTION('',(-1.,0.,0.));
#5505=DIRECTION('',(-1.,0.,0.));
#5506=DIRECTION('',(-1.,0.,0.));
#5507=DIRECTION('',(0.,0.,1.));
#5508=DIRECTION('',(-1.,0.,0.));
#5509=DIRECTION('',(0.,0.,1.));
#5510=DIRECTION('',(-1.,0.,0.));
#5511=DIRECTION('',(0.,0.,1.));
#5512=DIRECTION('',(-1.,0.,0.));
#5513=DIRECTION('',(-1.,0.,0.));
#5514=DIRECTION('',(-1.,0.,0.));
#5515=DIRECTION('',(-1.,0.,0.));
#5516=DIRECTION('',(-1.,0.,0.));
#5517=DIRECTION('',(0.,0.,1.));
#5518=DIRECTION('',(-1.,0.,0.));
#5519=DIRECTION('',(0.,-1.,0.));
#5520=DIRECTION('',(0.,0.,-1.));
#5521=DIRECTION('',(0.,-1.,0.));
#5522=DIRECTION('',(0.,0.,-1.));
#5523=DIRECTION('',(-1.,0.,0.));
#5524=DIRECTION('',(0.,-1.,0.));
#5525=DIRECTION('',(0.,0.,-1.));
#5526=DIRECTION('',(0.,0.,1.));
#5527=DIRECTION('',(0.,-1.,0.));
#5528=DIRECTION('',(0.,0.,-1.));
#5529=DIRECTION('',(-1.,0.,0.));
#5530=DIRECTION('',(0.,-1.,0.));
#5531=DIRECTION('',(0.,0.,-1.));
#5532=DIRECTION('',(0.,0.,1.));
#5533=DIRECTION('',(-1.,0.,0.));
#5534=DIRECTION('',(0.,-1.,0.));
#5535=DIRECTION('',(0.,0.,-1.));
#5536=DIRECTION('',(0.,0.,1.));
#5537=DIRECTION('',(0.,-1.,0.));
#5538=DIRECTION('',(0.,0.,-1.));
#5539=DIRECTION('',(-1.,0.,0.));
#5540=DIRECTION('',(0.,-1.,0.));
#5541=DIRECTION('',(0.,0.,-1.));
#5542=DIRECTION('',(0.,0.,1.));
#5543=DIRECTION('',(0.,-1.,0.));
#5544=DIRECTION('',(0.,0.,-1.));
#5545=DIRECTION('',(-1.,0.,0.));
#5546=DIRECTION('',(0.,0.,1.));
#5547=DIRECTION('',(-1.,0.,0.));
#5548=DIRECTION('',(-1.,0.,0.));
#5549=DIRECTION('',(-1.,0.,0.));
#5550=DIRECTION('',(-1.,0.,0.));
#5551=DIRECTION('',(0.,0.,1.));
#5552=DIRECTION('',(-1.,0.,0.));
#5553=DIRECTION('',(0.,0.,1.));
#5554=DIRECTION('',(0.,-0.0674558819462254,0.997722257940985));
#5555=DIRECTION('',(0.,-0.997722257940985,-0.0674558819462254));
#5556=DIRECTION('',(0.,0.997722257940985,0.0674558819462254));
#5557=DIRECTION('',(-1.,0.,0.));
#5558=DIRECTION('',(0.,0.,1.));
#5559=DIRECTION('',(1.,0.,0.));
#5560=DIRECTION('',(0.,0.,1.));
#5561=DIRECTION('',(-1.,0.,0.));
#5562=DIRECTION('',(0.,1.,0.));
#5563=DIRECTION('',(0.,0.,1.));
#5564=DIRECTION('',(0.,0.,-1.));
#5565=DIRECTION('',(-1.,0.,0.));
#5566=DIRECTION('',(0.,0.,-1.));
#5567=DIRECTION('',(-1.,0.,0.));
#5568=DIRECTION('',(0.,-1.,0.));
#5569=DIRECTION('',(0.,0.,1.));
#5570=DIRECTION('',(0.,1.,-1.46996956747225E-16));
#5571=DIRECTION('',(0.,0.,1.));
#5572=DIRECTION('',(0.,1.,0.));
#5573=DIRECTION('',(0.,0.,1.));
#5574=DIRECTION('',(0.,1.,0.));
#5575=DIRECTION('',(0.,0.,1.));
#5576=DIRECTION('',(0.,1.,0.));
#5577=DIRECTION('',(0.,0.,-1.));
#5578=DIRECTION('',(0.,-1.,0.));
#5579=DIRECTION('',(0.,0.,-1.));
#5580=DIRECTION('',(0.,-1.,0.));
#5581=DIRECTION('',(0.,0.,-1.));
#5582=DIRECTION('',(0.,1.,0.));
#5583=DIRECTION('',(0.,0.,-1.));
#5584=DIRECTION('',(0.,0.,1.));
#5585=DIRECTION('',(0.,1.,0.));
#5586=DIRECTION('',(0.,0.,-1.));
#5587=DIRECTION('',(0.,1.,0.));
#5588=DIRECTION('',(0.,1.,0.));
#5589=DIRECTION('',(0.,0.,-1.));
#5590=DIRECTION('',(0.,1.,0.));
#5591=DIRECTION('',(0.,2.74086889585157E-5,0.999999999624382));
#5592=DIRECTION('',(0.,2.7408688958076E-5,0.999999999624382));
#5593=DIRECTION('',(0.,1.,0.));
#5594=DIRECTION('',(0.,0.,-1.));
#5595=DIRECTION('',(0.,-1.,0.));
#5596=DIRECTION('',(0.,0.,-1.));
#5597=DIRECTION('',(0.,-1.,0.));
#5598=DIRECTION('',(0.,2.74086889584138E-5,0.999999999624382));
#5599=DIRECTION('',(-1.,0.,0.));
#5600=DIRECTION('',(0.,0.,1.));
#5601=DIRECTION('',(0.,2.74086889582519E-5,0.999999999624382));
#5602=DIRECTION('',(0.,-1.,0.));
#5603=DIRECTION('',(0.,1.29137395106263E-16,-1.));
#5604=DIRECTION('',(0.,-1.,0.));
#5605=DIRECTION('',(0.,-1.,0.));
#5606=DIRECTION('',(0.,0.,-1.));
#5607=DIRECTION('',(0.,-1.,0.));
#5608=DIRECTION('',(-1.,0.,0.));
#5609=DIRECTION('',(0.,-1.,0.));
#5610=DIRECTION('',(0.,1.,0.));
#5611=DIRECTION('',(0.,0.,-1.));
#5612=DIRECTION('',(0.,-1.,0.));
#5613=DIRECTION('',(0.,0.,-1.));
#5614=DIRECTION('',(0.,-1.,0.));
#5615=DIRECTION('',(0.,0.,-1.));
#5616=DIRECTION('',(0.,-1.,0.));
#5617=DIRECTION('',(0.,0.,-1.));
#5618=DIRECTION('',(-1.,0.,0.));
#5619=DIRECTION('',(0.,0.,1.));
#5620=DIRECTION('',(-1.,0.,0.));
#5621=DIRECTION('',(0.,0.,1.));
#5622=DIRECTION('',(1.,0.,0.));
#5623=DIRECTION('',(-1.,0.,0.));
#5624=DIRECTION('',(0.,1.,0.));
#5625=DIRECTION('',(0.,-1.,0.));
#5626=DIRECTION('',(0.,0.,-1.));
#5627=DIRECTION('',(-1.,0.,0.));
#5628=DIRECTION('',(0.,0.,1.));
#5629=DIRECTION('',(0.,-1.,0.));
#5630=DIRECTION('',(0.,0.,-1.));
#5631=DIRECTION('',(-1.,0.,0.));
#5632=DIRECTION('',(0.,0.,1.));
#5633=DIRECTION('',(-1.,0.,0.));
#5634=DIRECTION('',(0.,0.,1.));
#5635=DIRECTION('',(1.,0.,0.));
#5636=DIRECTION('',(-1.,0.,0.));
#5637=DIRECTION('',(0.,1.,0.));
#5638=DIRECTION('',(0.,-1.,0.));
#5639=DIRECTION('',(0.,0.,-1.));
#5640=DIRECTION('',(-1.,0.,0.));
#5641=DIRECTION('',(0.,0.,1.));
#5642=DIRECTION('',(0.,0.,-1.));
#5643=DIRECTION('',(-1.,0.,0.));
#5644=DIRECTION('',(-1.,0.,0.));
#5645=DIRECTION('',(0.,0.,-1.));
#5646=DIRECTION('',(-1.,0.,0.));
#5647=DIRECTION('',(-1.,0.,0.));
#5648=DIRECTION('',(0.,1.,1.29137395106263E-16));
#5649=DIRECTION('',(0.,-1.29137395106263E-16,1.));
#5650=DIRECTION('',(1.,0.,0.));
#5651=DIRECTION('',(0.,2.58274790212526E-16,-1.));
#5652=DIRECTION('',(1.,0.,0.));
#5653=DIRECTION('',(-1.,0.,0.));
#5654=DIRECTION('',(-1.,0.,0.));
#5655=DIRECTION('',(0.,0.,-1.));
#5656=DIRECTION('',(-1.,0.,0.));
#5657=DIRECTION('',(-1.,0.,0.));
#5658=DIRECTION('',(0.,-0.999999999624382,2.74086889582519E-5));
#5659=DIRECTION('',(0.,-2.74086889582519E-5,-0.999999999624382));
#5660=DIRECTION('',(-1.,0.,0.));
#5661=DIRECTION('',(0.,0.,1.));
#5662=DIRECTION('',(-1.,0.,0.));
#5663=DIRECTION('',(0.,-0.999999999624382,2.74086889584138E-5));
#5664=DIRECTION('',(0.,-2.74086889584138E-5,-0.999999999624382));
#5665=DIRECTION('',(-1.,0.,0.));
#5666=DIRECTION('',(0.,0.,-1.));
#5667=DIRECTION('',(-1.,0.,0.));
#5668=DIRECTION('',(-1.,0.,0.));
#5669=DIRECTION('',(0.,1.,0.));
#5670=DIRECTION('',(0.,0.,1.));
#5671=DIRECTION('',(-1.,0.,0.));
#5672=DIRECTION('',(-1.,0.,0.));
#5673=DIRECTION('',(-1.,0.,0.));
#5674=DIRECTION('',(1.,0.,0.));
#5675=DIRECTION('',(0.,0.,-1.));
#5676=DIRECTION('',(1.,0.,0.));
#5677=DIRECTION('',(0.,0.,-1.));
#5678=DIRECTION('',(-1.,0.,0.));
#5679=DIRECTION('',(-1.,0.,0.));
#5680=DIRECTION('',(0.,1.,0.));
#5681=DIRECTION('',(0.,0.,1.));
#5682=DIRECTION('',(1.,0.,0.));
#5683=DIRECTION('',(0.,0.,-1.));
#5684=DIRECTION('',(1.,0.,0.));
#5685=DIRECTION('',(-1.,0.,0.));
#5686=DIRECTION('',(-1.,0.,0.));
#5687=DIRECTION('',(-1.,0.,0.));
#5688=DIRECTION('',(0.,0.,1.));
#5689=DIRECTION('',(1.,0.,0.));
#5690=DIRECTION('',(-1.,0.,0.));
#5691=DIRECTION('',(0.,-0.999999999624382,2.7408688958076E-5));
#5692=DIRECTION('',(0.,-2.7408688958076E-5,-0.999999999624382));
#5693=DIRECTION('',(0.,-0.999999999624382,2.74086889585157E-5));
#5694=DIRECTION('',(0.,-2.74086889585157E-5,-0.999999999624382));
#5695=DIRECTION('',(-1.,0.,0.));
#5696=DIRECTION('',(0.,0.,1.));
#5697=DIRECTION('',(1.,0.,0.));
#5698=DIRECTION('',(-1.,0.,0.));
#5699=DIRECTION('',(0.,1.,0.));
#5700=DIRECTION('',(0.,0.,1.));
#5701=DIRECTION('',(-1.,0.,0.));
#5702=DIRECTION('',(-1.,0.,0.));
#5703=DIRECTION('',(-1.,0.,0.));
#5704=DIRECTION('',(1.,0.,0.));
#5705=DIRECTION('',(0.,0.,-1.));
#5706=DIRECTION('',(1.,0.,0.));
#5707=DIRECTION('',(0.,0.,1.));
#5708=DIRECTION('',(1.,0.,0.));
#5709=DIRECTION('',(0.,0.,1.));
#5710=DIRECTION('',(1.,0.,0.));
#5711=DIRECTION('',(0.,0.,1.));
#5712=DIRECTION('',(1.,0.,0.));
#5713=DIRECTION('',(-1.,0.,0.));
#5714=DIRECTION('',(0.,-1.,0.));
#5715=DIRECTION('',(0.,0.,-1.));
#5716=DIRECTION('',(0.,1.,0.));
#5717=DIRECTION('',(0.,0.,1.));
#5718=DIRECTION('',(-1.,0.,0.));
#5719=DIRECTION('',(0.,0.,1.));
#5720=DIRECTION('',(1.,0.,0.));
#5721=DIRECTION('',(0.,0.,-1.));
#5722=DIRECTION('',(-1.,0.,0.));
#5723=DIRECTION('',(0.,0.,-1.));
#5724=DIRECTION('',(-1.,0.,0.));
#5725=DIRECTION('',(-1.,0.,0.));
#5726=DIRECTION('',(0.,1.,0.));
#5727=DIRECTION('',(0.,0.,1.));
#5728=DIRECTION('',(0.,0.,-1.));
#5729=DIRECTION('',(-1.,0.,0.));
#5730=DIRECTION('',(0.,0.,1.));
#5731=DIRECTION('',(1.,0.,0.));
#5732=DIRECTION('',(0.,1.,0.));
#5733=DIRECTION('',(0.,1.46996956747225E-16,1.));
#5734=DIRECTION('',(0.,-1.,1.46996956747225E-16));
#5735=DIRECTION('',(0.,1.,-1.49301666216417E-16));
#5736=DIRECTION('',(0.,-1.05693350359055E-16,-1.));
#5737=DIRECTION('',(0.,1.,-1.05693350359055E-16));
#5738=DIRECTION('',(0.,1.,-1.05693350359055E-16));
#5739=DIRECTION('',(0.,0.,-1.));
#5740=DIRECTION('',(-1.,0.,0.));
#5741=DIRECTION('',(0.,1.,0.));
#5742=DIRECTION('',(-1.,0.,0.));
#5743=DIRECTION('',(0.,-1.,0.));
#5744=DIRECTION('',(0.,0.,1.));
#5745=DIRECTION('',(1.,0.,0.));
#5746=DIRECTION('',(0.,-1.,0.));
#5747=DIRECTION('',(0.,0.,1.));
#5748=DIRECTION('',(1.,0.,0.));
#5749=DIRECTION('',(0.,-1.,0.));
#5750=DIRECTION('',(-1.,0.,0.));
#5751=DIRECTION('',(0.,-1.,0.));
#5752=DIRECTION('',(-1.,0.,0.));
#5753=DIRECTION('',(0.,0.,1.));
#5754=DIRECTION('',(0.,0.,1.));
#5755=DIRECTION('',(0.,0.,1.));
#5756=DIRECTION('',(0.,-1.,0.));
#5757=DIRECTION('',(1.,0.,0.));
#5758=DIRECTION('',(0.,0.,-1.));
#5759=DIRECTION('',(0.,-1.,0.));
#5760=DIRECTION('',(0.,0.,-1.));
#5761=DIRECTION('',(0.,-1.,0.));
#5762=DIRECTION('',(1.,0.,0.));
#5763=DIRECTION('',(0.,-1.,0.));
#5764=DIRECTION('',(0.,0.,-1.));
#5765=DIRECTION('',(1.,0.,0.));
#5766=DIRECTION('',(0.,0.,-1.));
#5767=DIRECTION('',(0.,1.,0.));
#5768=DIRECTION('',(0.,0.,-1.));
#5769=DIRECTION('',(0.,1.,0.));
#5770=DIRECTION('',(0.,0.,-1.));
#5771=DIRECTION('',(0.,1.,0.));
#5772=DIRECTION('',(0.,0.,1.));
#5773=DIRECTION('',(0.,-1.,0.));
#5774=DIRECTION('',(0.,0.,-1.));
#5775=DIRECTION('',(0.,-1.,0.));
#5776=DIRECTION('',(0.,0.,-1.));
#5777=DIRECTION('',(0.,1.,0.));
#5778=DIRECTION('',(0.,1.,0.));
#5779=DIRECTION('',(0.,0.,1.));
#5780=DIRECTION('',(1.,0.,0.));
#5781=DIRECTION('',(0.,1.,0.));
#5782=DIRECTION('',(1.,0.,0.));
#5783=DIRECTION('',(0.800921855213243,-0.59876888850522,0.));
#5784=DIRECTION('',(0.912412603186056,-0.40927159875472,0.));
#5785=DIRECTION('',(-1.,0.,0.));
#5786=DIRECTION('',(1.,0.,0.));
#5787=DIRECTION('',(1.,0.,0.));
#5788=DIRECTION('',(0.,1.,0.));
#5789=DIRECTION('',(0.,0.,1.));
#5790=DIRECTION('',(0.,1.,0.));
#5791=DIRECTION('',(0.,-1.,0.));
#5792=DIRECTION('',(0.,0.,-1.));
#5793=DIRECTION('',(0.,-1.,0.));
#5794=DIRECTION('',(0.,0.,-1.));
#5795=DIRECTION('',(1.,0.,0.));
#5796=DIRECTION('',(0.,0.,-1.));
#5797=DIRECTION('',(0.,1.,0.));
#5798=DIRECTION('',(0.,0.,-1.));
#5799=DIRECTION('',(0.,0.,1.));
#5800=DIRECTION('',(0.,1.,0.));
#5801=DIRECTION('',(0.,0.,1.));
#5802=DIRECTION('',(0.,-1.,0.));
#5803=DIRECTION('',(0.,0.,-1.));
#5804=DIRECTION('',(0.,-1.,0.));
#5805=DIRECTION('',(0.,0.,-1.));
#5806=DIRECTION('',(0.,1.,0.));
#5807=DIRECTION('',(0.,0.,1.));
#5808=DIRECTION('',(0.,-1.,0.));
#5809=DIRECTION('',(0.,0.,-1.));
#5810=DIRECTION('',(0.,1.,0.));
#5811=DIRECTION('',(0.,-1.,0.));
#5812=DIRECTION('',(0.,0.,-1.));
#5813=DIRECTION('',(0.,-1.,0.));
#5814=DIRECTION('',(1.,0.,0.));
#5815=DIRECTION('',(0.,0.,-1.));
#5816=DIRECTION('',(1.,0.,0.));
#5817=DIRECTION('',(0.,-1.,0.));
#5818=DIRECTION('',(0.,0.,-1.));
#5819=DIRECTION('',(0.,0.,-1.));
#5820=DIRECTION('',(0.,-1.,0.));
#5821=DIRECTION('',(0.,0.,-1.));
#5822=DIRECTION('',(1.,0.,0.));
#5823=DIRECTION('',(0.,-1.,0.));
#5824=DIRECTION('',(1.,0.,0.));
#5825=DIRECTION('',(1.,0.,0.));
#5826=DIRECTION('',(0.,0.,-1.));
#5827=DIRECTION('',(0.,0.,1.));
#5828=DIRECTION('',(0.,0.,-1.));
#5829=DIRECTION('',(0.,-1.,0.));
#5830=DIRECTION('',(1.,0.,0.));
#5831=DIRECTION('',(0.,0.,-1.));
#5832=DIRECTION('',(0.,-1.,0.));
#5833=DIRECTION('',(0.,0.,-1.));
#5834=DIRECTION('',(0.,-1.,0.));
#5835=DIRECTION('',(1.,0.,0.));
#5836=DIRECTION('',(-1.,0.,0.));
#5837=DIRECTION('',(0.,0.,1.));
#5838=DIRECTION('',(0.,-1.,0.));
#5839=DIRECTION('',(0.,0.,-1.));
#5840=DIRECTION('',(0.,-1.,0.));
#5841=DIRECTION('',(0.,0.,-1.));
#5842=DIRECTION('',(0.,-1.,0.));
#5843=DIRECTION('',(0.,0.,-1.));
#5844=DIRECTION('',(0.,-1.,0.));
#5845=DIRECTION('',(0.,0.,-1.));
#5846=DIRECTION('',(0.,-1.,0.));
#5847=DIRECTION('',(0.,-1.,0.));
#5848=DIRECTION('',(0.,-1.,0.));
#5849=DIRECTION('',(0.,0.,-1.));
#5850=DIRECTION('',(0.,0.,-1.));
#5851=DIRECTION('',(-1.,0.,0.));
#5852=DIRECTION('',(1.,0.,0.));
#5853=DIRECTION('',(0.967153016627207,0.254194890642779,0.));
#5854=DIRECTION('',(1.,0.,0.));
#5855=DIRECTION('',(0.,-1.,0.));
#5856=DIRECTION('',(0.,0.,-1.));
#5857=DIRECTION('',(0.,-1.,0.));
#5858=DIRECTION('',(0.,0.,-1.));
#5859=DIRECTION('',(0.,-1.,0.));
#5860=DIRECTION('',(0.,-1.,0.));
#5861=DIRECTION('',(0.,0.,-1.));
#5862=DIRECTION('',(-1.,0.,0.));
#5863=DIRECTION('',(0.,0.,1.));
#5864=DIRECTION('',(0.,0.,-1.));
#5865=DIRECTION('',(0.,-1.,0.));
#5866=DIRECTION('',(0.,0.,-1.));
#5867=DIRECTION('',(0.,-1.,0.));
#5868=DIRECTION('',(0.,0.,-1.));
#5869=DIRECTION('',(0.,-1.,0.));
#5870=DIRECTION('',(0.,0.,-1.));
#5871=DIRECTION('',(0.,-1.,0.));
#5872=DIRECTION('',(0.,0.,-1.));
#5873=DIRECTION('',(0.,0.,-1.));
#5874=DIRECTION('',(-1.,0.,0.));
#5875=DIRECTION('',(0.967153016627207,0.254194890642779,0.));
#5876=DIRECTION('',(1.,0.,0.));
#5877=DIRECTION('',(0.,-1.,0.));
#5878=DIRECTION('',(1.,0.,0.));
#5879=DIRECTION('',(0.,-1.,0.));
#5880=DIRECTION('',(0.,0.,-1.));
#5881=DIRECTION('',(0.,-1.,0.));
#5882=DIRECTION('',(0.,0.,-1.));
#5883=DIRECTION('',(0.,-1.,0.));
#5884=DIRECTION('',(0.,0.,-1.));
#5885=DIRECTION('',(0.,-1.,0.));
#5886=DIRECTION('',(0.,-1.,0.));
#5887=DIRECTION('',(1.,0.,0.));
#5888=DIRECTION('',(0.,-1.,0.));
#5889=DIRECTION('',(0.,0.,-1.));
#5890=DIRECTION('',(1.,0.,0.));
#5891=DIRECTION('',(0.,0.,-1.));
#5892=DIRECTION('',(1.,0.,0.));
#5893=DIRECTION('',(0.,-1.,0.));
#5894=DIRECTION('',(0.,0.,-1.));
#5895=DIRECTION('',(0.,0.,-1.));
#5896=DIRECTION('',(0.,-1.,0.));
#5897=DIRECTION('',(1.,0.,0.));
#5898=DIRECTION('',(-0.465289033846229,0.885158807775442,0.));
#5899=DIRECTION('',(-0.885158807775443,-0.465289033846229,0.));
#5900=DIRECTION('',(-0.465289033846229,0.885158807775442,0.));
#5901=DIRECTION('',(0.885158807775443,0.465289033846229,0.));
#5902=DIRECTION('',(0.,0.,-1.));
#5903=DIRECTION('',(-0.465289033846229,0.885158807775442,0.));
#5904=DIRECTION('',(-0.885158807775443,-0.465289033846229,0.));
#5905=DIRECTION('',(-0.254194890642779,0.967153016627207,0.));
#5906=DIRECTION('',(-0.967153016627207,-0.254194890642779,0.));
#5907=DIRECTION('',(-0.254194890642779,0.967153016627207,0.));
#5908=DIRECTION('',(0.967153016627207,0.254194890642779,0.));
#5909=DIRECTION('',(0.,0.,-1.));
#5910=DIRECTION('',(-0.254194890642779,0.967153016627207,0.));
#5911=DIRECTION('',(-0.967153016627207,-0.254194890642779,0.));
#5912=DIRECTION('',(1.,0.,0.));
#5913=DIRECTION('',(0.,0.,-1.));
#5914=DIRECTION('',(0.,0.,-1.));
#5915=DIRECTION('',(0.,0.,-1.));
#5916=DIRECTION('',(0.,1.,0.));
#5917=DIRECTION('',(0.,0.,1.));
#5918=DIRECTION('',(0.,1.,0.));
#5919=DIRECTION('',(0.,0.,1.));
#5920=DIRECTION('',(0.,0.,-1.));
#5921=DIRECTION('',(-0.409271598754725,0.912412603186054,0.));
#5922=DIRECTION('',(-0.912412603186054,-0.409271598754725,0.));
#5923=DIRECTION('',(0.,0.,-1.));
#5924=DIRECTION('',(-0.598768888505226,0.800921855213239,0.));
#5925=DIRECTION('',(-0.800921855213239,-0.598768888505226,0.));
#5926=DIRECTION('',(-0.598768888505226,0.800921855213239,0.));
#5927=DIRECTION('',(-0.800921855213239,-0.598768888505226,0.));
#5928=DIRECTION('',(-0.598768888505226,0.800921855213239,0.));
#5929=DIRECTION('',(-0.800921855213239,-0.598768888505226,0.));
#5930=DIRECTION('',(1.,0.,0.));
#5931=DIRECTION('',(0.,0.,-1.));
#5932=DIRECTION('',(0.,0.,-1.));
#5933=DIRECTION('',(0.,0.,-1.));
#5934=DIRECTION('',(-0.598768888505226,0.800921855213239,0.));
#5935=DIRECTION('',(-0.800921855213239,-0.598768888505226,0.));
#5936=DIRECTION('',(0.,0.,-1.));
#5937=DIRECTION('',(-0.409271598754725,0.912412603186054,0.));
#5938=DIRECTION('',(-0.912412603186054,-0.409271598754725,0.));
#5939=DIRECTION('',(0.,0.,-1.));
#5940=DIRECTION('',(0.,1.,0.));
#5941=DIRECTION('',(0.,0.,1.));
#5942=DIRECTION('',(0.,1.,0.));
#5943=DIRECTION('',(0.,0.,1.));
#5944=DIRECTION('',(0.,0.,-1.));
#5945=DIRECTION('',(-0.254194890642779,0.967153016627207,0.));
#5946=DIRECTION('',(-0.967153016627207,-0.254194890642779,0.));
#5947=DIRECTION('',(0.,0.,-1.));
#5948=DIRECTION('',(-0.465289033846229,0.885158807775442,0.));
#5949=DIRECTION('',(-0.885158807775443,-0.465289033846229,0.));
#5950=DIRECTION('',(0.59876888850522,0.800921855213243,0.));
#5951=DIRECTION('',(-0.800921855213243,0.59876888850522,0.));
#5952=DIRECTION('',(0.59876888850522,0.800921855213243,0.));
#5953=DIRECTION('',(-0.800921855213243,0.59876888850522,0.));
#5954=DIRECTION('',(0.,0.,-1.));
#5955=DIRECTION('',(0.59876888850522,0.800921855213243,0.));
#5956=DIRECTION('',(-0.800921855213243,0.59876888850522,0.));
#5957=DIRECTION('',(0.40927159875472,0.912412603186056,0.));
#5958=DIRECTION('',(-0.912412603186056,0.409271598754721,0.));
#5959=DIRECTION('',(0.,0.,-1.));
#5960=DIRECTION('',(-1.,0.,0.));
#5961=DIRECTION('',(0.,0.,1.));
#5962=DIRECTION('',(0.,0.,-1.));
#5963=DIRECTION('',(0.,0.,-1.));
#5964=DIRECTION('',(0.,-1.,0.));
#5965=DIRECTION('',(0.,0.,-1.));
#5966=DIRECTION('',(0.,1.,0.));
#5967=DIRECTION('',(0.,0.,1.));
#5968=DIRECTION('',(0.,0.,-1.));
#5969=DIRECTION('',(0.254194890642778,0.967153016627207,0.));
#5970=DIRECTION('',(-0.967153016627207,0.254194890642778,0.));
#5971=DIRECTION('',(0.254194890642778,0.967153016627207,0.));
#5972=DIRECTION('',(0.967153016627207,-0.254194890642778,0.));
#5973=DIRECTION('',(0.,0.,-1.));
#5974=DIRECTION('',(0.254194890642778,0.967153016627207,0.));
#5975=DIRECTION('',(-0.967153016627207,0.254194890642778,0.));
#5976=DIRECTION('',(0.465289033846227,0.885158807775444,0.));
#5977=DIRECTION('',(-0.885158807775444,0.465289033846227,0.));
#5978=DIRECTION('',(0.465289033846227,0.885158807775444,0.));
#5979=DIRECTION('',(0.885158807775444,-0.465289033846227,0.));
#5980=DIRECTION('',(0.465289033846227,0.885158807775444,0.));
#5981=DIRECTION('',(-0.885158807775444,0.465289033846227,0.));
#5982=DIRECTION('',(0.465289033846227,0.885158807775444,0.));
#5983=DIRECTION('',(-0.885158807775444,0.465289033846227,0.));
#5984=DIRECTION('',(0.,0.,-1.));
#5985=DIRECTION('',(0.254194890642778,0.967153016627207,0.));
#5986=DIRECTION('',(-0.967153016627207,0.254194890642778,0.));
#5987=DIRECTION('',(0.,0.,-1.));
#5988=DIRECTION('',(0.40927159875472,0.912412603186056,0.));
#5989=DIRECTION('',(-0.912412603186056,0.409271598754721,0.));
#5990=DIRECTION('',(0.,0.,-1.));
#5991=DIRECTION('',(0.,0.,-1.));
#5992=DIRECTION('',(0.59876888850522,0.800921855213243,0.));
#5993=DIRECTION('',(-0.800921855213243,0.59876888850522,0.));
#5994=DIRECTION('',(0.,1.,0.));
#5995=DIRECTION('',(0.,0.,1.));
#5996=DIRECTION('',(0.,0.,-1.));
#5997=DIRECTION('',(-1.,0.,0.));
#5998=DIRECTION('',(0.,0.,1.));
#5999=DIRECTION('',(0.,0.,-1.));
#6000=DIRECTION('',(0.,-1.,0.));
#6001=DIRECTION('',(0.,0.,-1.));
#6002=DIRECTION('',(0.,0.707106781186547,0.707106781186548));
#6003=DIRECTION('',(-1.,0.,0.));
#6004=DIRECTION('',(-7.85046229341886E-15,-0.707106781186548,0.707106781186547));
#6005=DIRECTION('',(0.,-1.,0.));
#6006=DIRECTION('',(0.,0.,-1.));
#6007=DIRECTION('',(0.707106781186547,-0.707106781186548,0.));
#6008=DIRECTION('',(0.707106781186548,0.707106781186547,0.));
#6009=DIRECTION('',(0.,0.,1.));
#6010=DIRECTION('',(0.707106781186547,-0.707106781186548,6.86915450674151E-15));
#6011=DIRECTION('',(0.,-1.,0.));
#6012=DIRECTION('',(0.,0.,-1.));
#6013=DIRECTION('',(0.,-0.68498819018781,0.728554170465882));
#6014=DIRECTION('',(-1.,0.,0.));
#6015=DIRECTION('',(0.,-1.,0.));
#6016=DIRECTION('',(0.,0.,-1.));
#6017=DIRECTION('',(-0.707106781186548,-0.707106781186547,0.));
#6018=DIRECTION('',(0.,0.,1.));
#6019=DIRECTION('',(0.,-1.,0.));
#6020=DIRECTION('',(0.,0.,-1.));
#6021=DIRECTION('',(0.,-0.707106781186548,0.707106781186548));
#6022=DIRECTION('',(-1.,0.,0.));
#6023=DIRECTION('',(7.85046229341887E-15,-0.707106781186548,-0.707106781186548));
#6024=DIRECTION('',(0.,1.,0.));
#6025=DIRECTION('',(0.,0.,1.));
#6026=DIRECTION('',(-0.707106781186548,-0.707106781186548,0.));
#6027=DIRECTION('',(0.707106781186548,-0.707106781186548,0.));
#6028=DIRECTION('',(0.,0.,1.));
#6029=DIRECTION('',(-0.707106781186548,-0.707106781186548,-6.86915450674151E-15));
#6030=DIRECTION('',(0.,1.,0.));
#6031=DIRECTION('',(0.,0.,1.));
#6032=DIRECTION('',(0.,0.684988190187812,0.728554170465879));
#6033=DIRECTION('',(-1.,0.,0.));
#6034=DIRECTION('',(0.,1.,0.));
#6035=DIRECTION('',(0.,0.,1.));
#6036=DIRECTION('',(-0.707106781186548,0.707106781186548,0.));
#6037=DIRECTION('',(0.,0.,1.));
#6038=DIRECTION('',(0.,1.,0.));
#6039=DIRECTION('',(0.,0.,1.));
#6040=DIRECTION('',(-1.,0.,0.));
#6041=DIRECTION('',(0.,0.,1.));
#6042=DIRECTION('',(-1.,0.,0.));
#6043=DIRECTION('',(0.,0.,1.));
#6044=DIRECTION('',(0.,-1.,0.));
#6045=DIRECTION('',(0.,0.,-1.));
#6046=DIRECTION('',(9.71445146547011E-15,9.71445146547011E-15,1.));
#6047=DIRECTION('',(1.,0.,-9.71445146547011E-15));
#6048=DIRECTION('',(0.,0.,1.));
#6049=DIRECTION('',(1.,0.,0.));
#6050=DIRECTION('',(0.,0.,1.));
#6051=DIRECTION('',(1.,0.,0.));
#6052=DIRECTION('',(0.,-1.,0.));
#6053=DIRECTION('',(0.,0.,-1.));
#6054=DIRECTION('',(1.,1.11022302462515E-14,-1.11022302462515E-14));
#6055=DIRECTION('',(-1.11022302462515E-14,0.,-1.));
#6056=DIRECTION('',(1.,0.,0.));
#6057=DIRECTION('',(0.,0.,-1.));
#6058=DIRECTION('',(-1.,0.,0.));
#6059=DIRECTION('',(0.,0.,1.));
#6060=DIRECTION('',(1.,0.,0.));
#6061=DIRECTION('',(0.,0.,-1.));
#6062=DIRECTION('',(0.,-1.,0.));
#6063=DIRECTION('',(0.,0.,-1.));
#6064=DIRECTION('',(-9.71445146547011E-15,0.,1.));
#6065=DIRECTION('',(1.,0.,9.71445146547011E-15));
#6066=DIRECTION('',(0.,0.,-1.));
#6067=DIRECTION('',(-1.,0.,0.));
#6068=DIRECTION('',(1.11022302462515E-14,0.,1.));
#6069=DIRECTION('',(1.,0.,-1.11022302462515E-14));
#6070=DIRECTION('',(-1.,0.,0.));
#6071=DIRECTION('',(0.,0.,1.));
#6072=DIRECTION('',(1.,0.,0.));
#6073=DIRECTION('',(0.,0.,-1.));
#6074=DIRECTION('',(0.,-1.,0.));
#6075=DIRECTION('',(0.,0.,-1.));
#6076=DIRECTION('',(0.,-1.,0.));
#6077=DIRECTION('',(0.,0.,-1.));
#6078=DIRECTION('',(0.,0.,-1.));
#6079=DIRECTION('',(-1.,0.,0.));
#6080=DIRECTION('',(0.,-1.,0.));
#6081=DIRECTION('',(0.,0.,-1.));
#6082=DIRECTION('',(-1.,0.,0.));
#6083=DIRECTION('',(0.,0.,1.));
#6084=DIRECTION('',(-1.,0.,0.));
#6085=DIRECTION('',(0.,0.,1.));
#6086=DIRECTION('',(0.,-1.,0.));
#6087=DIRECTION('',(0.,0.,-1.));
#6088=DIRECTION('',(9.71445146547011E-15,0.,1.));
#6089=DIRECTION('',(1.,0.,-9.71445146547011E-15));
#6090=DIRECTION('',(0.,0.,1.));
#6091=DIRECTION('',(1.,0.,0.));
#6092=DIRECTION('',(0.,0.,1.));
#6093=DIRECTION('',(1.,0.,0.));
#6094=DIRECTION('',(0.,-1.,0.));
#6095=DIRECTION('',(0.,0.,-1.));
#6096=DIRECTION('',(1.,0.,0.));
#6097=DIRECTION('',(0.,0.,-1.));
#6098=DIRECTION('',(1.,0.,0.));
#6099=DIRECTION('',(0.,0.,-1.));
#6100=DIRECTION('',(-1.,0.,0.));
#6101=DIRECTION('',(0.,0.,1.));
#6102=DIRECTION('',(1.,0.,0.));
#6103=DIRECTION('',(0.,0.,-1.));
#6104=DIRECTION('',(0.,-1.,0.));
#6105=DIRECTION('',(0.,0.,-1.));
#6106=DIRECTION('',(-9.71445146547011E-15,-9.71445146547012E-15,1.));
#6107=DIRECTION('',(0.,-1.,-9.71445146547012E-15));
#6108=DIRECTION('',(0.,0.,-1.));
#6109=DIRECTION('',(-1.,0.,0.));
#6110=DIRECTION('',(0.,-1.11022302462516E-14,1.));
#6111=DIRECTION('',(0.,-1.,-1.11022302462516E-14));
#6112=DIRECTION('',(-1.,0.,0.));
#6113=DIRECTION('',(0.,0.,1.));
#6114=DIRECTION('',(1.,0.,0.));
#6115=DIRECTION('',(0.,0.,-1.));
#6116=DIRECTION('',(0.,-1.,0.));
#6117=DIRECTION('',(0.,0.,-1.));
#6118=DIRECTION('',(0.,-1.,0.));
#6119=DIRECTION('',(0.,0.,-1.));
#6120=DIRECTION('',(0.,-1.,0.));
#6121=DIRECTION('',(0.,0.,-1.));
#6122=DIRECTION('',(0.,0.,-1.));
#6123=DIRECTION('',(-1.,0.,0.));
#6124=DIRECTION('',(0.,-1.,0.));
#6125=DIRECTION('',(0.,0.,-1.));
#6126=DIRECTION('',(0.,-1.,0.));
#6127=DIRECTION('',(0.,0.,-1.));
#6128=DIRECTION('',(0.,-1.,0.));
#6129=DIRECTION('',(0.,0.,-1.));
#6130=DIRECTION('',(0.,-1.,0.));
#6131=DIRECTION('',(0.,0.,-1.));
#6132=DIRECTION('',(0.,-1.,0.));
#6133=DIRECTION('',(0.,-1.,0.));
#6134=DIRECTION('',(1.,0.,0.));
#6135=DIRECTION('',(0.,0.,-1.));
#6136=DIRECTION('',(0.,-1.,0.));
#6137=DIRECTION('',(0.,-1.,0.));
#6138=DIRECTION('',(0.,0.,-1.));
#6139=DIRECTION('',(0.,-1.,0.));
#6140=DIRECTION('',(0.,0.,1.));
#6141=DIRECTION('',(1.,0.,0.));
#6142=DIRECTION('',(0.,-1.,0.));
#6143=DIRECTION('',(0.,-1.,0.));
#6144=DIRECTION('',(0.,0.,-1.));
#6145=DIRECTION('',(0.,-1.,0.));
#6146=DIRECTION('',(1.,0.,0.));
#6147=DIRECTION('',(0.,0.,-1.));
#6148=DIRECTION('',(0.,-1.,0.));
#6149=DIRECTION('',(0.,-1.,0.));
#6150=DIRECTION('',(0.,0.,-1.));
#6151=DIRECTION('',(0.,-1.,0.));
#6152=DIRECTION('',(0.,0.,1.));
#6153=DIRECTION('',(1.,0.,0.));
#6154=DIRECTION('',(0.,0.,1.));
#6155=DIRECTION('',(1.,0.,0.));
#6156=DIRECTION('',(0.,-1.,0.));
#6157=DIRECTION('',(0.,-1.,0.));
#6158=DIRECTION('',(0.,-1.,0.));
#6159=DIRECTION('',(0.,0.,-1.));
#6160=DIRECTION('',(0.,-1.,0.));
#6161=DIRECTION('',(1.,0.,0.));
#6162=DIRECTION('',(0.,0.,-1.));
#6163=DIRECTION('',(0.,-1.,0.));
#6164=DIRECTION('',(0.,-1.,0.));
#6165=DIRECTION('',(0.,0.,-1.));
#6166=DIRECTION('',(0.,-1.,0.));
#6167=DIRECTION('',(0.,0.,1.));
#6168=DIRECTION('',(1.,0.,0.));
#6169=DIRECTION('',(0.,-1.,0.));
#6170=DIRECTION('',(0.,-1.,0.));
#6171=DIRECTION('',(0.,0.,-1.));
#6172=DIRECTION('',(0.,-1.,0.));
#6173=DIRECTION('',(1.,0.,0.));
#6174=DIRECTION('',(0.,0.,-1.));
#6175=DIRECTION('',(0.,-1.,0.));
#6176=DIRECTION('',(0.,-1.,0.));
#6177=DIRECTION('',(0.,0.,-1.));
#6178=DIRECTION('',(-1.,0.,0.));
#6179=DIRECTION('',(0.,0.,1.));
#6180=DIRECTION('',(0.,1.,0.));
#6181=DIRECTION('',(0.,1.,0.));
#6182=DIRECTION('',(0.,1.,0.));
#6183=DIRECTION('',(0.,0.,1.));
#6184=DIRECTION('',(0.,1.,0.));
#6185=DIRECTION('',(0.,0.,1.));
#6186=DIRECTION('',(1.,0.,0.));
#6187=DIRECTION('',(0.,1.,0.));
#6188=DIRECTION('',(0.,1.,0.));
#6189=DIRECTION('',(0.,0.,1.));
#6190=DIRECTION('',(0.,1.,0.));
#6191=DIRECTION('',(-1.,0.,0.));
#6192=DIRECTION('',(0.,0.,1.));
#6193=DIRECTION('',(0.,1.,0.));
#6194=DIRECTION('',(0.,1.,0.));
#6195=DIRECTION('',(0.,0.,1.));
#6196=DIRECTION('',(0.,1.,0.));
#6197=DIRECTION('',(0.,0.,1.));
#6198=DIRECTION('',(1.,0.,0.));
#6199=DIRECTION('',(0.,1.,0.));
#6200=DIRECTION('',(0.,1.,0.));
#6201=DIRECTION('',(0.,0.,1.));
#6202=DIRECTION('',(0.,1.,0.));
#6203=DIRECTION('',(0.,0.,1.));
#6204=DIRECTION('',(0.,-1.,0.));
#6205=DIRECTION('',(0.,0.,-1.));
#6206=DIRECTION('',(0.,-1.,0.));
#6207=DIRECTION('',(0.,0.,-1.));
#6208=DIRECTION('',(0.,-1.,0.));
#6209=DIRECTION('',(0.,0.,-1.));
#6210=DIRECTION('',(0.,-1.,0.));
#6211=DIRECTION('',(0.,0.,-1.));
#6212=DIRECTION('',(0.,-1.,0.));
#6213=DIRECTION('',(0.,0.,-1.));
#6214=DIRECTION('',(0.,-1.,0.));
#6215=DIRECTION('',(1.,0.,0.));
#6216=DIRECTION('',(0.,-1.,0.));
#6217=DIRECTION('',(0.,0.,-1.));
#6218=DIRECTION('',(0.,-1.,0.));
#6219=DIRECTION('',(0.,0.,-1.));
#6220=DIRECTION('',(0.,-1.,0.));
#6221=DIRECTION('',(0.,0.,-1.));
#6222=DIRECTION('',(0.,-1.,0.));
#6223=DIRECTION('',(1.,0.,0.));
#6224=DIRECTION('',(0.,-1.,0.));
#6225=DIRECTION('',(0.,0.,-1.));
#6226=CARTESIAN_POINT('',(0.,0.,0.));
#6227=CARTESIAN_POINT('',(9.24512102301112,-18.25,5.05485670047151));
#6228=CARTESIAN_POINT('',(9.24512102301112,-18.5,5.05485670047151));
#6229=CARTESIAN_POINT('',(9.24512102301112,-18.5,5.00360670047151));
#6230=CARTESIAN_POINT('',(9.24512102301112,-18.625,5.05485670047151));
#6231=CARTESIAN_POINT('',(9.24512102301112,-18.625,5.00360670047151));
#6232=CARTESIAN_POINT('',(8.94512102301112,-18.25,5.05485670047151));
#6233=CARTESIAN_POINT('',(8.94512102301112,-18.5,5.05485670047151));
#6234=CARTESIAN_POINT('',(8.94512102301112,-18.5,5.00360670047151));
#6235=CARTESIAN_POINT('',(8.94512102301112,-18.625,5.05485670047151));
#6236=CARTESIAN_POINT('',(8.94512102301112,-18.625,5.00360670047151));
#6237=CARTESIAN_POINT('',(7.99289523632363,0.25,1.1962504015));
#6238=CARTESIAN_POINT('',(8.2953752273269,0.250616379820636,0.975639998070624));
#6239=CARTESIAN_POINT('',(8.28817557668229,0.250449344823145,0.965485057984213));
#6240=CARTESIAN_POINT('',(8.28052094127834,0.250240601403926,0.955686617783397));
#6241=CARTESIAN_POINT('',(8.27240373351111,0.25,0.946250401500003));
#6242=CARTESIAN_POINT('',(8.29532308307235,0.250679680372457,0.975675926102228));
#6243=CARTESIAN_POINT('',(8.27240373351111,0.25,0.946250401500002));
#6244=CARTESIAN_POINT('',(7.99289523632363,0.25,1.1962504015));
#6245=CARTESIAN_POINT('',(7.99289523632363,-18.875,1.1962504015));
#6246=CARTESIAN_POINT('',(7.99289523632363,-18.75,1.1962504015));
#6247=CARTESIAN_POINT('',(8.29532308307232,-18.7506796803724,0.975675926102191));
#6248=CARTESIAN_POINT('',(8.2724037335111,-18.75,0.946250401499994));
#6249=CARTESIAN_POINT('',(8.2724037335111,-18.75,0.946250401499994));
#6250=CARTESIAN_POINT('',(8.28052094127832,-18.7502406014039,0.955686617783379));
#6251=CARTESIAN_POINT('',(8.28817557668227,-18.7504493448232,0.965485057984186));
#6252=CARTESIAN_POINT('',(8.29537522732687,-18.7506163798206,0.975639998070586));
#6253=CARTESIAN_POINT('',(8.24942264657367,-19.325,3.34430355098575));
#6254=CARTESIAN_POINT('',(8.11789523632363,-19.325,3.34430355098575));
#6255=CARTESIAN_POINT('',(8.11789523632363,-19.325,1.1962504015));
#6256=CARTESIAN_POINT('',(8.11789523632363,-19.325,2.49479026361433));
#6257=CARTESIAN_POINT('',(7.99289523632363,-19.325,2.49479026361433));
#6258=CARTESIAN_POINT('',(7.99289523632363,-19.325,2.61979026361433));
#6259=CARTESIAN_POINT('',(7.99289523632363,-19.325,6.19625040149999));
#6260=CARTESIAN_POINT('',(7.99289523632363,-19.325,1.07125040149999));
#6261=CARTESIAN_POINT('',(7.99289523632363,-19.325,1.1962504015));
#6262=CARTESIAN_POINT('',(8.24942264657367,0.825,3.34430355098575));
#6263=CARTESIAN_POINT('',(7.99289523632363,0.825,6.19625040149999));
#6264=CARTESIAN_POINT('',(7.99289523632363,0.825,2.61979026361433));
#6265=CARTESIAN_POINT('',(7.99289523632363,0.825,1.07125040149999));
#6266=CARTESIAN_POINT('',(7.99289523632363,0.825,2.49479026361433));
#6267=CARTESIAN_POINT('',(8.11789523632363,0.825,2.49479026361433));
#6268=CARTESIAN_POINT('',(8.11789523632363,0.825,3.34430355098575));
#6269=CARTESIAN_POINT('',(8.11789523632363,0.825,1.1962504015));
#6270=CARTESIAN_POINT('',(7.99289523632363,0.825,1.1962504015));
#6271=CARTESIAN_POINT('',(7.5,-19.325,4.54333012572865));
#6272=CARTESIAN_POINT('',(7.5,-18.9565117000716,4.54333012572865));
#6273=CARTESIAN_POINT('',(7.80061317408369,-19.18125,5.23044854315561));
#6274=CARTESIAN_POINT('',(7.82569344307151,-19.2,5.21892155635831));
#6275=CARTESIAN_POINT('',(7.5,-19.2,4.54333012572865));
#6276=CARTESIAN_POINT('',(8.24289523632363,-19.2,4.64631880397851));
#6277=CARTESIAN_POINT('',(8.24289523632363,-19.325,4.64631880397851));
#6278=CARTESIAN_POINT('',(8.24289523632363,-18.875,4.64631880397851));
#6279=CARTESIAN_POINT('',(7.5,-18.875,4.54333012572865));
#6280=CARTESIAN_POINT('',(7.5,-18.875,5.29333012572865));
#6281=CARTESIAN_POINT('',(7.5,-18.875,4.54333012572865));
#6282=CARTESIAN_POINT('',(7.5,-18.875,3.79333012572865));
#6283=CARTESIAN_POINT('',(7.5,-18.875,4.54333012572865));
#6284=CARTESIAN_POINT('',(8.24289523632363,-18.875,4.44034144747879));
#6285=CARTESIAN_POINT('',(8.24289523632363,-19.325,4.44034144747879));
#6286=CARTESIAN_POINT('',(8.24289523632363,-19.2,4.44034144747879));
#6287=CARTESIAN_POINT('',(7.5,-19.2,4.54333012572865));
#6288=CARTESIAN_POINT('',(7.82569344307151,-19.2,3.86773869509899));
#6289=CARTESIAN_POINT('',(7.5,-18.9565117000716,4.54333012572865));
#6290=CARTESIAN_POINT('',(7.80061317408369,-19.18125,3.85621170830169));
#6291=CARTESIAN_POINT('',(7.5,-19.0464070200429,4.54333012572865));
#6292=CARTESIAN_POINT('',(7.48014307035045,-19.0375,3.79359303691358));
#6293=CARTESIAN_POINT('',(7.5,-19.0375,4.54333012572865));
#6294=CARTESIAN_POINT('',(7.17249177076654,-19.0375,3.86861658667347));
#6295=CARTESIAN_POINT('',(7.17249177076654,-19.325,3.86861658667347));
#6296=CARTESIAN_POINT('',(7.17249177076654,-19.18125,3.86861658667347));
#6297=CARTESIAN_POINT('',(7.5,-19.18125,4.54333012572865));
#6298=CARTESIAN_POINT('',(7.44595959261891,-19.18125,3.79527956970313));
#6299=CARTESIAN_POINT('',(7.5,-19.1954533320564,4.54333012572865));
#6300=CARTESIAN_POINT('',(7.51729902440649,-19.2,3.79352965643393));
#6301=CARTESIAN_POINT('',(7.5,-19.2,4.54333012572865));
#6302=CARTESIAN_POINT('',(7.51729902440649,-19.2,5.29313059502337));
#6303=CARTESIAN_POINT('',(7.5,-19.1954533320564,4.54333012572865));
#6304=CARTESIAN_POINT('',(7.44595959261891,-19.18125,5.29138068175417));
#6305=CARTESIAN_POINT('',(7.5,-19.18125,4.54333012572865));
#6306=CARTESIAN_POINT('',(7.17249177076654,-19.18125,5.21804366478383));
#6307=CARTESIAN_POINT('',(7.17249177076654,-19.325,5.21804366478383));
#6308=CARTESIAN_POINT('',(7.17249177076654,-19.0375,5.21804366478383));
#6309=CARTESIAN_POINT('',(7.5,-19.0375,4.54333012572865));
#6310=CARTESIAN_POINT('',(7.48014307035045,-19.0375,5.29306721454372));
#6311=CARTESIAN_POINT('',(7.5,-19.0464070200429,4.54333012572865));
#6312=CARTESIAN_POINT('',(8.24942264657367,-19.325,3.34430355098575));
#6313=CARTESIAN_POINT('',(8.11789523632363,-19.325,4.64631880397851));
#6314=CARTESIAN_POINT('',(8.11789523632363,-19.325,4.44935950836044));
#6315=CARTESIAN_POINT('',(8.11789523632363,-19.325,4.63730074309686));
#6316=CARTESIAN_POINT('',(7.5,-19.325,4.54333012572865));
#6317=CARTESIAN_POINT('',(7.99289523632363,-19.325,4.92762075274091));
#6318=CARTESIAN_POINT('',(7.99289523632363,-19.325,6.19625040149999));
#6319=CARTESIAN_POINT('',(7.99289523632363,-19.325,4.1590394987164));
#6320=CARTESIAN_POINT('',(7.5,-19.325,4.54333012572865));
#6321=CARTESIAN_POINT('',(7.58269350354509,-19.325,0.946250401499994));
#6322=CARTESIAN_POINT('',(7.514326548082,-19.19921875,0.946250401499994));
#6323=CARTESIAN_POINT('',(7.44595959261891,-19.18125,0.946250401499994));
#6324=CARTESIAN_POINT('',(7.51729902440648,-19.2,0.946250401499994));
#6325=CARTESIAN_POINT('',(7.17249177076654,-19.2,0.946250401499994));
#6326=CARTESIAN_POINT('',(7.17249177076654,-19.2,0.946250401499998));
#6327=CARTESIAN_POINT('',(7.17249177076654,-19.325,0.946250401499998));
#6328=CARTESIAN_POINT('',(7.17249177076654,-19.18125,0.946250401499994));
#6329=CARTESIAN_POINT('',(7.30922568169272,-19.18125,0.946250401499994));
#6330=CARTESIAN_POINT('',(7.58269350354509,-19.325,2.74479026361433));
#6331=CARTESIAN_POINT('',(7.17249177076654,-19.325,2.74479026361433));
#6332=CARTESIAN_POINT('',(7.17249177076654,-19.2,2.74479026361433));
#6333=CARTESIAN_POINT('',(7.17249177076654,-19.18125,2.74479026361433));
#6334=CARTESIAN_POINT('',(7.58269350354509,-19.2,2.74479026361433));
#6335=CARTESIAN_POINT('',(7.51729902440648,-19.2,2.74479026361433));
#6336=CARTESIAN_POINT('',(7.60919870591298,-19.2241538092618,2.74479026361433));
#6337=CARTESIAN_POINT('',(7.44595959261891,-19.18125,2.74479026361433));
#6338=CARTESIAN_POINT('',(7.58269350354509,-19.18125,2.74479026361433));
#6339=CARTESIAN_POINT('',(7.58269350354509,-19.325,2.74479026361433));
#6340=CARTESIAN_POINT('',(7.7297607441796,-19.1282807490981,2.74479026361433));
#6341=CARTESIAN_POINT('',(7.82569344307151,-19.2,2.74479026361433));
#6342=CARTESIAN_POINT('',(7.80061317408369,-19.18125,2.74479026361433));
#6343=CARTESIAN_POINT('',(7.58269350354509,-19.2,2.74479026361433));
#6344=CARTESIAN_POINT('',(7.99289523632363,-19.2,2.74479026361433));
#6345=CARTESIAN_POINT('',(7.99289523632363,-19.325,2.74479026361433));
#6346=CARTESIAN_POINT('',(7.99289523632363,-18.875,2.74479026361433));
#6347=CARTESIAN_POINT('',(7.5,-18.875,2.74479026361433));
#6348=CARTESIAN_POINT('',(7.5,-18.875,2.74479026361433));
#6349=CARTESIAN_POINT('',(7.5,-19.325,2.74479026361433));
#6350=CARTESIAN_POINT('',(7.5,-18.75,2.74479026361433));
#6351=CARTESIAN_POINT('',(7.58269350354509,-18.75,2.74479026361433));
#6352=CARTESIAN_POINT('',(7.17249177076654,-18.75,2.74479026361433));
#6353=CARTESIAN_POINT('',(7.17249177076654,-19.325,2.74479026361433));
#6354=CARTESIAN_POINT('',(7.17249177076654,-19.0375,2.74479026361433));
#6355=CARTESIAN_POINT('',(7.58269350354509,-19.0375,2.74479026361433));
#6356=CARTESIAN_POINT('',(7.48014307035045,-19.0375,2.74479026361433));
#6357=CARTESIAN_POINT('',(7.67287553595151,-19.1239520328336,2.74479026361433));
#6358=CARTESIAN_POINT('',(7.5,0.825,4.54333012572865));
#6359=CARTESIAN_POINT('',(7.5,0.695453332056424,4.54333012572865));
#6360=CARTESIAN_POINT('',(7.51729902440648,0.7,5.29313059502337));
#6361=CARTESIAN_POINT('',(7.44595959261891,0.68125,5.29138068175417));
#6362=CARTESIAN_POINT('',(7.5,0.7,4.54333012572865));
#6363=CARTESIAN_POINT('',(7.51729902440648,0.7,3.79352965643393));
#6364=CARTESIAN_POINT('',(7.5,0.695453332056424,4.54333012572865));
#6365=CARTESIAN_POINT('',(7.44595959261891,0.68125,3.79527956970313));
#6366=CARTESIAN_POINT('',(7.5,0.68125,4.54333012572865));
#6367=CARTESIAN_POINT('',(7.17249177076654,0.68125,3.86861658667347));
#6368=CARTESIAN_POINT('',(7.17249177076654,0.825,3.86861658667347));
#6369=CARTESIAN_POINT('',(7.17249177076654,0.5375,3.86861658667347));
#6370=CARTESIAN_POINT('',(7.5,0.5375,4.54333012572865));
#6371=CARTESIAN_POINT('',(7.48014307035045,0.5375,3.79359303691358));
#6372=CARTESIAN_POINT('',(7.5,0.546407020042964,4.54333012572865));
#6373=CARTESIAN_POINT('',(7.80061317408369,0.68125,3.85621170830169));
#6374=CARTESIAN_POINT('',(7.5,0.456511700071606,4.54333012572865));
#6375=CARTESIAN_POINT('',(7.82569344307151,0.7,3.86773869509899));
#6376=CARTESIAN_POINT('',(7.5,0.7,4.54333012572865));
#6377=CARTESIAN_POINT('',(8.24289523632363,0.7,4.44034144747879));
#6378=CARTESIAN_POINT('',(8.24289523632363,0.825,4.44034144747879));
#6379=CARTESIAN_POINT('',(8.24289523632363,0.375,4.44034144747879));
#6380=CARTESIAN_POINT('',(7.5,0.375,4.54333012572865));
#6381=CARTESIAN_POINT('',(7.5,0.375,3.79333012572865));
#6382=CARTESIAN_POINT('',(7.5,0.375,3.79333012572865));
#6383=CARTESIAN_POINT('',(7.5,0.25,3.79333012572865));
#6384=CARTESIAN_POINT('',(7.5,0.25,4.54333012572865));
#6385=CARTESIAN_POINT('',(7.5,0.25,5.29333012572865));
#6386=CARTESIAN_POINT('',(7.5,0.25,5.29333012572865));
#6387=CARTESIAN_POINT('',(7.5,0.375,5.29333012572865));
#6388=CARTESIAN_POINT('',(7.5,0.375,4.54333012572865));
#6389=CARTESIAN_POINT('',(8.24289523632363,0.375,4.64631880397851));
#6390=CARTESIAN_POINT('',(8.24289523632363,0.825,4.64631880397851));
#6391=CARTESIAN_POINT('',(8.24289523632363,0.7,4.64631880397851));
#6392=CARTESIAN_POINT('',(7.5,0.7,4.54333012572865));
#6393=CARTESIAN_POINT('',(7.82569344307151,0.7,5.21892155635831));
#6394=CARTESIAN_POINT('',(7.5,0.456511700071606,4.54333012572865));
#6395=CARTESIAN_POINT('',(7.80061317408369,0.68125,5.23044854315561));
#6396=CARTESIAN_POINT('',(7.5,0.546407020042964,4.54333012572865));
#6397=CARTESIAN_POINT('',(7.48014307035045,0.5375,5.29306721454372));
#6398=CARTESIAN_POINT('',(7.5,0.5375,4.54333012572865));
#6399=CARTESIAN_POINT('',(7.17249177076654,0.5375,5.21804366478383));
#6400=CARTESIAN_POINT('',(7.17249177076654,0.825,5.21804366478383));
#6401=CARTESIAN_POINT('',(7.17249177076654,0.68125,5.21804366478383));
#6402=CARTESIAN_POINT('',(7.5,0.68125,4.54333012572865));
#6403=CARTESIAN_POINT('',(8.24942264657367,0.825,3.34430355098575));
#6404=CARTESIAN_POINT('',(7.99289523632363,0.825,6.19625040149999));
#6405=CARTESIAN_POINT('',(7.99289523632363,0.825,4.92762075274091));
#6406=CARTESIAN_POINT('',(7.99289523632363,0.825,4.1590394987164));
#6407=CARTESIAN_POINT('',(7.5,0.825,4.54333012572865));
#6408=CARTESIAN_POINT('',(8.11789523632363,0.825,4.63730074309686));
#6409=CARTESIAN_POINT('',(8.11789523632363,0.825,4.44034144747879));
#6410=CARTESIAN_POINT('',(8.11789523632363,0.825,4.44935950836044));
#6411=CARTESIAN_POINT('',(7.5,0.825,4.54333012572865));
#6412=CARTESIAN_POINT('',(7.58269350354509,0.825,0.946250401499994));
#6413=CARTESIAN_POINT('',(7.89675420520366,0.753125,0.946250401499994));
#6414=CARTESIAN_POINT('',(7.80061317408369,0.68125,0.946250401499994));
#6415=CARTESIAN_POINT('',(7.82569344307151,0.7,0.946250401499994));
#6416=CARTESIAN_POINT('',(8.24289523632363,0.7,0.946250401499994));
#6417=CARTESIAN_POINT('',(7.99289523632363,0.7,0.946250401499994));
#6418=CARTESIAN_POINT('',(7.99289523632363,0.825,0.946250401499994));
#6419=CARTESIAN_POINT('',(7.99289523632363,0.369650215311476,0.946250401499994));
#6420=CARTESIAN_POINT('',(7.58269350354509,0.369650215311476,0.946250401499994));
#6421=CARTESIAN_POINT('',(7.5,0.369650215311476,0.946250401499994));
#6422=CARTESIAN_POINT('',(7.5,0.825,0.946250401499994));
#6423=CARTESIAN_POINT('',(7.5,0.25,0.94625040149999));
#6424=CARTESIAN_POINT('',(7.58269350354509,0.25,0.946250401499994));
#6425=CARTESIAN_POINT('',(7.17249177076654,0.25,0.946250401499998));
#6426=CARTESIAN_POINT('',(7.17249177076654,0.825,0.946250401499998));
#6427=CARTESIAN_POINT('',(7.17249177076654,0.5375,0.946250401499996));
#6428=CARTESIAN_POINT('',(7.42886785375313,0.5375,0.946250401499994));
#6429=CARTESIAN_POINT('',(7.48014307035045,0.5375,0.946250401499994));
#6430=CARTESIAN_POINT('',(7.64037812221707,0.609375,0.946250401499994));
#6431=CARTESIAN_POINT('',(7.58269350354509,0.825,2.74479026361433));
#6432=CARTESIAN_POINT('',(7.99289523632363,0.825,2.74479026361433));
#6433=CARTESIAN_POINT('',(7.99289523632363,0.7,2.74479026361433));
#6434=CARTESIAN_POINT('',(7.99289523632363,0.375,2.74479026361433));
#6435=CARTESIAN_POINT('',(7.58269350354509,0.7,2.74479026361433));
#6436=CARTESIAN_POINT('',(7.82569344307151,0.7,2.74479026361433));
#6437=CARTESIAN_POINT('',(7.7297607441796,0.628280749098147,2.74479026361433));
#6438=CARTESIAN_POINT('',(7.80061317408369,0.68125,2.74479026361433));
#6439=CARTESIAN_POINT('',(7.67287553595151,0.623952032833661,2.74479026361433));
#6440=CARTESIAN_POINT('',(7.48014307035045,0.5375,2.74479026361433));
#6441=CARTESIAN_POINT('',(7.58269350354509,0.5375,2.74479026361433));
#6442=CARTESIAN_POINT('',(7.17249177076654,0.5375,2.74479026361433));
#6443=CARTESIAN_POINT('',(7.17249177076654,0.825,2.74479026361433));
#6444=CARTESIAN_POINT('',(7.17249177076654,0.25,2.74479026361433));
#6445=CARTESIAN_POINT('',(7.58269350354509,0.25,2.74479026361433));
#6446=CARTESIAN_POINT('',(7.5,0.25,2.74479026361433));
#6447=CARTESIAN_POINT('',(7.5,0.,2.74479026361433));
#6448=CARTESIAN_POINT('',(7.5,0.375,2.74479026361433));
#6449=CARTESIAN_POINT('',(7.99289523632363,0.375,2.74479026361433));
#6450=CARTESIAN_POINT('',(12.3204313395545,-18.75,4.10868086277372));
#6451=CARTESIAN_POINT('',(9.24512102301113,-18.75,5.0548567004715));
#6452=CARTESIAN_POINT('',(9.24512102301113,-18.75,4.67985670047152));
#6453=CARTESIAN_POINT('',(9.24512102301112,-18.75,2.32552033255716));
#6454=CARTESIAN_POINT('',(9.32387102301112,-18.75,2.32552033255716));
#6455=CARTESIAN_POINT('',(9.16637102301112,-18.75,2.32552033255716));
#6456=CARTESIAN_POINT('',(9.32387102301112,-18.75,2.27552033255716));
#6457=CARTESIAN_POINT('',(9.37387102301112,-18.75,2.27552033255716));
#6458=CARTESIAN_POINT('',(9.37387102301112,-18.75,1.90802033255716));
#6459=CARTESIAN_POINT('',(9.37387102301112,-18.75,1.54052033255716));
#6460=CARTESIAN_POINT('',(9.32387102301112,-18.75,1.54052033255716));
#6461=CARTESIAN_POINT('',(9.32387102301112,-18.75,1.49052033255716));
#6462=CARTESIAN_POINT('',(9.24512102301112,-18.75,1.49052033255716));
#6463=CARTESIAN_POINT('',(9.16637102301112,-18.75,1.49052033255716));
#6464=CARTESIAN_POINT('',(9.16637102301112,-18.75,1.54052033255716));
#6465=CARTESIAN_POINT('',(9.11637102301112,-18.75,1.54052033255716));
#6466=CARTESIAN_POINT('',(9.11637102301112,-18.75,1.90802033255716));
#6467=CARTESIAN_POINT('',(9.11637102301112,-18.75,2.27552033255716));
#6468=CARTESIAN_POINT('',(9.16637102301112,-18.75,2.27552033255716));
#6469=CARTESIAN_POINT('',(9.42012102301112,-18.75,2.95485670047151));
#6470=CARTESIAN_POINT('',(9.42012102301112,-18.75,2.90485670047151));
#6471=CARTESIAN_POINT('',(9.47012102301112,-18.75,2.95485670047151));
#6472=CARTESIAN_POINT('',(9.24512102301112,-18.75,2.90485670047151));
#6473=CARTESIAN_POINT('',(9.07012102301112,-18.75,2.90485670047151));
#6474=CARTESIAN_POINT('',(9.07012102301112,-18.75,2.95485670047151));
#6475=CARTESIAN_POINT('',(9.02012102301112,-18.75,2.95485670047151));
#6476=CARTESIAN_POINT('',(9.02012102301112,-18.75,3.79958012572863));
#6477=CARTESIAN_POINT('',(9.02012102301112,-18.75,4.25485670047151));
#6478=CARTESIAN_POINT('',(9.07012102301112,-18.75,4.25485670047152));
#6479=CARTESIAN_POINT('',(9.07012102301112,-18.75,4.30485670047151));
#6480=CARTESIAN_POINT('',(9.24512102301112,-18.75,4.30485670047151));
#6481=CARTESIAN_POINT('',(9.42012102301112,-18.75,4.30485670047151));
#6482=CARTESIAN_POINT('',(9.42012102301112,-18.75,4.25485670047151));
#6483=CARTESIAN_POINT('',(9.47012102301112,-18.75,4.25485670047151));
#6484=CARTESIAN_POINT('',(9.47012102301112,-18.75,3.79958012572863));
#6485=CARTESIAN_POINT('',(8.36789523632363,-18.75,1.1962504015));
#6486=CARTESIAN_POINT('',(8.36789523632363,-18.75,2.49479026361433));
#6487=CARTESIAN_POINT('',(8.36789523632363,-18.75,1.1962504015));
#6488=CARTESIAN_POINT('',(7.99289523632363,-18.75,1.1962504015));
#6489=CARTESIAN_POINT('',(10.1408069311142,-18.75,0.946250401499994));
#6490=CARTESIAN_POINT('',(10.1408069311142,-18.75,0.946250401499994));
#6491=CARTESIAN_POINT('',(10.1408069311142,-18.75,0.946250401499995));
#6492=CARTESIAN_POINT('',(10.1408069311142,-18.75,2.54427717124492));
#6493=CARTESIAN_POINT('',(10.1408069311142,-18.75,4.14230394098984));
#6494=CARTESIAN_POINT('',(10.1408069311142,-18.75,5.74033071073476));
#6495=CARTESIAN_POINT('',(10.1408069311142,-18.75,5.74235670047151));
#6496=CARTESIAN_POINT('',(10.1408069311142,-18.75,5.74235670047151));
#6497=CARTESIAN_POINT('',(7.5,-18.75,5.74235670047154));
#6498=CARTESIAN_POINT('',(7.5,-18.75,4.10868086277372));
#6499=CARTESIAN_POINT('',(7.5,-18.75,5.41833012572865));
#6500=CARTESIAN_POINT('',(7.5,-18.75,4.54333012572865));
#6501=CARTESIAN_POINT('',(8.36789523632363,-18.75,4.65460841995973));
#6502=CARTESIAN_POINT('',(8.36789523632363,-18.75,4.10868086277372));
#6503=CARTESIAN_POINT('',(8.3678952363235,-18.75,4.43205183149757));
#6504=CARTESIAN_POINT('',(7.5,-18.75,4.54333012572865));
#6505=CARTESIAN_POINT('',(7.5,-18.75,3.66833012572865));
#6506=CARTESIAN_POINT('',(7.5,-18.75,4.10868086277372));
#6507=CARTESIAN_POINT('',(7.5,-18.75,2.86979026361433));
#6508=CARTESIAN_POINT('',(7.99289523632363,-18.75,2.86979026361433));
#6509=CARTESIAN_POINT('',(7.99289523632363,-18.75,2.86979026361433));
#6510=CARTESIAN_POINT('',(7.99289523632363,-18.75,2.49479026361433));
#6511=CARTESIAN_POINT('',(8.5,-9.25,3.85241159141906));
#6512=CARTESIAN_POINT('',(8.5,-10.9652187105995,5.29742128127178));
#6513=CARTESIAN_POINT('',(8.5,-10.9652187105995,6.66998453937075));
#6514=CARTESIAN_POINT('',(8.5,-10.9652187105995,6.6408580231728));
#6515=CARTESIAN_POINT('',(8.5,-12.1962187105995,6.6408580231728));
#6516=CARTESIAN_POINT('',(8.5,-16.3892187105995,6.6408580231728));
#6517=CARTESIAN_POINT('',(8.5,-16.3892187105995,6.65542128127177));
#6518=CARTESIAN_POINT('',(8.5,-16.3892187105995,6.66998453937075));
#6519=CARTESIAN_POINT('',(8.5,-15.1582187105995,6.66998453937075));
#6520=CARTESIAN_POINT('',(8.5,-13.9272187105995,6.66998453937075));
#6521=CARTESIAN_POINT('',(8.5,-13.9272187105995,8.23244643924992));
#6522=CARTESIAN_POINT('',(8.5,-13.9272187105995,9.79177666672753));
#6523=CARTESIAN_POINT('',(8.5,-13.1082915393437,0.51343082782493));
#6524=CARTESIAN_POINT('',(8.5,-13.8909271028453,9.79490833912908));
#6525=CARTESIAN_POINT('',(8.5,-13.7365169420157,9.80534799154469));
#6526=CARTESIAN_POINT('',(8.5,-13.5821067811866,9.81578764396027));
#6527=CARTESIAN_POINT('',(8.5,-9.25,-65.0355107689179));
#6528=CARTESIAN_POINT('',(8.5,-13.4272187105995,9.82459120203294));
#6529=CARTESIAN_POINT('',(8.5,-13.4272187105995,8.23244643924992));
#6530=CARTESIAN_POINT('',(8.5,-13.4272187105995,6.66998453937075));
#6531=CARTESIAN_POINT('',(8.5,-12.1962187105995,6.66998453937075));
#6532=CARTESIAN_POINT('',(8.5,-9.25,3.85241159141906));
#6533=CARTESIAN_POINT('',(8.5,-17.2196093505161,3.95398453937075));
#6534=CARTESIAN_POINT('',(8.5,-18.5,3.95398453937075));
#6535=CARTESIAN_POINT('',(8.5,-16.3892187105995,3.95398453937075));
#6536=CARTESIAN_POINT('',(8.5,-16.3892187105995,5.29742128127178));
#6537=CARTESIAN_POINT('',(8.5,-16.3892187105995,3.45398453937075));
#6538=CARTESIAN_POINT('',(8.5,-17.2196093505161,3.45398453937075));
#6539=CARTESIAN_POINT('',(8.5,-18.5,3.45398453937075));
#6540=CARTESIAN_POINT('',(8.5,-18.5,4.10868086277372));
#6541=CARTESIAN_POINT('',(8.5,-9.25,3.85241159141906));
#6542=CARTESIAN_POINT('',(8.5,-15.1582589569231,0.767352252031587));
#6543=CARTESIAN_POINT('',(8.5,-10.9652187105995,0.767352252031587));
#6544=CARTESIAN_POINT('',(8.5,-16.3892187105995,0.767352252031587));
#6545=CARTESIAN_POINT('',(8.5,-10.9652187105995,2.11066839570117));
#6546=CARTESIAN_POINT('',(8.5,-10.9652187105995,0.737984539370752));
#6547=CARTESIAN_POINT('',(8.5,-12.1962593592944,0.737984539370752));
#6548=CARTESIAN_POINT('',(8.5,-13.4273000079893,0.737984539370752));
#6549=CARTESIAN_POINT('',(8.5,-13.4273356740176,-0.563282671194502));
#6550=CARTESIAN_POINT('',(8.5,-13.4273713400458,-1.86454988175976));
#6551=CARTESIAN_POINT('',(8.5,-13.9112916077544,2.49609124165289));
#6552=CARTESIAN_POINT('',(8.5,-13.8750006199475,-1.89124419023485));
#6553=CARTESIAN_POINT('',(8.5,-18.5,-1.89131913722628));
#6554=CARTESIAN_POINT('',(8.5,-13.9273720739438,-1.89131913722628));
#6555=CARTESIAN_POINT('',(8.5,-13.9273360410605,-0.576667298927764));
#6556=CARTESIAN_POINT('',(8.5,-13.9273000081771,0.737984539370752));
#6557=CARTESIAN_POINT('',(8.5,-15.1582593593883,0.737984539370752));
#6558=CARTESIAN_POINT('',(8.5,-16.3892187105995,0.737984539370751));
#6559=CARTESIAN_POINT('',(8.5,-16.3892187105995,2.11066839570117));
#6560=CARTESIAN_POINT('',(8.5,-9.25,3.85241159141906));
#6561=CARTESIAN_POINT('',(8.5,-2.1470728971549,5.29730068304034));
#6562=CARTESIAN_POINT('',(8.5,-2.1470728971549,3.95398453937075));
#6563=CARTESIAN_POINT('',(8.5,-2.1470728971549,3.45398453937075));
#6564=CARTESIAN_POINT('',(8.5,-1.29853644379375,3.95398453937075));
#6565=CARTESIAN_POINT('',(8.5,0.,3.95398453937075));
#6566=CARTESIAN_POINT('',(8.5,0.,4.10868086277372));
#6567=CARTESIAN_POINT('',(8.5,0.,3.45398453937075));
#6568=CARTESIAN_POINT('',(8.5,-1.29853644379375,3.45398453937075));
#6569=CARTESIAN_POINT('',(8.5,-9.25,3.85241159141906));
#6570=CARTESIAN_POINT('',(8.5,-10.9652187105995,5.29742128127178));
#6571=CARTESIAN_POINT('',(8.5,-10.9652187105995,3.95398453937075));
#6572=CARTESIAN_POINT('',(8.5,-10.9652187105995,3.45398453937075));
#6573=CARTESIAN_POINT('',(8.5,-8.41960935051605,3.95398453937075));
#6574=CARTESIAN_POINT('',(8.5,-7.5710728971549,3.95398453937075));
#6575=CARTESIAN_POINT('',(8.5,-7.5710728971549,3.82900312246187));
#6576=CARTESIAN_POINT('',(8.5,-7.5710728971549,3.45398453937075));
#6577=CARTESIAN_POINT('',(8.5,-10.1166822572383,3.45398453937075));
#6578=CARTESIAN_POINT('',(8.5,-9.25,3.85241159141906));
#6579=CARTESIAN_POINT('',(8.5,-7.5710728971549,2.11066839570117));
#6580=CARTESIAN_POINT('',(8.5,-7.5710728971549,0.767352252031586));
#6581=CARTESIAN_POINT('',(8.5,-7.5710728971549,0.737984539370751));
#6582=CARTESIAN_POINT('',(8.5,-6.34011314182235,0.767352252031586));
#6583=CARTESIAN_POINT('',(8.5,-2.1470728971549,0.767352252031586));
#6584=CARTESIAN_POINT('',(8.5,-2.1470728971549,2.11066839570117));
#6585=CARTESIAN_POINT('',(8.5,-2.1470728971549,0.737984539370752));
#6586=CARTESIAN_POINT('',(8.5,-3.37811354419369,0.737984539370752));
#6587=CARTESIAN_POINT('',(8.5,-4.60915419123248,0.737984539370752));
#6588=CARTESIAN_POINT('',(8.5,-4.60919022411582,-0.576667298927764));
#6589=CARTESIAN_POINT('',(8.5,-4.60922625699916,-1.89131913722628));
#6590=CARTESIAN_POINT('',(8.5,-18.5,-1.89131913722628));
#6591=CARTESIAN_POINT('',(8.5,-4.625,-1.89131913722628));
#6592=CARTESIAN_POINT('',(8.5,-4.625,2.49609124165285));
#6593=CARTESIAN_POINT('',(8.5,-5.10922552254799,-1.86451599541969));
#6594=CARTESIAN_POINT('',(8.5,-5.10918985698414,-0.563265728024471));
#6595=CARTESIAN_POINT('',(8.5,-5.10915419142029,0.737984539370752));
#6596=CARTESIAN_POINT('',(8.5,-6.3401135442876,0.737984539370752));
#6597=CARTESIAN_POINT('',(12.3204313395545,-13.7365169420157,9.80534799154469));
#6598=CARTESIAN_POINT('',(12.3204313395545,-13.8909271028453,9.79490833912908));
#6599=CARTESIAN_POINT('',(7.5,-13.8909271028453,9.79490833912908));
#6600=CARTESIAN_POINT('',(7.5,-13.7365169420157,9.80534799154469));
#6601=CARTESIAN_POINT('',(7.5,-13.5821067811866,9.81578764396027));
#6602=CARTESIAN_POINT('',(12.3204313395545,-13.5821067811866,9.81578764396027));
#6603=CARTESIAN_POINT('',(12.3204313395545,-9.25,-65.0355107689179));
#6604=CARTESIAN_POINT('',(12.3204313395545,-4.91789321881345,9.81578764396027));
#6605=CARTESIAN_POINT('',(8.5,-4.91789321881345,9.81578764396027));
#6606=CARTESIAN_POINT('',(7.5,-4.91789321881345,9.81578764396027));
#6607=CARTESIAN_POINT('',(8.5,-9.25,-65.0355107689179));
#6608=CARTESIAN_POINT('',(8.5,-5.10907289715491,9.82660746177514));
#6609=CARTESIAN_POINT('',(8.75,-5.10907289715491,9.82660746177514));
#6610=CARTESIAN_POINT('',(8.75,-5.10907289715491,9.82660746177514));
#6611=CARTESIAN_POINT('',(8.75,-9.25,-65.0355107689179));
#6612=CARTESIAN_POINT('',(8.75,-4.91789321881345,9.81578764396027));
#6613=CARTESIAN_POINT('',(12.3204313395545,-4.91789321881345,9.81578764396027));
#6614=CARTESIAN_POINT('',(10.75,-4.91789321881345,9.81578764396027));
#6615=CARTESIAN_POINT('',(10.75,-9.25,-65.0355107689179));
#6616=CARTESIAN_POINT('',(10.75,-13.5821067811866,9.81578764396027));
#6617=CARTESIAN_POINT('',(12.3204313395545,-13.5821067811866,9.81578764396027));
#6618=CARTESIAN_POINT('',(8.75,-13.5821067811866,9.81578764396027));
#6619=CARTESIAN_POINT('',(8.75,-9.25,-65.0355107689179));
#6620=CARTESIAN_POINT('',(8.75,-13.4272187105995,9.82459120203294));
#6621=CARTESIAN_POINT('',(8.75,-13.4272187105995,9.82459120203294));
#6622=CARTESIAN_POINT('',(7.5,-9.25,-65.0355107689179));
#6623=CARTESIAN_POINT('',(12.3204313395545,-4.7634830579844,9.8053479915447));
#6624=CARTESIAN_POINT('',(8.75,-4.7634830579844,9.8053479915447));
#6625=CARTESIAN_POINT('',(8.75,-4.60907289715491,9.7949083391291));
#6626=CARTESIAN_POINT('',(12.3204313395545,-4.60907289715491,9.7949083391291));
#6627=CARTESIAN_POINT('',(10.75,-4.60907289715491,9.7949083391291));
#6628=CARTESIAN_POINT('',(10.75,-4.7634830579844,9.8053479915447));
#6629=CARTESIAN_POINT('',(12.3204313395545,-18.5,-1.89131913722628));
#6630=CARTESIAN_POINT('',(12.3204313395545,-4.625,-1.89131913722628));
#6631=CARTESIAN_POINT('',(7.5,-4.625,-1.89131913722628));
#6632=CARTESIAN_POINT('',(8.75,-4.60922625699916,-1.89131913722628));
#6633=CARTESIAN_POINT('',(8.75,-4.60922625699916,-1.89131913722628));
#6634=CARTESIAN_POINT('',(8.75,-18.5,-1.89131913722628));
#6635=CARTESIAN_POINT('',(8.75,-4.625,-1.89131913722628));
#6636=CARTESIAN_POINT('',(12.3204313395545,-4.625,-1.89131913722628));
#6637=CARTESIAN_POINT('',(10.75,-4.625,-1.89131913722628));
#6638=CARTESIAN_POINT('',(10.75,-18.5,-1.89131913722628));
#6639=CARTESIAN_POINT('',(10.75,-2.3125,-1.89131913722628));
#6640=CARTESIAN_POINT('',(12.3204313395545,-2.3125,-1.89131913722628));
#6641=CARTESIAN_POINT('',(7.5,-2.3125,-1.89131913722628));
#6642=CARTESIAN_POINT('',(7.5,-18.5,-1.89131913722628));
#6643=CARTESIAN_POINT('',(12.3204313395545,-18.5,-1.89131913722628));
#6644=CARTESIAN_POINT('',(12.3204313395545,-13.875,-1.89131913722628));
#6645=CARTESIAN_POINT('',(10.75,-13.875,-1.89131913722628));
#6646=CARTESIAN_POINT('',(8.75,-13.8750009279913,-1.89124419277982));
#6647=CARTESIAN_POINT('',(8.75,-18.5,-1.89131913722628));
#6648=CARTESIAN_POINT('',(8.75,-13.9273720739438,-1.89131913722628));
#6649=CARTESIAN_POINT('',(8.75,-13.9273720739438,-1.89131913722628));
#6650=CARTESIAN_POINT('',(12.3204313395545,-13.875,-1.89131913722628));
#6651=CARTESIAN_POINT('',(7.5,-13.875,-1.89131913722628));
#6652=CARTESIAN_POINT('',(7.5,-18.5,-1.89131913722628));
#6653=CARTESIAN_POINT('',(7.5,-16.1875,-1.89131913722628));
#6654=CARTESIAN_POINT('',(12.3204313395545,-16.1875,-1.89131913722628));
#6655=CARTESIAN_POINT('',(10.75,-16.1875,-1.89131913722628));
#6656=CARTESIAN_POINT('',(10.75,-18.5,-1.89131913722628));
#6657=CARTESIAN_POINT('',(12.3204313395545,-13.1082915393437,0.51343082782493));
#6658=CARTESIAN_POINT('',(8.75,-13.9272187105995,9.79177666672753));
#6659=CARTESIAN_POINT('',(8.75,-13.9272187105995,9.79177666672753));
#6660=CARTESIAN_POINT('',(8.75,-13.1082915393437,0.51343082782493));
#6661=CARTESIAN_POINT('',(8.75,-13.8909271028453,9.79490833912908));
#6662=CARTESIAN_POINT('',(12.3204313395545,-13.8909271028453,9.79490833912908));
#6663=CARTESIAN_POINT('',(10.75,-13.8909271028453,9.79490833912908));
#6664=CARTESIAN_POINT('',(10.75,-13.1082915393437,0.51343082782493));
#6665=CARTESIAN_POINT('',(10.75,-16.1627383741631,9.31278863117422));
#6666=CARTESIAN_POINT('',(12.3204313395545,-16.1627383741631,9.31278863117422));
#6667=CARTESIAN_POINT('',(7.5,-16.1627383741631,9.31278863117422));
#6668=CARTESIAN_POINT('',(7.5,-13.1082915393437,0.51343082782493));
#6669=CARTESIAN_POINT('',(10.75,0.,0.));
#6670=CARTESIAN_POINT('',(10.75,-5.39170846065629,0.513430827824905));
#6671=CARTESIAN_POINT('',(10.75,-4.59015031317137,10.0441997210032));
#6672=CARTESIAN_POINT('',(10.75,-2.244217727329,9.54511689647199));
#6673=CARTESIAN_POINT('',(10.75,-4.74661908749784,10.0547785560299));
#6674=CARTESIAN_POINT('',(10.75,-4.90223742380565,10.0652998930444));
#6675=CARTESIAN_POINT('',(10.75,-9.25,-65.0355107689179));
#6676=CARTESIAN_POINT('',(10.75,-13.5977625761937,10.0652998930445));
#6677=CARTESIAN_POINT('',(10.75,-13.7533809125022,10.0547785560299));
#6678=CARTESIAN_POINT('',(10.75,-13.9098496868288,10.0441997210032));
#6679=CARTESIAN_POINT('',(10.75,-13.1082915393437,0.51343082782493));
#6680=CARTESIAN_POINT('',(10.75,-16.255782272671,9.545116896472));
#6681=CARTESIAN_POINT('',(10.75,-14.5005416517505,5.67450578675424));
#6682=CARTESIAN_POINT('',(10.75,-18.6347085750219,6.65998224539186));
#6683=CARTESIAN_POINT('',(10.75,-18.6347085750219,6.65998224539186));
#6684=CARTESIAN_POINT('',(10.75,-18.6347085750219,0.167278116341612));
#6685=CARTESIAN_POINT('',(10.75,-15.5010559472133,1.02909086179677));
#6686=CARTESIAN_POINT('',(10.75,-16.2158988936671,-2.14131913722628));
#6687=CARTESIAN_POINT('',(10.75,-18.5,-2.14131913722628));
#6688=CARTESIAN_POINT('',(10.75,-13.875,-2.14131913722628));
#6689=CARTESIAN_POINT('',(10.75,-13.875,2.74650655269878));
#6690=CARTESIAN_POINT('',(10.75,-10.5722535200995,-0.856645631791422));
#6691=CARTESIAN_POINT('',(10.75,-10.5722535200995,-0.856645631791422));
#6692=CARTESIAN_POINT('',(10.75,-10.4847734254631,-0.736649329979096));
#6693=CARTESIAN_POINT('',(10.75,-10.3062270356865,-0.499846892842634));
#6694=CARTESIAN_POINT('',(10.75,-10.0115830948363,-0.164045851783455));
#6695=CARTESIAN_POINT('',(10.75,-9.73636732953395,0.0811760521951568));
#6696=CARTESIAN_POINT('',(10.75,-9.47335677877004,0.22806428406132));
#6697=CARTESIAN_POINT('',(10.75,-9.32556112725783,0.263430827824916));
#6698=CARTESIAN_POINT('',(10.75,-9.25,0.263430827824916));
#6699=CARTESIAN_POINT('',(10.75,-9.25,0.263430827824916));
#6700=CARTESIAN_POINT('',(10.75,-9.25,0.263430827824916));
#6701=CARTESIAN_POINT('',(10.75,-9.17451035945227,0.263430827824916));
#6702=CARTESIAN_POINT('',(10.75,-9.02878221351386,0.228628618961495));
#6703=CARTESIAN_POINT('',(10.75,-8.76717146632207,0.083947461208842));
#6704=CARTESIAN_POINT('',(10.75,-8.48824593898239,-0.16398465111762));
#6705=CARTESIAN_POINT('',(10.75,-8.19438796834185,-0.49917509444073));
#6706=CARTESIAN_POINT('',(10.75,-8.01532036625338,-0.736520676036091));
#6707=CARTESIAN_POINT('',(10.75,-7.92774647989932,-0.856645631793032));
#6708=CARTESIAN_POINT('',(10.75,-7.92774647989932,-0.856645631793031));
#6709=CARTESIAN_POINT('',(10.75,-4.625,2.74650655269878));
#6710=CARTESIAN_POINT('',(10.75,-4.625,-2.14131913722668));
#6711=CARTESIAN_POINT('',(10.75,-18.5,-2.14131913722628));
#6712=CARTESIAN_POINT('',(10.75,-2.2841011063329,-2.14131913722628));
#6713=CARTESIAN_POINT('',(10.75,-2.99894405278666,1.02909086179677));
#6714=CARTESIAN_POINT('',(10.75,0.13472773884682,0.167347801296369));
#6715=CARTESIAN_POINT('',(10.75,0.13472773884682,6.65990184786819));
#6716=CARTESIAN_POINT('',(10.75,0.13472773884682,6.65990184786819));
#6717=CARTESIAN_POINT('',(10.75,-3.99945834824954,5.67450578675424));
#6718=CARTESIAN_POINT('',(10.75,-5.39170846065629,0.513430827824905));
#6719=CARTESIAN_POINT('',(10.75,-2.33726162583693,9.31278863117422));
#6720=CARTESIAN_POINT('',(10.75,-3.99945834824954,5.67450578675424));
#6721=CARTESIAN_POINT('',(10.75,-0.136259552383919,6.71166298970007));
#6722=CARTESIAN_POINT('',(10.75,-0.136259552383919,-30.));
#6723=CARTESIAN_POINT('',(10.75,-0.136259552383919,0.131852069081089));
#6724=CARTESIAN_POINT('',(10.75,-2.99894405278666,1.02909086179677));
#6725=CARTESIAN_POINT('',(10.75,-4.625,2.74650655269878));
#6726=CARTESIAN_POINT('',(10.75,-7.74062282170982,-0.688944154700975));
#6727=CARTESIAN_POINT('',(10.75,-9.25,0.513430827824917));
#6728=CARTESIAN_POINT('',(10.75,-8.74687427390281,0.513430827824917));
#6729=CARTESIAN_POINT('',(10.75,-8.24374854780561,0.00119257559263361));
#6730=CARTESIAN_POINT('',(10.75,-7.74062282170841,-0.688944154702255));
#6731=CARTESIAN_POINT('',(10.75,-9.25,0.513430827824917));
#6732=CARTESIAN_POINT('',(10.75,-10.7593771782904,-0.688944154700677));
#6733=CARTESIAN_POINT('',(10.75,-10.2562514521936,0.00119257559341358));
#6734=CARTESIAN_POINT('',(10.75,-9.75312572609681,0.513430827824916));
#6735=CARTESIAN_POINT('',(10.75,-9.25,0.513430827824916));
#6736=CARTESIAN_POINT('',(10.75,-10.7593771782904,-0.688944154700677));
#6737=CARTESIAN_POINT('',(10.75,-13.875,2.74650655269878));
#6738=CARTESIAN_POINT('',(10.75,-15.5010559472133,1.02909086179677));
#6739=CARTESIAN_POINT('',(10.75,-18.363721283791,0.131790928242324));
#6740=CARTESIAN_POINT('',(10.75,-18.363721283791,-30.));
#6741=CARTESIAN_POINT('',(10.75,-18.363721283791,6.7117343684021));
#6742=CARTESIAN_POINT('',(10.75,-14.5005416517505,5.67450578675424));
#6743=CARTESIAN_POINT('',(10.75,-13.7365169420157,9.80534799154469));
#6744=CARTESIAN_POINT('',(7.5,0.,0.));
#6745=CARTESIAN_POINT('',(7.5,-5.39170846065629,0.513430827824905));
#6746=CARTESIAN_POINT('',(7.5,-4.59015031317137,10.0441997210032));
#6747=CARTESIAN_POINT('',(7.5,-2.244217727329,9.54511689647199));
#6748=CARTESIAN_POINT('',(7.5,-3.99945834824954,5.67450578675424));
#6749=CARTESIAN_POINT('',(7.5,0.25,5.7423567004716));
#6750=CARTESIAN_POINT('',(7.5,0.25,4.10868086277372));
#6751=CARTESIAN_POINT('',(7.5,0.25,5.41833012572865));
#6752=CARTESIAN_POINT('',(7.5,1.125,4.54333012572865));
#6753=CARTESIAN_POINT('',(7.5,0.25,4.10868086277372));
#6754=CARTESIAN_POINT('',(7.5,1.125,4.54333012572865));
#6755=CARTESIAN_POINT('',(7.5,0.25,3.66833012572865));
#6756=CARTESIAN_POINT('',(7.5,0.25,4.10868086277372));
#6757=CARTESIAN_POINT('',(7.5,0.25,2.86979026361433));
#6758=CARTESIAN_POINT('',(7.5,1.55989513180716,1.55989513180716));
#6759=CARTESIAN_POINT('',(7.5,0.25,4.10868086277372));
#6760=CARTESIAN_POINT('',(7.5,-0.29878407005946,0.317787055935821));
#6761=CARTESIAN_POINT('',(7.5,0.244887464641174,0.828948196325801));
#6762=CARTESIAN_POINT('',(7.5,-2.99894405278666,1.02909086179677));
#6763=CARTESIAN_POINT('',(7.5,-2.2841011063329,-2.14131913722628));
#6764=CARTESIAN_POINT('',(7.5,-18.5,-2.14131913722628));
#6765=CARTESIAN_POINT('',(7.5,-4.625,-2.14131913722628));
#6766=CARTESIAN_POINT('',(7.5,-4.625,2.74650655269878));
#6767=CARTESIAN_POINT('',(7.5,-7.92774647989932,-0.856645631793031));
#6768=CARTESIAN_POINT('',(7.5,-9.25,0.263430827824916));
#6769=CARTESIAN_POINT('',(7.5,-9.17451035945227,0.263430827824916));
#6770=CARTESIAN_POINT('',(7.5,-9.02878221351386,0.228628618961497));
#6771=CARTESIAN_POINT('',(7.5,-8.76717146632206,0.0839474612088419));
#6772=CARTESIAN_POINT('',(7.49999999999998,-8.48824593898239,-0.163984651117624));
#6773=CARTESIAN_POINT('',(7.5,-8.19438796834184,-0.499175094440728));
#6774=CARTESIAN_POINT('',(7.5,-8.01532036625338,-0.73652067603609));
#6775=CARTESIAN_POINT('',(7.5,-7.92774647989932,-0.856645631793031));
#6776=CARTESIAN_POINT('',(7.5,-9.25,0.263430827824916));
#6777=CARTESIAN_POINT('',(7.5,-10.5722535200995,-0.856645631791422));
#6778=CARTESIAN_POINT('',(7.5,-10.4847734254631,-0.736649329979096));
#6779=CARTESIAN_POINT('',(7.5,-10.3062270356865,-0.49984689284263));
#6780=CARTESIAN_POINT('',(7.5,-10.0115830948363,-0.164045851783458));
#6781=CARTESIAN_POINT('',(7.5,-9.73636732953395,0.0811760521951575));
#6782=CARTESIAN_POINT('',(7.50000000000001,-9.47335677877004,0.228064284061318));
#6783=CARTESIAN_POINT('',(7.5,-9.32556112725783,0.263430827824916));
#6784=CARTESIAN_POINT('',(7.5,-9.25,0.263430827824916));
#6785=CARTESIAN_POINT('',(7.5,-10.5722535200995,-0.856645631791422));
#6786=CARTESIAN_POINT('',(7.5,-13.875,2.74650655269878));
#6787=CARTESIAN_POINT('',(7.5,-13.875,-2.14131913722628));
#6788=CARTESIAN_POINT('',(7.5,-18.5,-2.14131913722628));
#6789=CARTESIAN_POINT('',(7.5,-16.2158988936671,-2.14131913722628));
#6790=CARTESIAN_POINT('',(7.5,-15.5010559472133,1.02909086179677));
#6791=CARTESIAN_POINT('',(7.5,-18.7448874646412,0.828948196325801));
#6792=CARTESIAN_POINT('',(7.5,-8.38157911283087,-8.91465649366648));
#6793=CARTESIAN_POINT('',(7.5,-18.8696502153115,0.946250401499994));
#6794=CARTESIAN_POINT('',(7.5,0.,0.946250401499994));
#6795=CARTESIAN_POINT('',(7.5,-18.75,0.946250401499999));
#6796=CARTESIAN_POINT('',(7.5,-18.75,4.10868086277372));
#6797=CARTESIAN_POINT('',(7.5,-10.8098951318072,10.8098951318072));
#6798=CARTESIAN_POINT('',(7.5,-19.625,4.54333012572865));
#6799=CARTESIAN_POINT('',(7.5,-18.875,3.91833012572865));
#6800=CARTESIAN_POINT('',(7.5,-18.75,3.91833012572865));
#6801=CARTESIAN_POINT('',(7.5,-18.75,4.10868086277372));
#6802=CARTESIAN_POINT('',(7.5,-18.75,5.16833012572865));
#6803=CARTESIAN_POINT('',(7.5,-18.875,5.16833012572865));
#6804=CARTESIAN_POINT('',(7.5,-19.625,4.54333012572865));
#6805=CARTESIAN_POINT('',(7.5,-14.5005416517505,5.67450578675424));
#6806=CARTESIAN_POINT('',(7.5,-16.255782272671,9.545116896472));
#6807=CARTESIAN_POINT('',(7.5,-13.1082915393437,0.51343082782493));
#6808=CARTESIAN_POINT('',(7.5,-13.9098496868288,10.0441997210032));
#6809=CARTESIAN_POINT('',(7.5,-13.7533809125022,10.0547785560299));
#6810=CARTESIAN_POINT('',(7.5,-13.5977625761937,10.0652998930445));
#6811=CARTESIAN_POINT('',(7.5,-9.25,-65.0355107689179));
#6812=CARTESIAN_POINT('',(7.5,-4.90223742380565,10.0652998930444));
#6813=CARTESIAN_POINT('',(7.5,-4.74661908749784,10.0547785560299));
#6814=CARTESIAN_POINT('',(7.5,-5.39170846065629,0.513430827824905));
#6815=CARTESIAN_POINT('',(7.5,-4.60907289715491,9.7949083391291));
#6816=CARTESIAN_POINT('',(7.5,-2.33726162583693,9.31278863117422));
#6817=CARTESIAN_POINT('',(7.5,-4.7634830579844,9.8053479915447));
#6818=CARTESIAN_POINT('',(7.5,-14.5005416517505,5.67450578675424));
#6819=CARTESIAN_POINT('',(7.5,-18.5,5.74033071073476));
#6820=CARTESIAN_POINT('',(7.5,-18.5,4.10868086277372));
#6821=CARTESIAN_POINT('',(7.5,-18.5,0.949500860819814));
#6822=CARTESIAN_POINT('',(7.5,-15.5010559472133,1.02909086179677));
#6823=CARTESIAN_POINT('',(7.5,-13.875,2.74650655269878));
#6824=CARTESIAN_POINT('',(7.5,-10.7593771782904,-0.688944154700677));
#6825=CARTESIAN_POINT('',(7.5,-10.7593771782904,-0.688944154700677));
#6826=CARTESIAN_POINT('',(7.5,-10.2562514521936,0.00119257559341358));
#6827=CARTESIAN_POINT('',(7.5,-9.75312572609681,0.513430827824916));
#6828=CARTESIAN_POINT('',(7.5,-9.25,0.513430827824916));
#6829=CARTESIAN_POINT('',(7.5,-9.25,0.513430827824917));
#6830=CARTESIAN_POINT('',(7.5,-9.25,0.513430827824917));
#6831=CARTESIAN_POINT('',(7.5,-8.74687427390281,0.513430827824917));
#6832=CARTESIAN_POINT('',(7.5,-8.24374854780561,0.00119257559263361));
#6833=CARTESIAN_POINT('',(7.5,-7.74062282170841,-0.688944154702255));
#6834=CARTESIAN_POINT('',(7.5,-7.74062282170982,-0.688944154700975));
#6835=CARTESIAN_POINT('',(7.5,-4.625,2.74650655269878));
#6836=CARTESIAN_POINT('',(7.5,-2.99894405278666,1.02909086179677));
#6837=CARTESIAN_POINT('',(7.5,0.,0.949500860819814));
#6838=CARTESIAN_POINT('',(7.5,0.,4.10868086277372));
#6839=CARTESIAN_POINT('',(7.5,0.,5.74033071073485));
#6840=CARTESIAN_POINT('',(7.5,-3.99945834824954,5.67450578675424));
#6841=CARTESIAN_POINT('',(10.1251421264867,-17.0000671348556,-30.));
#6842=CARTESIAN_POINT('',(10.1407278354603,-18.7499977293867,5.74249875874565));
#6843=CARTESIAN_POINT('',(10.1615773760676,-18.7498120335236,5.75410446432052));
#6844=CARTESIAN_POINT('',(10.1887350301249,-18.7490395798071,5.79255230585877));
#6845=CARTESIAN_POINT('',(10.2296097231644,-18.7471062428443,5.84837662281842));
#6846=CARTESIAN_POINT('',(10.2681382714982,-18.7443527814567,5.90625201876105));
#6847=CARTESIAN_POINT('',(10.3191942111462,-18.739605857583,5.98345315795473));
#6848=CARTESIAN_POINT('',(10.3820505796478,-18.7316591990963,6.08033327716177));
#6849=CARTESIAN_POINT('',(10.4568277813114,-18.7189048495814,6.19649440064303));
#6850=CARTESIAN_POINT('',(10.5309995984638,-18.7029183780187,6.31256519252576));
#6851=CARTESIAN_POINT('',(10.6291586997216,-18.6772616519339,6.46714339393539));
#6852=CARTESIAN_POINT('',(10.7019226584276,-18.6530866148053,6.58288463081012));
#6853=CARTESIAN_POINT('',(10.75,-18.6347085750219,6.65998224539186));
#6854=CARTESIAN_POINT('',(10.75,-18.6347085750219,0.167278116341612));
#6855=CARTESIAN_POINT('',(10.7024494384946,-18.6528852479096,0.233370639409782));
#6856=CARTESIAN_POINT('',(10.6064864196141,-18.6848216738386,0.365831309474058));
#6857=CARTESIAN_POINT('',(10.4844392327743,-18.7140702435041,0.532127832105038));
#6858=CARTESIAN_POINT('',(10.3854153225644,-18.731155780933,0.665369768170037));
#6859=CARTESIAN_POINT('',(10.3101871603014,-18.7408036595422,0.764716680389317));
#6860=CARTESIAN_POINT('',(10.2462983165489,-18.7462341503775,0.847294823167221));
#6861=CARTESIAN_POINT('',(10.1914489190573,-18.7489722537542,0.909501829113763));
#6862=CARTESIAN_POINT('',(10.160708491174,-18.7498192849808,0.9391717078742));
#6863=CARTESIAN_POINT('',(10.1407705510053,-18.7499973484205,0.94614647366834));
#6864=CARTESIAN_POINT('',(10.1251421264891,-1.49991370131768,-30.));
#6865=CARTESIAN_POINT('',(10.1425213650318,0.25,5.74235670047161));
#6866=CARTESIAN_POINT('',(10.1630284019834,0.249796334706838,5.75511212457511));
#6867=CARTESIAN_POINT('',(10.1896105767139,0.249024036670486,5.79300250924596));
#6868=CARTESIAN_POINT('',(10.2303739024761,0.247079011627787,5.84907450335263));
#6869=CARTESIAN_POINT('',(10.2687467388694,0.244320718631018,5.90681877671931));
#6870=CARTESIAN_POINT('',(10.3196254265596,0.239574834709333,5.98386532689832));
#6871=CARTESIAN_POINT('',(10.3823527602934,0.231632878265021,6.08060340599988));
#6872=CARTESIAN_POINT('',(10.4820592622105,0.214608443056872,6.23556352627264));
#6873=CARTESIAN_POINT('',(10.6051430331559,0.185263598252166,6.42885503164988));
#6874=CARTESIAN_POINT('',(10.7020204686123,0.153068389718814,6.58295444909579));
#6875=CARTESIAN_POINT('',(10.75,0.13472773884682,6.65990184786819));
#6876=CARTESIAN_POINT('',(10.1425213650318,0.25,5.74235670047161));
#6877=CARTESIAN_POINT('',(10.75,0.13472773884682,0.167347801296369));
#6878=CARTESIAN_POINT('',(10.7025176999268,0.152878318126269,0.233351185480035));
#6879=CARTESIAN_POINT('',(10.606695679253,0.184773358111381,0.365631787305822));
#6880=CARTESIAN_POINT('',(10.4848760777407,0.213993789972215,0.531655119094521));
#6881=CARTESIAN_POINT('',(10.3860077907669,0.231083766376505,0.664739915607156));
#6882=CARTESIAN_POINT('',(10.3109334196075,0.240741528729414,0.763973990150405));
#6883=CARTESIAN_POINT('',(10.2471853981343,0.246188317928734,0.846469872257619));
#6884=CARTESIAN_POINT('',(10.192610257338,0.248945543051729,0.908770680036593));
#6885=CARTESIAN_POINT('',(10.162137434266,0.249805183337764,0.938609830287731));
#6886=CARTESIAN_POINT('',(10.1425213650318,0.25,0.946250401500003));
#6887=CARTESIAN_POINT('',(10.1425213650318,0.25,0.946250401500004));
#6888=CARTESIAN_POINT('',(10.1425213650318,0.25,-30.));
#6889=CARTESIAN_POINT('',(12.3204313395545,-9.25,-65.0355107689179));
#6890=CARTESIAN_POINT('',(10.75,-4.90223742380565,10.0652998930444));
#6891=CARTESIAN_POINT('',(10.75,-13.5977625761937,10.0652998930445));
#6892=CARTESIAN_POINT('',(12.3204313395545,-4.74661908749784,10.0547785560299));
#6893=CARTESIAN_POINT('',(10.75,-4.59015031317137,10.0441997210032));
#6894=CARTESIAN_POINT('',(12.3204313395545,-5.39170846065629,0.513430827824905));
#6895=CARTESIAN_POINT('',(10.75,-2.244217727329,9.54511689647199));
#6896=CARTESIAN_POINT('',(12.3204313395545,0.25,4.10868086277372));
#6897=CARTESIAN_POINT('',(9.25520830067771,0.25,4.54333012572871));
#6898=CARTESIAN_POINT('',(9.25520830067771,0.25,5.16833012572871));
#6899=CARTESIAN_POINT('',(8.88270830067771,0.25,2.89277697624291));
#6900=CARTESIAN_POINT('',(8.75520830067771,0.25,2.89277697624291));
#6901=CARTESIAN_POINT('',(8.88270830067771,0.25,3.02027697624291));
#6902=CARTESIAN_POINT('',(8.75520830067771,0.25,2.14527697624291));
#6903=CARTESIAN_POINT('',(8.75520830067771,0.25,1.3977769762429));
#6904=CARTESIAN_POINT('',(8.88270830067771,0.25,1.3977769762429));
#6905=CARTESIAN_POINT('',(8.88270830067771,0.25,1.2702769762429));
#6906=CARTESIAN_POINT('',(9.25520830067771,0.25,1.2702769762429));
#6907=CARTESIAN_POINT('',(9.62770830067771,0.25,1.2702769762429));
#6908=CARTESIAN_POINT('',(9.62770830067771,0.25,1.3977769762429));
#6909=CARTESIAN_POINT('',(9.75520830067771,0.25,1.3977769762429));
#6910=CARTESIAN_POINT('',(9.75520830067771,0.25,2.14527697624291));
#6911=CARTESIAN_POINT('',(9.75520830067771,0.25,2.89277697624291));
#6912=CARTESIAN_POINT('',(9.62770830067771,0.25,2.89277697624291));
#6913=CARTESIAN_POINT('',(9.62770830067771,0.25,3.02027697624291));
#6914=CARTESIAN_POINT('',(9.25520830067771,0.25,3.02027697624291));
#6915=CARTESIAN_POINT('',(10.1425213650318,0.25,0.946250401500002));
#6916=CARTESIAN_POINT('',(7.99289523632363,0.25,1.1962504015));
#6917=CARTESIAN_POINT('',(8.36789523632363,0.25,1.1962504015));
#6918=CARTESIAN_POINT('',(8.36789523632363,0.25,2.49479026361433));
#6919=CARTESIAN_POINT('',(8.36789523632363,0.25,2.49479026361433));
#6920=CARTESIAN_POINT('',(7.99289523632363,0.25,2.49479026361433));
#6921=CARTESIAN_POINT('',(7.99289523632363,0.25,2.86979026361433));
#6922=CARTESIAN_POINT('',(7.5,0.25,2.86979026361433));
#6923=CARTESIAN_POINT('',(7.5,0.25,4.54333012572865));
#6924=CARTESIAN_POINT('',(8.3678952363235,0.25,4.43205183149757));
#6925=CARTESIAN_POINT('',(8.36789523632363,0.25,4.10868086277372));
#6926=CARTESIAN_POINT('',(8.36789523632363,0.25,4.65460841995973));
#6927=CARTESIAN_POINT('',(7.5,0.25,4.54333012572865));
#6928=CARTESIAN_POINT('',(10.1425213650318,0.25,5.74235670047161));
#6929=CARTESIAN_POINT('',(12.3204313395545,-3.99945834824954,5.67450578675424));
#6930=CARTESIAN_POINT('',(12.3204313395545,-2.99894405278666,1.02909086179677));
#6931=CARTESIAN_POINT('',(12.3204313395545,0.244887464641174,0.828948196325801));
#6932=CARTESIAN_POINT('',(7.99289523632363,0.244887464641174,0.828948196325805));
#6933=CARTESIAN_POINT('',(7.99289523632365,0.244887464641176,0.828948196325809));
#6934=CARTESIAN_POINT('',(8.09655933132548,0.244850369655665,0.82834697577717));
#6935=CARTESIAN_POINT('',(8.19958999623072,0.248110261342921,0.872179785552402));
#6936=CARTESIAN_POINT('',(8.26957250251228,0.249998756916527,0.946201662995225));
#6937=CARTESIAN_POINT('',(8.26957250251227,0.249993217106256,0.946226189440141));
#6938=CARTESIAN_POINT('',(8.2812005248636,0.250303044714075,0.959138739720043));
#6939=CARTESIAN_POINT('',(8.21150767729144,0.248444400469751,0.877530040165036));
#6940=CARTESIAN_POINT('',(8.10277036002505,0.244715831594061,0.828319117476693));
#6941=CARTESIAN_POINT('',(7.99289523632363,0.244887464641174,0.828948196325805));
#6942=CARTESIAN_POINT('',(10.75,-2.2841011063329,-2.14131913722628));
#6943=CARTESIAN_POINT('',(12.3204313395545,-18.5,-2.14131913722628));
#6944=CARTESIAN_POINT('',(12.3204313395545,-4.625,-2.14131913722628));
#6945=CARTESIAN_POINT('',(12.3204313395545,-4.625,2.74650655269878));
#6946=CARTESIAN_POINT('',(10.75,-7.92774647989932,-0.856645631793031));
#6947=CARTESIAN_POINT('',(10.75,-9.25,0.263430827824917));
#6948=CARTESIAN_POINT('',(7.5,-9.25,0.263430827824917));
#6949=CARTESIAN_POINT('',(10.75,-9.16581743618038,0.263430827824917));
#6950=CARTESIAN_POINT('',(7.5,-9.16581743618038,0.263430827824917));
#6951=CARTESIAN_POINT('',(10.75,-8.98565710077356,0.221234537290957));
#6952=CARTESIAN_POINT('',(7.5,-8.98565710077356,0.221234537290957));
#6953=CARTESIAN_POINT('',(10.75,-8.65502472392517,-0.000931174203931377));
#6954=CARTESIAN_POINT('',(7.5,-8.65502472392517,-0.000931174203931377));
#6955=CARTESIAN_POINT('',(10.75,-8.35805830445581,-0.306361482868622));
#6956=CARTESIAN_POINT('',(7.5,-8.35805830445581,-0.306361482868622));
#6957=CARTESIAN_POINT('',(10.75,-8.11315623287686,-0.606358498077708));
#6958=CARTESIAN_POINT('',(7.5,-8.11315623287686,-0.606358498077708));
#6959=CARTESIAN_POINT('',(10.75,-7.99125769630132,-0.769527400799855));
#6960=CARTESIAN_POINT('',(7.5,-7.99125769630132,-0.769527400799855));
#6961=CARTESIAN_POINT('',(10.75,-7.92774647989934,-0.856645631793007));
#6962=CARTESIAN_POINT('',(7.5,-7.92774647989934,-0.856645631793007));
#6963=CARTESIAN_POINT('',(12.3204313395545,-9.25,0.263430827824916));
#6964=CARTESIAN_POINT('',(10.75,-10.5722535200995,-0.856645631791434));
#6965=CARTESIAN_POINT('',(7.5,-10.5722535200995,-0.856645631791434));
#6966=CARTESIAN_POINT('',(10.75,-10.5087423036986,-0.76952740079968));
#6967=CARTESIAN_POINT('',(7.50000000000001,-10.5087423036986,-0.76952740079968));
#6968=CARTESIAN_POINT('',(10.75,-10.3868437671218,-0.60635849807601));
#6969=CARTESIAN_POINT('',(7.5,-10.3868437671218,-0.60635849807601));
#6970=CARTESIAN_POINT('',(10.75,-10.1419416955437,-0.306361482868129));
#6971=CARTESIAN_POINT('',(7.50000000000001,-10.1419416955437,-0.306361482868129));
#6972=CARTESIAN_POINT('',(10.75,-9.84497527607426,-0.000931174203437225));
#6973=CARTESIAN_POINT('',(7.5,-9.84497527607426,-0.000931174203437225));
#6974=CARTESIAN_POINT('',(10.75,-9.51434289922627,0.221234537290989));
#6975=CARTESIAN_POINT('',(7.5,-9.51434289922627,0.221234537290989));
#6976=CARTESIAN_POINT('',(10.75,-9.33418256381956,0.263430827824916));
#6977=CARTESIAN_POINT('',(7.5,-9.33418256381956,0.263430827824916));
#6978=CARTESIAN_POINT('',(10.75,-9.25,0.263430827824916));
#6979=CARTESIAN_POINT('',(7.5,-9.25,0.263430827824916));
#6980=CARTESIAN_POINT('',(10.75,-10.5722535200995,-0.856645631791422));
#6981=CARTESIAN_POINT('',(12.3204313395545,-13.875,2.74650655269878));
#6982=CARTESIAN_POINT('',(12.3204313395545,-13.875,-2.14131913722628));
#6983=CARTESIAN_POINT('',(12.3204313395545,-18.5,-2.14131913722628));
#6984=CARTESIAN_POINT('',(10.75,-16.2158988936671,-2.14131913722628));
#6985=CARTESIAN_POINT('',(12.3204313395545,-15.5010559472133,1.02909086179677));
#6986=CARTESIAN_POINT('',(8.28120052486359,-18.7503030447141,0.959138739720034));
#6987=CARTESIAN_POINT('',(8.21150767729144,-18.7484444004698,0.877530040165036));
#6988=CARTESIAN_POINT('',(8.10277036002504,-18.744715831594,0.828319117476687));
#6989=CARTESIAN_POINT('',(7.99289523632363,-18.7448874646412,0.828948196325803));
#6990=CARTESIAN_POINT('',(8.26957250251227,-18.7499932171062,0.946226189440134));
#6991=CARTESIAN_POINT('',(8.26957250251228,-18.7499987569165,0.946201662995231));
#6992=CARTESIAN_POINT('',(8.19960525411125,-18.7481106730807,0.872195924113617));
#6993=CARTESIAN_POINT('',(8.09658181585953,-18.7448503616098,0.828346845373615));
#6994=CARTESIAN_POINT('',(7.99289523632365,-18.7448874646412,0.828948196325813));
#6995=CARTESIAN_POINT('',(7.99289523632363,-18.7448874646412,0.828948196325801));
#6996=CARTESIAN_POINT('',(12.3204313395545,-18.7448874646412,0.828948196325801));
#6997=CARTESIAN_POINT('',(12.3204313395545,-14.5005416517505,5.67450578675424));
#6998=CARTESIAN_POINT('',(10.75,-16.255782272671,9.545116896472));
#6999=CARTESIAN_POINT('',(12.3204313395545,-13.1082915393437,0.51343082782493));
#7000=CARTESIAN_POINT('',(10.75,-13.9098496868288,10.0441997210032));
#7001=CARTESIAN_POINT('',(12.3204313395545,-13.7533809125022,10.0547785560299));
#7002=CARTESIAN_POINT('',(10.1251421264867,-17.0000671348556,-30.));
#7003=CARTESIAN_POINT('',(10.75,-18.363721283791,0.13179092824229));
#7004=CARTESIAN_POINT('',(10.7030277086711,-18.3852450741866,0.200458501227902));
#7005=CARTESIAN_POINT('',(10.6075677112303,-18.4231197649118,0.338584955943229));
#7006=CARTESIAN_POINT('',(10.485227157954,-18.4577472395486,0.512688546594086));
#7007=CARTESIAN_POINT('',(10.385920253839,-18.4778766066914,0.651940646380656));
#7008=CARTESIAN_POINT('',(10.3230060500269,-18.4873479770058,0.738982222262094));
#7009=CARTESIAN_POINT('',(10.2717933250505,-18.493048311849,0.80798043311176));
#7010=CARTESIAN_POINT('',(10.2326060126148,-18.4963964461243,0.859505421899112));
#7011=CARTESIAN_POINT('',(10.1914605439371,-18.4987824597413,0.908615472734058));
#7012=CARTESIAN_POINT('',(10.1611105367101,-18.4997732910176,0.94101532379569));
#7013=CARTESIAN_POINT('',(10.1408069311142,-18.4999853372574,0.948950275761708));
#7014=CARTESIAN_POINT('',(10.1400939015999,-18.4999995318903,0.949492041698365));
#7015=CARTESIAN_POINT('',(10.1408069311142,-18.4999853372574,-30.));
#7016=CARTESIAN_POINT('',(10.1402787225151,-18.5,5.74033071073476));
#7017=CARTESIAN_POINT('',(10.1408069311142,-18.4999853372574,5.74121565453076));
#7018=CARTESIAN_POINT('',(10.1514676695724,-18.4998739989292,5.74789069959714));
#7019=CARTESIAN_POINT('',(10.1672005630257,-18.4995274052325,5.76611986718555));
#7020=CARTESIAN_POINT('',(10.1961889333788,-18.4985032639091,5.8047872848414));
#7021=CARTESIAN_POINT('',(10.2294372948172,-18.4966063579521,5.85539131728662));
#7022=CARTESIAN_POINT('',(10.2684584858541,-18.4933744828055,5.91644991523264));
#7023=CARTESIAN_POINT('',(10.319705191193,-18.4877837383546,5.99832882815356));
#7024=CARTESIAN_POINT('',(10.3831103067237,-18.4783821373648,6.10099575074388));
#7025=CARTESIAN_POINT('',(10.4582442633294,-18.4632822588491,6.2238681401894));
#7026=CARTESIAN_POINT('',(10.5325439747041,-18.4443620375521,6.34637912295324));
#7027=CARTESIAN_POINT('',(10.6304829516998,-18.4140124509611,6.50923444114168));
#7028=CARTESIAN_POINT('',(10.7026071606831,-18.3854377790023,6.63085082598519));
#7029=CARTESIAN_POINT('',(10.75,-18.363721283791,6.71173436840214));
#7030=CARTESIAN_POINT('',(10.1251421264891,-1.49991370131768,-30.));
#7031=CARTESIAN_POINT('',(10.1412321417891,0.,5.74033071073485));
#7032=CARTESIAN_POINT('',(10.1518164565705,-0.000113541056811475,5.74722935489686));
#7033=CARTESIAN_POINT('',(10.167440332223,-0.000460792186803555,5.76561398359203));
#7034=CARTESIAN_POINT('',(10.1962841480452,-0.00148297756241236,5.80437561345812));
#7035=CARTESIAN_POINT('',(10.229508914256,-0.00337940884478335,5.85508951971134));
#7036=CARTESIAN_POINT('',(10.2685229046716,-0.00661252011156554,5.91624309716368));
#7037=CARTESIAN_POINT('',(10.3197798526768,-0.0122069252651662,5.99822020750426));
#7038=CARTESIAN_POINT('',(10.3831938496625,-0.0216109506951993,6.10095701212719));
#7039=CARTESIAN_POINT('',(10.4585388651249,-0.036762673712614,6.22421530036639));
#7040=CARTESIAN_POINT('',(10.5328899095647,-0.0557163589824297,6.34684072048087));
#7041=CARTESIAN_POINT('',(10.6308023586656,-0.0860843404356906,6.50968190155438));
#7042=CARTESIAN_POINT('',(10.7027680421247,-0.114616776770463,6.63104806994479));
#7043=CARTESIAN_POINT('',(10.75,-0.136259552383923,6.71166298970008));
#7044=CARTESIAN_POINT('',(10.1410026025619,3.58508578485814E-7,5.74031980943534));
#7045=CARTESIAN_POINT('',(10.1408069311142,4.50108359473234E-6,-30.));
#7046=CARTESIAN_POINT('',(10.1410119384664,1.60857484193109E-7,0.949503894606321));
#7047=CARTESIAN_POINT('',(10.75,-0.136259552383919,0.131852069081083));
#7048=CARTESIAN_POINT('',(10.7030245268965,-0.114734304025637,0.200529432724787));
#7049=CARTESIAN_POINT('',(10.6075698913162,-0.0768614543701906,0.338660394247777));
#7050=CARTESIAN_POINT('',(10.4852072874712,-0.0422283101849123,0.512823370094705));
#7051=CARTESIAN_POINT('',(10.3859053579327,-0.0221021557666314,0.652107216083656));
#7052=CARTESIAN_POINT('',(10.3230093422542,-0.0126326826708191,0.739174809500755));
#7053=CARTESIAN_POINT('',(10.2717968895838,-0.00693406596233696,0.808221198863086));
#7054=CARTESIAN_POINT('',(10.2327000236904,-0.00358892765937207,0.859745810062432));
#7055=CARTESIAN_POINT('',(10.1913921523243,-0.00120097540208347,0.909047695857866));
#7056=CARTESIAN_POINT('',(10.1616858288994,-0.000219412715717566,0.941233409496417));
#7057=CARTESIAN_POINT('',(10.1412321417891,-1.51385506286866E-16,0.949500860819819));
#7058=CARTESIAN_POINT('',(12.3204313395545,-4.7634830579844,9.8053479915447));
#7059=CARTESIAN_POINT('',(8.5,-4.7634830579844,9.8053479915447));
#7060=CARTESIAN_POINT('',(8.5,-4.60907289715491,9.7949083391291));
#7061=CARTESIAN_POINT('',(12.3204313395545,-4.60907289715491,9.7949083391291));
#7062=CARTESIAN_POINT('',(12.3204313395545,-5.39170846065629,0.513430827824905));
#7063=CARTESIAN_POINT('',(12.3204313395545,-2.33726162583693,9.31278863117422));
#7064=CARTESIAN_POINT('',(12.3204313395545,-4.60907289715491,9.7949083391291));
#7065=CARTESIAN_POINT('',(12.3204313395545,0.,4.10868086277372));
#7066=CARTESIAN_POINT('',(9.25520830067771,0.,4.54333012572871));
#7067=CARTESIAN_POINT('',(9.25520830067771,0.,3.91833012572871));
#7068=CARTESIAN_POINT('',(8.75520830067771,0.,4.10868086277372));
#7069=CARTESIAN_POINT('',(8.75520830067771,0.,2.89277697624291));
#7070=CARTESIAN_POINT('',(8.75520830067771,0.,1.3977769762429));
#7071=CARTESIAN_POINT('',(8.88270830067771,0.,2.89277697624291));
#7072=CARTESIAN_POINT('',(8.88270830067771,0.,3.02027697624291));
#7073=CARTESIAN_POINT('',(12.3204313395545,0.,3.02027697624291));
#7074=CARTESIAN_POINT('',(9.62770830067771,0.,3.02027697624291));
#7075=CARTESIAN_POINT('',(9.62770830067771,0.,2.89277697624291));
#7076=CARTESIAN_POINT('',(9.75520830067771,0.,2.89277697624291));
#7077=CARTESIAN_POINT('',(9.75520830067771,0.,4.10868086277372));
#7078=CARTESIAN_POINT('',(9.75520830067771,0.,1.3977769762429));
#7079=CARTESIAN_POINT('',(9.62770830067771,0.,1.3977769762429));
#7080=CARTESIAN_POINT('',(9.62770830067771,0.,1.2702769762429));
#7081=CARTESIAN_POINT('',(12.3204313395545,0.,1.2702769762429));
#7082=CARTESIAN_POINT('',(8.88270830067771,0.,1.2702769762429));
#7083=CARTESIAN_POINT('',(8.88270830067771,0.,1.3977769762429));
#7084=CARTESIAN_POINT('',(8.75,0.,4.10868086277372));
#7085=CARTESIAN_POINT('',(8.75,0.,3.45398453937075));
#7086=CARTESIAN_POINT('',(8.75,0.,3.95398453937075));
#7087=CARTESIAN_POINT('',(8.75,0.,3.45398453937075));
#7088=CARTESIAN_POINT('',(8.75,0.,3.95398453937075));
#7089=CARTESIAN_POINT('',(12.3204313395545,0.,0.949500860819814));
#7090=CARTESIAN_POINT('',(12.3204313395545,0.,5.74033071073485));
#7091=CARTESIAN_POINT('',(12.3204313395545,-3.99945834824954,5.67450578675424));
#7092=CARTESIAN_POINT('',(12.3204313395545,-2.99894405278666,1.02909086179677));
#7093=CARTESIAN_POINT('',(12.3204313395545,-4.625,2.74650655269878));
#7094=CARTESIAN_POINT('',(12.3204313395545,-7.74062282170982,-0.688944154700974));
#7095=CARTESIAN_POINT('',(8.75,-4.625,-1.89131913722628));
#7096=CARTESIAN_POINT('',(10.75,-9.25,0.513430827824917));
#7097=CARTESIAN_POINT('',(7.5,-9.25,0.513430827824917));
#7098=CARTESIAN_POINT('',(10.75,-8.74687427468239,0.513430827824917));
#7099=CARTESIAN_POINT('',(7.5,-8.74687427468239,0.513430827824917));
#7100=CARTESIAN_POINT('',(10.75,-8.24374854936477,0.00119257718003441));
#7101=CARTESIAN_POINT('',(7.5,-8.24374854936477,0.00119257718003441));
#7102=CARTESIAN_POINT('',(10.75,-7.74062282404715,-0.688944151494206));
#7103=CARTESIAN_POINT('',(7.5,-7.74062282404715,-0.688944151494206));
#7104=CARTESIAN_POINT('',(12.3204313395545,-9.25,0.513430827824917));
#7105=CARTESIAN_POINT('',(10.75,-10.7593771759528,-0.688944151494138));
#7106=CARTESIAN_POINT('',(7.5,-10.7593771759528,-0.688944151494138));
#7107=CARTESIAN_POINT('',(10.75,-10.2562514506352,0.00119257718006729));
#7108=CARTESIAN_POINT('',(7.5,-10.2562514506352,0.00119257718006729));
#7109=CARTESIAN_POINT('',(10.75,-9.7531257253176,0.513430827824916));
#7110=CARTESIAN_POINT('',(7.5,-9.7531257253176,0.513430827824916));
#7111=CARTESIAN_POINT('',(10.75,-9.25,0.513430827824916));
#7112=CARTESIAN_POINT('',(7.5,-9.25,0.513430827824916));
#7113=CARTESIAN_POINT('',(12.3204313395545,-10.7593771782904,-0.688944154700682));
#7114=CARTESIAN_POINT('',(12.3204313395545,-13.875,2.74650655269878));
#7115=CARTESIAN_POINT('',(12.3204313395545,-13.875,-1.89131913722628));
#7116=CARTESIAN_POINT('',(12.3204313395545,-18.5,4.10868086277372));
#7117=CARTESIAN_POINT('',(9.32387102301112,-18.5,2.27552033255716));
#7118=CARTESIAN_POINT('',(9.37387102301112,-18.5,2.27552033255716));
#7119=CARTESIAN_POINT('',(9.32387102301112,-18.5,2.32552033255716));
#7120=CARTESIAN_POINT('',(12.3204313395545,-18.5,2.32552033255716));
#7121=CARTESIAN_POINT('',(9.16637102301112,-18.5,2.32552033255716));
#7122=CARTESIAN_POINT('',(9.16637102301112,-18.5,2.27552033255716));
#7123=CARTESIAN_POINT('',(9.11637102301112,-18.5,2.27552033255716));
#7124=CARTESIAN_POINT('',(9.11637102301112,-18.5,4.10868086277372));
#7125=CARTESIAN_POINT('',(9.11637102301112,-18.5,1.54052033255716));
#7126=CARTESIAN_POINT('',(9.16637102301112,-18.5,1.54052033255716));
#7127=CARTESIAN_POINT('',(9.16637102301112,-18.5,1.49052033255716));
#7128=CARTESIAN_POINT('',(12.3204313395545,-18.5,1.49052033255716));
#7129=CARTESIAN_POINT('',(9.32387102301112,-18.5,1.49052033255716));
#7130=CARTESIAN_POINT('',(9.32387102301112,-18.5,1.54052033255716));
#7131=CARTESIAN_POINT('',(9.37387102301112,-18.5,1.54052033255716));
#7132=CARTESIAN_POINT('',(9.37387102301112,-18.5,4.10868086277372));
#7133=CARTESIAN_POINT('',(12.3204313395545,-18.5,2.90485670047151));
#7134=CARTESIAN_POINT('',(9.42012102301112,-18.5,2.90485670047151));
#7135=CARTESIAN_POINT('',(9.07012102301112,-18.5,2.90485670047151));
#7136=CARTESIAN_POINT('',(9.42012102301112,-18.5,2.95485670047151));
#7137=CARTESIAN_POINT('',(9.47012102301112,-18.5,2.95485670047151));
#7138=CARTESIAN_POINT('',(9.47012102301112,-18.5,4.10868086277372));
#7139=CARTESIAN_POINT('',(9.47012102301112,-18.5,4.25485670047151));
#7140=CARTESIAN_POINT('',(9.42012102301112,-18.5,4.25485670047151));
#7141=CARTESIAN_POINT('',(9.42012102301112,-18.5,4.30485670047151));
#7142=CARTESIAN_POINT('',(12.3204313395545,-18.5,4.30485670047151));
#7143=CARTESIAN_POINT('',(9.07012102301112,-18.5,4.30485670047151));
#7144=CARTESIAN_POINT('',(9.07012102301112,-18.5,4.25485670047152));
#7145=CARTESIAN_POINT('',(9.02012102301112,-18.5,4.25485670047151));
#7146=CARTESIAN_POINT('',(9.02012102301112,-18.5,4.10868086277372));
#7147=CARTESIAN_POINT('',(9.02012102301112,-18.5,2.95485670047151));
#7148=CARTESIAN_POINT('',(9.07012102301112,-18.5,2.95485670047151));
#7149=CARTESIAN_POINT('',(8.75,-18.5,3.45398453937075));
#7150=CARTESIAN_POINT('',(8.75,-18.5,3.45398453937075));
#7151=CARTESIAN_POINT('',(8.75,-18.5,4.10868086277372));
#7152=CARTESIAN_POINT('',(8.75,-18.5,3.95398453937075));
#7153=CARTESIAN_POINT('',(8.75,-18.5,3.95398453937075));
#7154=CARTESIAN_POINT('',(12.3204313395545,-18.5,5.74033071073476));
#7155=CARTESIAN_POINT('',(12.3204313395545,-18.5,0.949500860819814));
#7156=CARTESIAN_POINT('',(12.3204313395545,-15.5010559472133,1.02909086179677));
#7157=CARTESIAN_POINT('',(12.3204313395545,-14.5005416517505,5.67450578675424));
#7158=CARTESIAN_POINT('',(12.3204313395545,-13.7365169420157,9.80534799154469));
#7159=CARTESIAN_POINT('',(8.75,-13.7365169420157,9.80534799154469));
#7160=CARTESIAN_POINT('',(8.75,-13.9112916077544,2.49609124165289));
#7161=CARTESIAN_POINT('',(8.75,-13.9112916077544,2.49609124165289));
#7162=CARTESIAN_POINT('',(8.75,-13.4273713400458,-1.86454988175976));
#7163=CARTESIAN_POINT('',(8.75,-13.4273713400458,-1.86454988175976));
#7164=CARTESIAN_POINT('',(8.75,-4.60907289715491,8.23244643924992));
#7165=CARTESIAN_POINT('',(8.75,-4.60907289715491,8.23244643924992));
#7166=CARTESIAN_POINT('',(8.75,-4.60907289715491,6.66998453937075));
#7167=CARTESIAN_POINT('',(8.75,-4.60907289715491,6.66998453937075));
#7168=CARTESIAN_POINT('',(8.5,-4.60907289715491,6.66998453937075));
#7169=CARTESIAN_POINT('',(8.5,-4.60907289715491,8.23244643924992));
#7170=CARTESIAN_POINT('',(8.75,-9.25,3.85241159141906));
#7171=CARTESIAN_POINT('',(8.75,-11.0670728971549,2.40808737677175));
#7172=CARTESIAN_POINT('',(8.75,-11.0670728971549,1.11210513760219));
#7173=CARTESIAN_POINT('',(8.75,-11.0670728971549,6.29610513760219));
#7174=CARTESIAN_POINT('',(8.75,-12.2471813254946,1.11210513760219));
#7175=CARTESIAN_POINT('',(8.75,-16.2510728971549,1.11210513760219));
#7176=CARTESIAN_POINT('',(8.75,-16.2510728971549,2.28304483848647));
#7177=CARTESIAN_POINT('',(8.75,-16.2510728971549,6.29610513760219));
#7178=CARTESIAN_POINT('',(8.75,-12.2471458038772,6.29610513760219));
#7179=CARTESIAN_POINT('',(8.75,-2.2670728971549,3.70398453937075));
#7180=CARTESIAN_POINT('',(8.75,-2.2670728971549,1.11198453937075));
#7181=CARTESIAN_POINT('',(8.75,-2.2670728971549,6.29598453937075));
#7182=CARTESIAN_POINT('',(8.75,-6.28010841886276,1.11198453937075));
#7183=CARTESIAN_POINT('',(8.75,-7.4510728971549,1.11198453937075));
#7184=CARTESIAN_POINT('',(8.75,-7.4510728971549,5.0000023002012));
#7185=CARTESIAN_POINT('',(8.75,-7.4510728971549,6.29598453937075));
#7186=CARTESIAN_POINT('',(8.75,-3.43807289715491,6.29598453937075));
#7187=CARTESIAN_POINT('',(8.75,-5.10907289715491,8.23244643924992));
#7188=CARTESIAN_POINT('',(8.75,-5.10907289715491,6.66998453937075));
#7189=CARTESIAN_POINT('',(8.75,-6.3400728971549,6.66998453937075));
#7190=CARTESIAN_POINT('',(8.75,-7.5710728971549,6.66998453937075));
#7191=CARTESIAN_POINT('',(8.75,-7.5710728971549,5.29730068304034));
#7192=CARTESIAN_POINT('',(8.75,-7.5710728971549,3.95398453937075));
#7193=CARTESIAN_POINT('',(8.75,-8.41960935051605,3.95398453937075));
#7194=CARTESIAN_POINT('',(8.75,-10.9652187105995,3.95398453937075));
#7195=CARTESIAN_POINT('',(8.75,-10.9652187105995,5.29742128127178));
#7196=CARTESIAN_POINT('',(8.75,-10.9652187105995,6.66998453937075));
#7197=CARTESIAN_POINT('',(8.75,-12.1962187105995,6.66998453937075));
#7198=CARTESIAN_POINT('',(8.75,-13.4272187105995,6.66998453937075));
#7199=CARTESIAN_POINT('',(8.75,-13.4272187105995,8.23244643924992));
#7200=CARTESIAN_POINT('',(8.75,-13.9272187105995,8.23244643924992));
#7201=CARTESIAN_POINT('',(8.75,-13.9272187105995,6.66998453937075));
#7202=CARTESIAN_POINT('',(8.75,-15.1582187105995,6.66998453937075));
#7203=CARTESIAN_POINT('',(8.75,-16.3892187105995,6.66998453937075));
#7204=CARTESIAN_POINT('',(8.75,-16.3892187105995,6.65542128127177));
#7205=CARTESIAN_POINT('',(8.75,-16.3892187105995,3.95398453937075));
#7206=CARTESIAN_POINT('',(8.75,-17.2196093505161,3.95398453937075));
#7207=CARTESIAN_POINT('',(8.75,-17.2196093505161,3.45398453937075));
#7208=CARTESIAN_POINT('',(8.75,-16.3892187105995,3.45398453937075));
#7209=CARTESIAN_POINT('',(8.75,-16.3892187105995,2.11066839570117));
#7210=CARTESIAN_POINT('',(8.75,-16.3892187105995,0.737984539370751));
#7211=CARTESIAN_POINT('',(8.75,-15.1582593593883,0.737984539370752));
#7212=CARTESIAN_POINT('',(8.75,-13.9273000081771,0.737984539370752));
#7213=CARTESIAN_POINT('',(8.75,-13.9273360410605,-0.576667298927764));
#7214=CARTESIAN_POINT('',(8.75,-13.4273356740176,-0.563282671194502));
#7215=CARTESIAN_POINT('',(8.75,-13.4273000079893,0.737984539370752));
#7216=CARTESIAN_POINT('',(8.75,-12.1962593592944,0.737984539370752));
#7217=CARTESIAN_POINT('',(8.75,-10.9652187105995,0.737984539370752));
#7218=CARTESIAN_POINT('',(8.75,-10.9652187105995,2.11066839570117));
#7219=CARTESIAN_POINT('',(8.75,-10.9652187105995,3.45398453937075));
#7220=CARTESIAN_POINT('',(8.75,-10.1166822572383,3.45398453937075));
#7221=CARTESIAN_POINT('',(8.75,-7.5710728971549,3.45398453937075));
#7222=CARTESIAN_POINT('',(8.75,-7.5710728971549,2.11066839570117));
#7223=CARTESIAN_POINT('',(8.75,-7.5710728971549,0.737984539370751));
#7224=CARTESIAN_POINT('',(8.75,-6.3401135442876,0.737984539370752));
#7225=CARTESIAN_POINT('',(8.75,-5.10915419142029,0.737984539370752));
#7226=CARTESIAN_POINT('',(8.75,-5.10918985698414,-0.563265728024471));
#7227=CARTESIAN_POINT('',(8.75,-5.10922552254799,-1.86451599541969));
#7228=CARTESIAN_POINT('',(8.75,-4.625,2.49609124165285));
#7229=CARTESIAN_POINT('',(8.75,-4.60919022411582,-0.576667298927764));
#7230=CARTESIAN_POINT('',(8.75,-4.60915419123248,0.737984539370752));
#7231=CARTESIAN_POINT('',(8.75,-3.37811354419369,0.737984539370752));
#7232=CARTESIAN_POINT('',(8.75,-2.1470728971549,0.737984539370752));
#7233=CARTESIAN_POINT('',(8.75,-2.1470728971549,2.11066839570117));
#7234=CARTESIAN_POINT('',(8.75,-2.1470728971549,3.45398453937075));
#7235=CARTESIAN_POINT('',(8.75,-1.29853644379375,3.45398453937075));
#7236=CARTESIAN_POINT('',(8.75,-1.29853644379375,3.95398453937075));
#7237=CARTESIAN_POINT('',(8.75,-2.1470728971549,3.95398453937075));
#7238=CARTESIAN_POINT('',(8.75,-2.1470728971549,6.65530068304034));
#7239=CARTESIAN_POINT('',(8.75,-2.1470728971549,6.66998453937075));
#7240=CARTESIAN_POINT('',(8.75,-3.37807289715491,6.66998453937075));
#7241=CARTESIAN_POINT('',(8.5,-9.25,3.85241159141906));
#7242=CARTESIAN_POINT('',(8.5,-3.37807289715491,6.64061682670992));
#7243=CARTESIAN_POINT('',(8.5,-7.5710728971549,6.64061682670992));
#7244=CARTESIAN_POINT('',(8.5,-2.1470728971549,6.64061682670992));
#7245=CARTESIAN_POINT('',(8.5,-7.5710728971549,5.29730068304034));
#7246=CARTESIAN_POINT('',(8.5,-7.5710728971549,6.66998453937075));
#7247=CARTESIAN_POINT('',(8.5,-6.3400728971549,6.66998453937075));
#7248=CARTESIAN_POINT('',(8.5,-5.10907289715491,6.66998453937075));
#7249=CARTESIAN_POINT('',(8.5,-5.10907289715491,8.23244643924992));
#7250=CARTESIAN_POINT('',(8.5,-3.37807289715491,6.66998453937075));
#7251=CARTESIAN_POINT('',(8.5,-2.1470728971549,6.66998453937075));
#7252=CARTESIAN_POINT('',(8.5,-2.1470728971549,6.65530068304034));
#7253=CARTESIAN_POINT('',(8.75,-11.0670728971549,2.40808737677175));
#7254=CARTESIAN_POINT('',(8.75,-11.0670728971549,6.29610513760219));
#7255=CARTESIAN_POINT('',(7.75,-11.0670728971549,6.29610513760219));
#7256=CARTESIAN_POINT('',(7.75,-11.0670728971549,5.00008737677174));
#7257=CARTESIAN_POINT('',(7.75,-11.0670728971549,1.11210513760219));
#7258=CARTESIAN_POINT('',(8.75,-11.0670728971549,1.11210513760219));
#7259=CARTESIAN_POINT('',(8.75,-12.2471458038772,6.29610513760219));
#7260=CARTESIAN_POINT('',(8.75,-16.2510728971549,6.29610513760219));
#7261=CARTESIAN_POINT('',(7.75,-16.2510728971549,6.29610513760219));
#7262=CARTESIAN_POINT('',(7.75,-12.2471458038772,6.29610513760219));
#7263=CARTESIAN_POINT('',(8.75,-16.2510728971549,2.28304483848647));
#7264=CARTESIAN_POINT('',(8.75,-16.2510728971549,1.11210513760219));
#7265=CARTESIAN_POINT('',(7.75,-16.2510728971549,1.11210513760219));
#7266=CARTESIAN_POINT('',(7.75,-16.2510728971549,5.12504483848647));
#7267=CARTESIAN_POINT('',(8.75,-2.2670728971549,3.70398453937075));
#7268=CARTESIAN_POINT('',(8.75,-2.2670728971549,6.29598453937075));
#7269=CARTESIAN_POINT('',(7.75,-2.2670728971549,6.29598453937075));
#7270=CARTESIAN_POINT('',(7.75,-2.2670728971549,5.12498453937075));
#7271=CARTESIAN_POINT('',(7.75,-2.2670728971549,1.11198453937075));
#7272=CARTESIAN_POINT('',(8.75,-2.2670728971549,1.11198453937075));
#7273=CARTESIAN_POINT('',(8.75,-3.43807289715491,6.29598453937075));
#7274=CARTESIAN_POINT('',(8.75,-7.4510728971549,6.29598453937075));
#7275=CARTESIAN_POINT('',(7.75,-7.4510728971549,6.29598453937075));
#7276=CARTESIAN_POINT('',(7.75,-3.43807289715491,6.29598453937075));
#7277=CARTESIAN_POINT('',(8.75,-7.4510728971549,5.0000023002012));
#7278=CARTESIAN_POINT('',(8.75,-7.4510728971549,1.11198453937075));
#7279=CARTESIAN_POINT('',(7.75,-7.4510728971549,1.11198453937075));
#7280=CARTESIAN_POINT('',(7.75,-7.4510728971549,5.0000023002012));
#7281=CARTESIAN_POINT('',(8.75,-1.29853644379375,3.95398453937075));
#7282=CARTESIAN_POINT('',(8.75,-2.1470728971549,3.95398453937075));
#7283=CARTESIAN_POINT('',(8.75,-1.29853644379375,3.45398453937075));
#7284=CARTESIAN_POINT('',(8.75,-2.1470728971549,3.45398453937075));
#7285=CARTESIAN_POINT('',(8.75,-2.1470728971549,2.11066839570117));
#7286=CARTESIAN_POINT('',(7.75,-2.1470728971549,0.767352252031586));
#7287=CARTESIAN_POINT('',(7.75,-2.1470728971549,0.767352252031586));
#7288=CARTESIAN_POINT('',(7.75,-2.1470728971549,5.29730068304034));
#7289=CARTESIAN_POINT('',(7.75,-2.1470728971549,6.64061682670992));
#7290=CARTESIAN_POINT('',(7.75,-2.1470728971549,6.64061682670992));
#7291=CARTESIAN_POINT('',(8.75,-2.1470728971549,6.66998453937075));
#7292=CARTESIAN_POINT('',(8.75,-2.1470728971549,0.737984539370752));
#7293=CARTESIAN_POINT('',(8.75,-3.37811354419369,0.737984539370752));
#7294=CARTESIAN_POINT('',(8.75,-4.60915419123248,0.737984539370752));
#7295=CARTESIAN_POINT('',(8.75,-4.60919022411582,-0.576667298927764));
#7296=CARTESIAN_POINT('',(8.75,-4.625,2.49609124165285));
#7297=CARTESIAN_POINT('',(8.75,-5.10922552254799,-1.86451599541969));
#7298=CARTESIAN_POINT('',(8.75,-5.10918985698414,-0.563265728024471));
#7299=CARTESIAN_POINT('',(8.75,-5.10915419142029,0.737984539370752));
#7300=CARTESIAN_POINT('',(8.75,-6.3401135442876,0.737984539370752));
#7301=CARTESIAN_POINT('',(8.75,-7.5710728971549,0.737984539370751));
#7302=CARTESIAN_POINT('',(8.75,-7.5710728971549,2.11066839570117));
#7303=CARTESIAN_POINT('',(8.75,-7.5710728971549,3.45398453937075));
#7304=CARTESIAN_POINT('',(8.75,-7.5710728971549,3.95398453937075));
#7305=CARTESIAN_POINT('',(8.75,-7.5710728971549,6.66998453937075));
#7306=CARTESIAN_POINT('',(7.75,-7.5710728971549,6.64061682670992));
#7307=CARTESIAN_POINT('',(7.75,-7.5710728971549,6.64061682670992));
#7308=CARTESIAN_POINT('',(7.75,-7.5710728971549,3.82900312246187));
#7309=CARTESIAN_POINT('',(7.75,-7.5710728971549,0.767352252031586));
#7310=CARTESIAN_POINT('',(7.75,-7.5710728971549,0.767352252031586));
#7311=CARTESIAN_POINT('',(8.75,-10.1166822572383,3.45398453937075));
#7312=CARTESIAN_POINT('',(8.75,-10.9652187105995,3.45398453937075));
#7313=CARTESIAN_POINT('',(8.75,-10.9652187105995,2.11066839570117));
#7314=CARTESIAN_POINT('',(7.75,-10.9652187105995,0.767352252031587));
#7315=CARTESIAN_POINT('',(7.75,-10.9652187105995,0.767352252031587));
#7316=CARTESIAN_POINT('',(7.75,-10.9652187105995,5.29742128127178));
#7317=CARTESIAN_POINT('',(7.75,-10.9652187105995,6.6408580231728));
#7318=CARTESIAN_POINT('',(7.75,-10.9652187105995,6.6408580231728));
#7319=CARTESIAN_POINT('',(8.75,-10.9652187105995,6.66998453937075));
#7320=CARTESIAN_POINT('',(8.75,-10.9652187105995,3.95398453937075));
#7321=CARTESIAN_POINT('',(8.75,-10.9652187105995,0.737984539370752));
#7322=CARTESIAN_POINT('',(8.75,-12.1962593592944,0.737984539370752));
#7323=CARTESIAN_POINT('',(8.75,-13.4273000079893,0.737984539370752));
#7324=CARTESIAN_POINT('',(8.75,-13.4273356740176,-0.563282671194502));
#7325=CARTESIAN_POINT('',(8.75,-13.9273360410605,-0.576667298927764));
#7326=CARTESIAN_POINT('',(8.75,-13.9273000081771,0.737984539370752));
#7327=CARTESIAN_POINT('',(8.75,-15.1582593593883,0.737984539370752));
#7328=CARTESIAN_POINT('',(8.75,-16.3892187105995,0.737984539370751));
#7329=CARTESIAN_POINT('',(8.75,-16.3892187105995,2.11066839570117));
#7330=CARTESIAN_POINT('',(8.75,-16.3892187105995,3.45398453937075));
#7331=CARTESIAN_POINT('',(8.75,-16.3892187105995,3.95398453937075));
#7332=CARTESIAN_POINT('',(8.75,-16.3892187105995,6.66998453937075));
#7333=CARTESIAN_POINT('',(7.75,-16.3892187105995,6.6408580231728));
#7334=CARTESIAN_POINT('',(7.75,-16.3892187105995,6.6408580231728));
#7335=CARTESIAN_POINT('',(7.75,-16.3892187105995,5.29742128127178));
#7336=CARTESIAN_POINT('',(7.75,-16.3892187105995,0.767352252031587));
#7337=CARTESIAN_POINT('',(7.75,-16.3892187105995,0.767352252031587));
#7338=CARTESIAN_POINT('',(8.75,-17.2196093505161,3.45398453937075));
#7339=CARTESIAN_POINT('',(8.75,-17.2196093505161,3.95398453937075));
#7340=CARTESIAN_POINT('',(8.75,-15.1582187105995,6.66998453937075));
#7341=CARTESIAN_POINT('',(8.75,-13.9272187105995,6.66998453937075));
#7342=CARTESIAN_POINT('',(8.75,-13.9272187105995,8.23244643924992));
#7343=CARTESIAN_POINT('',(8.75,-13.4272187105995,8.23244643924992));
#7344=CARTESIAN_POINT('',(8.75,-13.4272187105995,6.66998453937075));
#7345=CARTESIAN_POINT('',(8.75,-12.1962187105995,6.66998453937075));
#7346=CARTESIAN_POINT('',(8.75,-8.41960935051605,3.95398453937075));
#7347=CARTESIAN_POINT('',(8.75,-6.3400728971549,6.66998453937075));
#7348=CARTESIAN_POINT('',(8.75,-5.10907289715491,6.66998453937075));
#7349=CARTESIAN_POINT('',(8.75,-5.10907289715491,8.23244643924992));
#7350=CARTESIAN_POINT('',(8.75,-3.37807289715491,6.66998453937075));
#7351=CARTESIAN_POINT('',(8.75,-6.28010841886276,1.11198453937075));
#7352=CARTESIAN_POINT('',(7.75,-6.28010841886276,1.11198453937075));
#7353=CARTESIAN_POINT('',(8.75,-12.2471813254946,1.11210513760219));
#7354=CARTESIAN_POINT('',(7.75,-15.0891813255884,1.11210513760219));
#7355=CARTESIAN_POINT('',(7.75,-6.34011314182235,0.767352252031586));
#7356=CARTESIAN_POINT('',(7.75,-6.34011314182235,0.767352252031586));
#7357=CARTESIAN_POINT('',(7.75,-3.37807289715491,6.64061682670992));
#7358=CARTESIAN_POINT('',(7.75,-3.37807289715491,6.64061682670992));
#7359=CARTESIAN_POINT('',(7.75,-9.25,3.85241159141906));
#7360=CARTESIAN_POINT('',(7.75,-12.1962187105995,6.6408580231728));
#7361=CARTESIAN_POINT('',(7.75,-12.1962187105995,6.6408580231728));
#7362=CARTESIAN_POINT('',(7.75,-15.1582589569231,0.767352252031587));
#7363=CARTESIAN_POINT('',(7.75,-15.1582589569231,0.767352252031587));
#7364=CARTESIAN_POINT('',(7.75,-9.25,3.85241159141906));
#7365=CARTESIAN_POINT('',(8.24289523632363,-19.325,4.54333012572865));
#7366=CARTESIAN_POINT('',(8.24289523632363,-19.2,4.44034144747879));
#7367=CARTESIAN_POINT('',(8.24289523632363,-18.875,4.54333012572865));
#7368=CARTESIAN_POINT('',(8.24942264657367,-19.325,3.34430355098575));
#7369=CARTESIAN_POINT('',(7.78779436993436,-19.325,6.19625040149999));
#7370=CARTESIAN_POINT('',(7.78779436993436,-19.325,5.09812684582898));
#7371=CARTESIAN_POINT('',(7.78779436993436,-19.325,3.98853340562833));
#7372=CARTESIAN_POINT('',(7.5,-19.325,4.54333012572865));
#7373=CARTESIAN_POINT('',(8.24942264657367,-18.75,3.34430355098575));
#7374=CARTESIAN_POINT('',(7.5,-18.75,4.54333012572865));
#7375=CARTESIAN_POINT('',(6.92249177076654,-19.325,2.32003361992861));
#7376=CARTESIAN_POINT('',(6.92249177076654,-19.325,1.1962504015));
#7377=CARTESIAN_POINT('',(6.92249177076654,-19.2,1.1962504015));
#7378=CARTESIAN_POINT('',(6.92249177076654,-18.75,1.1962504015));
#7379=CARTESIAN_POINT('',(6.92249177076654,-19.2,2.49479026361433));
#7380=CARTESIAN_POINT('',(6.92249177076654,-19.2,2.49479026361433));
#7381=CARTESIAN_POINT('',(6.92249177076654,-19.325,2.49479026361433));
#7382=CARTESIAN_POINT('',(6.92249177076654,-18.75,2.49479026361433));
#7383=CARTESIAN_POINT('',(6.92249177076654,-18.75,2.32003361992861));
#7384=CARTESIAN_POINT('',(7.17249177076654,-19.325,1.1962504015));
#7385=CARTESIAN_POINT('',(7.17249177076654,-19.2,1.1962504015));
#7386=CARTESIAN_POINT('',(7.17249177076654,-18.75,1.1962504015));
#7387=CARTESIAN_POINT('',(7.17249177076654,-18.75,0.946250401499998));
#7388=CARTESIAN_POINT('',(7.17249177076654,-19.325,0.946250401499998));
#7389=CARTESIAN_POINT('',(7.17249177076654,-19.0375,0.946250401499994));
#7390=CARTESIAN_POINT('',(7.17249177076654,-19.0734375,0.946250401499994));
#7391=CARTESIAN_POINT('',(7.58269350354509,-19.325,0.946250401499994));
#7392=CARTESIAN_POINT('',(7.99289523632363,-19.325,0.946250401499994));
#7393=CARTESIAN_POINT('',(7.99289523632363,-19.2,0.946250401499994));
#7394=CARTESIAN_POINT('',(7.99289523632363,-18.8696502153115,0.946250401499994));
#7395=CARTESIAN_POINT('',(7.99289523632363,-19.2,0.946250401499994));
#7396=CARTESIAN_POINT('',(7.82569344307151,-19.2,0.946250401499994));
#7397=CARTESIAN_POINT('',(7.89675420520366,-19.253125,0.946250401499994));
#7398=CARTESIAN_POINT('',(7.80061317408369,-19.18125,0.946250401499994));
#7399=CARTESIAN_POINT('',(7.64037812221707,-19.109375,0.946250401499994));
#7400=CARTESIAN_POINT('',(7.48014307035045,-19.0375,0.946250401499994));
#7401=CARTESIAN_POINT('',(7.42886785375313,-19.0375,0.946250401499994));
#7402=CARTESIAN_POINT('',(7.58269350354509,-18.75,0.946250401499994));
#7403=CARTESIAN_POINT('',(7.99289523632363,-18.8696502153115,0.946250401499994));
#7404=CARTESIAN_POINT('',(7.99289523632363,-19.325,1.1962504015));
#7405=CARTESIAN_POINT('',(8.24289523632363,-19.325,1.1962504015));
#7406=CARTESIAN_POINT('',(8.24289523632363,-19.2,1.1962504015));
#7407=CARTESIAN_POINT('',(8.24289523632363,-18.875,1.1962504015));
#7408=CARTESIAN_POINT('',(7.99289523632363,-19.2,1.1962504015));
#7409=CARTESIAN_POINT('',(7.99289523632363,-18.8696502153115,0.946250401499996));
#7410=CARTESIAN_POINT('',(8.00714571271037,-18.8696155406209,0.946250401499996));
#7411=CARTESIAN_POINT('',(8.03110190564371,-18.8698300802577,0.948156288431114));
#7412=CARTESIAN_POINT('',(8.06608138449711,-18.8705967645984,0.956564962203068));
#7413=CARTESIAN_POINT('',(8.10499509301121,-18.8718237948767,0.971284725425749));
#7414=CARTESIAN_POINT('',(8.13971714141317,-18.873171294283,0.991967750409638));
#7415=CARTESIAN_POINT('',(8.16661530032969,-18.8743785956643,1.01562903868076));
#7416=CARTESIAN_POINT('',(8.17828807147484,-18.8749872376918,1.02853189722991));
#7417=CARTESIAN_POINT('',(8.17829858327613,-18.8749794438088,1.02852238756582));
#7418=CARTESIAN_POINT('',(7.99289523632363,-18.875,1.1962504015));
#7419=CARTESIAN_POINT('',(8.24289523632363,-19.325,2.32003361992861));
#7420=CARTESIAN_POINT('',(8.24289523632363,-19.325,2.49479026361433));
#7421=CARTESIAN_POINT('',(8.24289523632363,-19.2,2.49479026361433));
#7422=CARTESIAN_POINT('',(8.24289523632363,-18.875,2.49479026361433));
#7423=CARTESIAN_POINT('',(8.24289523632363,-19.2,2.32003361992861));
#7424=CARTESIAN_POINT('',(8.24289523632363,-18.875,2.49479026361433));
#7425=CARTESIAN_POINT('',(7.99289523632363,-19.325,2.49479026361433));
#7426=CARTESIAN_POINT('',(7.99289523632363,-19.2,2.49479026361433));
#7427=CARTESIAN_POINT('',(7.99289523632363,-18.875,2.49479026361433));
#7428=CARTESIAN_POINT('',(7.17249177076654,-19.325,2.49479026361433));
#7429=CARTESIAN_POINT('',(7.17249177076654,-19.2,2.49479026361433));
#7430=CARTESIAN_POINT('',(7.17249177076654,-19.325,2.74479026361433));
#7431=CARTESIAN_POINT('',(7.17249177076654,-18.75,2.49479026361433));
#7432=CARTESIAN_POINT('',(8.24942264657367,-19.325,3.34430355098575));
#7433=CARTESIAN_POINT('',(7.78779436993436,-19.325,6.19625040149999));
#7434=CARTESIAN_POINT('',(7.78779436993436,-19.325,2.61979026361433));
#7435=CARTESIAN_POINT('',(7.78779436993436,-19.325,1.07125040149999));
#7436=CARTESIAN_POINT('',(8.24942264657367,-19.325,2.61979026361433));
#7437=CARTESIAN_POINT('',(7.17249177076654,-19.325,2.61979026361433));
#7438=CARTESIAN_POINT('',(7.17249177076654,-19.325,2.49479026361433));
#7439=CARTESIAN_POINT('',(7.04749177076654,-19.325,2.49479026361433));
#7440=CARTESIAN_POINT('',(7.04749177076654,-19.325,1.1962504015));
#7441=CARTESIAN_POINT('',(7.04749177076654,-19.325,1.1962504015));
#7442=CARTESIAN_POINT('',(7.17249177076654,-19.325,1.1962504015));
#7443=CARTESIAN_POINT('',(7.17249177076654,-19.325,1.07125040149999));
#7444=CARTESIAN_POINT('',(7.78779436993436,-19.325,1.07125040149999));
#7445=CARTESIAN_POINT('',(8.24942264657367,-18.75,3.34430355098575));
#7446=CARTESIAN_POINT('',(8.24289523632363,0.825,4.54333012572865));
#7447=CARTESIAN_POINT('',(8.24289523632363,0.7,4.64631880397851));
#7448=CARTESIAN_POINT('',(8.24289523632363,0.375,4.54333012572865));
#7449=CARTESIAN_POINT('',(8.24942264657367,0.825,3.34430355098575));
#7450=CARTESIAN_POINT('',(7.78779436993436,0.825,6.19625040149999));
#7451=CARTESIAN_POINT('',(7.78779436993436,0.825,5.09812684582899));
#7452=CARTESIAN_POINT('',(7.78779436993436,0.825,3.98853340562832));
#7453=CARTESIAN_POINT('',(7.5,0.825,4.54333012572865));
#7454=CARTESIAN_POINT('',(8.24942264657367,0.25,3.34430355098575));
#7455=CARTESIAN_POINT('',(6.92249177076654,0.825,2.32003361992861));
#7456=CARTESIAN_POINT('',(6.92249177076654,0.825,2.49479026361433));
#7457=CARTESIAN_POINT('',(6.92249177076654,0.7,2.49479026361433));
#7458=CARTESIAN_POINT('',(6.92249177076654,0.25,2.49479026361433));
#7459=CARTESIAN_POINT('',(6.92249177076654,0.7,1.1962504015));
#7460=CARTESIAN_POINT('',(6.92249177076654,0.7,1.1962504015));
#7461=CARTESIAN_POINT('',(6.92249177076654,0.825,1.1962504015));
#7462=CARTESIAN_POINT('',(6.92249177076654,0.25,1.1962504015));
#7463=CARTESIAN_POINT('',(6.92249177076654,0.25,2.32003361992861));
#7464=CARTESIAN_POINT('',(7.17249177076654,0.825,1.1962504015));
#7465=CARTESIAN_POINT('',(7.17249177076654,0.7,1.1962504015));
#7466=CARTESIAN_POINT('',(7.17249177076654,0.7,0.946250401499998));
#7467=CARTESIAN_POINT('',(7.17249177076654,0.825,0.946250401499998));
#7468=CARTESIAN_POINT('',(7.17249177076654,0.68125,0.946250401499996));
#7469=CARTESIAN_POINT('',(7.17249177076654,0.825,0.946250401499998));
#7470=CARTESIAN_POINT('',(7.17249177076654,0.25,1.1962504015));
#7471=CARTESIAN_POINT('',(7.58269350354509,0.825,0.946250401499994));
#7472=CARTESIAN_POINT('',(7.78779436993436,0.7,0.946250401499994));
#7473=CARTESIAN_POINT('',(7.51729902440648,0.7,0.946250401499994));
#7474=CARTESIAN_POINT('',(7.514326548082,0.69921875,0.946250401499994));
#7475=CARTESIAN_POINT('',(7.44595959261891,0.68125,0.946250401499994));
#7476=CARTESIAN_POINT('',(7.30922568169272,0.68125,0.946250401499994));
#7477=CARTESIAN_POINT('',(7.99289523632363,0.825,1.1962504015));
#7478=CARTESIAN_POINT('',(7.99289523632363,0.7,1.1962504015));
#7479=CARTESIAN_POINT('',(8.24289523632363,0.7,1.1962504015));
#7480=CARTESIAN_POINT('',(8.24289523632363,0.825,1.1962504015));
#7481=CARTESIAN_POINT('',(8.24289523632363,0.375,1.1962504015));
#7482=CARTESIAN_POINT('',(7.99289523632363,0.375,1.1962504015));
#7483=CARTESIAN_POINT('',(8.17829248098978,0.374986727737495,1.02850398647387));
#7484=CARTESIAN_POINT('',(8.17827617102665,0.374986727737494,1.02851874363949));
#7485=CARTESIAN_POINT('',(8.13158538945517,0.372986250190667,0.976915004428053));
#7486=CARTESIAN_POINT('',(8.06259227299375,0.369480626371915,0.946250401499996));
#7487=CARTESIAN_POINT('',(7.99289523632363,0.369650215311475,0.946250401499996));
#7488=CARTESIAN_POINT('',(8.24289523632363,0.825,2.32003361992861));
#7489=CARTESIAN_POINT('',(8.24289523632363,0.7,2.32003361992861));
#7490=CARTESIAN_POINT('',(8.24289523632363,0.7,2.49479026361433));
#7491=CARTESIAN_POINT('',(8.24289523632363,0.825,2.49479026361433));
#7492=CARTESIAN_POINT('',(8.24289523632363,0.375,2.49479026361433));
#7493=CARTESIAN_POINT('',(8.24289523632363,0.375,1.1962504015));
#7494=CARTESIAN_POINT('',(7.99289523632363,0.825,2.49479026361433));
#7495=CARTESIAN_POINT('',(7.99289523632363,0.7,2.49479026361433));
#7496=CARTESIAN_POINT('',(7.99289523632363,0.375,2.49479026361433));
#7497=CARTESIAN_POINT('',(7.58269350354509,0.825,2.74479026361433));
#7498=CARTESIAN_POINT('',(7.60919870591298,0.724153809261866,2.74479026361433));
#7499=CARTESIAN_POINT('',(7.44595959261891,0.68125,2.74479026361433));
#7500=CARTESIAN_POINT('',(7.51729902440648,0.7,2.74479026361433));
#7501=CARTESIAN_POINT('',(7.58269350354509,0.7,2.74479026361433));
#7502=CARTESIAN_POINT('',(7.17249177076654,0.7,2.74479026361433));
#7503=CARTESIAN_POINT('',(7.17249177076654,0.825,2.74479026361433));
#7504=CARTESIAN_POINT('',(7.17249177076654,0.68125,2.74479026361433));
#7505=CARTESIAN_POINT('',(7.58269350354509,0.68125,2.74479026361433));
#7506=CARTESIAN_POINT('',(7.17249177076654,0.825,2.49479026361433));
#7507=CARTESIAN_POINT('',(7.17249177076654,0.7,2.49479026361433));
#7508=CARTESIAN_POINT('',(7.17249177076654,0.25,2.49479026361433));
#7509=CARTESIAN_POINT('',(7.17249177076654,0.825,2.74479026361433));
#7510=CARTESIAN_POINT('',(8.24942264657367,0.825,3.34430355098575));
#7511=CARTESIAN_POINT('',(7.17249177076654,0.825,2.49479026361433));
#7512=CARTESIAN_POINT('',(7.04749177076654,0.825,2.49479026361433));
#7513=CARTESIAN_POINT('',(7.17249177076654,0.825,2.61979026361433));
#7514=CARTESIAN_POINT('',(8.24942264657367,0.825,2.61979026361433));
#7515=CARTESIAN_POINT('',(7.78779436993436,0.825,2.61979026361433));
#7516=CARTESIAN_POINT('',(7.78779436993436,0.825,6.19625040149999));
#7517=CARTESIAN_POINT('',(7.78779436993436,0.825,1.07125040149999));
#7518=CARTESIAN_POINT('',(7.17249177076654,0.825,1.07125040149999));
#7519=CARTESIAN_POINT('',(7.17249177076654,0.825,1.0712504015));
#7520=CARTESIAN_POINT('',(7.17249177076654,0.825,1.1962504015));
#7521=CARTESIAN_POINT('',(7.04749177076654,0.825,1.1962504015));
#7522=CARTESIAN_POINT('',(7.04749177076654,0.825,2.49479026361433));
#7523=CARTESIAN_POINT('',(8.24942264657367,0.25,3.34430355098575));
#7524=CARTESIAN_POINT('',(7.68524393673972,0.77109375,6.19625040149999));
#7525=CARTESIAN_POINT('',(7.54999626397578,0.7,2.61979026361433));
#7526=CARTESIAN_POINT('',(7.58269350354509,0.7171875,2.74360298446219));
#7527=CARTESIAN_POINT('',(7.58269350354509,0.7171875,6.19625040149999));
#7528=CARTESIAN_POINT('',(7.58269350354509,0.7171875,0.947437680652137));
#7529=CARTESIAN_POINT('',(7.54999626397578,0.7,1.07125040149999));
#7530=CARTESIAN_POINT('',(7.514326548082,0.69921875,6.19625040149999));
#7531=CARTESIAN_POINT('',(7.51729902440648,0.7,2.61979026361433));
#7532=CARTESIAN_POINT('',(7.44595959261891,0.68125,6.19625040149999));
#7533=CARTESIAN_POINT('',(7.51729902440648,0.7,1.07125040149999));
#7534=CARTESIAN_POINT('',(7.17249177076654,0.825,6.1962504015));
#7535=CARTESIAN_POINT('',(7.17249177076654,0.5375,6.1962504015));
#7536=CARTESIAN_POINT('',(7.17249177076654,0.68125,6.1962504015));
#7537=CARTESIAN_POINT('',(7.30922568169272,0.68125,6.19625040149999));
#7538=CARTESIAN_POINT('',(7.42886785375313,0.5375,6.19625040149999));
#7539=CARTESIAN_POINT('',(7.48014307035045,0.5375,6.19625040149999));
#7540=CARTESIAN_POINT('',(7.64037812221707,0.609375,6.19625040149999));
#7541=CARTESIAN_POINT('',(7.80061317408369,0.68125,6.19625040149999));
#7542=CARTESIAN_POINT('',(7.89675420520366,0.753125,6.19625040149999));
#7543=CARTESIAN_POINT('',(7.82569344307151,0.7,2.61979026361433));
#7544=CARTESIAN_POINT('',(7.82569344307151,0.7,1.07125040149999));
#7545=CARTESIAN_POINT('',(7.17249177076654,0.825,6.1962504015));
#7546=CARTESIAN_POINT('',(7.17249177076654,0.5375,6.1962504015));
#7547=CARTESIAN_POINT('',(7.17249177076654,0.68125,6.1962504015));
#7548=CARTESIAN_POINT('',(7.89675420520366,0.753125,6.19625040149999));
#7549=CARTESIAN_POINT('',(7.82569344307151,0.7,5.21892155635831));
#7550=CARTESIAN_POINT('',(7.87326431135026,0.735563963873742,5.19598828755535));
#7551=CARTESIAN_POINT('',(7.95290989660202,0.795106974524704,5.11307794703214));
#7552=CARTESIAN_POINT('',(7.99289523632364,0.824999999999997,4.99139513139286));
#7553=CARTESIAN_POINT('',(7.99289523632364,0.825,4.92762075274091));
#7554=CARTESIAN_POINT('',(7.99289523632363,0.825,4.1590394987164));
#7555=CARTESIAN_POINT('',(7.99289523632363,0.825000000000001,4.09517873780619));
#7556=CARTESIAN_POINT('',(7.95315707096969,0.795291761992338,3.9740367293947));
#7557=CARTESIAN_POINT('',(7.87323781019007,0.735544151615994,3.89065918805295));
#7558=CARTESIAN_POINT('',(7.82569344307151,0.7,3.867738695099));
#7559=CARTESIAN_POINT('',(7.80061317408369,0.68125,6.19625040149999));
#7560=CARTESIAN_POINT('',(7.64037812221707,0.609375,6.19625040149999));
#7561=CARTESIAN_POINT('',(7.48014307035045,0.5375,6.19625040149999));
#7562=CARTESIAN_POINT('',(7.42886785375313,0.5375,6.19625040149999));
#7563=CARTESIAN_POINT('',(7.30922568169272,0.68125,6.19625040149999));
#7564=CARTESIAN_POINT('',(7.44595959261891,0.68125,6.19625040149999));
#7565=CARTESIAN_POINT('',(7.514326548082,0.69921875,6.19625040149999));
#7566=CARTESIAN_POINT('',(7.51729902440648,0.7,3.79352965643393));
#7567=CARTESIAN_POINT('',(7.53920474089403,0.705757435598376,3.79403505425599));
#7568=CARTESIAN_POINT('',(7.56100289206726,0.711486600020584,3.79589109272784));
#7569=CARTESIAN_POINT('',(7.58269350354509,0.7171875,3.79909745016609));
#7570=CARTESIAN_POINT('',(7.58269350354509,0.7171875,3.79909745016609));
#7571=CARTESIAN_POINT('',(7.58269350354509,0.7171875,6.19625040149999));
#7572=CARTESIAN_POINT('',(7.58269350354509,0.7171875,5.28756280129122));
#7573=CARTESIAN_POINT('',(7.58269350354509,0.7171875,5.28756280129122));
#7574=CARTESIAN_POINT('',(7.56100289206726,0.711486600020584,5.29076915872947));
#7575=CARTESIAN_POINT('',(7.53920474089403,0.705757435598375,5.29262519720132));
#7576=CARTESIAN_POINT('',(7.51729902440648,0.7,5.29313059502338));
#7577=CARTESIAN_POINT('',(7.68524393673972,0.77109375,6.19625040149999));
#7578=CARTESIAN_POINT('',(7.58269350354509,0.7171875,3.79909745016609));
#7579=CARTESIAN_POINT('',(7.62950069131528,0.741791978861126,3.80773488781581));
#7580=CARTESIAN_POINT('',(7.69653727123539,0.777030158981343,3.83771439350233));
#7581=CARTESIAN_POINT('',(7.76544771019344,0.813253344338662,3.911431339021));
#7582=CARTESIAN_POINT('',(7.78779436993436,0.825,3.96145857181047));
#7583=CARTESIAN_POINT('',(7.78779436993436,0.825,3.98853340562832));
#7584=CARTESIAN_POINT('',(7.78779436993436,0.825,5.09812684582899));
#7585=CARTESIAN_POINT('',(7.78779436993436,0.824999999999998,5.12537327943621));
#7586=CARTESIAN_POINT('',(7.76557359569777,0.813319516808694,5.1748986524508));
#7587=CARTESIAN_POINT('',(7.69680861996953,0.777172795070184,5.2488566211273));
#7588=CARTESIAN_POINT('',(7.62951529796126,0.741799656932155,5.27892266824363));
#7589=CARTESIAN_POINT('',(7.58269350354509,0.7171875,5.28756280129122));
#7590=CARTESIAN_POINT('',(7.89675420520366,-19.253125,6.19625040149999));
#7591=CARTESIAN_POINT('',(7.82569344307151,-19.2,2.61979026361433));
#7592=CARTESIAN_POINT('',(7.80061317408369,-19.18125,6.19625040149999));
#7593=CARTESIAN_POINT('',(7.82569344307151,-19.2,1.07125040149999));
#7594=CARTESIAN_POINT('',(7.64037812221707,-19.109375,6.19625040149999));
#7595=CARTESIAN_POINT('',(7.48014307035045,-19.0375,6.19625040149999));
#7596=CARTESIAN_POINT('',(7.17249177076654,-19.0734375,6.19625040149999));
#7597=CARTESIAN_POINT('',(7.17249177076654,-19.18125,6.19625040149999));
#7598=CARTESIAN_POINT('',(7.17249177076654,-19.0375,6.19625040149999));
#7599=CARTESIAN_POINT('',(7.42886785375313,-19.0375,6.19625040149999));
#7600=CARTESIAN_POINT('',(7.30922568169272,-19.18125,6.19625040149999));
#7601=CARTESIAN_POINT('',(7.44595959261891,-19.18125,6.19625040149999));
#7602=CARTESIAN_POINT('',(7.514326548082,-19.19921875,6.19625040149999));
#7603=CARTESIAN_POINT('',(7.51729902440648,-19.2,2.61979026361433));
#7604=CARTESIAN_POINT('',(7.58269350354509,-19.2171875,2.74360298446219));
#7605=CARTESIAN_POINT('',(7.58269350354509,-19.2171875,6.19625040149999));
#7606=CARTESIAN_POINT('',(7.58269350354509,-19.2171875,0.947437680652136));
#7607=CARTESIAN_POINT('',(7.51729902440648,-19.2,1.07125040149999));
#7608=CARTESIAN_POINT('',(7.68524393673972,-19.27109375,6.19625040149999));
#7609=CARTESIAN_POINT('',(7.54999626397578,-19.2,2.61979026361433));
#7610=CARTESIAN_POINT('',(7.54999626397578,-19.2,1.07125040149999));
#7611=CARTESIAN_POINT('',(7.68524393673972,-19.27109375,6.19625040149999));
#7612=CARTESIAN_POINT('',(7.78779436993436,-19.325,3.98853340562833));
#7613=CARTESIAN_POINT('',(7.78779436993436,-19.325,3.96128697202111));
#7614=CARTESIAN_POINT('',(7.76557359569778,-19.3133195168087,3.91176159900651));
#7615=CARTESIAN_POINT('',(7.69680861996954,-19.2771727950702,3.83780363033001));
#7616=CARTESIAN_POINT('',(7.62951529796127,-19.2417996569322,3.80773758321368));
#7617=CARTESIAN_POINT('',(7.58269350354509,-19.2171875,3.79909745016609));
#7618=CARTESIAN_POINT('',(7.58269350354509,-19.2171875,3.79909745016609));
#7619=CARTESIAN_POINT('',(7.58269350354509,-19.2171875,6.19625040149999));
#7620=CARTESIAN_POINT('',(7.58269350354509,-19.2171875,5.28756280129122));
#7621=CARTESIAN_POINT('',(7.58269350354509,-19.2171875,5.28756280129122));
#7622=CARTESIAN_POINT('',(7.62950069131528,-19.2417919788611,5.2789253636415));
#7623=CARTESIAN_POINT('',(7.69653727123539,-19.2770301589813,5.24894585795496));
#7624=CARTESIAN_POINT('',(7.76544771019345,-19.3132533443387,5.1752289124363));
#7625=CARTESIAN_POINT('',(7.78779436993436,-19.325,5.12520167964683));
#7626=CARTESIAN_POINT('',(7.78779436993436,-19.325,5.09812684582898));
#7627=CARTESIAN_POINT('',(7.514326548082,-19.19921875,6.19625040149999));
#7628=CARTESIAN_POINT('',(7.58269350354509,-19.2171875,3.79909745016609));
#7629=CARTESIAN_POINT('',(7.56100289206726,-19.2114866000206,3.79589109272784));
#7630=CARTESIAN_POINT('',(7.53920474089404,-19.2057574355984,3.79403505425599));
#7631=CARTESIAN_POINT('',(7.51729902440649,-19.2,3.79352965643393));
#7632=CARTESIAN_POINT('',(7.44595959261891,-19.18125,6.19625040149999));
#7633=CARTESIAN_POINT('',(7.51729902440649,-19.2,5.29313059502337));
#7634=CARTESIAN_POINT('',(7.53920474089404,-19.2057574355984,5.29262519720131));
#7635=CARTESIAN_POINT('',(7.56100289206726,-19.2114866000206,5.29076915872947));
#7636=CARTESIAN_POINT('',(7.58269350354509,-19.2171875,5.28756280129122));
#7637=CARTESIAN_POINT('',(7.64037812221707,-19.109375,6.19625040149999));
#7638=CARTESIAN_POINT('',(7.48014307035045,-19.0375,6.19625040149999));
#7639=CARTESIAN_POINT('',(7.80061317408369,-19.18125,6.19625040149999));
#7640=CARTESIAN_POINT('',(7.89675420520366,-19.253125,6.19625040149999));
#7641=CARTESIAN_POINT('',(7.99289523632363,-19.325,4.92762075274091));
#7642=CARTESIAN_POINT('',(7.99289523632363,-19.325,4.99148151365112));
#7643=CARTESIAN_POINT('',(7.9531570709697,-19.2952917619923,5.1126235220626));
#7644=CARTESIAN_POINT('',(7.87323781019007,-19.235544151616,5.19600106340436));
#7645=CARTESIAN_POINT('',(7.82569344307151,-19.2,5.21892155635831));
#7646=CARTESIAN_POINT('',(7.82569344307151,-19.2,3.86773869509899));
#7647=CARTESIAN_POINT('',(7.87326431135026,-19.2355639638737,3.89067196390196));
#7648=CARTESIAN_POINT('',(7.95290989660203,-19.2951069745247,3.97358230442517));
#7649=CARTESIAN_POINT('',(7.99289523632364,-19.325,4.09526512006444));
#7650=CARTESIAN_POINT('',(7.99289523632364,-19.325,4.1590394987164));
#7651=CARTESIAN_POINT('',(7.30922568169272,-19.18125,6.19625040149999));
#7652=CARTESIAN_POINT('',(7.17249177076654,-19.18125,6.19625040149999));
#7653=CARTESIAN_POINT('',(7.17249177076654,-19.0734375,6.19625040149999));
#7654=CARTESIAN_POINT('',(7.17249177076654,-19.0375,6.19625040149999));
#7655=CARTESIAN_POINT('',(7.42886785375313,-19.0375,6.19625040149999));
#7656=CARTESIAN_POINT('',(7.58269350354509,0.375,2.74479026361433));
#7657=CARTESIAN_POINT('',(7.99289523632363,0.375,2.74479026361433));
#7658=CARTESIAN_POINT('',(7.99289523632363,0.25,2.49479026361433));
#7659=CARTESIAN_POINT('',(8.24289523632363,0.375,2.49479026361433));
#7660=CARTESIAN_POINT('',(8.24289523632363,0.375,2.32003361992861));
#7661=CARTESIAN_POINT('',(8.24289523632363,0.375,1.1962504015));
#7662=CARTESIAN_POINT('',(7.99289523632363,0.25,1.1962504015));
#7663=CARTESIAN_POINT('',(8.29532308307235,0.250679680372456,0.975675926102226));
#7664=CARTESIAN_POINT('',(8.28420400762895,0.26354506923647,0.982263535230196));
#7665=CARTESIAN_POINT('',(8.26913831021661,0.280894841967192,0.991063414574886));
#7666=CARTESIAN_POINT('',(8.25116134697202,0.301282974285374,1.00107809782869));
#7667=CARTESIAN_POINT('',(8.24092172013358,0.312898178246988,1.0067976039767));
#7668=CARTESIAN_POINT('',(8.22512843663698,0.330051272060777,1.01440200325714));
#7669=CARTESIAN_POINT('',(8.20509743933078,0.350297053902268,1.02173507225825));
#7670=CARTESIAN_POINT('',(8.18905413061239,0.365343246866198,1.02603760817433));
#7671=CARTESIAN_POINT('',(8.17827565862803,0.374999868130977,1.02851798077946));
#7672=CARTESIAN_POINT('',(12.3204313395545,0.369650215311476,0.946250401499994));
#7673=CARTESIAN_POINT('',(7.99289523632365,0.369650215311478,0.946250401499995));
#7674=CARTESIAN_POINT('',(7.99289523632365,0.32806263175471,0.907149666441931));
#7675=CARTESIAN_POINT('',(7.99289523632365,0.286475048197943,0.868048931383867));
#7676=CARTESIAN_POINT('',(7.99289523632365,0.244887464641176,0.828948196325802));
#7677=CARTESIAN_POINT('',(8.19388562080265,0.376444039744629,1.0482807633781));
#7678=CARTESIAN_POINT('',(8.19075705263372,0.376313635773696,1.04447505876075));
#7679=CARTESIAN_POINT('',(8.1876284844648,0.376183231802764,1.0406693541434));
#7680=CARTESIAN_POINT('',(8.18449991629588,0.376052827831831,1.03686364952604));
#7681=CARTESIAN_POINT('',(8.13818277857343,0.374122251812666,0.980521791086217));
#7682=CARTESIAN_POINT('',(8.06591709457789,0.370249382822707,0.946547045073618));
#7683=CARTESIAN_POINT('',(7.99289523632363,0.370427658275831,0.946981355038824));
#7684=CARTESIAN_POINT('',(8.19451380082278,0.375665208570884,1.04783113749906));
#7685=CARTESIAN_POINT('',(8.19137545455416,0.375534834689137,1.04401486371856));
#7686=CARTESIAN_POINT('',(8.18823710828555,0.37540446080739,1.04019858993805));
#7687=CARTESIAN_POINT('',(8.18509876201694,0.375274086925643,1.03638231615755));
#7688=CARTESIAN_POINT('',(8.13863686363551,0.373343956364228,0.979883985696389));
#7689=CARTESIAN_POINT('',(8.06614531879124,0.369471980993319,0.945814885373689));
#7690=CARTESIAN_POINT('',(7.99289523632363,0.369650215311476,0.946250401499998));
#7691=CARTESIAN_POINT('',(8.29532308307235,0.250679680372457,0.975675926102228));
#7692=CARTESIAN_POINT('',(8.29061556366943,0.250554135152997,0.9701635306415));
#7693=CARTESIAN_POINT('',(8.28590804426651,0.250428589933536,0.964651135180771));
#7694=CARTESIAN_POINT('',(8.2812005248636,0.250303044714075,0.959138739720043));
#7695=CARTESIAN_POINT('',(8.21150767729144,0.248444400469751,0.877530040165036));
#7696=CARTESIAN_POINT('',(8.10277036002505,0.244715831594061,0.828319117476693));
#7697=CARTESIAN_POINT('',(7.99289523632363,0.244887464641174,0.828948196325805));
#7698=CARTESIAN_POINT('',(7.5,0.25,4.54333012572865));
#7699=CARTESIAN_POINT('',(8.24289523632363,0.375,4.44034144747879));
#7700=CARTESIAN_POINT('',(8.28455822398685,0.333337012336783,4.4374672899847));
#7701=CARTESIAN_POINT('',(8.32622516413991,0.291670072183723,4.43471233251702));
#7702=CARTESIAN_POINT('',(8.36789523632363,0.25,4.43205183149754));
#7703=CARTESIAN_POINT('',(8.36789523632363,0.25,4.10868086277372));
#7704=CARTESIAN_POINT('',(8.24289523632363,0.375,4.64631880397851));
#7705=CARTESIAN_POINT('',(8.28455822398687,0.333337012336761,4.6491929614726));
#7706=CARTESIAN_POINT('',(8.32622516413982,0.291670072183813,4.65194791894027));
#7707=CARTESIAN_POINT('',(8.36789523632357,0.250000000000069,4.65460841995976));
#7708=CARTESIAN_POINT('',(7.5,0.25,4.54333012572865));
#7709=CARTESIAN_POINT('',(12.3204313395545,-18.75,2.86979026361433));
#7710=CARTESIAN_POINT('',(7.99289523632363,-18.75,2.86979026361433));
#7711=CARTESIAN_POINT('',(7.99289523632363,-18.875,2.49479026361433));
#7712=CARTESIAN_POINT('',(8.36789523632363,-18.75,2.49479026361433));
#7713=CARTESIAN_POINT('',(8.36789523632363,-18.75,4.10868086277372));
#7714=CARTESIAN_POINT('',(8.36789523632363,-18.75,1.1962504015));
#7715=CARTESIAN_POINT('',(7.99289523632363,-18.875,1.1962504015));
#7716=CARTESIAN_POINT('',(8.1783090950774,-18.8749716499258,1.02851287790172));
#7717=CARTESIAN_POINT('',(8.18908320100744,-18.8653171539727,1.02603144661607));
#7718=CARTESIAN_POINT('',(8.20512071699698,-18.8502740908184,1.0217273306218));
#7719=CARTESIAN_POINT('',(8.22514548099206,-18.8300327431262,1.01439373613714));
#7720=CARTESIAN_POINT('',(8.24093580707098,-18.812882350688,1.00678997527528));
#7721=CARTESIAN_POINT('',(8.25117094545293,-18.8012722429507,1.00107300233471));
#7722=CARTESIAN_POINT('',(8.26914313827941,-18.780889341666,0.991060696387835));
#7723=CARTESIAN_POINT('',(8.28420573488005,-18.7635430707108,0.982262511902674));
#7724=CARTESIAN_POINT('',(8.29532308307231,-18.7506796803725,0.975675926102174));
#7725=CARTESIAN_POINT('',(12.3204313395545,-18.7448874646412,0.828948196325801));
#7726=CARTESIAN_POINT('',(7.99289523632365,-18.7448874646412,0.828948196325802));
#7727=CARTESIAN_POINT('',(7.99289523632365,-18.786475048198,0.868048931383867));
#7728=CARTESIAN_POINT('',(7.99289523632365,-18.8280626317547,0.907149666441932));
#7729=CARTESIAN_POINT('',(7.99289523632365,-18.8696502153115,0.946250401499996));
#7730=CARTESIAN_POINT('',(8.29666228967787,-18.7507153957828,0.977244105812474));
#7731=CARTESIAN_POINT('',(8.29150836807311,-18.7505779454265,0.97120898378166));
#7732=CARTESIAN_POINT('',(8.28635444646835,-18.7504404950703,0.965173861750847));
#7733=CARTESIAN_POINT('',(8.28120052486359,-18.7503030447141,0.959138739720034));
#7734=CARTESIAN_POINT('',(8.21150767729144,-18.7484444004698,0.877530040165036));
#7735=CARTESIAN_POINT('',(8.10277036002504,-18.744715831594,0.828319117476687));
#7736=CARTESIAN_POINT('',(7.99289523632363,-18.7448874646412,0.828948196325803));
#7737=CARTESIAN_POINT('',(8.19540660522646,-18.8757022976508,1.04891680037539));
#7738=CARTESIAN_POINT('',(8.19197065748995,-18.8755595607424,1.04473863896944));
#7739=CARTESIAN_POINT('',(8.18853470975345,-18.875416823834,1.04056047756349));
#7740=CARTESIAN_POINT('',(8.18509876201694,-18.8752740869256,1.03638231615754));
#7741=CARTESIAN_POINT('',(8.13863686363551,-18.8733439563642,0.979883985696388));
#7742=CARTESIAN_POINT('',(8.06614531879124,-18.8694719809933,0.945814885373689));
#7743=CARTESIAN_POINT('',(7.99289523632363,-18.8696502153115,0.946250401499998));
#7744=CARTESIAN_POINT('',(7.5,-18.75,4.54333012572865));
#7745=CARTESIAN_POINT('',(8.36789523632363,-18.75,4.43205183149755));
#7746=CARTESIAN_POINT('',(8.32622516413991,-18.7916700721837,4.43471233251704));
#7747=CARTESIAN_POINT('',(8.28455822398682,-18.8333370123368,4.43746728998368));
#7748=CARTESIAN_POINT('',(8.2428952363236,-18.875,4.44034144747781));
#7749=CARTESIAN_POINT('',(8.24289523632363,-18.875,4.54333012572865));
#7750=CARTESIAN_POINT('',(8.3678952363235,-18.75,4.65460841995973));
#7751=CARTESIAN_POINT('',(8.3262251641398,-18.7916700721837,4.65194791894025));
#7752=CARTESIAN_POINT('',(8.28455822398679,-18.8333370123368,4.64919296147362));
#7753=CARTESIAN_POINT('',(8.2428952363236,-18.875,4.6463188039795));
#7754=CARTESIAN_POINT('',(7.5,-18.875,4.54333012572865));
#7755=CARTESIAN_POINT('',(8.24942264657367,-19.2,1.07125040149999));
#7756=CARTESIAN_POINT('',(7.17249177076654,-19.2,1.07125040149999));
#7757=CARTESIAN_POINT('',(7.17249177076654,-19.2,1.1962504015));
#7758=CARTESIAN_POINT('',(7.04749177076654,-19.2,1.1962504015));
#7759=CARTESIAN_POINT('',(7.04749177076654,-19.2,3.34430355098575));
#7760=CARTESIAN_POINT('',(7.04749177076654,-19.2,2.49479026361433));
#7761=CARTESIAN_POINT('',(7.17249177076654,-19.2,2.49479026361433));
#7762=CARTESIAN_POINT('',(7.17249177076654,-19.2,2.61979026361433));
#7763=CARTESIAN_POINT('',(7.58269350354509,-19.2,2.61979026361433));
#7764=CARTESIAN_POINT('',(8.24942264657367,-19.2,1.07125040149999));
#7765=CARTESIAN_POINT('',(7.99289523632363,-19.2,1.07125040149999));
#7766=CARTESIAN_POINT('',(7.99289523632363,-19.2,1.1962504015));
#7767=CARTESIAN_POINT('',(8.11789523632363,-19.2,1.1962504015));
#7768=CARTESIAN_POINT('',(8.11789523632363,-19.2,2.32003361992861));
#7769=CARTESIAN_POINT('',(8.11789523632363,-19.2,2.49479026361433));
#7770=CARTESIAN_POINT('',(8.24942264657367,-19.2,2.61979026361433));
#7771=CARTESIAN_POINT('',(7.99289523632363,-19.2,2.61979026361433));
#7772=CARTESIAN_POINT('',(7.99289523632363,-19.2,2.49479026361433));
#7773=CARTESIAN_POINT('',(7.5,-19.2,4.54333012572865));
#7774=CARTESIAN_POINT('',(8.24289523632363,-19.2,4.44034144747879));
#7775=CARTESIAN_POINT('',(8.24289523632363,-19.2330582858373,4.44034144747879));
#7776=CARTESIAN_POINT('',(8.21586224992937,-19.2978087646289,4.44217921582389));
#7777=CARTESIAN_POINT('',(8.15039213279725,-19.325,4.44690433538706));
#7778=CARTESIAN_POINT('',(8.11789523632363,-19.325,4.44935950836044));
#7779=CARTESIAN_POINT('',(8.11789523632363,-19.2,3.34430355098575));
#7780=CARTESIAN_POINT('',(8.24289523632363,-19.2,4.64631880397851));
#7781=CARTESIAN_POINT('',(8.24289523632363,-19.2330582858373,4.64631880397851));
#7782=CARTESIAN_POINT('',(8.21586224992937,-19.2978087646289,4.6444810356334));
#7783=CARTESIAN_POINT('',(8.15039213279725,-19.325,4.63975591607026));
#7784=CARTESIAN_POINT('',(8.11789523632363,-19.325,4.63730074309686));
#7785=CARTESIAN_POINT('',(7.5,-19.2,4.54333012572865));
#7786=CARTESIAN_POINT('',(7.58269350354509,0.7,1.07125040149999));
#7787=CARTESIAN_POINT('',(7.17249177076654,0.7,1.07125040149999));
#7788=CARTESIAN_POINT('',(7.17249177076654,0.7,1.1962504015));
#7789=CARTESIAN_POINT('',(7.04749177076654,0.7,1.1962504015));
#7790=CARTESIAN_POINT('',(7.04749177076654,0.7,2.32003361992861));
#7791=CARTESIAN_POINT('',(7.04749177076654,0.7,2.49479026361433));
#7792=CARTESIAN_POINT('',(7.17249177076654,0.7,2.49479026361433));
#7793=CARTESIAN_POINT('',(7.17249177076654,0.7,2.61979026361433));
#7794=CARTESIAN_POINT('',(8.24942264657367,0.7,2.61979026361433));
#7795=CARTESIAN_POINT('',(7.58269350354509,0.7,1.07125040149999));
#7796=CARTESIAN_POINT('',(7.99289523632363,0.7,1.07125040149999));
#7797=CARTESIAN_POINT('',(7.99289523632363,0.7,1.1962504015));
#7798=CARTESIAN_POINT('',(8.11789523632363,0.7,1.1962504015));
#7799=CARTESIAN_POINT('',(8.11789523632363,0.7,3.34430355098575));
#7800=CARTESIAN_POINT('',(8.11789523632363,0.7,2.49479026361433));
#7801=CARTESIAN_POINT('',(7.58269350354509,0.7,2.61979026361433));
#7802=CARTESIAN_POINT('',(7.99289523632363,0.7,2.61979026361433));
#7803=CARTESIAN_POINT('',(7.99289523632363,0.7,2.49479026361433));
#7804=CARTESIAN_POINT('',(7.5,0.7,4.54333012572865));
#7805=CARTESIAN_POINT('',(7.5,0.7,4.54333012572865));
#7806=CARTESIAN_POINT('',(8.24289523632363,0.7,4.44034144747879));
#7807=CARTESIAN_POINT('',(8.24289523632363,0.73305828583727,4.44034144747879));
#7808=CARTESIAN_POINT('',(8.21586224992936,0.797808764628871,4.4421792158238));
#7809=CARTESIAN_POINT('',(8.15039213279726,0.825,4.44690433538723));
#7810=CARTESIAN_POINT('',(8.11789523632363,0.825,4.44935950836044));
#7811=CARTESIAN_POINT('',(8.11789523632363,0.7,4.54333012572865));
#7812=CARTESIAN_POINT('',(8.24289523632363,0.7,4.64631880397851));
#7813=CARTESIAN_POINT('',(8.24289523632363,0.73305828583727,4.64631880397851));
#7814=CARTESIAN_POINT('',(8.21586224992936,0.79780876462887,4.64448103563349));
#7815=CARTESIAN_POINT('',(8.15039213279726,0.825000000000001,4.63975591607008));
#7816=CARTESIAN_POINT('',(8.11789523632363,0.825,4.63730074309686));
#7817=CARTESIAN_POINT('',(7.5,0.7,4.54333012572865));
#7818=CARTESIAN_POINT('',(7.5,-19.2,4.54333012572865));
#7819=CARTESIAN_POINT('',(7.5,-18.875,4.54333012572865));
#7820=CARTESIAN_POINT('',(9.42012102301112,-18.25,2.95485670047151));
#7821=CARTESIAN_POINT('',(9.42012102301112,-18.25,2.90485670047151));
#7822=CARTESIAN_POINT('',(9.47012102301112,-18.25,2.95485670047151));
#7823=CARTESIAN_POINT('',(9.47012102301112,-18.25,3.79958012572863));
#7824=CARTESIAN_POINT('',(9.47012102301112,-18.25,4.25485670047151));
#7825=CARTESIAN_POINT('',(9.42012102301112,-18.25,4.25485670047151));
#7826=CARTESIAN_POINT('',(9.42012102301112,-18.25,4.30485670047151));
#7827=CARTESIAN_POINT('',(9.24512102301112,-18.25,4.30485670047151));
#7828=CARTESIAN_POINT('',(9.07012102301112,-18.25,4.30485670047151));
#7829=CARTESIAN_POINT('',(9.07012102301112,-18.25,4.25485670047152));
#7830=CARTESIAN_POINT('',(9.02012102301112,-18.25,4.25485670047151));
#7831=CARTESIAN_POINT('',(9.02012102301112,-18.25,3.79958012572863));
#7832=CARTESIAN_POINT('',(9.02012102301112,-18.25,2.95485670047151));
#7833=CARTESIAN_POINT('',(9.07012102301112,-18.25,2.95485670047151));
#7834=CARTESIAN_POINT('',(9.07012102301112,-18.25,2.90485670047151));
#7835=CARTESIAN_POINT('',(9.24512102301112,-18.25,2.90485670047151));
#7836=CARTESIAN_POINT('',(9.24512102301112,-18.25,2.32552033255716));
#7837=CARTESIAN_POINT('',(9.32387102301112,-18.25,2.32552033255716));
#7838=CARTESIAN_POINT('',(9.16637102301112,-18.25,2.32552033255716));
#7839=CARTESIAN_POINT('',(9.16637102301112,-18.25,2.27552033255716));
#7840=CARTESIAN_POINT('',(9.11637102301112,-18.25,2.27552033255716));
#7841=CARTESIAN_POINT('',(9.11637102301112,-18.25,1.90802033255716));
#7842=CARTESIAN_POINT('',(9.11637102301112,-18.25,1.54052033255716));
#7843=CARTESIAN_POINT('',(9.16637102301112,-18.25,1.54052033255716));
#7844=CARTESIAN_POINT('',(9.16637102301112,-18.25,1.49052033255716));
#7845=CARTESIAN_POINT('',(9.24512102301112,-18.25,1.49052033255716));
#7846=CARTESIAN_POINT('',(9.32387102301112,-18.25,1.49052033255716));
#7847=CARTESIAN_POINT('',(9.32387102301112,-18.25,1.54052033255716));
#7848=CARTESIAN_POINT('',(9.37387102301112,-18.25,1.54052033255716));
#7849=CARTESIAN_POINT('',(9.37387102301112,-18.25,1.90802033255716));
#7850=CARTESIAN_POINT('',(9.37387102301112,-18.25,2.27552033255716));
#7851=CARTESIAN_POINT('',(9.32387102301112,-18.25,2.27552033255716));
#7852=CARTESIAN_POINT('',(8.75520830067771,-0.25,2.14527697624291));
#7853=CARTESIAN_POINT('',(8.75520830067771,-0.25,1.3977769762429));
#7854=CARTESIAN_POINT('',(8.75520830067771,-0.25,2.89277697624291));
#7855=CARTESIAN_POINT('',(8.88270830067771,-0.25,2.89277697624291));
#7856=CARTESIAN_POINT('',(8.88270830067771,-0.25,3.02027697624291));
#7857=CARTESIAN_POINT('',(9.25520830067771,-0.25,3.02027697624291));
#7858=CARTESIAN_POINT('',(9.62770830067771,-0.25,3.02027697624291));
#7859=CARTESIAN_POINT('',(9.62770830067771,-0.25,2.89277697624291));
#7860=CARTESIAN_POINT('',(9.75520830067771,-0.25,2.89277697624291));
#7861=CARTESIAN_POINT('',(9.75520830067771,-0.25,2.14527697624291));
#7862=CARTESIAN_POINT('',(9.75520830067771,-0.25,1.3977769762429));
#7863=CARTESIAN_POINT('',(9.62770830067771,-0.25,1.3977769762429));
#7864=CARTESIAN_POINT('',(9.62770830067771,-0.25,1.2702769762429));
#7865=CARTESIAN_POINT('',(9.25520830067771,-0.25,1.2702769762429));
#7866=CARTESIAN_POINT('',(8.88270830067771,-0.25,1.2702769762429));
#7867=CARTESIAN_POINT('',(8.88270830067771,-0.25,1.3977769762429));
#7868=CARTESIAN_POINT('',(9.25520830067771,-0.25,4.54333012572871));
#7869=CARTESIAN_POINT('',(9.24512102301112,-18.625,5.05485670047151));
#7870=CARTESIAN_POINT('',(9.24512102301112,-18.625,5.05485670047151));
#7871=CARTESIAN_POINT('',(9.24512102301112,-18.625,4.82985670047151));
#7872=CARTESIAN_POINT('',(9.24512102301112,-18.75,5.05485670047151));
#7873=CARTESIAN_POINT('',(9.24512102301112,-18.75,4.82985670047151));
#7874=CARTESIAN_POINT('',(9.24512102301113,-18.625,5.0548567004715));
#7875=CARTESIAN_POINT('',(9.24512102301113,-18.625,5.0548567004715));
#7876=CARTESIAN_POINT('',(9.24512102301113,-18.625,4.67985670047152));
#7877=CARTESIAN_POINT('',(8.82692962580713,-18.625,3.36902614073571));
#7878=CARTESIAN_POINT('',(9.24512102301112,-18.625,5.05485670047151));
#7879=CARTESIAN_POINT('',(9.24512102301112,-18.625,5.05485670047151));
#7880=CARTESIAN_POINT('',(9.24512102301112,-18.625,4.89235670047151));
#7881=CARTESIAN_POINT('',(9.24512102301112,-18.75,5.05485670047151));
#7882=CARTESIAN_POINT('',(9.24512102301112,-18.75,4.89235670047151));
#7883=CARTESIAN_POINT('',(8.82692962580713,-18.625,3.36902614073571));
#7884=CARTESIAN_POINT('',(12.3204313395545,-18.75,4.10868086277372));
#7885=MECHANICAL_DESIGN_GEOMETRIC_PRESENTATION_REPRESENTATION('',(#4532),
#7886);
#7886=(
GEOMETRIC_REPRESENTATION_CONTEXT(3)
GLOBAL_UNCERTAINTY_ASSIGNED_CONTEXT((#7887))
GLOBAL_UNIT_ASSIGNED_CONTEXT((#7890,#7889,#7888))
REPRESENTATION_CONTEXT('VR_Body','TOP_LEVEL_ASSEMBLY_PART')
);
#7887=UNCERTAINTY_MEASURE_WITH_UNIT(LENGTH_MEASURE(0.00522192820002865),
#7890,'DISTANCE_ACCURACY_VALUE','Maximum Tolerance applied to model');
#7888=(
NAMED_UNIT(*)
SI_UNIT($,.STERADIAN.)
SOLID_ANGLE_UNIT()
);
#7889=(
NAMED_UNIT(*)
PLANE_ANGLE_UNIT()
SI_UNIT($,.RADIAN.)
);
#7890=(
LENGTH_UNIT()
NAMED_UNIT(*)
SI_UNIT(.CENTI.,.METRE.)
);
#7891=PRODUCT_DEFINITION_SHAPE('','',#7892);
#7892=PRODUCT_DEFINITION('','',#7894,#7893);
#7893=PRODUCT_DEFINITION_CONTEXT('',#7900,'design');
#7894=PRODUCT_DEFINITION_FORMATION_WITH_SPECIFIED_SOURCE('','',#7896,
 .NOT_KNOWN.);
#7895=PRODUCT_RELATED_PRODUCT_CATEGORY('','',(#7896));
#7896=PRODUCT('VR_Body','VR_Body','VR_Body',(#7898));
#7897=PRODUCT_CATEGORY('','');
#7898=PRODUCT_CONTEXT('',#7900,'mechanical');
#7899=APPLICATION_PROTOCOL_DEFINITION('international standard',
'ap242_managed_model_based_3d_engineering',2020,#7900);
#7900=APPLICATION_CONTEXT('managed model based 3d engineering');
ENDSEC;
END-ISO-10303-21;
