ISO-10303-21;
HEADER;
/* Generated by software containing ST-Developer
 * from STEP Tools, Inc. (www.steptools.com) 
 */
/* OPTION: using custom renumber hook */

FILE_DESCRIPTION(
/* description */ ('STEP AP242 Edition 2',
'CAx-IF Rec.Pracs.---Representation and Presentation of Product Manufa
cturing Information (PMI)---4.0---2014-10-13',
'CAx-IF Rec.Pracs.---3D Tessellated Geometry---0.4---2014-09-14','2;1',
'CAx-IF Rec.Pracs.---User Defined Attributes---1.5---2016-08-15'),
/* implementation_level */ '2;1');

FILE_NAME(
/* name */ 'Part Studio 1 - VR_Compute_Board',
/* time_stamp */ '2026-09-11T10:35:52Z',
/* author */ (''),
/* organization */ (''),
/* preprocessor_version */ 'ST-DEVELOPER v20',
/* originating_system */ 'ONSHAPE BY PTC INC, 1.220',
/* authorisation */ '  ');

FILE_SCHEMA (('AP242_MANAGED_MODEL_BASED_3D_ENGINEERING_MIM_LF { 1 0 10303 442 3 1 4 }'));
ENDSEC;

DATA;
#10=SHAPE_REPRESENTATION_RELATIONSHIP('','',#2043,#11);
#11=ADVANCED_BREP_SHAPE_REPRESENTATION('',(#2041),#3249);
#12=B_SPLINE_CURVE_WITH_KNOTS('',3,(#2778,#2779,#2780,#2781),
 .UNSPECIFIED.,.F.,.F.,(4,4),(0.173648177666931,0.5),
 .PIECEWISE_BEZIER_KNOTS.);
#13=B_SPLINE_CURVE_WITH_KNOTS('',3,(#2783,#2784,#2785,#2786),
 .UNSPECIFIED.,.F.,.F.,(4,4),(0.173648177666931,0.5),
 .PIECEWISE_BEZIER_KNOTS.);
#14=B_SPLINE_CURVE_WITH_KNOTS('',3,(#2815,#2816,#2817,#2818),
 .UNSPECIFIED.,.F.,.F.,(4,4),(0.5,0.826351822333318),
 .PIECEWISE_BEZIER_KNOTS.);
#15=B_SPLINE_CURVE_WITH_KNOTS('',3,(#2820,#2821,#2822,#2823),
 .UNSPECIFIED.,.F.,.F.,(4,4),(0.5,0.826351822333318),
 .PIECEWISE_BEZIER_KNOTS.);
#16=B_SPLINE_SURFACE_WITH_KNOTS('',3,1,((#2770,#2771),(#2772,#2773),(#2774,
#2775),(#2776,#2777)),.SURF_OF_LINEAR_EXTRUSION.,.F.,.F.,.F.,(4,4),(2,2),
(0.337837837837868,0.445945946310285),(0.,1.),.PIECEWISE_BEZIER_KNOTS.);
#17=B_SPLINE_SURFACE_WITH_KNOTS('',3,1,((#2807,#2808),(#2809,#2810),(#2811,
#2812),(#2813,#2814)),.SURF_OF_LINEAR_EXTRUSION.,.F.,.F.,.F.,(4,4),(2,2),
(0.554054053689716,0.662162162162132),(0.,1.),.PIECEWISE_BEZIER_KNOTS.);
#18=CIRCLE('',#2057,4.63782568992506);
#19=CIRCLE('',#2058,4.63782568992506);
#20=CIRCLE('',#2077,4.63782568992546);
#21=CIRCLE('',#2078,4.63782568992546);
#22=CIRCLE('',#2097,9.31441588174495);
#23=CIRCLE('',#2098,9.31441588174495);
#24=CIRCLE('',#2103,74.9765564910616);
#25=CIRCLE('',#2104,74.9765564910616);
#26=CIRCLE('',#2125,74.9765564910616);
#27=CIRCLE('',#2126,74.9765564910616);
#28=CIRCLE('',#2131,9.31441588174493);
#29=CIRCLE('',#2132,9.31441588174493);
#30=CYLINDRICAL_SURFACE('',#2056,4.63782568992506);
#31=CYLINDRICAL_SURFACE('',#2076,4.63782568992546);
#32=CYLINDRICAL_SURFACE('',#2096,9.31441588174495);
#33=CYLINDRICAL_SURFACE('',#2102,74.9765564910616);
#34=CYLINDRICAL_SURFACE('',#2124,74.9765564910616);
#35=CYLINDRICAL_SURFACE('',#2130,9.31441588174493);
#36=ORIENTED_EDGE('',*,*,#612,.T.);
#37=ORIENTED_EDGE('',*,*,#613,.F.);
#38=ORIENTED_EDGE('',*,*,#614,.F.);
#39=ORIENTED_EDGE('',*,*,#615,.T.);
#40=ORIENTED_EDGE('',*,*,#616,.F.);
#41=ORIENTED_EDGE('',*,*,#615,.F.);
#42=ORIENTED_EDGE('',*,*,#617,.T.);
#43=ORIENTED_EDGE('',*,*,#618,.T.);
#44=ORIENTED_EDGE('',*,*,#619,.F.);
#45=ORIENTED_EDGE('',*,*,#618,.F.);
#46=ORIENTED_EDGE('',*,*,#620,.T.);
#47=ORIENTED_EDGE('',*,*,#621,.T.);
#48=ORIENTED_EDGE('',*,*,#622,.T.);
#49=ORIENTED_EDGE('',*,*,#623,.F.);
#50=ORIENTED_EDGE('',*,*,#624,.F.);
#51=ORIENTED_EDGE('',*,*,#625,.T.);
#52=ORIENTED_EDGE('',*,*,#626,.F.);
#53=ORIENTED_EDGE('',*,*,#625,.F.);
#54=ORIENTED_EDGE('',*,*,#627,.T.);
#55=ORIENTED_EDGE('',*,*,#628,.T.);
#56=ORIENTED_EDGE('',*,*,#629,.F.);
#57=ORIENTED_EDGE('',*,*,#628,.F.);
#58=ORIENTED_EDGE('',*,*,#630,.T.);
#59=ORIENTED_EDGE('',*,*,#631,.T.);
#60=ORIENTED_EDGE('',*,*,#632,.F.);
#61=ORIENTED_EDGE('',*,*,#633,.F.);
#62=ORIENTED_EDGE('',*,*,#634,.T.);
#63=ORIENTED_EDGE('',*,*,#635,.T.);
#64=ORIENTED_EDGE('',*,*,#636,.F.);
#65=ORIENTED_EDGE('',*,*,#635,.F.);
#66=ORIENTED_EDGE('',*,*,#637,.T.);
#67=ORIENTED_EDGE('',*,*,#638,.T.);
#68=ORIENTED_EDGE('',*,*,#639,.T.);
#69=ORIENTED_EDGE('',*,*,#638,.F.);
#70=ORIENTED_EDGE('',*,*,#640,.F.);
#71=ORIENTED_EDGE('',*,*,#641,.T.);
#72=ORIENTED_EDGE('',*,*,#642,.T.);
#73=ORIENTED_EDGE('',*,*,#643,.F.);
#74=ORIENTED_EDGE('',*,*,#644,.F.);
#75=ORIENTED_EDGE('',*,*,#645,.T.);
#76=ORIENTED_EDGE('',*,*,#646,.F.);
#77=ORIENTED_EDGE('',*,*,#645,.F.);
#78=ORIENTED_EDGE('',*,*,#647,.T.);
#79=ORIENTED_EDGE('',*,*,#648,.T.);
#80=ORIENTED_EDGE('',*,*,#649,.F.);
#81=ORIENTED_EDGE('',*,*,#648,.F.);
#82=ORIENTED_EDGE('',*,*,#650,.T.);
#83=ORIENTED_EDGE('',*,*,#651,.T.);
#84=ORIENTED_EDGE('',*,*,#652,.T.);
#85=ORIENTED_EDGE('',*,*,#651,.F.);
#86=ORIENTED_EDGE('',*,*,#653,.F.);
#87=ORIENTED_EDGE('',*,*,#654,.T.);
#88=ORIENTED_EDGE('',*,*,#655,.T.);
#89=ORIENTED_EDGE('',*,*,#654,.F.);
#90=ORIENTED_EDGE('',*,*,#656,.F.);
#91=ORIENTED_EDGE('',*,*,#657,.T.);
#92=ORIENTED_EDGE('',*,*,#658,.F.);
#93=ORIENTED_EDGE('',*,*,#657,.F.);
#94=ORIENTED_EDGE('',*,*,#659,.T.);
#95=ORIENTED_EDGE('',*,*,#660,.T.);
#96=ORIENTED_EDGE('',*,*,#661,.F.);
#97=ORIENTED_EDGE('',*,*,#660,.F.);
#98=ORIENTED_EDGE('',*,*,#662,.T.);
#99=ORIENTED_EDGE('',*,*,#663,.T.);
#100=ORIENTED_EDGE('',*,*,#664,.T.);
#101=ORIENTED_EDGE('',*,*,#663,.F.);
#102=ORIENTED_EDGE('',*,*,#665,.F.);
#103=ORIENTED_EDGE('',*,*,#666,.T.);
#104=ORIENTED_EDGE('',*,*,#667,.T.);
#105=ORIENTED_EDGE('',*,*,#666,.F.);
#106=ORIENTED_EDGE('',*,*,#668,.F.);
#107=ORIENTED_EDGE('',*,*,#669,.T.);
#108=ORIENTED_EDGE('',*,*,#670,.F.);
#109=ORIENTED_EDGE('',*,*,#669,.F.);
#110=ORIENTED_EDGE('',*,*,#671,.T.);
#111=ORIENTED_EDGE('',*,*,#672,.T.);
#112=ORIENTED_EDGE('',*,*,#673,.F.);
#113=ORIENTED_EDGE('',*,*,#672,.F.);
#114=ORIENTED_EDGE('',*,*,#674,.T.);
#115=ORIENTED_EDGE('',*,*,#675,.T.);
#116=ORIENTED_EDGE('',*,*,#676,.T.);
#117=ORIENTED_EDGE('',*,*,#675,.F.);
#118=ORIENTED_EDGE('',*,*,#677,.F.);
#119=ORIENTED_EDGE('',*,*,#678,.T.);
#120=ORIENTED_EDGE('',*,*,#679,.T.);
#121=ORIENTED_EDGE('',*,*,#678,.F.);
#122=ORIENTED_EDGE('',*,*,#680,.F.);
#123=ORIENTED_EDGE('',*,*,#681,.T.);
#124=ORIENTED_EDGE('',*,*,#682,.F.);
#125=ORIENTED_EDGE('',*,*,#681,.F.);
#126=ORIENTED_EDGE('',*,*,#683,.T.);
#127=ORIENTED_EDGE('',*,*,#684,.T.);
#128=ORIENTED_EDGE('',*,*,#685,.F.);
#129=ORIENTED_EDGE('',*,*,#684,.F.);
#130=ORIENTED_EDGE('',*,*,#686,.T.);
#131=ORIENTED_EDGE('',*,*,#687,.T.);
#132=ORIENTED_EDGE('',*,*,#688,.T.);
#133=ORIENTED_EDGE('',*,*,#687,.F.);
#134=ORIENTED_EDGE('',*,*,#689,.F.);
#135=ORIENTED_EDGE('',*,*,#690,.T.);
#136=ORIENTED_EDGE('',*,*,#691,.T.);
#137=ORIENTED_EDGE('',*,*,#690,.F.);
#138=ORIENTED_EDGE('',*,*,#692,.F.);
#139=ORIENTED_EDGE('',*,*,#693,.T.);
#140=ORIENTED_EDGE('',*,*,#694,.F.);
#141=ORIENTED_EDGE('',*,*,#693,.F.);
#142=ORIENTED_EDGE('',*,*,#695,.T.);
#143=ORIENTED_EDGE('',*,*,#696,.T.);
#144=ORIENTED_EDGE('',*,*,#697,.T.);
#145=ORIENTED_EDGE('',*,*,#696,.F.);
#146=ORIENTED_EDGE('',*,*,#698,.F.);
#147=ORIENTED_EDGE('',*,*,#699,.T.);
#148=ORIENTED_EDGE('',*,*,#700,.T.);
#149=ORIENTED_EDGE('',*,*,#699,.F.);
#150=ORIENTED_EDGE('',*,*,#701,.F.);
#151=ORIENTED_EDGE('',*,*,#702,.T.);
#152=ORIENTED_EDGE('',*,*,#703,.T.);
#153=ORIENTED_EDGE('',*,*,#702,.F.);
#154=ORIENTED_EDGE('',*,*,#704,.F.);
#155=ORIENTED_EDGE('',*,*,#705,.T.);
#156=ORIENTED_EDGE('',*,*,#706,.F.);
#157=ORIENTED_EDGE('',*,*,#705,.F.);
#158=ORIENTED_EDGE('',*,*,#707,.T.);
#159=ORIENTED_EDGE('',*,*,#708,.T.);
#160=ORIENTED_EDGE('',*,*,#709,.F.);
#161=ORIENTED_EDGE('',*,*,#708,.F.);
#162=ORIENTED_EDGE('',*,*,#710,.T.);
#163=ORIENTED_EDGE('',*,*,#711,.T.);
#164=ORIENTED_EDGE('',*,*,#712,.T.);
#165=ORIENTED_EDGE('',*,*,#711,.F.);
#166=ORIENTED_EDGE('',*,*,#713,.F.);
#167=ORIENTED_EDGE('',*,*,#714,.T.);
#168=ORIENTED_EDGE('',*,*,#715,.T.);
#169=ORIENTED_EDGE('',*,*,#714,.F.);
#170=ORIENTED_EDGE('',*,*,#716,.F.);
#171=ORIENTED_EDGE('',*,*,#717,.T.);
#172=ORIENTED_EDGE('',*,*,#718,.F.);
#173=ORIENTED_EDGE('',*,*,#717,.F.);
#174=ORIENTED_EDGE('',*,*,#719,.T.);
#175=ORIENTED_EDGE('',*,*,#720,.T.);
#176=ORIENTED_EDGE('',*,*,#721,.F.);
#177=ORIENTED_EDGE('',*,*,#720,.F.);
#178=ORIENTED_EDGE('',*,*,#722,.T.);
#179=ORIENTED_EDGE('',*,*,#723,.T.);
#180=ORIENTED_EDGE('',*,*,#724,.T.);
#181=ORIENTED_EDGE('',*,*,#723,.F.);
#182=ORIENTED_EDGE('',*,*,#725,.F.);
#183=ORIENTED_EDGE('',*,*,#726,.T.);
#184=ORIENTED_EDGE('',*,*,#727,.T.);
#185=ORIENTED_EDGE('',*,*,#726,.F.);
#186=ORIENTED_EDGE('',*,*,#728,.F.);
#187=ORIENTED_EDGE('',*,*,#729,.T.);
#188=ORIENTED_EDGE('',*,*,#730,.F.);
#189=ORIENTED_EDGE('',*,*,#729,.F.);
#190=ORIENTED_EDGE('',*,*,#731,.T.);
#191=ORIENTED_EDGE('',*,*,#732,.T.);
#192=ORIENTED_EDGE('',*,*,#733,.F.);
#193=ORIENTED_EDGE('',*,*,#732,.F.);
#194=ORIENTED_EDGE('',*,*,#734,.T.);
#195=ORIENTED_EDGE('',*,*,#735,.T.);
#196=ORIENTED_EDGE('',*,*,#736,.F.);
#197=ORIENTED_EDGE('',*,*,#735,.F.);
#198=ORIENTED_EDGE('',*,*,#737,.T.);
#199=ORIENTED_EDGE('',*,*,#738,.T.);
#200=ORIENTED_EDGE('',*,*,#739,.T.);
#201=ORIENTED_EDGE('',*,*,#738,.F.);
#202=ORIENTED_EDGE('',*,*,#740,.F.);
#203=ORIENTED_EDGE('',*,*,#741,.T.);
#204=ORIENTED_EDGE('',*,*,#742,.F.);
#205=ORIENTED_EDGE('',*,*,#741,.F.);
#206=ORIENTED_EDGE('',*,*,#743,.T.);
#207=ORIENTED_EDGE('',*,*,#744,.T.);
#208=ORIENTED_EDGE('',*,*,#745,.F.);
#209=ORIENTED_EDGE('',*,*,#744,.F.);
#210=ORIENTED_EDGE('',*,*,#746,.T.);
#211=ORIENTED_EDGE('',*,*,#747,.T.);
#212=ORIENTED_EDGE('',*,*,#748,.F.);
#213=ORIENTED_EDGE('',*,*,#747,.F.);
#214=ORIENTED_EDGE('',*,*,#749,.T.);
#215=ORIENTED_EDGE('',*,*,#750,.T.);
#216=ORIENTED_EDGE('',*,*,#751,.T.);
#217=ORIENTED_EDGE('',*,*,#750,.F.);
#218=ORIENTED_EDGE('',*,*,#752,.F.);
#219=ORIENTED_EDGE('',*,*,#753,.T.);
#220=ORIENTED_EDGE('',*,*,#754,.F.);
#221=ORIENTED_EDGE('',*,*,#753,.F.);
#222=ORIENTED_EDGE('',*,*,#755,.T.);
#223=ORIENTED_EDGE('',*,*,#756,.T.);
#224=ORIENTED_EDGE('',*,*,#757,.F.);
#225=ORIENTED_EDGE('',*,*,#756,.F.);
#226=ORIENTED_EDGE('',*,*,#758,.T.);
#227=ORIENTED_EDGE('',*,*,#759,.T.);
#228=ORIENTED_EDGE('',*,*,#760,.F.);
#229=ORIENTED_EDGE('',*,*,#759,.F.);
#230=ORIENTED_EDGE('',*,*,#761,.T.);
#231=ORIENTED_EDGE('',*,*,#762,.T.);
#232=ORIENTED_EDGE('',*,*,#763,.T.);
#233=ORIENTED_EDGE('',*,*,#762,.F.);
#234=ORIENTED_EDGE('',*,*,#764,.F.);
#235=ORIENTED_EDGE('',*,*,#765,.T.);
#236=ORIENTED_EDGE('',*,*,#766,.T.);
#237=ORIENTED_EDGE('',*,*,#765,.F.);
#238=ORIENTED_EDGE('',*,*,#767,.F.);
#239=ORIENTED_EDGE('',*,*,#768,.T.);
#240=ORIENTED_EDGE('',*,*,#769,.F.);
#241=ORIENTED_EDGE('',*,*,#768,.F.);
#242=ORIENTED_EDGE('',*,*,#770,.T.);
#243=ORIENTED_EDGE('',*,*,#771,.T.);
#244=ORIENTED_EDGE('',*,*,#772,.F.);
#245=ORIENTED_EDGE('',*,*,#771,.F.);
#246=ORIENTED_EDGE('',*,*,#773,.T.);
#247=ORIENTED_EDGE('',*,*,#774,.T.);
#248=ORIENTED_EDGE('',*,*,#775,.F.);
#249=ORIENTED_EDGE('',*,*,#774,.F.);
#250=ORIENTED_EDGE('',*,*,#776,.T.);
#251=ORIENTED_EDGE('',*,*,#777,.T.);
#252=ORIENTED_EDGE('',*,*,#778,.T.);
#253=ORIENTED_EDGE('',*,*,#777,.F.);
#254=ORIENTED_EDGE('',*,*,#779,.F.);
#255=ORIENTED_EDGE('',*,*,#780,.T.);
#256=ORIENTED_EDGE('',*,*,#781,.F.);
#257=ORIENTED_EDGE('',*,*,#780,.F.);
#258=ORIENTED_EDGE('',*,*,#782,.T.);
#259=ORIENTED_EDGE('',*,*,#783,.T.);
#260=ORIENTED_EDGE('',*,*,#784,.T.);
#261=ORIENTED_EDGE('',*,*,#783,.F.);
#262=ORIENTED_EDGE('',*,*,#785,.F.);
#263=ORIENTED_EDGE('',*,*,#786,.T.);
#264=ORIENTED_EDGE('',*,*,#787,.F.);
#265=ORIENTED_EDGE('',*,*,#786,.F.);
#266=ORIENTED_EDGE('',*,*,#788,.T.);
#267=ORIENTED_EDGE('',*,*,#789,.T.);
#268=ORIENTED_EDGE('',*,*,#790,.F.);
#269=ORIENTED_EDGE('',*,*,#789,.F.);
#270=ORIENTED_EDGE('',*,*,#791,.T.);
#271=ORIENTED_EDGE('',*,*,#792,.T.);
#272=ORIENTED_EDGE('',*,*,#793,.F.);
#273=ORIENTED_EDGE('',*,*,#792,.F.);
#274=ORIENTED_EDGE('',*,*,#794,.T.);
#275=ORIENTED_EDGE('',*,*,#795,.T.);
#276=ORIENTED_EDGE('',*,*,#796,.F.);
#277=ORIENTED_EDGE('',*,*,#795,.F.);
#278=ORIENTED_EDGE('',*,*,#797,.T.);
#279=ORIENTED_EDGE('',*,*,#798,.T.);
#280=ORIENTED_EDGE('',*,*,#799,.T.);
#281=ORIENTED_EDGE('',*,*,#798,.F.);
#282=ORIENTED_EDGE('',*,*,#800,.F.);
#283=ORIENTED_EDGE('',*,*,#801,.T.);
#284=ORIENTED_EDGE('',*,*,#802,.T.);
#285=ORIENTED_EDGE('',*,*,#801,.F.);
#286=ORIENTED_EDGE('',*,*,#803,.F.);
#287=ORIENTED_EDGE('',*,*,#804,.T.);
#288=ORIENTED_EDGE('',*,*,#805,.F.);
#289=ORIENTED_EDGE('',*,*,#804,.F.);
#290=ORIENTED_EDGE('',*,*,#806,.T.);
#291=ORIENTED_EDGE('',*,*,#807,.T.);
#292=ORIENTED_EDGE('',*,*,#808,.F.);
#293=ORIENTED_EDGE('',*,*,#807,.F.);
#294=ORIENTED_EDGE('',*,*,#809,.T.);
#295=ORIENTED_EDGE('',*,*,#810,.T.);
#296=ORIENTED_EDGE('',*,*,#811,.T.);
#297=ORIENTED_EDGE('',*,*,#810,.F.);
#298=ORIENTED_EDGE('',*,*,#812,.F.);
#299=ORIENTED_EDGE('',*,*,#813,.T.);
#300=ORIENTED_EDGE('',*,*,#814,.T.);
#301=ORIENTED_EDGE('',*,*,#813,.F.);
#302=ORIENTED_EDGE('',*,*,#815,.F.);
#303=ORIENTED_EDGE('',*,*,#816,.T.);
#304=ORIENTED_EDGE('',*,*,#817,.F.);
#305=ORIENTED_EDGE('',*,*,#816,.F.);
#306=ORIENTED_EDGE('',*,*,#818,.T.);
#307=ORIENTED_EDGE('',*,*,#819,.T.);
#308=ORIENTED_EDGE('',*,*,#820,.T.);
#309=ORIENTED_EDGE('',*,*,#819,.F.);
#310=ORIENTED_EDGE('',*,*,#821,.F.);
#311=ORIENTED_EDGE('',*,*,#822,.T.);
#312=ORIENTED_EDGE('',*,*,#823,.T.);
#313=ORIENTED_EDGE('',*,*,#822,.F.);
#314=ORIENTED_EDGE('',*,*,#824,.F.);
#315=ORIENTED_EDGE('',*,*,#825,.T.);
#316=ORIENTED_EDGE('',*,*,#826,.F.);
#317=ORIENTED_EDGE('',*,*,#825,.F.);
#318=ORIENTED_EDGE('',*,*,#827,.T.);
#319=ORIENTED_EDGE('',*,*,#828,.T.);
#320=ORIENTED_EDGE('',*,*,#829,.F.);
#321=ORIENTED_EDGE('',*,*,#828,.F.);
#322=ORIENTED_EDGE('',*,*,#830,.T.);
#323=ORIENTED_EDGE('',*,*,#831,.T.);
#324=ORIENTED_EDGE('',*,*,#832,.F.);
#325=ORIENTED_EDGE('',*,*,#831,.F.);
#326=ORIENTED_EDGE('',*,*,#833,.T.);
#327=ORIENTED_EDGE('',*,*,#834,.T.);
#328=ORIENTED_EDGE('',*,*,#835,.F.);
#329=ORIENTED_EDGE('',*,*,#834,.F.);
#330=ORIENTED_EDGE('',*,*,#836,.T.);
#331=ORIENTED_EDGE('',*,*,#837,.T.);
#332=ORIENTED_EDGE('',*,*,#838,.T.);
#333=ORIENTED_EDGE('',*,*,#837,.F.);
#334=ORIENTED_EDGE('',*,*,#839,.F.);
#335=ORIENTED_EDGE('',*,*,#840,.T.);
#336=ORIENTED_EDGE('',*,*,#841,.F.);
#337=ORIENTED_EDGE('',*,*,#840,.F.);
#338=ORIENTED_EDGE('',*,*,#842,.T.);
#339=ORIENTED_EDGE('',*,*,#843,.T.);
#340=ORIENTED_EDGE('',*,*,#844,.F.);
#341=ORIENTED_EDGE('',*,*,#843,.F.);
#342=ORIENTED_EDGE('',*,*,#845,.T.);
#343=ORIENTED_EDGE('',*,*,#846,.T.);
#344=ORIENTED_EDGE('',*,*,#847,.F.);
#345=ORIENTED_EDGE('',*,*,#846,.F.);
#346=ORIENTED_EDGE('',*,*,#848,.T.);
#347=ORIENTED_EDGE('',*,*,#849,.T.);
#348=ORIENTED_EDGE('',*,*,#850,.T.);
#349=ORIENTED_EDGE('',*,*,#849,.F.);
#350=ORIENTED_EDGE('',*,*,#851,.F.);
#351=ORIENTED_EDGE('',*,*,#852,.T.);
#352=ORIENTED_EDGE('',*,*,#853,.F.);
#353=ORIENTED_EDGE('',*,*,#852,.F.);
#354=ORIENTED_EDGE('',*,*,#854,.T.);
#355=ORIENTED_EDGE('',*,*,#855,.T.);
#356=ORIENTED_EDGE('',*,*,#856,.T.);
#357=ORIENTED_EDGE('',*,*,#855,.F.);
#358=ORIENTED_EDGE('',*,*,#857,.F.);
#359=ORIENTED_EDGE('',*,*,#858,.T.);
#360=ORIENTED_EDGE('',*,*,#859,.F.);
#361=ORIENTED_EDGE('',*,*,#858,.F.);
#362=ORIENTED_EDGE('',*,*,#860,.T.);
#363=ORIENTED_EDGE('',*,*,#861,.T.);
#364=ORIENTED_EDGE('',*,*,#862,.F.);
#365=ORIENTED_EDGE('',*,*,#861,.F.);
#366=ORIENTED_EDGE('',*,*,#863,.T.);
#367=ORIENTED_EDGE('',*,*,#864,.T.);
#368=ORIENTED_EDGE('',*,*,#865,.T.);
#369=ORIENTED_EDGE('',*,*,#864,.F.);
#370=ORIENTED_EDGE('',*,*,#866,.F.);
#371=ORIENTED_EDGE('',*,*,#867,.T.);
#372=ORIENTED_EDGE('',*,*,#868,.T.);
#373=ORIENTED_EDGE('',*,*,#867,.F.);
#374=ORIENTED_EDGE('',*,*,#869,.F.);
#375=ORIENTED_EDGE('',*,*,#870,.T.);
#376=ORIENTED_EDGE('',*,*,#871,.F.);
#377=ORIENTED_EDGE('',*,*,#870,.F.);
#378=ORIENTED_EDGE('',*,*,#872,.T.);
#379=ORIENTED_EDGE('',*,*,#873,.T.);
#380=ORIENTED_EDGE('',*,*,#874,.F.);
#381=ORIENTED_EDGE('',*,*,#873,.F.);
#382=ORIENTED_EDGE('',*,*,#875,.T.);
#383=ORIENTED_EDGE('',*,*,#876,.T.);
#384=ORIENTED_EDGE('',*,*,#877,.T.);
#385=ORIENTED_EDGE('',*,*,#876,.F.);
#386=ORIENTED_EDGE('',*,*,#878,.F.);
#387=ORIENTED_EDGE('',*,*,#879,.T.);
#388=ORIENTED_EDGE('',*,*,#880,.T.);
#389=ORIENTED_EDGE('',*,*,#879,.F.);
#390=ORIENTED_EDGE('',*,*,#881,.F.);
#391=ORIENTED_EDGE('',*,*,#882,.T.);
#392=ORIENTED_EDGE('',*,*,#883,.T.);
#393=ORIENTED_EDGE('',*,*,#882,.F.);
#394=ORIENTED_EDGE('',*,*,#884,.F.);
#395=ORIENTED_EDGE('',*,*,#885,.T.);
#396=ORIENTED_EDGE('',*,*,#886,.F.);
#397=ORIENTED_EDGE('',*,*,#885,.F.);
#398=ORIENTED_EDGE('',*,*,#887,.T.);
#399=ORIENTED_EDGE('',*,*,#888,.T.);
#400=ORIENTED_EDGE('',*,*,#889,.F.);
#401=ORIENTED_EDGE('',*,*,#888,.F.);
#402=ORIENTED_EDGE('',*,*,#890,.T.);
#403=ORIENTED_EDGE('',*,*,#891,.T.);
#404=ORIENTED_EDGE('',*,*,#892,.T.);
#405=ORIENTED_EDGE('',*,*,#631,.F.);
#406=ORIENTED_EDGE('',*,*,#893,.F.);
#407=ORIENTED_EDGE('',*,*,#623,.T.);
#408=ORIENTED_EDGE('',*,*,#894,.T.);
#409=ORIENTED_EDGE('',*,*,#641,.F.);
#410=ORIENTED_EDGE('',*,*,#895,.F.);
#411=ORIENTED_EDGE('',*,*,#633,.T.);
#412=ORIENTED_EDGE('',*,*,#896,.T.);
#413=ORIENTED_EDGE('',*,*,#891,.F.);
#414=ORIENTED_EDGE('',*,*,#897,.F.);
#415=ORIENTED_EDGE('',*,*,#643,.T.);
#416=ORIENTED_EDGE('',*,*,#898,.T.);
#417=ORIENTED_EDGE('',*,*,#621,.F.);
#418=ORIENTED_EDGE('',*,*,#899,.F.);
#419=ORIENTED_EDGE('',*,*,#613,.T.);
#420=ORIENTED_EDGE('',*,*,#644,.T.);
#421=ORIENTED_EDGE('',*,*,#897,.T.);
#422=ORIENTED_EDGE('',*,*,#890,.F.);
#423=ORIENTED_EDGE('',*,*,#887,.F.);
#424=ORIENTED_EDGE('',*,*,#884,.T.);
#425=ORIENTED_EDGE('',*,*,#881,.T.);
#426=ORIENTED_EDGE('',*,*,#878,.T.);
#427=ORIENTED_EDGE('',*,*,#875,.F.);
#428=ORIENTED_EDGE('',*,*,#872,.F.);
#429=ORIENTED_EDGE('',*,*,#869,.T.);
#430=ORIENTED_EDGE('',*,*,#866,.T.);
#431=ORIENTED_EDGE('',*,*,#863,.F.);
#432=ORIENTED_EDGE('',*,*,#860,.F.);
#433=ORIENTED_EDGE('',*,*,#857,.T.);
#434=ORIENTED_EDGE('',*,*,#854,.F.);
#435=ORIENTED_EDGE('',*,*,#851,.T.);
#436=ORIENTED_EDGE('',*,*,#848,.F.);
#437=ORIENTED_EDGE('',*,*,#845,.F.);
#438=ORIENTED_EDGE('',*,*,#842,.F.);
#439=ORIENTED_EDGE('',*,*,#839,.T.);
#440=ORIENTED_EDGE('',*,*,#836,.F.);
#441=ORIENTED_EDGE('',*,*,#833,.F.);
#442=ORIENTED_EDGE('',*,*,#830,.F.);
#443=ORIENTED_EDGE('',*,*,#827,.F.);
#444=ORIENTED_EDGE('',*,*,#824,.T.);
#445=ORIENTED_EDGE('',*,*,#821,.T.);
#446=ORIENTED_EDGE('',*,*,#818,.F.);
#447=ORIENTED_EDGE('',*,*,#815,.T.);
#448=ORIENTED_EDGE('',*,*,#812,.T.);
#449=ORIENTED_EDGE('',*,*,#809,.F.);
#450=ORIENTED_EDGE('',*,*,#806,.F.);
#451=ORIENTED_EDGE('',*,*,#803,.T.);
#452=ORIENTED_EDGE('',*,*,#800,.T.);
#453=ORIENTED_EDGE('',*,*,#797,.F.);
#454=ORIENTED_EDGE('',*,*,#794,.F.);
#455=ORIENTED_EDGE('',*,*,#791,.F.);
#456=ORIENTED_EDGE('',*,*,#788,.F.);
#457=ORIENTED_EDGE('',*,*,#785,.T.);
#458=ORIENTED_EDGE('',*,*,#782,.F.);
#459=ORIENTED_EDGE('',*,*,#779,.T.);
#460=ORIENTED_EDGE('',*,*,#776,.F.);
#461=ORIENTED_EDGE('',*,*,#773,.F.);
#462=ORIENTED_EDGE('',*,*,#770,.F.);
#463=ORIENTED_EDGE('',*,*,#767,.T.);
#464=ORIENTED_EDGE('',*,*,#764,.T.);
#465=ORIENTED_EDGE('',*,*,#761,.F.);
#466=ORIENTED_EDGE('',*,*,#758,.F.);
#467=ORIENTED_EDGE('',*,*,#755,.F.);
#468=ORIENTED_EDGE('',*,*,#752,.T.);
#469=ORIENTED_EDGE('',*,*,#749,.F.);
#470=ORIENTED_EDGE('',*,*,#746,.F.);
#471=ORIENTED_EDGE('',*,*,#743,.F.);
#472=ORIENTED_EDGE('',*,*,#740,.T.);
#473=ORIENTED_EDGE('',*,*,#737,.F.);
#474=ORIENTED_EDGE('',*,*,#734,.F.);
#475=ORIENTED_EDGE('',*,*,#731,.F.);
#476=ORIENTED_EDGE('',*,*,#728,.T.);
#477=ORIENTED_EDGE('',*,*,#725,.T.);
#478=ORIENTED_EDGE('',*,*,#722,.F.);
#479=ORIENTED_EDGE('',*,*,#719,.F.);
#480=ORIENTED_EDGE('',*,*,#716,.T.);
#481=ORIENTED_EDGE('',*,*,#713,.T.);
#482=ORIENTED_EDGE('',*,*,#710,.F.);
#483=ORIENTED_EDGE('',*,*,#707,.F.);
#484=ORIENTED_EDGE('',*,*,#704,.T.);
#485=ORIENTED_EDGE('',*,*,#701,.T.);
#486=ORIENTED_EDGE('',*,*,#698,.T.);
#487=ORIENTED_EDGE('',*,*,#695,.F.);
#488=ORIENTED_EDGE('',*,*,#692,.T.);
#489=ORIENTED_EDGE('',*,*,#689,.T.);
#490=ORIENTED_EDGE('',*,*,#686,.F.);
#491=ORIENTED_EDGE('',*,*,#683,.F.);
#492=ORIENTED_EDGE('',*,*,#680,.T.);
#493=ORIENTED_EDGE('',*,*,#677,.T.);
#494=ORIENTED_EDGE('',*,*,#674,.F.);
#495=ORIENTED_EDGE('',*,*,#671,.F.);
#496=ORIENTED_EDGE('',*,*,#668,.T.);
#497=ORIENTED_EDGE('',*,*,#665,.T.);
#498=ORIENTED_EDGE('',*,*,#662,.F.);
#499=ORIENTED_EDGE('',*,*,#659,.F.);
#500=ORIENTED_EDGE('',*,*,#656,.T.);
#501=ORIENTED_EDGE('',*,*,#653,.T.);
#502=ORIENTED_EDGE('',*,*,#650,.F.);
#503=ORIENTED_EDGE('',*,*,#647,.F.);
#504=ORIENTED_EDGE('',*,*,#634,.F.);
#505=ORIENTED_EDGE('',*,*,#895,.T.);
#506=ORIENTED_EDGE('',*,*,#640,.T.);
#507=ORIENTED_EDGE('',*,*,#637,.F.);
#508=ORIENTED_EDGE('',*,*,#624,.T.);
#509=ORIENTED_EDGE('',*,*,#893,.T.);
#510=ORIENTED_EDGE('',*,*,#630,.F.);
#511=ORIENTED_EDGE('',*,*,#627,.F.);
#512=ORIENTED_EDGE('',*,*,#614,.T.);
#513=ORIENTED_EDGE('',*,*,#899,.T.);
#514=ORIENTED_EDGE('',*,*,#620,.F.);
#515=ORIENTED_EDGE('',*,*,#617,.F.);
#516=ORIENTED_EDGE('',*,*,#642,.F.);
#517=ORIENTED_EDGE('',*,*,#646,.T.);
#518=ORIENTED_EDGE('',*,*,#649,.T.);
#519=ORIENTED_EDGE('',*,*,#652,.F.);
#520=ORIENTED_EDGE('',*,*,#655,.F.);
#521=ORIENTED_EDGE('',*,*,#658,.T.);
#522=ORIENTED_EDGE('',*,*,#661,.T.);
#523=ORIENTED_EDGE('',*,*,#664,.F.);
#524=ORIENTED_EDGE('',*,*,#667,.F.);
#525=ORIENTED_EDGE('',*,*,#670,.T.);
#526=ORIENTED_EDGE('',*,*,#673,.T.);
#527=ORIENTED_EDGE('',*,*,#676,.F.);
#528=ORIENTED_EDGE('',*,*,#679,.F.);
#529=ORIENTED_EDGE('',*,*,#682,.T.);
#530=ORIENTED_EDGE('',*,*,#685,.T.);
#531=ORIENTED_EDGE('',*,*,#688,.F.);
#532=ORIENTED_EDGE('',*,*,#691,.F.);
#533=ORIENTED_EDGE('',*,*,#694,.T.);
#534=ORIENTED_EDGE('',*,*,#697,.F.);
#535=ORIENTED_EDGE('',*,*,#700,.F.);
#536=ORIENTED_EDGE('',*,*,#703,.F.);
#537=ORIENTED_EDGE('',*,*,#706,.T.);
#538=ORIENTED_EDGE('',*,*,#709,.T.);
#539=ORIENTED_EDGE('',*,*,#712,.F.);
#540=ORIENTED_EDGE('',*,*,#715,.F.);
#541=ORIENTED_EDGE('',*,*,#718,.T.);
#542=ORIENTED_EDGE('',*,*,#721,.T.);
#543=ORIENTED_EDGE('',*,*,#724,.F.);
#544=ORIENTED_EDGE('',*,*,#727,.F.);
#545=ORIENTED_EDGE('',*,*,#730,.T.);
#546=ORIENTED_EDGE('',*,*,#733,.T.);
#547=ORIENTED_EDGE('',*,*,#736,.T.);
#548=ORIENTED_EDGE('',*,*,#739,.F.);
#549=ORIENTED_EDGE('',*,*,#742,.T.);
#550=ORIENTED_EDGE('',*,*,#745,.T.);
#551=ORIENTED_EDGE('',*,*,#748,.T.);
#552=ORIENTED_EDGE('',*,*,#751,.F.);
#553=ORIENTED_EDGE('',*,*,#754,.T.);
#554=ORIENTED_EDGE('',*,*,#757,.T.);
#555=ORIENTED_EDGE('',*,*,#760,.T.);
#556=ORIENTED_EDGE('',*,*,#763,.F.);
#557=ORIENTED_EDGE('',*,*,#766,.F.);
#558=ORIENTED_EDGE('',*,*,#769,.T.);
#559=ORIENTED_EDGE('',*,*,#772,.T.);
#560=ORIENTED_EDGE('',*,*,#775,.T.);
#561=ORIENTED_EDGE('',*,*,#778,.F.);
#562=ORIENTED_EDGE('',*,*,#781,.T.);
#563=ORIENTED_EDGE('',*,*,#784,.F.);
#564=ORIENTED_EDGE('',*,*,#787,.T.);
#565=ORIENTED_EDGE('',*,*,#790,.T.);
#566=ORIENTED_EDGE('',*,*,#793,.T.);
#567=ORIENTED_EDGE('',*,*,#796,.T.);
#568=ORIENTED_EDGE('',*,*,#799,.F.);
#569=ORIENTED_EDGE('',*,*,#802,.F.);
#570=ORIENTED_EDGE('',*,*,#805,.T.);
#571=ORIENTED_EDGE('',*,*,#808,.T.);
#572=ORIENTED_EDGE('',*,*,#811,.F.);
#573=ORIENTED_EDGE('',*,*,#814,.F.);
#574=ORIENTED_EDGE('',*,*,#817,.T.);
#575=ORIENTED_EDGE('',*,*,#820,.F.);
#576=ORIENTED_EDGE('',*,*,#823,.F.);
#577=ORIENTED_EDGE('',*,*,#826,.T.);
#578=ORIENTED_EDGE('',*,*,#829,.T.);
#579=ORIENTED_EDGE('',*,*,#832,.T.);
#580=ORIENTED_EDGE('',*,*,#835,.T.);
#581=ORIENTED_EDGE('',*,*,#838,.F.);
#582=ORIENTED_EDGE('',*,*,#841,.T.);
#583=ORIENTED_EDGE('',*,*,#844,.T.);
#584=ORIENTED_EDGE('',*,*,#847,.T.);
#585=ORIENTED_EDGE('',*,*,#850,.F.);
#586=ORIENTED_EDGE('',*,*,#853,.T.);
#587=ORIENTED_EDGE('',*,*,#856,.F.);
#588=ORIENTED_EDGE('',*,*,#859,.T.);
#589=ORIENTED_EDGE('',*,*,#862,.T.);
#590=ORIENTED_EDGE('',*,*,#865,.F.);
#591=ORIENTED_EDGE('',*,*,#868,.F.);
#592=ORIENTED_EDGE('',*,*,#871,.T.);
#593=ORIENTED_EDGE('',*,*,#874,.T.);
#594=ORIENTED_EDGE('',*,*,#877,.F.);
#595=ORIENTED_EDGE('',*,*,#880,.F.);
#596=ORIENTED_EDGE('',*,*,#883,.F.);
#597=ORIENTED_EDGE('',*,*,#886,.T.);
#598=ORIENTED_EDGE('',*,*,#889,.T.);
#599=ORIENTED_EDGE('',*,*,#896,.F.);
#600=ORIENTED_EDGE('',*,*,#632,.T.);
#601=ORIENTED_EDGE('',*,*,#636,.T.);
#602=ORIENTED_EDGE('',*,*,#639,.F.);
#603=ORIENTED_EDGE('',*,*,#894,.F.);
#604=ORIENTED_EDGE('',*,*,#622,.F.);
#605=ORIENTED_EDGE('',*,*,#626,.T.);
#606=ORIENTED_EDGE('',*,*,#629,.T.);
#607=ORIENTED_EDGE('',*,*,#892,.F.);
#608=ORIENTED_EDGE('',*,*,#612,.F.);
#609=ORIENTED_EDGE('',*,*,#616,.T.);
#610=ORIENTED_EDGE('',*,*,#619,.T.);
#611=ORIENTED_EDGE('',*,*,#898,.F.);
#612=EDGE_CURVE('',#900,#901,#1092,.T.);
#613=EDGE_CURVE('',#902,#901,#1093,.T.);
#614=EDGE_CURVE('',#903,#902,#1094,.T.);
#615=EDGE_CURVE('',#903,#900,#1095,.T.);
#616=EDGE_CURVE('',#900,#904,#1096,.T.);
#617=EDGE_CURVE('',#903,#905,#1097,.T.);
#618=EDGE_CURVE('',#905,#904,#1098,.T.);
#619=EDGE_CURVE('',#904,#906,#1099,.T.);
#620=EDGE_CURVE('',#905,#907,#1100,.T.);
#621=EDGE_CURVE('',#907,#906,#1101,.T.);
#622=EDGE_CURVE('',#908,#909,#1102,.T.);
#623=EDGE_CURVE('',#910,#909,#1103,.T.);
#624=EDGE_CURVE('',#911,#910,#1104,.T.);
#625=EDGE_CURVE('',#911,#908,#1105,.T.);
#626=EDGE_CURVE('',#908,#912,#1106,.T.);
#627=EDGE_CURVE('',#911,#913,#1107,.T.);
#628=EDGE_CURVE('',#913,#912,#1108,.T.);
#629=EDGE_CURVE('',#912,#914,#1109,.T.);
#630=EDGE_CURVE('',#913,#915,#1110,.T.);
#631=EDGE_CURVE('',#915,#914,#1111,.T.);
#632=EDGE_CURVE('',#916,#917,#1112,.T.);
#633=EDGE_CURVE('',#918,#916,#1113,.T.);
#634=EDGE_CURVE('',#918,#919,#1114,.T.);
#635=EDGE_CURVE('',#919,#917,#1115,.T.);
#636=EDGE_CURVE('',#917,#920,#1116,.T.);
#637=EDGE_CURVE('',#919,#921,#1117,.T.);
#638=EDGE_CURVE('',#921,#920,#1118,.T.);
#639=EDGE_CURVE('',#922,#920,#1119,.T.);
#640=EDGE_CURVE('',#923,#921,#1120,.T.);
#641=EDGE_CURVE('',#923,#922,#1121,.T.);
#642=EDGE_CURVE('',#924,#925,#1122,.T.);
#643=EDGE_CURVE('',#926,#925,#1123,.T.);
#644=EDGE_CURVE('',#927,#926,#1124,.T.);
#645=EDGE_CURVE('',#927,#924,#1125,.T.);
#646=EDGE_CURVE('',#924,#928,#1126,.T.);
#647=EDGE_CURVE('',#927,#929,#1127,.T.);
#648=EDGE_CURVE('',#929,#928,#1128,.T.);
#649=EDGE_CURVE('',#928,#930,#18,.T.);
#650=EDGE_CURVE('',#929,#931,#19,.T.);
#651=EDGE_CURVE('',#931,#930,#1129,.T.);
#652=EDGE_CURVE('',#932,#930,#1130,.T.);
#653=EDGE_CURVE('',#933,#931,#1131,.T.);
#654=EDGE_CURVE('',#933,#932,#1132,.T.);
#655=EDGE_CURVE('',#934,#932,#1133,.T.);
#656=EDGE_CURVE('',#935,#933,#1134,.T.);
#657=EDGE_CURVE('',#935,#934,#1135,.T.);
#658=EDGE_CURVE('',#934,#936,#1136,.T.);
#659=EDGE_CURVE('',#935,#937,#1137,.T.);
#660=EDGE_CURVE('',#937,#936,#1138,.T.);
#661=EDGE_CURVE('',#936,#938,#1139,.T.);
#662=EDGE_CURVE('',#937,#939,#1140,.T.);
#663=EDGE_CURVE('',#939,#938,#1141,.T.);
#664=EDGE_CURVE('',#940,#938,#1142,.T.);
#665=EDGE_CURVE('',#941,#939,#1143,.T.);
#666=EDGE_CURVE('',#941,#940,#1144,.T.);
#667=EDGE_CURVE('',#942,#940,#1145,.T.);
#668=EDGE_CURVE('',#943,#941,#1146,.T.);
#669=EDGE_CURVE('',#943,#942,#1147,.T.);
#670=EDGE_CURVE('',#942,#944,#1148,.T.);
#671=EDGE_CURVE('',#943,#945,#1149,.T.);
#672=EDGE_CURVE('',#945,#944,#1150,.T.);
#673=EDGE_CURVE('',#944,#946,#12,.T.);
#674=EDGE_CURVE('',#945,#947,#13,.T.);
#675=EDGE_CURVE('',#947,#946,#1151,.T.);
#676=EDGE_CURVE('',#948,#946,#1152,.T.);
#677=EDGE_CURVE('',#949,#947,#1153,.T.);
#678=EDGE_CURVE('',#949,#948,#1154,.T.);
#679=EDGE_CURVE('',#950,#948,#1155,.T.);
#680=EDGE_CURVE('',#951,#949,#1156,.T.);
#681=EDGE_CURVE('',#951,#950,#1157,.T.);
#682=EDGE_CURVE('',#950,#952,#1158,.T.);
#683=EDGE_CURVE('',#951,#953,#1159,.T.);
#684=EDGE_CURVE('',#953,#952,#1160,.T.);
#685=EDGE_CURVE('',#952,#954,#14,.T.);
#686=EDGE_CURVE('',#953,#955,#15,.T.);
#687=EDGE_CURVE('',#955,#954,#1161,.T.);
#688=EDGE_CURVE('',#956,#954,#1162,.T.);
#689=EDGE_CURVE('',#957,#955,#1163,.T.);
#690=EDGE_CURVE('',#957,#956,#1164,.T.);
#691=EDGE_CURVE('',#958,#956,#1165,.T.);
#692=EDGE_CURVE('',#959,#957,#1166,.T.);
#693=EDGE_CURVE('',#959,#958,#1167,.T.);
#694=EDGE_CURVE('',#958,#960,#1168,.T.);
#695=EDGE_CURVE('',#959,#961,#1169,.T.);
#696=EDGE_CURVE('',#961,#960,#1170,.T.);
#697=EDGE_CURVE('',#962,#960,#1171,.T.);
#698=EDGE_CURVE('',#963,#961,#1172,.T.);
#699=EDGE_CURVE('',#963,#962,#1173,.T.);
#700=EDGE_CURVE('',#964,#962,#1174,.T.);
#701=EDGE_CURVE('',#965,#963,#1175,.T.);
#702=EDGE_CURVE('',#965,#964,#1176,.T.);
#703=EDGE_CURVE('',#966,#964,#1177,.T.);
#704=EDGE_CURVE('',#967,#965,#1178,.T.);
#705=EDGE_CURVE('',#967,#966,#1179,.T.);
#706=EDGE_CURVE('',#966,#968,#1180,.T.);
#707=EDGE_CURVE('',#967,#969,#1181,.T.);
#708=EDGE_CURVE('',#969,#968,#1182,.T.);
#709=EDGE_CURVE('',#968,#970,#20,.T.);
#710=EDGE_CURVE('',#969,#971,#21,.T.);
#711=EDGE_CURVE('',#971,#970,#1183,.T.);
#712=EDGE_CURVE('',#972,#970,#1184,.T.);
#713=EDGE_CURVE('',#973,#971,#1185,.T.);
#714=EDGE_CURVE('',#973,#972,#1186,.T.);
#715=EDGE_CURVE('',#974,#972,#1187,.T.);
#716=EDGE_CURVE('',#975,#973,#1188,.T.);
#717=EDGE_CURVE('',#975,#974,#1189,.T.);
#718=EDGE_CURVE('',#974,#976,#1190,.T.);
#719=EDGE_CURVE('',#975,#977,#1191,.T.);
#720=EDGE_CURVE('',#977,#976,#1192,.T.);
#721=EDGE_CURVE('',#976,#978,#1193,.T.);
#722=EDGE_CURVE('',#977,#979,#1194,.T.);
#723=EDGE_CURVE('',#979,#978,#1195,.T.);
#724=EDGE_CURVE('',#980,#978,#1196,.T.);
#725=EDGE_CURVE('',#981,#979,#1197,.T.);
#726=EDGE_CURVE('',#981,#980,#1198,.T.);
#727=EDGE_CURVE('',#982,#980,#1199,.T.);
#728=EDGE_CURVE('',#983,#981,#1200,.T.);
#729=EDGE_CURVE('',#983,#982,#1201,.T.);
#730=EDGE_CURVE('',#982,#984,#1202,.T.);
#731=EDGE_CURVE('',#983,#985,#1203,.T.);
#732=EDGE_CURVE('',#985,#984,#1204,.T.);
#733=EDGE_CURVE('',#984,#986,#1205,.T.);
#734=EDGE_CURVE('',#985,#987,#1206,.T.);
#735=EDGE_CURVE('',#987,#986,#1207,.T.);
#736=EDGE_CURVE('',#986,#988,#1208,.T.);
#737=EDGE_CURVE('',#987,#989,#1209,.T.);
#738=EDGE_CURVE('',#989,#988,#1210,.T.);
#739=EDGE_CURVE('',#990,#988,#1211,.T.);
#740=EDGE_CURVE('',#991,#989,#1212,.T.);
#741=EDGE_CURVE('',#991,#990,#1213,.T.);
#742=EDGE_CURVE('',#990,#992,#1214,.T.);
#743=EDGE_CURVE('',#991,#993,#1215,.T.);
#744=EDGE_CURVE('',#993,#992,#1216,.T.);
#745=EDGE_CURVE('',#992,#994,#1217,.T.);
#746=EDGE_CURVE('',#993,#995,#1218,.T.);
#747=EDGE_CURVE('',#995,#994,#1219,.T.);
#748=EDGE_CURVE('',#994,#996,#1220,.T.);
#749=EDGE_CURVE('',#995,#997,#1221,.T.);
#750=EDGE_CURVE('',#997,#996,#1222,.T.);
#751=EDGE_CURVE('',#998,#996,#1223,.T.);
#752=EDGE_CURVE('',#999,#997,#1224,.T.);
#753=EDGE_CURVE('',#999,#998,#1225,.T.);
#754=EDGE_CURVE('',#998,#1000,#1226,.T.);
#755=EDGE_CURVE('',#999,#1001,#1227,.T.);
#756=EDGE_CURVE('',#1001,#1000,#1228,.T.);
#757=EDGE_CURVE('',#1000,#1002,#1229,.T.);
#758=EDGE_CURVE('',#1001,#1003,#1230,.T.);
#759=EDGE_CURVE('',#1003,#1002,#1231,.T.);
#760=EDGE_CURVE('',#1002,#1004,#1232,.T.);
#761=EDGE_CURVE('',#1003,#1005,#1233,.T.);
#762=EDGE_CURVE('',#1005,#1004,#1234,.T.);
#763=EDGE_CURVE('',#1006,#1004,#22,.F.);
#764=EDGE_CURVE('',#1007,#1005,#23,.F.);
#765=EDGE_CURVE('',#1007,#1006,#1235,.T.);
#766=EDGE_CURVE('',#1008,#1006,#1236,.T.);
#767=EDGE_CURVE('',#1009,#1007,#1237,.T.);
#768=EDGE_CURVE('',#1009,#1008,#1238,.T.);
#769=EDGE_CURVE('',#1008,#1010,#1239,.T.);
#770=EDGE_CURVE('',#1009,#1011,#1240,.T.);
#771=EDGE_CURVE('',#1011,#1010,#1241,.T.);
#772=EDGE_CURVE('',#1010,#1012,#1242,.T.);
#773=EDGE_CURVE('',#1011,#1013,#1243,.T.);
#774=EDGE_CURVE('',#1013,#1012,#1244,.T.);
#775=EDGE_CURVE('',#1012,#1014,#24,.T.);
#776=EDGE_CURVE('',#1013,#1015,#25,.T.);
#777=EDGE_CURVE('',#1015,#1014,#1245,.T.);
#778=EDGE_CURVE('',#1016,#1014,#1246,.T.);
#779=EDGE_CURVE('',#1017,#1015,#1247,.T.);
#780=EDGE_CURVE('',#1017,#1016,#1248,.T.);
#781=EDGE_CURVE('',#1016,#1018,#1249,.T.);
#782=EDGE_CURVE('',#1017,#1019,#1250,.T.);
#783=EDGE_CURVE('',#1019,#1018,#1251,.T.);
#784=EDGE_CURVE('',#1020,#1018,#1252,.T.);
#785=EDGE_CURVE('',#1021,#1019,#1253,.T.);
#786=EDGE_CURVE('',#1021,#1020,#1254,.T.);
#787=EDGE_CURVE('',#1020,#1022,#1255,.T.);
#788=EDGE_CURVE('',#1021,#1023,#1256,.T.);
#789=EDGE_CURVE('',#1023,#1022,#1257,.T.);
#790=EDGE_CURVE('',#1022,#1024,#1258,.T.);
#791=EDGE_CURVE('',#1023,#1025,#1259,.T.);
#792=EDGE_CURVE('',#1025,#1024,#1260,.T.);
#793=EDGE_CURVE('',#1024,#1026,#1261,.T.);
#794=EDGE_CURVE('',#1025,#1027,#1262,.T.);
#795=EDGE_CURVE('',#1027,#1026,#1263,.T.);
#796=EDGE_CURVE('',#1026,#1028,#1264,.T.);
#797=EDGE_CURVE('',#1027,#1029,#1265,.T.);
#798=EDGE_CURVE('',#1029,#1028,#1266,.T.);
#799=EDGE_CURVE('',#1030,#1028,#1267,.T.);
#800=EDGE_CURVE('',#1031,#1029,#1268,.T.);
#801=EDGE_CURVE('',#1031,#1030,#1269,.T.);
#802=EDGE_CURVE('',#1032,#1030,#1270,.T.);
#803=EDGE_CURVE('',#1033,#1031,#1271,.T.);
#804=EDGE_CURVE('',#1033,#1032,#1272,.T.);
#805=EDGE_CURVE('',#1032,#1034,#1273,.T.);
#806=EDGE_CURVE('',#1033,#1035,#1274,.T.);
#807=EDGE_CURVE('',#1035,#1034,#1275,.T.);
#808=EDGE_CURVE('',#1034,#1036,#1276,.T.);
#809=EDGE_CURVE('',#1035,#1037,#1277,.T.);
#810=EDGE_CURVE('',#1037,#1036,#1278,.T.);
#811=EDGE_CURVE('',#1038,#1036,#1279,.T.);
#812=EDGE_CURVE('',#1039,#1037,#1280,.T.);
#813=EDGE_CURVE('',#1039,#1038,#1281,.T.);
#814=EDGE_CURVE('',#1040,#1038,#1282,.T.);
#815=EDGE_CURVE('',#1041,#1039,#1283,.T.);
#816=EDGE_CURVE('',#1041,#1040,#1284,.T.);
#817=EDGE_CURVE('',#1040,#1042,#1285,.T.);
#818=EDGE_CURVE('',#1041,#1043,#1286,.T.);
#819=EDGE_CURVE('',#1043,#1042,#1287,.T.);
#820=EDGE_CURVE('',#1044,#1042,#1288,.T.);
#821=EDGE_CURVE('',#1045,#1043,#1289,.T.);
#822=EDGE_CURVE('',#1045,#1044,#1290,.T.);
#823=EDGE_CURVE('',#1046,#1044,#1291,.T.);
#824=EDGE_CURVE('',#1047,#1045,#1292,.T.);
#825=EDGE_CURVE('',#1047,#1046,#1293,.T.);
#826=EDGE_CURVE('',#1046,#1048,#1294,.T.);
#827=EDGE_CURVE('',#1047,#1049,#1295,.T.);
#828=EDGE_CURVE('',#1049,#1048,#1296,.T.);
#829=EDGE_CURVE('',#1048,#1050,#1297,.T.);
#830=EDGE_CURVE('',#1049,#1051,#1298,.T.);
#831=EDGE_CURVE('',#1051,#1050,#1299,.T.);
#832=EDGE_CURVE('',#1050,#1052,#1300,.T.);
#833=EDGE_CURVE('',#1051,#1053,#1301,.T.);
#834=EDGE_CURVE('',#1053,#1052,#1302,.T.);
#835=EDGE_CURVE('',#1052,#1054,#26,.T.);
#836=EDGE_CURVE('',#1053,#1055,#27,.T.);
#837=EDGE_CURVE('',#1055,#1054,#1303,.T.);
#838=EDGE_CURVE('',#1056,#1054,#1304,.T.);
#839=EDGE_CURVE('',#1057,#1055,#1305,.T.);
#840=EDGE_CURVE('',#1057,#1056,#1306,.T.);
#841=EDGE_CURVE('',#1056,#1058,#1307,.T.);
#842=EDGE_CURVE('',#1057,#1059,#1308,.T.);
#843=EDGE_CURVE('',#1059,#1058,#1309,.T.);
#844=EDGE_CURVE('',#1058,#1060,#1310,.T.);
#845=EDGE_CURVE('',#1059,#1061,#1311,.T.);
#846=EDGE_CURVE('',#1061,#1060,#1312,.T.);
#847=EDGE_CURVE('',#1060,#1062,#28,.T.);
#848=EDGE_CURVE('',#1061,#1063,#29,.T.);
#849=EDGE_CURVE('',#1063,#1062,#1313,.T.);
#850=EDGE_CURVE('',#1064,#1062,#1314,.T.);
#851=EDGE_CURVE('',#1065,#1063,#1315,.T.);
#852=EDGE_CURVE('',#1065,#1064,#1316,.T.);
#853=EDGE_CURVE('',#1064,#1066,#1317,.T.);
#854=EDGE_CURVE('',#1065,#1067,#1318,.T.);
#855=EDGE_CURVE('',#1067,#1066,#1319,.T.);
#856=EDGE_CURVE('',#1068,#1066,#1320,.T.);
#857=EDGE_CURVE('',#1069,#1067,#1321,.T.);
#858=EDGE_CURVE('',#1069,#1068,#1322,.T.);
#859=EDGE_CURVE('',#1068,#1070,#1323,.T.);
#860=EDGE_CURVE('',#1069,#1071,#1324,.T.);
#861=EDGE_CURVE('',#1071,#1070,#1325,.T.);
#862=EDGE_CURVE('',#1070,#1072,#1326,.F.);
#863=EDGE_CURVE('',#1071,#1073,#1327,.F.);
#864=EDGE_CURVE('',#1073,#1072,#1328,.T.);
#865=EDGE_CURVE('',#1074,#1072,#1329,.T.);
#866=EDGE_CURVE('',#1075,#1073,#1330,.T.);
#867=EDGE_CURVE('',#1075,#1074,#1331,.T.);
#868=EDGE_CURVE('',#1076,#1074,#1332,.T.);
#869=EDGE_CURVE('',#1077,#1075,#1333,.T.);
#870=EDGE_CURVE('',#1077,#1076,#1334,.T.);
#871=EDGE_CURVE('',#1076,#1078,#1335,.T.);
#872=EDGE_CURVE('',#1077,#1079,#1336,.T.);
#873=EDGE_CURVE('',#1079,#1078,#1337,.T.);
#874=EDGE_CURVE('',#1078,#1080,#1338,.F.);
#875=EDGE_CURVE('',#1079,#1081,#1339,.F.);
#876=EDGE_CURVE('',#1081,#1080,#1340,.T.);
#877=EDGE_CURVE('',#1082,#1080,#1341,.T.);
#878=EDGE_CURVE('',#1083,#1081,#1342,.T.);
#879=EDGE_CURVE('',#1083,#1082,#1343,.T.);
#880=EDGE_CURVE('',#1084,#1082,#1344,.T.);
#881=EDGE_CURVE('',#1085,#1083,#1345,.T.);
#882=EDGE_CURVE('',#1085,#1084,#1346,.T.);
#883=EDGE_CURVE('',#1086,#1084,#1347,.T.);
#884=EDGE_CURVE('',#1087,#1085,#1348,.T.);
#885=EDGE_CURVE('',#1087,#1086,#1349,.T.);
#886=EDGE_CURVE('',#1086,#1088,#1350,.T.);
#887=EDGE_CURVE('',#1087,#1089,#1351,.T.);
#888=EDGE_CURVE('',#1089,#1088,#1352,.T.);
#889=EDGE_CURVE('',#1088,#1090,#1353,.T.);
#890=EDGE_CURVE('',#1089,#1091,#1354,.T.);
#891=EDGE_CURVE('',#1091,#1090,#1355,.T.);
#892=EDGE_CURVE('',#909,#914,#1356,.T.);
#893=EDGE_CURVE('',#910,#915,#1357,.T.);
#894=EDGE_CURVE('',#916,#922,#1358,.T.);
#895=EDGE_CURVE('',#918,#923,#1359,.T.);
#896=EDGE_CURVE('',#925,#1090,#1360,.T.);
#897=EDGE_CURVE('',#926,#1091,#1361,.T.);
#898=EDGE_CURVE('',#901,#906,#1362,.T.);
#899=EDGE_CURVE('',#902,#907,#1363,.T.);
#900=VERTEX_POINT('',#2646);
#901=VERTEX_POINT('',#2647);
#902=VERTEX_POINT('',#2649);
#903=VERTEX_POINT('',#2651);
#904=VERTEX_POINT('',#2655);
#905=VERTEX_POINT('',#2657);
#906=VERTEX_POINT('',#2661);
#907=VERTEX_POINT('',#2663);
#908=VERTEX_POINT('',#2667);
#909=VERTEX_POINT('',#2668);
#910=VERTEX_POINT('',#2670);
#911=VERTEX_POINT('',#2672);
#912=VERTEX_POINT('',#2676);
#913=VERTEX_POINT('',#2678);
#914=VERTEX_POINT('',#2682);
#915=VERTEX_POINT('',#2684);
#916=VERTEX_POINT('',#2688);
#917=VERTEX_POINT('',#2689);
#918=VERTEX_POINT('',#2691);
#919=VERTEX_POINT('',#2693);
#920=VERTEX_POINT('',#2697);
#921=VERTEX_POINT('',#2699);
#922=VERTEX_POINT('',#2703);
#923=VERTEX_POINT('',#2705);
#924=VERTEX_POINT('',#2709);
#925=VERTEX_POINT('',#2710);
#926=VERTEX_POINT('',#2712);
#927=VERTEX_POINT('',#2714);
#928=VERTEX_POINT('',#2718);
#929=VERTEX_POINT('',#2720);
#930=VERTEX_POINT('',#2724);
#931=VERTEX_POINT('',#2726);
#932=VERTEX_POINT('',#2730);
#933=VERTEX_POINT('',#2732);
#934=VERTEX_POINT('',#2736);
#935=VERTEX_POINT('',#2738);
#936=VERTEX_POINT('',#2742);
#937=VERTEX_POINT('',#2744);
#938=VERTEX_POINT('',#2748);
#939=VERTEX_POINT('',#2750);
#940=VERTEX_POINT('',#2754);
#941=VERTEX_POINT('',#2756);
#942=VERTEX_POINT('',#2760);
#943=VERTEX_POINT('',#2762);
#944=VERTEX_POINT('',#2766);
#945=VERTEX_POINT('',#2768);
#946=VERTEX_POINT('',#2782);
#947=VERTEX_POINT('',#2787);
#948=VERTEX_POINT('',#2791);
#949=VERTEX_POINT('',#2793);
#950=VERTEX_POINT('',#2797);
#951=VERTEX_POINT('',#2799);
#952=VERTEX_POINT('',#2803);
#953=VERTEX_POINT('',#2805);
#954=VERTEX_POINT('',#2819);
#955=VERTEX_POINT('',#2824);
#956=VERTEX_POINT('',#2828);
#957=VERTEX_POINT('',#2830);
#958=VERTEX_POINT('',#2834);
#959=VERTEX_POINT('',#2836);
#960=VERTEX_POINT('',#2840);
#961=VERTEX_POINT('',#2842);
#962=VERTEX_POINT('',#2846);
#963=VERTEX_POINT('',#2848);
#964=VERTEX_POINT('',#2852);
#965=VERTEX_POINT('',#2854);
#966=VERTEX_POINT('',#2858);
#967=VERTEX_POINT('',#2860);
#968=VERTEX_POINT('',#2864);
#969=VERTEX_POINT('',#2866);
#970=VERTEX_POINT('',#2870);
#971=VERTEX_POINT('',#2872);
#972=VERTEX_POINT('',#2876);
#973=VERTEX_POINT('',#2878);
#974=VERTEX_POINT('',#2882);
#975=VERTEX_POINT('',#2884);
#976=VERTEX_POINT('',#2888);
#977=VERTEX_POINT('',#2890);
#978=VERTEX_POINT('',#2894);
#979=VERTEX_POINT('',#2896);
#980=VERTEX_POINT('',#2900);
#981=VERTEX_POINT('',#2902);
#982=VERTEX_POINT('',#2906);
#983=VERTEX_POINT('',#2908);
#984=VERTEX_POINT('',#2912);
#985=VERTEX_POINT('',#2914);
#986=VERTEX_POINT('',#2918);
#987=VERTEX_POINT('',#2920);
#988=VERTEX_POINT('',#2924);
#989=VERTEX_POINT('',#2926);
#990=VERTEX_POINT('',#2930);
#991=VERTEX_POINT('',#2932);
#992=VERTEX_POINT('',#2936);
#993=VERTEX_POINT('',#2938);
#994=VERTEX_POINT('',#2942);
#995=VERTEX_POINT('',#2944);
#996=VERTEX_POINT('',#2948);
#997=VERTEX_POINT('',#2950);
#998=VERTEX_POINT('',#2954);
#999=VERTEX_POINT('',#2956);
#1000=VERTEX_POINT('',#2960);
#1001=VERTEX_POINT('',#2962);
#1002=VERTEX_POINT('',#2966);
#1003=VERTEX_POINT('',#2968);
#1004=VERTEX_POINT('',#2972);
#1005=VERTEX_POINT('',#2974);
#1006=VERTEX_POINT('',#2978);
#1007=VERTEX_POINT('',#2980);
#1008=VERTEX_POINT('',#2984);
#1009=VERTEX_POINT('',#2986);
#1010=VERTEX_POINT('',#2990);
#1011=VERTEX_POINT('',#2992);
#1012=VERTEX_POINT('',#2996);
#1013=VERTEX_POINT('',#2998);
#1014=VERTEX_POINT('',#3002);
#1015=VERTEX_POINT('',#3004);
#1016=VERTEX_POINT('',#3008);
#1017=VERTEX_POINT('',#3010);
#1018=VERTEX_POINT('',#3014);
#1019=VERTEX_POINT('',#3016);
#1020=VERTEX_POINT('',#3020);
#1021=VERTEX_POINT('',#3022);
#1022=VERTEX_POINT('',#3026);
#1023=VERTEX_POINT('',#3028);
#1024=VERTEX_POINT('',#3032);
#1025=VERTEX_POINT('',#3034);
#1026=VERTEX_POINT('',#3038);
#1027=VERTEX_POINT('',#3040);
#1028=VERTEX_POINT('',#3044);
#1029=VERTEX_POINT('',#3046);
#1030=VERTEX_POINT('',#3050);
#1031=VERTEX_POINT('',#3052);
#1032=VERTEX_POINT('',#3056);
#1033=VERTEX_POINT('',#3058);
#1034=VERTEX_POINT('',#3062);
#1035=VERTEX_POINT('',#3064);
#1036=VERTEX_POINT('',#3068);
#1037=VERTEX_POINT('',#3070);
#1038=VERTEX_POINT('',#3074);
#1039=VERTEX_POINT('',#3076);
#1040=VERTEX_POINT('',#3080);
#1041=VERTEX_POINT('',#3082);
#1042=VERTEX_POINT('',#3086);
#1043=VERTEX_POINT('',#3088);
#1044=VERTEX_POINT('',#3092);
#1045=VERTEX_POINT('',#3094);
#1046=VERTEX_POINT('',#3098);
#1047=VERTEX_POINT('',#3100);
#1048=VERTEX_POINT('',#3104);
#1049=VERTEX_POINT('',#3106);
#1050=VERTEX_POINT('',#3110);
#1051=VERTEX_POINT('',#3112);
#1052=VERTEX_POINT('',#3116);
#1053=VERTEX_POINT('',#3118);
#1054=VERTEX_POINT('',#3122);
#1055=VERTEX_POINT('',#3124);
#1056=VERTEX_POINT('',#3128);
#1057=VERTEX_POINT('',#3130);
#1058=VERTEX_POINT('',#3134);
#1059=VERTEX_POINT('',#3136);
#1060=VERTEX_POINT('',#3140);
#1061=VERTEX_POINT('',#3142);
#1062=VERTEX_POINT('',#3146);
#1063=VERTEX_POINT('',#3148);
#1064=VERTEX_POINT('',#3152);
#1065=VERTEX_POINT('',#3154);
#1066=VERTEX_POINT('',#3158);
#1067=VERTEX_POINT('',#3160);
#1068=VERTEX_POINT('',#3164);
#1069=VERTEX_POINT('',#3166);
#1070=VERTEX_POINT('',#3170);
#1071=VERTEX_POINT('',#3172);
#1072=VERTEX_POINT('',#3176);
#1073=VERTEX_POINT('',#3178);
#1074=VERTEX_POINT('',#3182);
#1075=VERTEX_POINT('',#3184);
#1076=VERTEX_POINT('',#3188);
#1077=VERTEX_POINT('',#3190);
#1078=VERTEX_POINT('',#3194);
#1079=VERTEX_POINT('',#3196);
#1080=VERTEX_POINT('',#3200);
#1081=VERTEX_POINT('',#3202);
#1082=VERTEX_POINT('',#3206);
#1083=VERTEX_POINT('',#3208);
#1084=VERTEX_POINT('',#3212);
#1085=VERTEX_POINT('',#3214);
#1086=VERTEX_POINT('',#3218);
#1087=VERTEX_POINT('',#3220);
#1088=VERTEX_POINT('',#3224);
#1089=VERTEX_POINT('',#3226);
#1090=VERTEX_POINT('',#3230);
#1091=VERTEX_POINT('',#3232);
#1092=LINE('',#2645,#1364);
#1093=LINE('',#2648,#1365);
#1094=LINE('',#2650,#1366);
#1095=LINE('',#2652,#1367);
#1096=LINE('',#2654,#1368);
#1097=LINE('',#2656,#1369);
#1098=LINE('',#2658,#1370);
#1099=LINE('',#2660,#1371);
#1100=LINE('',#2662,#1372);
#1101=LINE('',#2664,#1373);
#1102=LINE('',#2666,#1374);
#1103=LINE('',#2669,#1375);
#1104=LINE('',#2671,#1376);
#1105=LINE('',#2673,#1377);
#1106=LINE('',#2675,#1378);
#1107=LINE('',#2677,#1379);
#1108=LINE('',#2679,#1380);
#1109=LINE('',#2681,#1381);
#1110=LINE('',#2683,#1382);
#1111=LINE('',#2685,#1383);
#1112=LINE('',#2687,#1384);
#1113=LINE('',#2690,#1385);
#1114=LINE('',#2692,#1386);
#1115=LINE('',#2694,#1387);
#1116=LINE('',#2696,#1388);
#1117=LINE('',#2698,#1389);
#1118=LINE('',#2700,#1390);
#1119=LINE('',#2702,#1391);
#1120=LINE('',#2704,#1392);
#1121=LINE('',#2706,#1393);
#1122=LINE('',#2708,#1394);
#1123=LINE('',#2711,#1395);
#1124=LINE('',#2713,#1396);
#1125=LINE('',#2715,#1397);
#1126=LINE('',#2717,#1398);
#1127=LINE('',#2719,#1399);
#1128=LINE('',#2721,#1400);
#1129=LINE('',#2727,#1401);
#1130=LINE('',#2729,#1402);
#1131=LINE('',#2731,#1403);
#1132=LINE('',#2733,#1404);
#1133=LINE('',#2735,#1405);
#1134=LINE('',#2737,#1406);
#1135=LINE('',#2739,#1407);
#1136=LINE('',#2741,#1408);
#1137=LINE('',#2743,#1409);
#1138=LINE('',#2745,#1410);
#1139=LINE('',#2747,#1411);
#1140=LINE('',#2749,#1412);
#1141=LINE('',#2751,#1413);
#1142=LINE('',#2753,#1414);
#1143=LINE('',#2755,#1415);
#1144=LINE('',#2757,#1416);
#1145=LINE('',#2759,#1417);
#1146=LINE('',#2761,#1418);
#1147=LINE('',#2763,#1419);
#1148=LINE('',#2765,#1420);
#1149=LINE('',#2767,#1421);
#1150=LINE('',#2769,#1422);
#1151=LINE('',#2788,#1423);
#1152=LINE('',#2790,#1424);
#1153=LINE('',#2792,#1425);
#1154=LINE('',#2794,#1426);
#1155=LINE('',#2796,#1427);
#1156=LINE('',#2798,#1428);
#1157=LINE('',#2800,#1429);
#1158=LINE('',#2802,#1430);
#1159=LINE('',#2804,#1431);
#1160=LINE('',#2806,#1432);
#1161=LINE('',#2825,#1433);
#1162=LINE('',#2827,#1434);
#1163=LINE('',#2829,#1435);
#1164=LINE('',#2831,#1436);
#1165=LINE('',#2833,#1437);
#1166=LINE('',#2835,#1438);
#1167=LINE('',#2837,#1439);
#1168=LINE('',#2839,#1440);
#1169=LINE('',#2841,#1441);
#1170=LINE('',#2843,#1442);
#1171=LINE('',#2845,#1443);
#1172=LINE('',#2847,#1444);
#1173=LINE('',#2849,#1445);
#1174=LINE('',#2851,#1446);
#1175=LINE('',#2853,#1447);
#1176=LINE('',#2855,#1448);
#1177=LINE('',#2857,#1449);
#1178=LINE('',#2859,#1450);
#1179=LINE('',#2861,#1451);
#1180=LINE('',#2863,#1452);
#1181=LINE('',#2865,#1453);
#1182=LINE('',#2867,#1454);
#1183=LINE('',#2873,#1455);
#1184=LINE('',#2875,#1456);
#1185=LINE('',#2877,#1457);
#1186=LINE('',#2879,#1458);
#1187=LINE('',#2881,#1459);
#1188=LINE('',#2883,#1460);
#1189=LINE('',#2885,#1461);
#1190=LINE('',#2887,#1462);
#1191=LINE('',#2889,#1463);
#1192=LINE('',#2891,#1464);
#1193=LINE('',#2893,#1465);
#1194=LINE('',#2895,#1466);
#1195=LINE('',#2897,#1467);
#1196=LINE('',#2899,#1468);
#1197=LINE('',#2901,#1469);
#1198=LINE('',#2903,#1470);
#1199=LINE('',#2905,#1471);
#1200=LINE('',#2907,#1472);
#1201=LINE('',#2909,#1473);
#1202=LINE('',#2911,#1474);
#1203=LINE('',#2913,#1475);
#1204=LINE('',#2915,#1476);
#1205=LINE('',#2917,#1477);
#1206=LINE('',#2919,#1478);
#1207=LINE('',#2921,#1479);
#1208=LINE('',#2923,#1480);
#1209=LINE('',#2925,#1481);
#1210=LINE('',#2927,#1482);
#1211=LINE('',#2929,#1483);
#1212=LINE('',#2931,#1484);
#1213=LINE('',#2933,#1485);
#1214=LINE('',#2935,#1486);
#1215=LINE('',#2937,#1487);
#1216=LINE('',#2939,#1488);
#1217=LINE('',#2941,#1489);
#1218=LINE('',#2943,#1490);
#1219=LINE('',#2945,#1491);
#1220=LINE('',#2947,#1492);
#1221=LINE('',#2949,#1493);
#1222=LINE('',#2951,#1494);
#1223=LINE('',#2953,#1495);
#1224=LINE('',#2955,#1496);
#1225=LINE('',#2957,#1497);
#1226=LINE('',#2959,#1498);
#1227=LINE('',#2961,#1499);
#1228=LINE('',#2963,#1500);
#1229=LINE('',#2965,#1501);
#1230=LINE('',#2967,#1502);
#1231=LINE('',#2969,#1503);
#1232=LINE('',#2971,#1504);
#1233=LINE('',#2973,#1505);
#1234=LINE('',#2975,#1506);
#1235=LINE('',#2981,#1507);
#1236=LINE('',#2983,#1508);
#1237=LINE('',#2985,#1509);
#1238=LINE('',#2987,#1510);
#1239=LINE('',#2989,#1511);
#1240=LINE('',#2991,#1512);
#1241=LINE('',#2993,#1513);
#1242=LINE('',#2995,#1514);
#1243=LINE('',#2997,#1515);
#1244=LINE('',#2999,#1516);
#1245=LINE('',#3005,#1517);
#1246=LINE('',#3007,#1518);
#1247=LINE('',#3009,#1519);
#1248=LINE('',#3011,#1520);
#1249=LINE('',#3013,#1521);
#1250=LINE('',#3015,#1522);
#1251=LINE('',#3017,#1523);
#1252=LINE('',#3019,#1524);
#1253=LINE('',#3021,#1525);
#1254=LINE('',#3023,#1526);
#1255=LINE('',#3025,#1527);
#1256=LINE('',#3027,#1528);
#1257=LINE('',#3029,#1529);
#1258=LINE('',#3031,#1530);
#1259=LINE('',#3033,#1531);
#1260=LINE('',#3035,#1532);
#1261=LINE('',#3037,#1533);
#1262=LINE('',#3039,#1534);
#1263=LINE('',#3041,#1535);
#1264=LINE('',#3043,#1536);
#1265=LINE('',#3045,#1537);
#1266=LINE('',#3047,#1538);
#1267=LINE('',#3049,#1539);
#1268=LINE('',#3051,#1540);
#1269=LINE('',#3053,#1541);
#1270=LINE('',#3055,#1542);
#1271=LINE('',#3057,#1543);
#1272=LINE('',#3059,#1544);
#1273=LINE('',#3061,#1545);
#1274=LINE('',#3063,#1546);
#1275=LINE('',#3065,#1547);
#1276=LINE('',#3067,#1548);
#1277=LINE('',#3069,#1549);
#1278=LINE('',#3071,#1550);
#1279=LINE('',#3073,#1551);
#1280=LINE('',#3075,#1552);
#1281=LINE('',#3077,#1553);
#1282=LINE('',#3079,#1554);
#1283=LINE('',#3081,#1555);
#1284=LINE('',#3083,#1556);
#1285=LINE('',#3085,#1557);
#1286=LINE('',#3087,#1558);
#1287=LINE('',#3089,#1559);
#1288=LINE('',#3091,#1560);
#1289=LINE('',#3093,#1561);
#1290=LINE('',#3095,#1562);
#1291=LINE('',#3097,#1563);
#1292=LINE('',#3099,#1564);
#1293=LINE('',#3101,#1565);
#1294=LINE('',#3103,#1566);
#1295=LINE('',#3105,#1567);
#1296=LINE('',#3107,#1568);
#1297=LINE('',#3109,#1569);
#1298=LINE('',#3111,#1570);
#1299=LINE('',#3113,#1571);
#1300=LINE('',#3115,#1572);
#1301=LINE('',#3117,#1573);
#1302=LINE('',#3119,#1574);
#1303=LINE('',#3125,#1575);
#1304=LINE('',#3127,#1576);
#1305=LINE('',#3129,#1577);
#1306=LINE('',#3131,#1578);
#1307=LINE('',#3133,#1579);
#1308=LINE('',#3135,#1580);
#1309=LINE('',#3137,#1581);
#1310=LINE('',#3139,#1582);
#1311=LINE('',#3141,#1583);
#1312=LINE('',#3143,#1584);
#1313=LINE('',#3149,#1585);
#1314=LINE('',#3151,#1586);
#1315=LINE('',#3153,#1587);
#1316=LINE('',#3155,#1588);
#1317=LINE('',#3157,#1589);
#1318=LINE('',#3159,#1590);
#1319=LINE('',#3161,#1591);
#1320=LINE('',#3163,#1592);
#1321=LINE('',#3165,#1593);
#1322=LINE('',#3167,#1594);
#1323=LINE('',#3169,#1595);
#1324=LINE('',#3171,#1596);
#1325=LINE('',#3173,#1597);
#1326=LINE('',#3175,#1598);
#1327=LINE('',#3177,#1599);
#1328=LINE('',#3179,#1600);
#1329=LINE('',#3181,#1601);
#1330=LINE('',#3183,#1602);
#1331=LINE('',#3185,#1603);
#1332=LINE('',#3187,#1604);
#1333=LINE('',#3189,#1605);
#1334=LINE('',#3191,#1606);
#1335=LINE('',#3193,#1607);
#1336=LINE('',#3195,#1608);
#1337=LINE('',#3197,#1609);
#1338=LINE('',#3199,#1610);
#1339=LINE('',#3201,#1611);
#1340=LINE('',#3203,#1612);
#1341=LINE('',#3205,#1613);
#1342=LINE('',#3207,#1614);
#1343=LINE('',#3209,#1615);
#1344=LINE('',#3211,#1616);
#1345=LINE('',#3213,#1617);
#1346=LINE('',#3215,#1618);
#1347=LINE('',#3217,#1619);
#1348=LINE('',#3219,#1620);
#1349=LINE('',#3221,#1621);
#1350=LINE('',#3223,#1622);
#1351=LINE('',#3225,#1623);
#1352=LINE('',#3227,#1624);
#1353=LINE('',#3229,#1625);
#1354=LINE('',#3231,#1626);
#1355=LINE('',#3233,#1627);
#1356=LINE('',#3235,#1628);
#1357=LINE('',#3236,#1629);
#1358=LINE('',#3238,#1630);
#1359=LINE('',#3239,#1631);
#1360=LINE('',#3241,#1632);
#1361=LINE('',#3242,#1633);
#1362=LINE('',#3244,#1634);
#1363=LINE('',#3245,#1635);
#1364=VECTOR('',#2157,100.);
#1365=VECTOR('',#2158,100.);
#1366=VECTOR('',#2159,100.);
#1367=VECTOR('',#2160,100.);
#1368=VECTOR('',#2163,100.);
#1369=VECTOR('',#2164,100.);
#1370=VECTOR('',#2165,100.);
#1371=VECTOR('',#2168,100.);
#1372=VECTOR('',#2169,100.);
#1373=VECTOR('',#2170,100.);
#1374=VECTOR('',#2173,100.);
#1375=VECTOR('',#2174,100.);
#1376=VECTOR('',#2175,100.);
#1377=VECTOR('',#2176,100.);
#1378=VECTOR('',#2179,100.);
#1379=VECTOR('',#2180,100.);
#1380=VECTOR('',#2181,100.);
#1381=VECTOR('',#2184,100.);
#1382=VECTOR('',#2185,100.);
#1383=VECTOR('',#2186,100.);
#1384=VECTOR('',#2189,100.);
#1385=VECTOR('',#2190,100.);
#1386=VECTOR('',#2191,100.);
#1387=VECTOR('',#2192,100.);
#1388=VECTOR('',#2195,100.);
#1389=VECTOR('',#2196,100.);
#1390=VECTOR('',#2197,100.);
#1391=VECTOR('',#2200,100.);
#1392=VECTOR('',#2201,100.);
#1393=VECTOR('',#2202,100.);
#1394=VECTOR('',#2205,100.);
#1395=VECTOR('',#2206,100.);
#1396=VECTOR('',#2207,100.);
#1397=VECTOR('',#2208,100.);
#1398=VECTOR('',#2211,100.);
#1399=VECTOR('',#2212,100.);
#1400=VECTOR('',#2213,100.);
#1401=VECTOR('',#2220,100.);
#1402=VECTOR('',#2223,100.);
#1403=VECTOR('',#2224,100.);
#1404=VECTOR('',#2225,100.);
#1405=VECTOR('',#2228,100.);
#1406=VECTOR('',#2229,100.);
#1407=VECTOR('',#2230,100.);
#1408=VECTOR('',#2233,100.);
#1409=VECTOR('',#2234,100.);
#1410=VECTOR('',#2235,100.);
#1411=VECTOR('',#2238,100.);
#1412=VECTOR('',#2239,100.);
#1413=VECTOR('',#2240,100.);
#1414=VECTOR('',#2243,100.);
#1415=VECTOR('',#2244,100.);
#1416=VECTOR('',#2245,100.);
#1417=VECTOR('',#2248,100.);
#1418=VECTOR('',#2249,100.);
#1419=VECTOR('',#2250,100.);
#1420=VECTOR('',#2253,100.);
#1421=VECTOR('',#2254,100.);
#1422=VECTOR('',#2255,100.);
#1423=VECTOR('',#2256,100.);
#1424=VECTOR('',#2259,100.);
#1425=VECTOR('',#2260,100.);
#1426=VECTOR('',#2261,100.);
#1427=VECTOR('',#2264,100.);
#1428=VECTOR('',#2265,100.);
#1429=VECTOR('',#2266,100.);
#1430=VECTOR('',#2269,100.);
#1431=VECTOR('',#2270,100.);
#1432=VECTOR('',#2271,100.);
#1433=VECTOR('',#2272,100.);
#1434=VECTOR('',#2275,100.);
#1435=VECTOR('',#2276,100.);
#1436=VECTOR('',#2277,100.);
#1437=VECTOR('',#2280,100.);
#1438=VECTOR('',#2281,100.);
#1439=VECTOR('',#2282,100.);
#1440=VECTOR('',#2285,100.);
#1441=VECTOR('',#2286,100.);
#1442=VECTOR('',#2287,100.);
#1443=VECTOR('',#2290,100.);
#1444=VECTOR('',#2291,100.);
#1445=VECTOR('',#2292,100.);
#1446=VECTOR('',#2295,100.);
#1447=VECTOR('',#2296,100.);
#1448=VECTOR('',#2297,100.);
#1449=VECTOR('',#2300,100.);
#1450=VECTOR('',#2301,100.);
#1451=VECTOR('',#2302,100.);
#1452=VECTOR('',#2305,100.);
#1453=VECTOR('',#2306,100.);
#1454=VECTOR('',#2307,100.);
#1455=VECTOR('',#2314,100.);
#1456=VECTOR('',#2317,100.);
#1457=VECTOR('',#2318,100.);
#1458=VECTOR('',#2319,100.);
#1459=VECTOR('',#2322,100.);
#1460=VECTOR('',#2323,100.);
#1461=VECTOR('',#2324,100.);
#1462=VECTOR('',#2327,100.);
#1463=VECTOR('',#2328,100.);
#1464=VECTOR('',#2329,100.);
#1465=VECTOR('',#2332,100.);
#1466=VECTOR('',#2333,100.);
#1467=VECTOR('',#2334,100.);
#1468=VECTOR('',#2337,100.);
#1469=VECTOR('',#2338,100.);
#1470=VECTOR('',#2339,100.);
#1471=VECTOR('',#2342,100.);
#1472=VECTOR('',#2343,100.);
#1473=VECTOR('',#2344,100.);
#1474=VECTOR('',#2347,100.);
#1475=VECTOR('',#2348,100.);
#1476=VECTOR('',#2349,100.);
#1477=VECTOR('',#2352,100.);
#1478=VECTOR('',#2353,100.);
#1479=VECTOR('',#2354,100.);
#1480=VECTOR('',#2357,100.);
#1481=VECTOR('',#2358,100.);
#1482=VECTOR('',#2359,100.);
#1483=VECTOR('',#2362,100.);
#1484=VECTOR('',#2363,100.);
#1485=VECTOR('',#2364,100.);
#1486=VECTOR('',#2367,100.);
#1487=VECTOR('',#2368,100.);
#1488=VECTOR('',#2369,100.);
#1489=VECTOR('',#2372,100.);
#1490=VECTOR('',#2373,100.);
#1491=VECTOR('',#2374,100.);
#1492=VECTOR('',#2377,100.);
#1493=VECTOR('',#2378,100.);
#1494=VECTOR('',#2379,100.);
#1495=VECTOR('',#2382,100.);
#1496=VECTOR('',#2383,100.);
#1497=VECTOR('',#2384,100.);
#1498=VECTOR('',#2387,100.);
#1499=VECTOR('',#2388,100.);
#1500=VECTOR('',#2389,100.);
#1501=VECTOR('',#2392,100.);
#1502=VECTOR('',#2393,100.);
#1503=VECTOR('',#2394,100.);
#1504=VECTOR('',#2397,100.);
#1505=VECTOR('',#2398,100.);
#1506=VECTOR('',#2399,100.);
#1507=VECTOR('',#2406,100.);
#1508=VECTOR('',#2409,100.);
#1509=VECTOR('',#2410,100.);
#1510=VECTOR('',#2411,100.);
#1511=VECTOR('',#2414,100.);
#1512=VECTOR('',#2415,100.);
#1513=VECTOR('',#2416,100.);
#1514=VECTOR('',#2419,100.);
#1515=VECTOR('',#2420,100.);
#1516=VECTOR('',#2421,100.);
#1517=VECTOR('',#2428,100.);
#1518=VECTOR('',#2431,100.);
#1519=VECTOR('',#2432,100.);
#1520=VECTOR('',#2433,100.);
#1521=VECTOR('',#2436,100.);
#1522=VECTOR('',#2437,100.);
#1523=VECTOR('',#2438,100.);
#1524=VECTOR('',#2441,100.);
#1525=VECTOR('',#2442,100.);
#1526=VECTOR('',#2443,100.);
#1527=VECTOR('',#2446,100.);
#1528=VECTOR('',#2447,100.);
#1529=VECTOR('',#2448,100.);
#1530=VECTOR('',#2451,100.);
#1531=VECTOR('',#2452,100.);
#1532=VECTOR('',#2453,100.);
#1533=VECTOR('',#2456,100.);
#1534=VECTOR('',#2457,100.);
#1535=VECTOR('',#2458,100.);
#1536=VECTOR('',#2461,100.);
#1537=VECTOR('',#2462,100.);
#1538=VECTOR('',#2463,100.);
#1539=VECTOR('',#2466,100.);
#1540=VECTOR('',#2467,100.);
#1541=VECTOR('',#2468,100.);
#1542=VECTOR('',#2471,100.);
#1543=VECTOR('',#2472,100.);
#1544=VECTOR('',#2473,100.);
#1545=VECTOR('',#2476,100.);
#1546=VECTOR('',#2477,100.);
#1547=VECTOR('',#2478,100.);
#1548=VECTOR('',#2481,100.);
#1549=VECTOR('',#2482,100.);
#1550=VECTOR('',#2483,100.);
#1551=VECTOR('',#2486,100.);
#1552=VECTOR('',#2487,100.);
#1553=VECTOR('',#2488,100.);
#1554=VECTOR('',#2491,100.);
#1555=VECTOR('',#2492,100.);
#1556=VECTOR('',#2493,100.);
#1557=VECTOR('',#2496,100.);
#1558=VECTOR('',#2497,100.);
#1559=VECTOR('',#2498,100.);
#1560=VECTOR('',#2501,100.);
#1561=VECTOR('',#2502,100.);
#1562=VECTOR('',#2503,100.);
#1563=VECTOR('',#2506,100.);
#1564=VECTOR('',#2507,100.);
#1565=VECTOR('',#2508,100.);
#1566=VECTOR('',#2511,100.);
#1567=VECTOR('',#2512,100.);
#1568=VECTOR('',#2513,100.);
#1569=VECTOR('',#2516,100.);
#1570=VECTOR('',#2517,100.);
#1571=VECTOR('',#2518,100.);
#1572=VECTOR('',#2521,100.);
#1573=VECTOR('',#2522,100.);
#1574=VECTOR('',#2523,100.);
#1575=VECTOR('',#2530,100.);
#1576=VECTOR('',#2533,100.);
#1577=VECTOR('',#2534,100.);
#1578=VECTOR('',#2535,100.);
#1579=VECTOR('',#2538,100.);
#1580=VECTOR('',#2539,100.);
#1581=VECTOR('',#2540,100.);
#1582=VECTOR('',#2543,100.);
#1583=VECTOR('',#2544,100.);
#1584=VECTOR('',#2545,100.);
#1585=VECTOR('',#2552,100.);
#1586=VECTOR('',#2555,100.);
#1587=VECTOR('',#2556,100.);
#1588=VECTOR('',#2557,100.);
#1589=VECTOR('',#2560,100.);
#1590=VECTOR('',#2561,100.);
#1591=VECTOR('',#2562,100.);
#1592=VECTOR('',#2565,100.);
#1593=VECTOR('',#2566,100.);
#1594=VECTOR('',#2567,100.);
#1595=VECTOR('',#2570,100.);
#1596=VECTOR('',#2571,100.);
#1597=VECTOR('',#2572,100.);
#1598=VECTOR('',#2575,100.);
#1599=VECTOR('',#2576,100.);
#1600=VECTOR('',#2577,100.);
#1601=VECTOR('',#2580,100.);
#1602=VECTOR('',#2581,100.);
#1603=VECTOR('',#2582,100.);
#1604=VECTOR('',#2585,100.);
#1605=VECTOR('',#2586,100.);
#1606=VECTOR('',#2587,100.);
#1607=VECTOR('',#2590,100.);
#1608=VECTOR('',#2591,100.);
#1609=VECTOR('',#2592,100.);
#1610=VECTOR('',#2595,100.);
#1611=VECTOR('',#2596,100.);
#1612=VECTOR('',#2597,100.);
#1613=VECTOR('',#2600,100.);
#1614=VECTOR('',#2601,100.);
#1615=VECTOR('',#2602,100.);
#1616=VECTOR('',#2605,100.);
#1617=VECTOR('',#2606,100.);
#1618=VECTOR('',#2607,100.);
#1619=VECTOR('',#2610,100.);
#1620=VECTOR('',#2611,100.);
#1621=VECTOR('',#2612,100.);
#1622=VECTOR('',#2615,100.);
#1623=VECTOR('',#2616,100.);
#1624=VECTOR('',#2617,100.);
#1625=VECTOR('',#2620,100.);
#1626=VECTOR('',#2621,100.);
#1627=VECTOR('',#2622,100.);
#1628=VECTOR('',#2625,100.);
#1629=VECTOR('',#2626,100.);
#1630=VECTOR('',#2629,100.);
#1631=VECTOR('',#2630,100.);
#1632=VECTOR('',#2633,100.);
#1633=VECTOR('',#2634,100.);
#1634=VECTOR('',#2637,100.);
#1635=VECTOR('',#2638,100.);
#1636=EDGE_LOOP('',(#36,#37,#38,#39));
#1637=EDGE_LOOP('',(#40,#41,#42,#43));
#1638=EDGE_LOOP('',(#44,#45,#46,#47));
#1639=EDGE_LOOP('',(#48,#49,#50,#51));
#1640=EDGE_LOOP('',(#52,#53,#54,#55));
#1641=EDGE_LOOP('',(#56,#57,#58,#59));
#1642=EDGE_LOOP('',(#60,#61,#62,#63));
#1643=EDGE_LOOP('',(#64,#65,#66,#67));
#1644=EDGE_LOOP('',(#68,#69,#70,#71));
#1645=EDGE_LOOP('',(#72,#73,#74,#75));
#1646=EDGE_LOOP('',(#76,#77,#78,#79));
#1647=EDGE_LOOP('',(#80,#81,#82,#83));
#1648=EDGE_LOOP('',(#84,#85,#86,#87));
#1649=EDGE_LOOP('',(#88,#89,#90,#91));
#1650=EDGE_LOOP('',(#92,#93,#94,#95));
#1651=EDGE_LOOP('',(#96,#97,#98,#99));
#1652=EDGE_LOOP('',(#100,#101,#102,#103));
#1653=EDGE_LOOP('',(#104,#105,#106,#107));
#1654=EDGE_LOOP('',(#108,#109,#110,#111));
#1655=EDGE_LOOP('',(#112,#113,#114,#115));
#1656=EDGE_LOOP('',(#116,#117,#118,#119));
#1657=EDGE_LOOP('',(#120,#121,#122,#123));
#1658=EDGE_LOOP('',(#124,#125,#126,#127));
#1659=EDGE_LOOP('',(#128,#129,#130,#131));
#1660=EDGE_LOOP('',(#132,#133,#134,#135));
#1661=EDGE_LOOP('',(#136,#137,#138,#139));
#1662=EDGE_LOOP('',(#140,#141,#142,#143));
#1663=EDGE_LOOP('',(#144,#145,#146,#147));
#1664=EDGE_LOOP('',(#148,#149,#150,#151));
#1665=EDGE_LOOP('',(#152,#153,#154,#155));
#1666=EDGE_LOOP('',(#156,#157,#158,#159));
#1667=EDGE_LOOP('',(#160,#161,#162,#163));
#1668=EDGE_LOOP('',(#164,#165,#166,#167));
#1669=EDGE_LOOP('',(#168,#169,#170,#171));
#1670=EDGE_LOOP('',(#172,#173,#174,#175));
#1671=EDGE_LOOP('',(#176,#177,#178,#179));
#1672=EDGE_LOOP('',(#180,#181,#182,#183));
#1673=EDGE_LOOP('',(#184,#185,#186,#187));
#1674=EDGE_LOOP('',(#188,#189,#190,#191));
#1675=EDGE_LOOP('',(#192,#193,#194,#195));
#1676=EDGE_LOOP('',(#196,#197,#198,#199));
#1677=EDGE_LOOP('',(#200,#201,#202,#203));
#1678=EDGE_LOOP('',(#204,#205,#206,#207));
#1679=EDGE_LOOP('',(#208,#209,#210,#211));
#1680=EDGE_LOOP('',(#212,#213,#214,#215));
#1681=EDGE_LOOP('',(#216,#217,#218,#219));
#1682=EDGE_LOOP('',(#220,#221,#222,#223));
#1683=EDGE_LOOP('',(#224,#225,#226,#227));
#1684=EDGE_LOOP('',(#228,#229,#230,#231));
#1685=EDGE_LOOP('',(#232,#233,#234,#235));
#1686=EDGE_LOOP('',(#236,#237,#238,#239));
#1687=EDGE_LOOP('',(#240,#241,#242,#243));
#1688=EDGE_LOOP('',(#244,#245,#246,#247));
#1689=EDGE_LOOP('',(#248,#249,#250,#251));
#1690=EDGE_LOOP('',(#252,#253,#254,#255));
#1691=EDGE_LOOP('',(#256,#257,#258,#259));
#1692=EDGE_LOOP('',(#260,#261,#262,#263));
#1693=EDGE_LOOP('',(#264,#265,#266,#267));
#1694=EDGE_LOOP('',(#268,#269,#270,#271));
#1695=EDGE_LOOP('',(#272,#273,#274,#275));
#1696=EDGE_LOOP('',(#276,#277,#278,#279));
#1697=EDGE_LOOP('',(#280,#281,#282,#283));
#1698=EDGE_LOOP('',(#284,#285,#286,#287));
#1699=EDGE_LOOP('',(#288,#289,#290,#291));
#1700=EDGE_LOOP('',(#292,#293,#294,#295));
#1701=EDGE_LOOP('',(#296,#297,#298,#299));
#1702=EDGE_LOOP('',(#300,#301,#302,#303));
#1703=EDGE_LOOP('',(#304,#305,#306,#307));
#1704=EDGE_LOOP('',(#308,#309,#310,#311));
#1705=EDGE_LOOP('',(#312,#313,#314,#315));
#1706=EDGE_LOOP('',(#316,#317,#318,#319));
#1707=EDGE_LOOP('',(#320,#321,#322,#323));
#1708=EDGE_LOOP('',(#324,#325,#326,#327));
#1709=EDGE_LOOP('',(#328,#329,#330,#331));
#1710=EDGE_LOOP('',(#332,#333,#334,#335));
#1711=EDGE_LOOP('',(#336,#337,#338,#339));
#1712=EDGE_LOOP('',(#340,#341,#342,#343));
#1713=EDGE_LOOP('',(#344,#345,#346,#347));
#1714=EDGE_LOOP('',(#348,#349,#350,#351));
#1715=EDGE_LOOP('',(#352,#353,#354,#355));
#1716=EDGE_LOOP('',(#356,#357,#358,#359));
#1717=EDGE_LOOP('',(#360,#361,#362,#363));
#1718=EDGE_LOOP('',(#364,#365,#366,#367));
#1719=EDGE_LOOP('',(#368,#369,#370,#371));
#1720=EDGE_LOOP('',(#372,#373,#374,#375));
#1721=EDGE_LOOP('',(#376,#377,#378,#379));
#1722=EDGE_LOOP('',(#380,#381,#382,#383));
#1723=EDGE_LOOP('',(#384,#385,#386,#387));
#1724=EDGE_LOOP('',(#388,#389,#390,#391));
#1725=EDGE_LOOP('',(#392,#393,#394,#395));
#1726=EDGE_LOOP('',(#396,#397,#398,#399));
#1727=EDGE_LOOP('',(#400,#401,#402,#403));
#1728=EDGE_LOOP('',(#404,#405,#406,#407));
#1729=EDGE_LOOP('',(#408,#409,#410,#411));
#1730=EDGE_LOOP('',(#412,#413,#414,#415));
#1731=EDGE_LOOP('',(#416,#417,#418,#419));
#1732=EDGE_LOOP('',(#420,#421,#422,#423,#424,#425,#426,#427,#428,#429,#430,
#431,#432,#433,#434,#435,#436,#437,#438,#439,#440,#441,#442,#443,#444,#445,
#446,#447,#448,#449,#450,#451,#452,#453,#454,#455,#456,#457,#458,#459,#460,
#461,#462,#463,#464,#465,#466,#467,#468,#469,#470,#471,#472,#473,#474,#475,
#476,#477,#478,#479,#480,#481,#482,#483,#484,#485,#486,#487,#488,#489,#490,
#491,#492,#493,#494,#495,#496,#497,#498,#499,#500,#501,#502,#503));
#1733=EDGE_LOOP('',(#504,#505,#506,#507));
#1734=EDGE_LOOP('',(#508,#509,#510,#511));
#1735=EDGE_LOOP('',(#512,#513,#514,#515));
#1736=EDGE_LOOP('',(#516,#517,#518,#519,#520,#521,#522,#523,#524,#525,#526,
#527,#528,#529,#530,#531,#532,#533,#534,#535,#536,#537,#538,#539,#540,#541,
#542,#543,#544,#545,#546,#547,#548,#549,#550,#551,#552,#553,#554,#555,#556,
#557,#558,#559,#560,#561,#562,#563,#564,#565,#566,#567,#568,#569,#570,#571,
#572,#573,#574,#575,#576,#577,#578,#579,#580,#581,#582,#583,#584,#585,#586,
#587,#588,#589,#590,#591,#592,#593,#594,#595,#596,#597,#598,#599));
#1737=EDGE_LOOP('',(#600,#601,#602,#603));
#1738=EDGE_LOOP('',(#604,#605,#606,#607));
#1739=EDGE_LOOP('',(#608,#609,#610,#611));
#1740=FACE_BOUND('',#1636,.T.);
#1741=FACE_BOUND('',#1637,.T.);
#1742=FACE_BOUND('',#1638,.T.);
#1743=FACE_BOUND('',#1639,.T.);
#1744=FACE_BOUND('',#1640,.T.);
#1745=FACE_BOUND('',#1641,.T.);
#1746=FACE_BOUND('',#1642,.T.);
#1747=FACE_BOUND('',#1643,.T.);
#1748=FACE_BOUND('',#1644,.T.);
#1749=FACE_BOUND('',#1645,.T.);
#1750=FACE_BOUND('',#1646,.T.);
#1751=FACE_BOUND('',#1647,.T.);
#1752=FACE_BOUND('',#1648,.T.);
#1753=FACE_BOUND('',#1649,.T.);
#1754=FACE_BOUND('',#1650,.T.);
#1755=FACE_BOUND('',#1651,.T.);
#1756=FACE_BOUND('',#1652,.T.);
#1757=FACE_BOUND('',#1653,.T.);
#1758=FACE_BOUND('',#1654,.T.);
#1759=FACE_BOUND('',#1655,.T.);
#1760=FACE_BOUND('',#1656,.T.);
#1761=FACE_BOUND('',#1657,.T.);
#1762=FACE_BOUND('',#1658,.T.);
#1763=FACE_BOUND('',#1659,.T.);
#1764=FACE_BOUND('',#1660,.T.);
#1765=FACE_BOUND('',#1661,.T.);
#1766=FACE_BOUND('',#1662,.T.);
#1767=FACE_BOUND('',#1663,.T.);
#1768=FACE_BOUND('',#1664,.T.);
#1769=FACE_BOUND('',#1665,.T.);
#1770=FACE_BOUND('',#1666,.T.);
#1771=FACE_BOUND('',#1667,.T.);
#1772=FACE_BOUND('',#1668,.T.);
#1773=FACE_BOUND('',#1669,.T.);
#1774=FACE_BOUND('',#1670,.T.);
#1775=FACE_BOUND('',#1671,.T.);
#1776=FACE_BOUND('',#1672,.T.);
#1777=FACE_BOUND('',#1673,.T.);
#1778=FACE_BOUND('',#1674,.T.);
#1779=FACE_BOUND('',#1675,.T.);
#1780=FACE_BOUND('',#1676,.T.);
#1781=FACE_BOUND('',#1677,.T.);
#1782=FACE_BOUND('',#1678,.T.);
#1783=FACE_BOUND('',#1679,.T.);
#1784=FACE_BOUND('',#1680,.T.);
#1785=FACE_BOUND('',#1681,.T.);
#1786=FACE_BOUND('',#1682,.T.);
#1787=FACE_BOUND('',#1683,.T.);
#1788=FACE_BOUND('',#1684,.T.);
#1789=FACE_BOUND('',#1685,.T.);
#1790=FACE_BOUND('',#1686,.T.);
#1791=FACE_BOUND('',#1687,.T.);
#1792=FACE_BOUND('',#1688,.T.);
#1793=FACE_BOUND('',#1689,.T.);
#1794=FACE_BOUND('',#1690,.T.);
#1795=FACE_BOUND('',#1691,.T.);
#1796=FACE_BOUND('',#1692,.T.);
#1797=FACE_BOUND('',#1693,.T.);
#1798=FACE_BOUND('',#1694,.T.);
#1799=FACE_BOUND('',#1695,.T.);
#1800=FACE_BOUND('',#1696,.T.);
#1801=FACE_BOUND('',#1697,.T.);
#1802=FACE_BOUND('',#1698,.T.);
#1803=FACE_BOUND('',#1699,.T.);
#1804=FACE_BOUND('',#1700,.T.);
#1805=FACE_BOUND('',#1701,.T.);
#1806=FACE_BOUND('',#1702,.T.);
#1807=FACE_BOUND('',#1703,.T.);
#1808=FACE_BOUND('',#1704,.T.);
#1809=FACE_BOUND('',#1705,.T.);
#1810=FACE_BOUND('',#1706,.T.);
#1811=FACE_BOUND('',#1707,.T.);
#1812=FACE_BOUND('',#1708,.T.);
#1813=FACE_BOUND('',#1709,.T.);
#1814=FACE_BOUND('',#1710,.T.);
#1815=FACE_BOUND('',#1711,.T.);
#1816=FACE_BOUND('',#1712,.T.);
#1817=FACE_BOUND('',#1713,.T.);
#1818=FACE_BOUND('',#1714,.T.);
#1819=FACE_BOUND('',#1715,.T.);
#1820=FACE_BOUND('',#1716,.T.);
#1821=FACE_BOUND('',#1717,.T.);
#1822=FACE_BOUND('',#1718,.T.);
#1823=FACE_BOUND('',#1719,.T.);
#1824=FACE_BOUND('',#1720,.T.);
#1825=FACE_BOUND('',#1721,.T.);
#1826=FACE_BOUND('',#1722,.T.);
#1827=FACE_BOUND('',#1723,.T.);
#1828=FACE_BOUND('',#1724,.T.);
#1829=FACE_BOUND('',#1725,.T.);
#1830=FACE_BOUND('',#1726,.T.);
#1831=FACE_BOUND('',#1727,.T.);
#1832=FACE_BOUND('',#1728,.T.);
#1833=FACE_BOUND('',#1729,.T.);
#1834=FACE_BOUND('',#1730,.T.);
#1835=FACE_BOUND('',#1731,.T.);
#1836=FACE_BOUND('',#1732,.T.);
#1837=FACE_BOUND('',#1733,.T.);
#1838=FACE_BOUND('',#1734,.T.);
#1839=FACE_BOUND('',#1735,.T.);
#1840=FACE_BOUND('',#1736,.T.);
#1841=FACE_BOUND('',#1737,.T.);
#1842=FACE_BOUND('',#1738,.T.);
#1843=FACE_BOUND('',#1739,.T.);
#1844=PLANE('',#2045);
#1845=PLANE('',#2046);
#1846=PLANE('',#2047);
#1847=PLANE('',#2048);
#1848=PLANE('',#2049);
#1849=PLANE('',#2050);
#1850=PLANE('',#2051);
#1851=PLANE('',#2052);
#1852=PLANE('',#2053);
#1853=PLANE('',#2054);
#1854=PLANE('',#2055);
#1855=PLANE('',#2059);
#1856=PLANE('',#2060);
#1857=PLANE('',#2061);
#1858=PLANE('',#2062);
#1859=PLANE('',#2063);
#1860=PLANE('',#2064);
#1861=PLANE('',#2065);
#1862=PLANE('',#2066);
#1863=PLANE('',#2067);
#1864=PLANE('',#2068);
#1865=PLANE('',#2069);
#1866=PLANE('',#2070);
#1867=PLANE('',#2071);
#1868=PLANE('',#2072);
#1869=PLANE('',#2073);
#1870=PLANE('',#2074);
#1871=PLANE('',#2075);
#1872=PLANE('',#2079);
#1873=PLANE('',#2080);
#1874=PLANE('',#2081);
#1875=PLANE('',#2082);
#1876=PLANE('',#2083);
#1877=PLANE('',#2084);
#1878=PLANE('',#2085);
#1879=PLANE('',#2086);
#1880=PLANE('',#2087);
#1881=PLANE('',#2088);
#1882=PLANE('',#2089);
#1883=PLANE('',#2090);
#1884=PLANE('',#2091);
#1885=PLANE('',#2092);
#1886=PLANE('',#2093);
#1887=PLANE('',#2094);
#1888=PLANE('',#2095);
#1889=PLANE('',#2099);
#1890=PLANE('',#2100);
#1891=PLANE('',#2101);
#1892=PLANE('',#2105);
#1893=PLANE('',#2106);
#1894=PLANE('',#2107);
#1895=PLANE('',#2108);
#1896=PLANE('',#2109);
#1897=PLANE('',#2110);
#1898=PLANE('',#2111);
#1899=PLANE('',#2112);
#1900=PLANE('',#2113);
#1901=PLANE('',#2114);
#1902=PLANE('',#2115);
#1903=PLANE('',#2116);
#1904=PLANE('',#2117);
#1905=PLANE('',#2118);
#1906=PLANE('',#2119);
#1907=PLANE('',#2120);
#1908=PLANE('',#2121);
#1909=PLANE('',#2122);
#1910=PLANE('',#2123);
#1911=PLANE('',#2127);
#1912=PLANE('',#2128);
#1913=PLANE('',#2129);
#1914=PLANE('',#2133);
#1915=PLANE('',#2134);
#1916=PLANE('',#2135);
#1917=PLANE('',#2136);
#1918=PLANE('',#2137);
#1919=PLANE('',#2138);
#1920=PLANE('',#2139);
#1921=PLANE('',#2140);
#1922=PLANE('',#2141);
#1923=PLANE('',#2142);
#1924=PLANE('',#2143);
#1925=PLANE('',#2144);
#1926=PLANE('',#2145);
#1927=PLANE('',#2146);
#1928=PLANE('',#2147);
#1929=PLANE('',#2148);
#1930=PLANE('',#2149);
#1931=PLANE('',#2150);
#1932=PLANE('',#2151);
#1933=PLANE('',#2152);
#1934=ADVANCED_FACE('',(#1740),#1844,.F.);
#1935=ADVANCED_FACE('',(#1741),#1845,.T.);
#1936=ADVANCED_FACE('',(#1742),#1846,.T.);
#1937=ADVANCED_FACE('',(#1743),#1847,.F.);
#1938=ADVANCED_FACE('',(#1744),#1848,.T.);
#1939=ADVANCED_FACE('',(#1745),#1849,.T.);
#1940=ADVANCED_FACE('',(#1746),#1850,.T.);
#1941=ADVANCED_FACE('',(#1747),#1851,.T.);
#1942=ADVANCED_FACE('',(#1748),#1852,.F.);
#1943=ADVANCED_FACE('',(#1749),#1853,.F.);
#1944=ADVANCED_FACE('',(#1750),#1854,.T.);
#1945=ADVANCED_FACE('',(#1751),#30,.T.);
#1946=ADVANCED_FACE('',(#1752),#1855,.F.);
#1947=ADVANCED_FACE('',(#1753),#1856,.F.);
#1948=ADVANCED_FACE('',(#1754),#1857,.T.);
#1949=ADVANCED_FACE('',(#1755),#1858,.T.);
#1950=ADVANCED_FACE('',(#1756),#1859,.F.);
#1951=ADVANCED_FACE('',(#1757),#1860,.F.);
#1952=ADVANCED_FACE('',(#1758),#1861,.T.);
#1953=ADVANCED_FACE('',(#1759),#16,.T.);
#1954=ADVANCED_FACE('',(#1760),#1862,.F.);
#1955=ADVANCED_FACE('',(#1761),#1863,.F.);
#1956=ADVANCED_FACE('',(#1762),#1864,.T.);
#1957=ADVANCED_FACE('',(#1763),#17,.T.);
#1958=ADVANCED_FACE('',(#1764),#1865,.F.);
#1959=ADVANCED_FACE('',(#1765),#1866,.F.);
#1960=ADVANCED_FACE('',(#1766),#1867,.T.);
#1961=ADVANCED_FACE('',(#1767),#1868,.F.);
#1962=ADVANCED_FACE('',(#1768),#1869,.F.);
#1963=ADVANCED_FACE('',(#1769),#1870,.F.);
#1964=ADVANCED_FACE('',(#1770),#1871,.T.);
#1965=ADVANCED_FACE('',(#1771),#31,.T.);
#1966=ADVANCED_FACE('',(#1772),#1872,.F.);
#1967=ADVANCED_FACE('',(#1773),#1873,.F.);
#1968=ADVANCED_FACE('',(#1774),#1874,.T.);
#1969=ADVANCED_FACE('',(#1775),#1875,.T.);
#1970=ADVANCED_FACE('',(#1776),#1876,.F.);
#1971=ADVANCED_FACE('',(#1777),#1877,.F.);
#1972=ADVANCED_FACE('',(#1778),#1878,.T.);
#1973=ADVANCED_FACE('',(#1779),#1879,.T.);
#1974=ADVANCED_FACE('',(#1780),#1880,.T.);
#1975=ADVANCED_FACE('',(#1781),#1881,.F.);
#1976=ADVANCED_FACE('',(#1782),#1882,.T.);
#1977=ADVANCED_FACE('',(#1783),#1883,.T.);
#1978=ADVANCED_FACE('',(#1784),#1884,.T.);
#1979=ADVANCED_FACE('',(#1785),#1885,.F.);
#1980=ADVANCED_FACE('',(#1786),#1886,.T.);
#1981=ADVANCED_FACE('',(#1787),#1887,.T.);
#1982=ADVANCED_FACE('',(#1788),#1888,.T.);
#1983=ADVANCED_FACE('',(#1789),#32,.T.);
#1984=ADVANCED_FACE('',(#1790),#1889,.F.);
#1985=ADVANCED_FACE('',(#1791),#1890,.T.);
#1986=ADVANCED_FACE('',(#1792),#1891,.T.);
#1987=ADVANCED_FACE('',(#1793),#33,.T.);
#1988=ADVANCED_FACE('',(#1794),#1892,.F.);
#1989=ADVANCED_FACE('',(#1795),#1893,.T.);
#1990=ADVANCED_FACE('',(#1796),#1894,.F.);
#1991=ADVANCED_FACE('',(#1797),#1895,.T.);
#1992=ADVANCED_FACE('',(#1798),#1896,.T.);
#1993=ADVANCED_FACE('',(#1799),#1897,.T.);
#1994=ADVANCED_FACE('',(#1800),#1898,.T.);
#1995=ADVANCED_FACE('',(#1801),#1899,.F.);
#1996=ADVANCED_FACE('',(#1802),#1900,.F.);
#1997=ADVANCED_FACE('',(#1803),#1901,.T.);
#1998=ADVANCED_FACE('',(#1804),#1902,.T.);
#1999=ADVANCED_FACE('',(#1805),#1903,.F.);
#2000=ADVANCED_FACE('',(#1806),#1904,.F.);
#2001=ADVANCED_FACE('',(#1807),#1905,.T.);
#2002=ADVANCED_FACE('',(#1808),#1906,.F.);
#2003=ADVANCED_FACE('',(#1809),#1907,.F.);
#2004=ADVANCED_FACE('',(#1810),#1908,.T.);
#2005=ADVANCED_FACE('',(#1811),#1909,.T.);
#2006=ADVANCED_FACE('',(#1812),#1910,.T.);
#2007=ADVANCED_FACE('',(#1813),#34,.T.);
#2008=ADVANCED_FACE('',(#1814),#1911,.F.);
#2009=ADVANCED_FACE('',(#1815),#1912,.T.);
#2010=ADVANCED_FACE('',(#1816),#1913,.T.);
#2011=ADVANCED_FACE('',(#1817),#35,.T.);
#2012=ADVANCED_FACE('',(#1818),#1914,.F.);
#2013=ADVANCED_FACE('',(#1819),#1915,.T.);
#2014=ADVANCED_FACE('',(#1820),#1916,.F.);
#2015=ADVANCED_FACE('',(#1821),#1917,.T.);
#2016=ADVANCED_FACE('',(#1822),#1918,.T.);
#2017=ADVANCED_FACE('',(#1823),#1919,.F.);
#2018=ADVANCED_FACE('',(#1824),#1920,.F.);
#2019=ADVANCED_FACE('',(#1825),#1921,.T.);
#2020=ADVANCED_FACE('',(#1826),#1922,.T.);
#2021=ADVANCED_FACE('',(#1827),#1923,.F.);
#2022=ADVANCED_FACE('',(#1828),#1924,.F.);
#2023=ADVANCED_FACE('',(#1829),#1925,.F.);
#2024=ADVANCED_FACE('',(#1830),#1926,.T.);
#2025=ADVANCED_FACE('',(#1831),#1927,.T.);
#2026=ADVANCED_FACE('',(#1832),#1928,.F.);
#2027=ADVANCED_FACE('',(#1833),#1929,.F.);
#2028=ADVANCED_FACE('',(#1834),#1930,.F.);
#2029=ADVANCED_FACE('',(#1835),#1931,.F.);
#2030=ADVANCED_FACE('',(#1836,#1837,#1838,#1839),#1932,.F.);
#2031=ADVANCED_FACE('',(#1840,#1841,#1842,#1843),#1933,.T.);
#2032=CLOSED_SHELL('',(#1934,#1935,#1936,#1937,#1938,#1939,#1940,#1941,
#1942,#1943,#1944,#1945,#1946,#1947,#1948,#1949,#1950,#1951,#1952,#1953,
#1954,#1955,#1956,#1957,#1958,#1959,#1960,#1961,#1962,#1963,#1964,#1965,
#1966,#1967,#1968,#1969,#1970,#1971,#1972,#1973,#1974,#1975,#1976,#1977,
#1978,#1979,#1980,#1981,#1982,#1983,#1984,#1985,#1986,#1987,#1988,#1989,
#1990,#1991,#1992,#1993,#1994,#1995,#1996,#1997,#1998,#1999,#2000,#2001,
#2002,#2003,#2004,#2005,#2006,#2007,#2008,#2009,#2010,#2011,#2012,#2013,
#2014,#2015,#2016,#2017,#2018,#2019,#2020,#2021,#2022,#2023,#2024,#2025,
#2026,#2027,#2028,#2029,#2030,#2031));
#2033=STYLED_ITEM('',(#2034),#2041);
#2034=PRESENTATION_STYLE_ASSIGNMENT((#2035));
#2035=SURFACE_STYLE_USAGE(.BOTH.,#2036);
#2036=SURFACE_SIDE_STYLE('',(#2037));
#2037=SURFACE_STYLE_FILL_AREA(#2038);
#2038=FILL_AREA_STYLE('',(#2039));
#2039=FILL_AREA_STYLE_COLOUR('',#2040);
#2040=COLOUR_RGB('',0.972549019607843,0.529411764705882,0.00392156862745098);
#2041=MANIFOLD_SOLID_BREP('VR_Compute_Board',#2032);
#2042=SHAPE_DEFINITION_REPRESENTATION(#3254,#2043);
#2043=SHAPE_REPRESENTATION('VR_Compute_Board',(#2044),#3249);
#2044=AXIS2_PLACEMENT_3D('',#2643,#2153,#2154);
#2045=AXIS2_PLACEMENT_3D('',#2644,#2155,#2156);
#2046=AXIS2_PLACEMENT_3D('',#2653,#2161,#2162);
#2047=AXIS2_PLACEMENT_3D('',#2659,#2166,#2167);
#2048=AXIS2_PLACEMENT_3D('',#2665,#2171,#2172);
#2049=AXIS2_PLACEMENT_3D('',#2674,#2177,#2178);
#2050=AXIS2_PLACEMENT_3D('',#2680,#2182,#2183);
#2051=AXIS2_PLACEMENT_3D('',#2686,#2187,#2188);
#2052=AXIS2_PLACEMENT_3D('',#2695,#2193,#2194);
#2053=AXIS2_PLACEMENT_3D('',#2701,#2198,#2199);
#2054=AXIS2_PLACEMENT_3D('',#2707,#2203,#2204);
#2055=AXIS2_PLACEMENT_3D('',#2716,#2209,#2210);
#2056=AXIS2_PLACEMENT_3D('',#2722,#2214,#2215);
#2057=AXIS2_PLACEMENT_3D('',#2723,#2216,#2217);
#2058=AXIS2_PLACEMENT_3D('',#2725,#2218,#2219);
#2059=AXIS2_PLACEMENT_3D('',#2728,#2221,#2222);
#2060=AXIS2_PLACEMENT_3D('',#2734,#2226,#2227);
#2061=AXIS2_PLACEMENT_3D('',#2740,#2231,#2232);
#2062=AXIS2_PLACEMENT_3D('',#2746,#2236,#2237);
#2063=AXIS2_PLACEMENT_3D('',#2752,#2241,#2242);
#2064=AXIS2_PLACEMENT_3D('',#2758,#2246,#2247);
#2065=AXIS2_PLACEMENT_3D('',#2764,#2251,#2252);
#2066=AXIS2_PLACEMENT_3D('',#2789,#2257,#2258);
#2067=AXIS2_PLACEMENT_3D('',#2795,#2262,#2263);
#2068=AXIS2_PLACEMENT_3D('',#2801,#2267,#2268);
#2069=AXIS2_PLACEMENT_3D('',#2826,#2273,#2274);
#2070=AXIS2_PLACEMENT_3D('',#2832,#2278,#2279);
#2071=AXIS2_PLACEMENT_3D('',#2838,#2283,#2284);
#2072=AXIS2_PLACEMENT_3D('',#2844,#2288,#2289);
#2073=AXIS2_PLACEMENT_3D('',#2850,#2293,#2294);
#2074=AXIS2_PLACEMENT_3D('',#2856,#2298,#2299);
#2075=AXIS2_PLACEMENT_3D('',#2862,#2303,#2304);
#2076=AXIS2_PLACEMENT_3D('',#2868,#2308,#2309);
#2077=AXIS2_PLACEMENT_3D('',#2869,#2310,#2311);
#2078=AXIS2_PLACEMENT_3D('',#2871,#2312,#2313);
#2079=AXIS2_PLACEMENT_3D('',#2874,#2315,#2316);
#2080=AXIS2_PLACEMENT_3D('',#2880,#2320,#2321);
#2081=AXIS2_PLACEMENT_3D('',#2886,#2325,#2326);
#2082=AXIS2_PLACEMENT_3D('',#2892,#2330,#2331);
#2083=AXIS2_PLACEMENT_3D('',#2898,#2335,#2336);
#2084=AXIS2_PLACEMENT_3D('',#2904,#2340,#2341);
#2085=AXIS2_PLACEMENT_3D('',#2910,#2345,#2346);
#2086=AXIS2_PLACEMENT_3D('',#2916,#2350,#2351);
#2087=AXIS2_PLACEMENT_3D('',#2922,#2355,#2356);
#2088=AXIS2_PLACEMENT_3D('',#2928,#2360,#2361);
#2089=AXIS2_PLACEMENT_3D('',#2934,#2365,#2366);
#2090=AXIS2_PLACEMENT_3D('',#2940,#2370,#2371);
#2091=AXIS2_PLACEMENT_3D('',#2946,#2375,#2376);
#2092=AXIS2_PLACEMENT_3D('',#2952,#2380,#2381);
#2093=AXIS2_PLACEMENT_3D('',#2958,#2385,#2386);
#2094=AXIS2_PLACEMENT_3D('',#2964,#2390,#2391);
#2095=AXIS2_PLACEMENT_3D('',#2970,#2395,#2396);
#2096=AXIS2_PLACEMENT_3D('',#2976,#2400,#2401);
#2097=AXIS2_PLACEMENT_3D('',#2977,#2402,#2403);
#2098=AXIS2_PLACEMENT_3D('',#2979,#2404,#2405);
#2099=AXIS2_PLACEMENT_3D('',#2982,#2407,#2408);
#2100=AXIS2_PLACEMENT_3D('',#2988,#2412,#2413);
#2101=AXIS2_PLACEMENT_3D('',#2994,#2417,#2418);
#2102=AXIS2_PLACEMENT_3D('',#3000,#2422,#2423);
#2103=AXIS2_PLACEMENT_3D('',#3001,#2424,#2425);
#2104=AXIS2_PLACEMENT_3D('',#3003,#2426,#2427);
#2105=AXIS2_PLACEMENT_3D('',#3006,#2429,#2430);
#2106=AXIS2_PLACEMENT_3D('',#3012,#2434,#2435);
#2107=AXIS2_PLACEMENT_3D('',#3018,#2439,#2440);
#2108=AXIS2_PLACEMENT_3D('',#3024,#2444,#2445);
#2109=AXIS2_PLACEMENT_3D('',#3030,#2449,#2450);
#2110=AXIS2_PLACEMENT_3D('',#3036,#2454,#2455);
#2111=AXIS2_PLACEMENT_3D('',#3042,#2459,#2460);
#2112=AXIS2_PLACEMENT_3D('',#3048,#2464,#2465);
#2113=AXIS2_PLACEMENT_3D('',#3054,#2469,#2470);
#2114=AXIS2_PLACEMENT_3D('',#3060,#2474,#2475);
#2115=AXIS2_PLACEMENT_3D('',#3066,#2479,#2480);
#2116=AXIS2_PLACEMENT_3D('',#3072,#2484,#2485);
#2117=AXIS2_PLACEMENT_3D('',#3078,#2489,#2490);
#2118=AXIS2_PLACEMENT_3D('',#3084,#2494,#2495);
#2119=AXIS2_PLACEMENT_3D('',#3090,#2499,#2500);
#2120=AXIS2_PLACEMENT_3D('',#3096,#2504,#2505);
#2121=AXIS2_PLACEMENT_3D('',#3102,#2509,#2510);
#2122=AXIS2_PLACEMENT_3D('',#3108,#2514,#2515);
#2123=AXIS2_PLACEMENT_3D('',#3114,#2519,#2520);
#2124=AXIS2_PLACEMENT_3D('',#3120,#2524,#2525);
#2125=AXIS2_PLACEMENT_3D('',#3121,#2526,#2527);
#2126=AXIS2_PLACEMENT_3D('',#3123,#2528,#2529);
#2127=AXIS2_PLACEMENT_3D('',#3126,#2531,#2532);
#2128=AXIS2_PLACEMENT_3D('',#3132,#2536,#2537);
#2129=AXIS2_PLACEMENT_3D('',#3138,#2541,#2542);
#2130=AXIS2_PLACEMENT_3D('',#3144,#2546,#2547);
#2131=AXIS2_PLACEMENT_3D('',#3145,#2548,#2549);
#2132=AXIS2_PLACEMENT_3D('',#3147,#2550,#2551);
#2133=AXIS2_PLACEMENT_3D('',#3150,#2553,#2554);
#2134=AXIS2_PLACEMENT_3D('',#3156,#2558,#2559);
#2135=AXIS2_PLACEMENT_3D('',#3162,#2563,#2564);
#2136=AXIS2_PLACEMENT_3D('',#3168,#2568,#2569);
#2137=AXIS2_PLACEMENT_3D('',#3174,#2573,#2574);
#2138=AXIS2_PLACEMENT_3D('',#3180,#2578,#2579);
#2139=AXIS2_PLACEMENT_3D('',#3186,#2583,#2584);
#2140=AXIS2_PLACEMENT_3D('',#3192,#2588,#2589);
#2141=AXIS2_PLACEMENT_3D('',#3198,#2593,#2594);
#2142=AXIS2_PLACEMENT_3D('',#3204,#2598,#2599);
#2143=AXIS2_PLACEMENT_3D('',#3210,#2603,#2604);
#2144=AXIS2_PLACEMENT_3D('',#3216,#2608,#2609);
#2145=AXIS2_PLACEMENT_3D('',#3222,#2613,#2614);
#2146=AXIS2_PLACEMENT_3D('',#3228,#2618,#2619);
#2147=AXIS2_PLACEMENT_3D('',#3234,#2623,#2624);
#2148=AXIS2_PLACEMENT_3D('',#3237,#2627,#2628);
#2149=AXIS2_PLACEMENT_3D('',#3240,#2631,#2632);
#2150=AXIS2_PLACEMENT_3D('',#3243,#2635,#2636);
#2151=AXIS2_PLACEMENT_3D('',#3246,#2639,#2640);
#2152=AXIS2_PLACEMENT_3D('',#3247,#2641,#2642);
#2153=DIRECTION('',(0.,0.,1.));
#2154=DIRECTION('',(1.,0.,0.));
#2155=DIRECTION('',(0.,1.,-2.16840434497101E-16));
#2156=DIRECTION('',(0.,2.16840434497101E-16,1.));
#2157=DIRECTION('',(0.,2.16840434497101E-16,1.));
#2158=DIRECTION('',(1.,0.,0.));
#2159=DIRECTION('',(0.,2.16840434497101E-16,1.));
#2160=DIRECTION('',(1.,0.,0.));
#2161=DIRECTION('',(0.,0.,1.));
#2162=DIRECTION('',(1.,0.,0.));
#2163=DIRECTION('',(0.,-1.,0.));
#2164=DIRECTION('',(0.,-1.,0.));
#2165=DIRECTION('',(1.,0.,0.));
#2166=DIRECTION('',(0.,1.,0.));
#2167=DIRECTION('',(0.,0.,1.));
#2168=DIRECTION('',(0.,0.,1.));
#2169=DIRECTION('',(0.,0.,1.));
#2170=DIRECTION('',(1.,0.,0.));
#2171=DIRECTION('',(0.,1.,-3.96508223080413E-16));
#2172=DIRECTION('',(0.,3.96508223080413E-16,1.));
#2173=DIRECTION('',(0.,3.96508223080413E-16,1.));
#2174=DIRECTION('',(1.,0.,0.));
#2175=DIRECTION('',(0.,3.96508223080413E-16,1.));
#2176=DIRECTION('',(1.,0.,0.));
#2177=DIRECTION('',(0.,0.,1.));
#2178=DIRECTION('',(1.,0.,0.));
#2179=DIRECTION('',(0.,-1.,0.));
#2180=DIRECTION('',(0.,-1.,0.));
#2181=DIRECTION('',(1.,0.,0.));
#2182=DIRECTION('',(0.,1.,-3.96508223080413E-16));
#2183=DIRECTION('',(0.,3.96508223080413E-16,1.));
#2184=DIRECTION('',(0.,3.96508223080413E-16,1.));
#2185=DIRECTION('',(0.,3.96508223080413E-16,1.));
#2186=DIRECTION('',(1.,0.,0.));
#2187=DIRECTION('',(0.,1.,1.38777878078145E-15));
#2188=DIRECTION('',(0.,-1.38777878078145E-15,1.));
#2189=DIRECTION('',(0.,-1.38777878078145E-15,1.));
#2190=DIRECTION('',(1.,0.,0.));
#2191=DIRECTION('',(0.,-1.38777878078145E-15,1.));
#2192=DIRECTION('',(1.,0.,0.));
#2193=DIRECTION('',(0.,1.26161707343768E-15,-1.));
#2194=DIRECTION('',(0.,1.,1.26161707343768E-15));
#2195=DIRECTION('',(0.,1.,1.26161707343768E-15));
#2196=DIRECTION('',(0.,1.,1.26161707343768E-15));
#2197=DIRECTION('',(1.,0.,0.));
#2198=DIRECTION('',(0.,1.,1.04083408558608E-15));
#2199=DIRECTION('',(0.,-1.04083408558608E-15,1.));
#2200=DIRECTION('',(0.,-1.04083408558608E-15,1.));
#2201=DIRECTION('',(0.,-1.04083408558608E-15,1.));
#2202=DIRECTION('',(1.,0.,0.));
#2203=DIRECTION('',(0.,1.73472347597681E-16,1.));
#2204=DIRECTION('',(0.,-1.,1.73472347597681E-16));
#2205=DIRECTION('',(0.,-1.,1.73472347597681E-16));
#2206=DIRECTION('',(1.,0.,0.));
#2207=DIRECTION('',(0.,-1.,1.73472347597681E-16));
#2208=DIRECTION('',(1.,0.,0.));
#2209=DIRECTION('',(0.,-1.,0.));
#2210=DIRECTION('',(0.,0.,-1.));
#2211=DIRECTION('',(0.,0.,-1.));
#2212=DIRECTION('',(0.,0.,-1.));
#2213=DIRECTION('',(1.,0.,0.));
#2214=DIRECTION('',(1.,0.,0.));
#2215=DIRECTION('',(0.,0.,-1.));
#2216=DIRECTION('',(1.,0.,0.));
#2217=DIRECTION('',(0.,0.,-1.));
#2218=DIRECTION('',(1.,0.,0.));
#2219=DIRECTION('',(0.,0.,-1.));
#2220=DIRECTION('',(1.,0.,0.));
#2221=DIRECTION('',(0.,-1.,0.));
#2222=DIRECTION('',(0.,0.,-1.));
#2223=DIRECTION('',(0.,0.,-1.));
#2224=DIRECTION('',(0.,0.,-1.));
#2225=DIRECTION('',(1.,0.,0.));
#2226=DIRECTION('',(0.,1.15648231731787E-16,1.));
#2227=DIRECTION('',(0.,-1.,1.15648231731787E-16));
#2228=DIRECTION('',(0.,-1.,1.15648231731787E-16));
#2229=DIRECTION('',(0.,-1.,1.15648231731787E-16));
#2230=DIRECTION('',(1.,0.,0.));
#2231=DIRECTION('',(0.,1.,0.));
#2232=DIRECTION('',(0.,0.,1.));
#2233=DIRECTION('',(0.,0.,1.));
#2234=DIRECTION('',(0.,0.,1.));
#2235=DIRECTION('',(1.,0.,0.));
#2236=DIRECTION('',(0.,0.,-1.));
#2237=DIRECTION('',(-1.,0.,0.));
#2238=DIRECTION('',(0.,1.,0.));
#2239=DIRECTION('',(0.,1.,0.));
#2240=DIRECTION('',(1.,0.,0.));
#2241=DIRECTION('',(0.,1.,1.41047182509698E-15));
#2242=DIRECTION('',(0.,-1.41047182509698E-15,1.));
#2243=DIRECTION('',(0.,-1.41047182509698E-15,1.));
#2244=DIRECTION('',(0.,-1.41047182509698E-15,1.));
#2245=DIRECTION('',(1.,0.,0.));
#2246=DIRECTION('',(0.,-4.6259292692715E-16,1.));
#2247=DIRECTION('',(0.,-1.,-4.6259292692715E-16));
#2248=DIRECTION('',(0.,-1.,-4.6259292692715E-16));
#2249=DIRECTION('',(0.,-1.,-4.6259292692715E-16));
#2250=DIRECTION('',(1.,0.,0.));
#2251=DIRECTION('',(0.,-1.,0.));
#2252=DIRECTION('',(0.,0.,-1.));
#2253=DIRECTION('',(0.,0.,-1.));
#2254=DIRECTION('',(0.,0.,-1.));
#2255=DIRECTION('',(1.,0.,0.));
#2256=DIRECTION('',(1.,0.,0.));
#2257=DIRECTION('',(0.,-1.,0.));
#2258=DIRECTION('',(0.,0.,-1.));
#2259=DIRECTION('',(0.,0.,-1.));
#2260=DIRECTION('',(0.,0.,-1.));
#2261=DIRECTION('',(1.,0.,0.));
#2262=DIRECTION('',(0.,0.,1.));
#2263=DIRECTION('',(1.,0.,0.));
#2264=DIRECTION('',(0.,-1.,0.));
#2265=DIRECTION('',(0.,-1.,0.));
#2266=DIRECTION('',(1.,0.,0.));
#2267=DIRECTION('',(0.,-1.,0.));
#2268=DIRECTION('',(0.,0.,-1.));
#2269=DIRECTION('',(0.,0.,-1.));
#2270=DIRECTION('',(0.,0.,-1.));
#2271=DIRECTION('',(1.,0.,0.));
#2272=DIRECTION('',(1.,0.,0.));
#2273=DIRECTION('',(0.,-1.,0.));
#2274=DIRECTION('',(0.,0.,-1.));
#2275=DIRECTION('',(0.,0.,-1.));
#2276=DIRECTION('',(0.,0.,-1.));
#2277=DIRECTION('',(1.,0.,0.));
#2278=DIRECTION('',(0.,-4.62592926927147E-16,1.));
#2279=DIRECTION('',(0.,-1.,-4.62592926927147E-16));
#2280=DIRECTION('',(0.,-1.,-4.62592926927147E-16));
#2281=DIRECTION('',(0.,-1.,-4.62592926927147E-16));
#2282=DIRECTION('',(1.,0.,0.));
#2283=DIRECTION('',(0.,1.,1.41047182509698E-15));
#2284=DIRECTION('',(0.,-1.41047182509698E-15,1.));
#2285=DIRECTION('',(0.,-1.41047182509698E-15,1.));
#2286=DIRECTION('',(0.,-1.41047182509698E-15,1.));
#2287=DIRECTION('',(1.,0.,0.));
#2288=DIRECTION('',(0.,-1.51955559415499E-15,1.));
#2289=DIRECTION('',(0.,-1.,-1.51955559415499E-15));
#2290=DIRECTION('',(0.,-1.,-1.51955559415499E-15));
#2291=DIRECTION('',(0.,-1.,-1.51955559415499E-15));
#2292=DIRECTION('',(1.,0.,0.));
#2293=DIRECTION('',(0.,1.,-1.23358113847239E-15));
#2294=DIRECTION('',(0.,1.23358113847239E-15,1.));
#2295=DIRECTION('',(0.,1.23358113847239E-15,1.));
#2296=DIRECTION('',(0.,1.23358113847239E-15,1.));
#2297=DIRECTION('',(1.,0.,0.));
#2298=DIRECTION('',(0.,1.15648231731787E-16,1.));
#2299=DIRECTION('',(0.,-1.,1.15648231731787E-16));
#2300=DIRECTION('',(0.,-1.,1.15648231731787E-16));
#2301=DIRECTION('',(0.,-1.,1.15648231731787E-16));
#2302=DIRECTION('',(1.,0.,0.));
#2303=DIRECTION('',(0.,-1.,-1.15419798394846E-15));
#2304=DIRECTION('',(0.,1.15419798394846E-15,-1.));
#2305=DIRECTION('',(0.,1.15419798394846E-15,-1.));
#2306=DIRECTION('',(0.,1.15419798394846E-15,-1.));
#2307=DIRECTION('',(1.,0.,0.));
#2308=DIRECTION('',(1.,0.,0.));
#2309=DIRECTION('',(0.,0.,-1.));
#2310=DIRECTION('',(1.,0.,0.));
#2311=DIRECTION('',(0.,0.,-1.));
#2312=DIRECTION('',(1.,0.,0.));
#2313=DIRECTION('',(0.,0.,-1.));
#2314=DIRECTION('',(1.,0.,0.));
#2315=DIRECTION('',(0.,-1.,-1.15419798394846E-15));
#2316=DIRECTION('',(0.,1.15419798394846E-15,-1.));
#2317=DIRECTION('',(0.,1.15419798394846E-15,-1.));
#2318=DIRECTION('',(0.,1.15419798394846E-15,-1.));
#2319=DIRECTION('',(1.,0.,0.));
#2320=DIRECTION('',(0.,1.73472347597681E-16,1.));
#2321=DIRECTION('',(0.,-1.,1.73472347597681E-16));
#2322=DIRECTION('',(0.,-1.,1.73472347597681E-16));
#2323=DIRECTION('',(0.,-1.,1.73472347597681E-16));
#2324=DIRECTION('',(1.,0.,0.));
#2325=DIRECTION('',(0.,-1.,-9.55523743853295E-16));
#2326=DIRECTION('',(0.,9.55523743853295E-16,-1.));
#2327=DIRECTION('',(0.,9.55523743853295E-16,-1.));
#2328=DIRECTION('',(0.,9.55523743853295E-16,-1.));
#2329=DIRECTION('',(1.,0.,0.));
#2330=DIRECTION('',(0.,0.,-1.));
#2331=DIRECTION('',(-1.,0.,0.));
#2332=DIRECTION('',(0.,1.,0.));
#2333=DIRECTION('',(0.,1.,0.));
#2334=DIRECTION('',(1.,0.,0.));
#2335=DIRECTION('',(0.,-1.,-1.19440467981663E-15));
#2336=DIRECTION('',(0.,1.19440467981663E-15,-1.));
#2337=DIRECTION('',(0.,1.19440467981663E-15,-1.));
#2338=DIRECTION('',(0.,1.19440467981663E-15,-1.));
#2339=DIRECTION('',(1.,0.,0.));
#2340=DIRECTION('',(0.,1.15648231731787E-16,1.));
#2341=DIRECTION('',(0.,-1.,1.15648231731787E-16));
#2342=DIRECTION('',(0.,-1.,1.15648231731787E-16));
#2343=DIRECTION('',(0.,-1.,1.15648231731787E-16));
#2344=DIRECTION('',(1.,0.,0.));
#2345=DIRECTION('',(0.,1.,-3.08395284618096E-16));
#2346=DIRECTION('',(0.,3.08395284618096E-16,1.));
#2347=DIRECTION('',(0.,3.08395284618096E-16,1.));
#2348=DIRECTION('',(0.,3.08395284618096E-16,1.));
#2349=DIRECTION('',(1.,0.,0.));
#2350=DIRECTION('',(0.,1.519555594155E-15,-1.));
#2351=DIRECTION('',(0.,1.,1.519555594155E-15));
#2352=DIRECTION('',(0.,1.,1.519555594155E-15));
#2353=DIRECTION('',(0.,1.,1.519555594155E-15));
#2354=DIRECTION('',(1.,0.,0.));
#2355=DIRECTION('',(0.,1.,1.21430643318377E-15));
#2356=DIRECTION('',(0.,-1.21430643318377E-15,1.));
#2357=DIRECTION('',(0.,-1.21430643318377E-15,1.));
#2358=DIRECTION('',(0.,-1.21430643318377E-15,1.));
#2359=DIRECTION('',(1.,0.,0.));
#2360=DIRECTION('',(0.,1.51955559415499E-15,-1.));
#2361=DIRECTION('',(0.,1.,1.51955559415499E-15));
#2362=DIRECTION('',(0.,1.,1.51955559415499E-15));
#2363=DIRECTION('',(0.,1.,1.51955559415499E-15));
#2364=DIRECTION('',(1.,0.,0.));
#2365=DIRECTION('',(0.,1.,-2.77555756156288E-16));
#2366=DIRECTION('',(0.,2.77555756156288E-16,1.));
#2367=DIRECTION('',(0.,2.77555756156288E-16,1.));
#2368=DIRECTION('',(0.,2.77555756156288E-16,1.));
#2369=DIRECTION('',(1.,0.,0.));
#2370=DIRECTION('',(0.,1.51955559415498E-15,-1.));
#2371=DIRECTION('',(0.,1.,1.51955559415498E-15));
#2372=DIRECTION('',(0.,1.,1.51955559415498E-15));
#2373=DIRECTION('',(0.,1.,1.51955559415498E-15));
#2374=DIRECTION('',(1.,0.,0.));
#2375=DIRECTION('',(0.,1.,1.21430643318378E-15));
#2376=DIRECTION('',(0.,-1.21430643318378E-15,1.));
#2377=DIRECTION('',(0.,-1.21430643318378E-15,1.));
#2378=DIRECTION('',(0.,-1.21430643318378E-15,1.));
#2379=DIRECTION('',(1.,0.,0.));
#2380=DIRECTION('',(0.,1.51955559415499E-15,-1.));
#2381=DIRECTION('',(0.,1.,1.51955559415499E-15));
#2382=DIRECTION('',(0.,1.,1.51955559415499E-15));
#2383=DIRECTION('',(0.,1.,1.51955559415499E-15));
#2384=DIRECTION('',(1.,0.,0.));
#2385=DIRECTION('',(0.,1.,-3.08395284618102E-16));
#2386=DIRECTION('',(0.,3.08395284618102E-16,1.));
#2387=DIRECTION('',(0.,3.08395284618102E-16,1.));
#2388=DIRECTION('',(0.,3.08395284618102E-16,1.));
#2389=DIRECTION('',(1.,0.,0.));
#2390=DIRECTION('',(0.,4.62592926927148E-16,1.));
#2391=DIRECTION('',(0.,-1.,4.62592926927148E-16));
#2392=DIRECTION('',(0.,-1.,4.62592926927148E-16));
#2393=DIRECTION('',(0.,-1.,4.62592926927148E-16));
#2394=DIRECTION('',(1.,0.,0.));
#2395=DIRECTION('',(0.,1.,1.12953828112947E-15));
#2396=DIRECTION('',(0.,-1.12953828112947E-15,1.));
#2397=DIRECTION('',(0.,-1.12953828112947E-15,1.));
#2398=DIRECTION('',(0.,-1.12953828112947E-15,1.));
#2399=DIRECTION('',(1.,0.,0.));
#2400=DIRECTION('',(1.,0.,0.));
#2401=DIRECTION('',(0.,0.,-1.));
#2402=DIRECTION('',(1.,0.,0.));
#2403=DIRECTION('',(0.,0.,-1.));
#2404=DIRECTION('',(1.,0.,0.));
#2405=DIRECTION('',(0.,0.,-1.));
#2406=DIRECTION('',(1.,0.,0.));
#2407=DIRECTION('',(0.,1.,9.68175669539546E-16));
#2408=DIRECTION('',(0.,-9.68175669539546E-16,1.));
#2409=DIRECTION('',(0.,-9.68175669539546E-16,1.));
#2410=DIRECTION('',(0.,-9.68175669539546E-16,1.));
#2411=DIRECTION('',(1.,0.,0.));
#2412=DIRECTION('',(0.,0.,1.));
#2413=DIRECTION('',(1.,0.,0.));
#2414=DIRECTION('',(0.,-1.,0.));
#2415=DIRECTION('',(0.,-1.,0.));
#2416=DIRECTION('',(1.,0.,0.));
#2417=DIRECTION('',(0.,1.,9.68175669539545E-16));
#2418=DIRECTION('',(0.,-9.68175669539545E-16,1.));
#2419=DIRECTION('',(0.,-9.68175669539545E-16,1.));
#2420=DIRECTION('',(0.,-9.68175669539545E-16,1.));
#2421=DIRECTION('',(1.,0.,0.));
#2422=DIRECTION('',(1.,0.,0.));
#2423=DIRECTION('',(0.,0.,-1.));
#2424=DIRECTION('',(1.,0.,0.));
#2425=DIRECTION('',(0.,0.,-1.));
#2426=DIRECTION('',(1.,0.,0.));
#2427=DIRECTION('',(0.,0.,-1.));
#2428=DIRECTION('',(1.,0.,0.));
#2429=DIRECTION('',(0.,1.,9.68175669539544E-16));
#2430=DIRECTION('',(0.,-9.68175669539544E-16,1.));
#2431=DIRECTION('',(0.,-9.68175669539544E-16,1.));
#2432=DIRECTION('',(0.,-9.68175669539544E-16,1.));
#2433=DIRECTION('',(1.,0.,0.));
#2434=DIRECTION('',(0.,4.62592926927149E-16,1.));
#2435=DIRECTION('',(0.,-1.,4.62592926927149E-16));
#2436=DIRECTION('',(0.,-1.,4.62592926927149E-16));
#2437=DIRECTION('',(0.,-1.,4.62592926927149E-16));
#2438=DIRECTION('',(1.,0.,0.));
#2439=DIRECTION('',(0.,1.,0.));
#2440=DIRECTION('',(0.,0.,1.));
#2441=DIRECTION('',(0.,0.,1.));
#2442=DIRECTION('',(0.,0.,1.));
#2443=DIRECTION('',(1.,0.,0.));
#2444=DIRECTION('',(0.,0.,1.));
#2445=DIRECTION('',(1.,0.,0.));
#2446=DIRECTION('',(0.,-1.,0.));
#2447=DIRECTION('',(0.,-1.,0.));
#2448=DIRECTION('',(1.,0.,0.));
#2449=DIRECTION('',(0.,1.,0.));
#2450=DIRECTION('',(0.,0.,1.));
#2451=DIRECTION('',(0.,0.,1.));
#2452=DIRECTION('',(0.,0.,1.));
#2453=DIRECTION('',(1.,0.,0.));
#2454=DIRECTION('',(0.,0.,1.));
#2455=DIRECTION('',(1.,0.,0.));
#2456=DIRECTION('',(0.,-1.,0.));
#2457=DIRECTION('',(0.,-1.,0.));
#2458=DIRECTION('',(1.,0.,0.));
#2459=DIRECTION('',(0.,1.,0.));
#2460=DIRECTION('',(0.,0.,1.));
#2461=DIRECTION('',(0.,0.,1.));
#2462=DIRECTION('',(0.,0.,1.));
#2463=DIRECTION('',(1.,0.,0.));
#2464=DIRECTION('',(0.,0.,-1.));
#2465=DIRECTION('',(-1.,0.,0.));
#2466=DIRECTION('',(0.,1.,0.));
#2467=DIRECTION('',(0.,1.,0.));
#2468=DIRECTION('',(1.,0.,0.));
#2469=DIRECTION('',(0.,1.,0.));
#2470=DIRECTION('',(0.,0.,1.));
#2471=DIRECTION('',(0.,0.,1.));
#2472=DIRECTION('',(0.,0.,1.));
#2473=DIRECTION('',(1.,0.,0.));
#2474=DIRECTION('',(0.,0.,1.));
#2475=DIRECTION('',(1.,0.,0.));
#2476=DIRECTION('',(0.,-1.,0.));
#2477=DIRECTION('',(0.,-1.,0.));
#2478=DIRECTION('',(1.,0.,0.));
#2479=DIRECTION('',(0.,1.,0.));
#2480=DIRECTION('',(0.,0.,1.));
#2481=DIRECTION('',(0.,0.,1.));
#2482=DIRECTION('',(0.,0.,1.));
#2483=DIRECTION('',(1.,0.,0.));
#2484=DIRECTION('',(0.,0.,-1.));
#2485=DIRECTION('',(-1.,0.,0.));
#2486=DIRECTION('',(0.,1.,0.));
#2487=DIRECTION('',(0.,1.,0.));
#2488=DIRECTION('',(1.,0.,0.));
#2489=DIRECTION('',(0.,1.,0.));
#2490=DIRECTION('',(0.,0.,1.));
#2491=DIRECTION('',(0.,0.,1.));
#2492=DIRECTION('',(0.,0.,1.));
#2493=DIRECTION('',(1.,0.,0.));
#2494=DIRECTION('',(0.,0.,1.));
#2495=DIRECTION('',(1.,0.,0.));
#2496=DIRECTION('',(0.,-1.,0.));
#2497=DIRECTION('',(0.,-1.,0.));
#2498=DIRECTION('',(1.,0.,0.));
#2499=DIRECTION('',(0.,1.,0.));
#2500=DIRECTION('',(0.,0.,1.));
#2501=DIRECTION('',(0.,0.,1.));
#2502=DIRECTION('',(0.,0.,1.));
#2503=DIRECTION('',(1.,0.,0.));
#2504=DIRECTION('',(0.,0.,-1.));
#2505=DIRECTION('',(-1.,0.,0.));
#2506=DIRECTION('',(0.,1.,0.));
#2507=DIRECTION('',(0.,1.,0.));
#2508=DIRECTION('',(1.,0.,0.));
#2509=DIRECTION('',(0.,1.,0.));
#2510=DIRECTION('',(0.,0.,1.));
#2511=DIRECTION('',(0.,0.,1.));
#2512=DIRECTION('',(0.,0.,1.));
#2513=DIRECTION('',(1.,0.,0.));
#2514=DIRECTION('',(0.,4.62592926927149E-16,1.));
#2515=DIRECTION('',(0.,-1.,4.62592926927149E-16));
#2516=DIRECTION('',(0.,-1.,4.62592926927149E-16));
#2517=DIRECTION('',(0.,-1.,4.62592926927149E-16));
#2518=DIRECTION('',(1.,0.,0.));
#2519=DIRECTION('',(0.,1.,0.));
#2520=DIRECTION('',(0.,0.,1.));
#2521=DIRECTION('',(0.,0.,1.));
#2522=DIRECTION('',(0.,0.,1.));
#2523=DIRECTION('',(1.,0.,0.));
#2524=DIRECTION('',(1.,0.,0.));
#2525=DIRECTION('',(0.,0.,-1.));
#2526=DIRECTION('',(1.,0.,0.));
#2527=DIRECTION('',(0.,0.,-1.));
#2528=DIRECTION('',(1.,0.,0.));
#2529=DIRECTION('',(0.,0.,-1.));
#2530=DIRECTION('',(1.,0.,0.));
#2531=DIRECTION('',(0.,1.,0.));
#2532=DIRECTION('',(0.,0.,1.));
#2533=DIRECTION('',(0.,0.,1.));
#2534=DIRECTION('',(0.,0.,1.));
#2535=DIRECTION('',(1.,0.,0.));
#2536=DIRECTION('',(0.,0.,1.));
#2537=DIRECTION('',(1.,0.,0.));
#2538=DIRECTION('',(0.,-1.,0.));
#2539=DIRECTION('',(0.,-1.,0.));
#2540=DIRECTION('',(1.,0.,0.));
#2541=DIRECTION('',(0.,1.,0.));
#2542=DIRECTION('',(0.,0.,1.));
#2543=DIRECTION('',(0.,0.,1.));
#2544=DIRECTION('',(0.,0.,1.));
#2545=DIRECTION('',(1.,0.,0.));
#2546=DIRECTION('',(1.,0.,0.));
#2547=DIRECTION('',(0.,0.,-1.));
#2548=DIRECTION('',(1.,0.,0.));
#2549=DIRECTION('',(0.,0.,-1.));
#2550=DIRECTION('',(1.,0.,0.));
#2551=DIRECTION('',(0.,0.,-1.));
#2552=DIRECTION('',(1.,0.,0.));
#2553=DIRECTION('',(0.,1.,0.));
#2554=DIRECTION('',(0.,0.,1.));
#2555=DIRECTION('',(0.,0.,1.));
#2556=DIRECTION('',(0.,0.,1.));
#2557=DIRECTION('',(1.,0.,0.));
#2558=DIRECTION('',(0.,4.62592926927149E-16,1.));
#2559=DIRECTION('',(0.,-1.,4.62592926927149E-16));
#2560=DIRECTION('',(0.,-1.,4.62592926927149E-16));
#2561=DIRECTION('',(0.,-1.,4.62592926927149E-16));
#2562=DIRECTION('',(1.,0.,0.));
#2563=DIRECTION('',(0.,1.,0.));
#2564=DIRECTION('',(0.,0.,1.));
#2565=DIRECTION('',(0.,0.,1.));
#2566=DIRECTION('',(0.,0.,1.));
#2567=DIRECTION('',(1.,0.,0.));
#2568=DIRECTION('',(0.,0.,1.));
#2569=DIRECTION('',(1.,0.,0.));
#2570=DIRECTION('',(0.,-1.,0.));
#2571=DIRECTION('',(0.,-1.,0.));
#2572=DIRECTION('',(1.,0.,0.));
#2573=DIRECTION('',(0.,-1.,0.));
#2574=DIRECTION('',(0.,0.,-1.));
#2575=DIRECTION('',(0.,0.,1.));
#2576=DIRECTION('',(0.,0.,1.));
#2577=DIRECTION('',(1.,0.,0.));
#2578=DIRECTION('',(0.,0.,1.));
#2579=DIRECTION('',(1.,0.,0.));
#2580=DIRECTION('',(0.,-1.,0.));
#2581=DIRECTION('',(0.,-1.,0.));
#2582=DIRECTION('',(1.,0.,0.));
#2583=DIRECTION('',(0.,1.,0.));
#2584=DIRECTION('',(0.,0.,1.));
#2585=DIRECTION('',(0.,0.,1.));
#2586=DIRECTION('',(0.,0.,1.));
#2587=DIRECTION('',(1.,0.,0.));
#2588=DIRECTION('',(0.,0.,1.));
#2589=DIRECTION('',(1.,0.,0.));
#2590=DIRECTION('',(0.,-1.,0.));
#2591=DIRECTION('',(0.,-1.,0.));
#2592=DIRECTION('',(1.,0.,0.));
#2593=DIRECTION('',(0.,-1.,0.));
#2594=DIRECTION('',(0.,0.,-1.));
#2595=DIRECTION('',(0.,0.,1.));
#2596=DIRECTION('',(0.,0.,1.));
#2597=DIRECTION('',(1.,0.,0.));
#2598=DIRECTION('',(0.,0.,1.));
#2599=DIRECTION('',(1.,0.,0.));
#2600=DIRECTION('',(0.,-1.,0.));
#2601=DIRECTION('',(0.,-1.,0.));
#2602=DIRECTION('',(1.,0.,0.));
#2603=DIRECTION('',(0.,1.,0.));
#2604=DIRECTION('',(0.,0.,1.));
#2605=DIRECTION('',(0.,0.,1.));
#2606=DIRECTION('',(0.,0.,1.));
#2607=DIRECTION('',(1.,0.,0.));
#2608=DIRECTION('',(0.,1.15648231731787E-16,1.));
#2609=DIRECTION('',(0.,-1.,1.15648231731787E-16));
#2610=DIRECTION('',(0.,-1.,1.15648231731787E-16));
#2611=DIRECTION('',(0.,-1.,1.15648231731787E-16));
#2612=DIRECTION('',(1.,0.,0.));
#2613=DIRECTION('',(0.,-1.,0.));
#2614=DIRECTION('',(0.,0.,-1.));
#2615=DIRECTION('',(0.,0.,-1.));
#2616=DIRECTION('',(0.,0.,-1.));
#2617=DIRECTION('',(1.,0.,0.));
#2618=DIRECTION('',(0.,0.,-1.));
#2619=DIRECTION('',(-1.,0.,0.));
#2620=DIRECTION('',(0.,1.,0.));
#2621=DIRECTION('',(0.,1.,0.));
#2622=DIRECTION('',(1.,0.,0.));
#2623=DIRECTION('',(0.,0.,1.));
#2624=DIRECTION('',(1.,0.,0.));
#2625=DIRECTION('',(0.,-1.,0.));
#2626=DIRECTION('',(0.,-1.,0.));
#2627=DIRECTION('',(0.,1.13545536609391E-15,-1.));
#2628=DIRECTION('',(0.,1.,1.13545536609391E-15));
#2629=DIRECTION('',(0.,1.,1.13545536609391E-15));
#2630=DIRECTION('',(0.,1.,1.13545536609391E-15));
#2631=DIRECTION('',(0.,-1.,0.));
#2632=DIRECTION('',(0.,0.,-1.));
#2633=DIRECTION('',(0.,0.,-1.));
#2634=DIRECTION('',(0.,0.,-1.));
#2635=DIRECTION('',(0.,0.,1.));
#2636=DIRECTION('',(1.,0.,0.));
#2637=DIRECTION('',(0.,-1.,0.));
#2638=DIRECTION('',(0.,-1.,0.));
#2639=DIRECTION('',(1.,0.,0.));
#2640=DIRECTION('',(0.,1.,0.));
#2641=DIRECTION('',(1.,0.,0.));
#2642=DIRECTION('',(0.,1.,0.));
#2643=CARTESIAN_POINT('',(0.,0.,0.));
#2644=CARTESIAN_POINT('',(10.25,-1.53398313504104,3.71114930113044));
#2645=CARTESIAN_POINT('',(10.5,-1.53398313504104,3.71114930113044));
#2646=CARTESIAN_POINT('',(10.5,-1.53398313504104,1.71114930113044));
#2647=CARTESIAN_POINT('',(10.5,-1.53398313504104,5.71114930113044));
#2648=CARTESIAN_POINT('',(10.25,-1.53398313504104,5.71114930113044));
#2649=CARTESIAN_POINT('',(10.25,-1.53398313504104,5.71114930113044));
#2650=CARTESIAN_POINT('',(10.25,-1.53398313504104,3.71114930113044));
#2651=CARTESIAN_POINT('',(10.25,-1.53398313504104,1.71114930113044));
#2652=CARTESIAN_POINT('',(10.25,-1.53398313504104,1.71114930113044));
#2653=CARTESIAN_POINT('',(10.25,-4.28398313504104,1.71114930113044));
#2654=CARTESIAN_POINT('',(10.5,-4.28398313504104,1.71114930113044));
#2655=CARTESIAN_POINT('',(10.5,-7.03398313504104,1.71114930113044));
#2656=CARTESIAN_POINT('',(10.25,-4.28398313504104,1.71114930113044));
#2657=CARTESIAN_POINT('',(10.25,-7.03398313504104,1.71114930113044));
#2658=CARTESIAN_POINT('',(10.25,-7.03398313504104,1.71114930113044));
#2659=CARTESIAN_POINT('',(10.25,-7.03398313504104,3.71114930113044));
#2660=CARTESIAN_POINT('',(10.5,-7.03398313504104,3.71114930113044));
#2661=CARTESIAN_POINT('',(10.5,-7.03398313504104,5.71114930113044));
#2662=CARTESIAN_POINT('',(10.25,-7.03398313504104,3.71114930113044));
#2663=CARTESIAN_POINT('',(10.25,-7.03398313504104,5.71114930113044));
#2664=CARTESIAN_POINT('',(10.25,-7.03398313504104,5.71114930113044));
#2665=CARTESIAN_POINT('',(10.25,-8.,5.35223827498427));
#2666=CARTESIAN_POINT('',(10.5,-8.,5.35223827498427));
#2667=CARTESIAN_POINT('',(10.5,-8.,1.85223827498427));
#2668=CARTESIAN_POINT('',(10.5,-8.,8.85223827498427));
#2669=CARTESIAN_POINT('',(10.25,-8.,8.85223827498427));
#2670=CARTESIAN_POINT('',(10.25,-8.,8.85223827498427));
#2671=CARTESIAN_POINT('',(10.25,-8.,5.35223827498427));
#2672=CARTESIAN_POINT('',(10.25,-8.,1.85223827498427));
#2673=CARTESIAN_POINT('',(10.25,-8.,1.85223827498427));
#2674=CARTESIAN_POINT('',(10.25,-9.875,1.85223827498427));
#2675=CARTESIAN_POINT('',(10.5,-9.875,1.85223827498427));
#2676=CARTESIAN_POINT('',(10.5,-10.5,1.85223827498427));
#2677=CARTESIAN_POINT('',(10.25,-9.875,1.85223827498427));
#2678=CARTESIAN_POINT('',(10.25,-10.5,1.85223827498427));
#2679=CARTESIAN_POINT('',(10.25,-10.5,1.85223827498427));
#2680=CARTESIAN_POINT('',(10.25,-10.5,5.35223827498427));
#2681=CARTESIAN_POINT('',(10.5,-10.5,5.35223827498427));
#2682=CARTESIAN_POINT('',(10.5,-10.5,8.85223827498427));
#2683=CARTESIAN_POINT('',(10.25,-10.5,5.35223827498427));
#2684=CARTESIAN_POINT('',(10.25,-10.5,8.85223827498427));
#2685=CARTESIAN_POINT('',(10.25,-10.5,8.85223827498427));
#2686=CARTESIAN_POINT('',(10.25,-16.9660168649589,3.71114930113044));
#2687=CARTESIAN_POINT('',(10.5,-16.9660168649589,3.71114930113044));
#2688=CARTESIAN_POINT('',(10.5,-16.9660168649589,1.71114930113043));
#2689=CARTESIAN_POINT('',(10.5,-16.9660168649589,5.71114930113043));
#2690=CARTESIAN_POINT('',(10.25,-16.9660168649589,1.71114930113043));
#2691=CARTESIAN_POINT('',(10.25,-16.9660168649589,1.71114930113043));
#2692=CARTESIAN_POINT('',(10.25,-16.9660168649589,3.71114930113044));
#2693=CARTESIAN_POINT('',(10.25,-16.9660168649589,5.71114930113043));
#2694=CARTESIAN_POINT('',(10.25,-16.9660168649589,5.71114930113043));
#2695=CARTESIAN_POINT('',(10.25,-14.216016864959,5.71114930113044));
#2696=CARTESIAN_POINT('',(10.5,-14.216016864959,5.71114930113044));
#2697=CARTESIAN_POINT('',(10.5,-11.466016864959,5.71114930113044));
#2698=CARTESIAN_POINT('',(10.25,-14.216016864959,5.71114930113044));
#2699=CARTESIAN_POINT('',(10.25,-11.466016864959,5.71114930113044));
#2700=CARTESIAN_POINT('',(10.25,-11.466016864959,5.71114930113044));
#2701=CARTESIAN_POINT('',(10.25,-11.466016864959,3.71114930113044));
#2702=CARTESIAN_POINT('',(10.5,-11.466016864959,3.71114930113044));
#2703=CARTESIAN_POINT('',(10.5,-11.466016864959,1.71114930113044));
#2704=CARTESIAN_POINT('',(10.25,-11.466016864959,3.71114930113044));
#2705=CARTESIAN_POINT('',(10.25,-11.466016864959,1.71114930113044));
#2706=CARTESIAN_POINT('',(10.25,-11.466016864959,1.71114930113044));
#2707=CARTESIAN_POINT('',(10.25,-14.216016864959,1.46114930113044));
#2708=CARTESIAN_POINT('',(10.5,-14.216016864959,1.46114930113044));
#2709=CARTESIAN_POINT('',(10.5,-13.216016864959,1.46114930113044));
#2710=CARTESIAN_POINT('',(10.5,-15.216016864959,1.46114930113044));
#2711=CARTESIAN_POINT('',(10.25,-15.216016864959,1.46114930113044));
#2712=CARTESIAN_POINT('',(10.25,-15.216016864959,1.46114930113044));
#2713=CARTESIAN_POINT('',(10.25,-14.216016864959,1.46114930113044));
#2714=CARTESIAN_POINT('',(10.25,-13.216016864959,1.46114930113044));
#2715=CARTESIAN_POINT('',(10.25,-13.216016864959,1.46114930113044));
#2716=CARTESIAN_POINT('',(10.25,-13.216016864959,0.987290064477681));
#2717=CARTESIAN_POINT('',(10.5,-13.216016864959,0.987290064477681));
#2718=CARTESIAN_POINT('',(10.5,-13.216016864959,-1.84426335635355));
#2719=CARTESIAN_POINT('',(10.25,-13.216016864959,0.987290064477681));
#2720=CARTESIAN_POINT('',(10.25,-13.216016864959,-1.84426335635355));
#2721=CARTESIAN_POINT('',(10.25,-13.216016864959,-1.84426335635355));
#2722=CARTESIAN_POINT('',(10.25,-13.875,2.74650655269878));
#2723=CARTESIAN_POINT('',(10.5,-13.875,2.74650655269878));
#2724=CARTESIAN_POINT('',(10.5,-12.716016864959,-1.74417103791261));
#2725=CARTESIAN_POINT('',(10.25,-13.875,2.74650655269878));
#2726=CARTESIAN_POINT('',(10.25,-12.716016864959,-1.74417103791261));
#2727=CARTESIAN_POINT('',(10.25,-12.716016864959,-1.74417103791261));
#2728=CARTESIAN_POINT('',(10.25,-12.716016864959,0.98729006447768));
#2729=CARTESIAN_POINT('',(10.5,-12.716016864959,0.98729006447768));
#2730=CARTESIAN_POINT('',(10.5,-12.716016864959,1.46114930113044));
#2731=CARTESIAN_POINT('',(10.25,-12.716016864959,0.98729006447768));
#2732=CARTESIAN_POINT('',(10.25,-12.716016864959,1.46114930113044));
#2733=CARTESIAN_POINT('',(10.25,-12.716016864959,1.46114930113044));
#2734=CARTESIAN_POINT('',(10.25,-11.966016864959,1.46114930113044));
#2735=CARTESIAN_POINT('',(10.5,-11.966016864959,1.46114930113044));
#2736=CARTESIAN_POINT('',(10.5,-11.216016864959,1.46114930113044));
#2737=CARTESIAN_POINT('',(10.25,-11.966016864959,1.46114930113044));
#2738=CARTESIAN_POINT('',(10.25,-11.216016864959,1.46114930113044));
#2739=CARTESIAN_POINT('',(10.25,-11.216016864959,1.46114930113044));
#2740=CARTESIAN_POINT('',(10.25,-11.216016864959,2.02364930113044));
#2741=CARTESIAN_POINT('',(10.5,-11.216016864959,2.02364930113044));
#2742=CARTESIAN_POINT('',(10.5,-11.216016864959,2.58614930113044));
#2743=CARTESIAN_POINT('',(10.25,-11.216016864959,2.02364930113044));
#2744=CARTESIAN_POINT('',(10.25,-11.216016864959,2.58614930113044));
#2745=CARTESIAN_POINT('',(10.25,-11.216016864959,2.58614930113044));
#2746=CARTESIAN_POINT('',(10.25,-10.9830084324795,2.58614930113044));
#2747=CARTESIAN_POINT('',(10.5,-10.9830084324795,2.58614930113044));
#2748=CARTESIAN_POINT('',(10.5,-10.75,2.58614930113044));
#2749=CARTESIAN_POINT('',(10.25,-10.9830084324795,2.58614930113044));
#2750=CARTESIAN_POINT('',(10.25,-10.75,2.58614930113044));
#2751=CARTESIAN_POINT('',(10.25,-10.75,2.58614930113044));
#2752=CARTESIAN_POINT('',(10.25,-10.75,2.09419378805736));
#2753=CARTESIAN_POINT('',(10.5,-10.75,2.09419378805736));
#2754=CARTESIAN_POINT('',(10.5,-10.75,1.60223827498427));
#2755=CARTESIAN_POINT('',(10.25,-10.75,2.09419378805736));
#2756=CARTESIAN_POINT('',(10.25,-10.75,1.60223827498427));
#2757=CARTESIAN_POINT('',(10.25,-10.75,1.60223827498427));
#2758=CARTESIAN_POINT('',(10.25,-10.375,1.60223827498427));
#2759=CARTESIAN_POINT('',(10.5,-10.375,1.60223827498427));
#2760=CARTESIAN_POINT('',(10.5,-10.,1.60223827498427));
#2761=CARTESIAN_POINT('',(10.25,-10.375,1.60223827498427));
#2762=CARTESIAN_POINT('',(10.25,-10.,1.60223827498427));
#2763=CARTESIAN_POINT('',(10.25,-10.,1.60223827498427));
#2764=CARTESIAN_POINT('',(10.25,-10.,1.05783455140459));
#2765=CARTESIAN_POINT('',(10.5,-10.,1.05783455140459));
#2766=CARTESIAN_POINT('',(10.5,-10.,0.175029198091534));
#2767=CARTESIAN_POINT('',(10.25,-10.,1.05783455140459));
#2768=CARTESIAN_POINT('',(10.25,-10.,0.175029198091534));
#2769=CARTESIAN_POINT('',(10.25,-10.,0.175029198091534));
#2770=CARTESIAN_POINT('',(10.25,-9.99999999999985,0.175029198091655));
#2771=CARTESIAN_POINT('',(10.5,-9.99999999999985,0.175029198091655));
#2772=CARTESIAN_POINT('',(10.25,-9.83333333277155,0.316314727479998));
#2773=CARTESIAN_POINT('',(10.5,-9.83333333277155,0.316314727479998));
#2774=CARTESIAN_POINT('',(10.25,-9.66666666554324,0.419620275721973));
#2775=CARTESIAN_POINT('',(10.5,-9.66666666554324,0.419620275721973));
#2776=CARTESIAN_POINT('',(10.25,-9.49999999831493,0.472792248809788));
#2777=CARTESIAN_POINT('',(10.5,-9.49999999831493,0.472792248809788));
#2778=CARTESIAN_POINT('',(10.5,-10.7593771782904,-0.688944154700677));
#2779=CARTESIAN_POINT('',(10.5,-10.2562514521936,0.00119257559341358));
#2780=CARTESIAN_POINT('',(10.5,-9.75312572609681,0.513430827824916));
#2781=CARTESIAN_POINT('',(10.5,-9.25,0.513430827824916));
#2782=CARTESIAN_POINT('',(10.5,-9.5,0.472792248272197));
#2783=CARTESIAN_POINT('',(10.25,-10.7593771782904,-0.688944154700677));
#2784=CARTESIAN_POINT('',(10.25,-10.2562514521936,0.00119257559341358));
#2785=CARTESIAN_POINT('',(10.25,-9.75312572609681,0.513430827824916));
#2786=CARTESIAN_POINT('',(10.25,-9.25,0.513430827824916));
#2787=CARTESIAN_POINT('',(10.25,-9.5,0.472792248272197));
#2788=CARTESIAN_POINT('',(10.25,-9.5,0.472792248272197));
#2789=CARTESIAN_POINT('',(10.25,-9.5,1.05783455140458));
#2790=CARTESIAN_POINT('',(10.5,-9.5,1.05783455140458));
#2791=CARTESIAN_POINT('',(10.5,-9.5,1.60223827498424));
#2792=CARTESIAN_POINT('',(10.25,-9.5,1.05783455140458));
#2793=CARTESIAN_POINT('',(10.25,-9.5,1.60223827498424));
#2794=CARTESIAN_POINT('',(10.25,-9.5,1.60223827498424));
#2795=CARTESIAN_POINT('',(10.25,-9.375,1.60223827498427));
#2796=CARTESIAN_POINT('',(10.5,-9.375,1.60223827498427));
#2797=CARTESIAN_POINT('',(10.5,-9.,1.60223827498427));
#2798=CARTESIAN_POINT('',(10.25,-9.375,1.60223827498427));
#2799=CARTESIAN_POINT('',(10.25,-9.,1.60223827498427));
#2800=CARTESIAN_POINT('',(10.25,-9.,1.60223827498427));
#2801=CARTESIAN_POINT('',(10.25,-9.,-0.0309728957547443));
#2802=CARTESIAN_POINT('',(10.5,-9.,-0.0309728957547443));
#2803=CARTESIAN_POINT('',(10.5,-9.,0.472792248272198));
#2804=CARTESIAN_POINT('',(10.25,-9.,-0.0309728957547443));
#2805=CARTESIAN_POINT('',(10.25,-9.,0.472792248272198));
#2806=CARTESIAN_POINT('',(10.25,-9.,0.472792248272198));
#2807=CARTESIAN_POINT('',(10.25,-9.00000000168507,0.472792248809788));
#2808=CARTESIAN_POINT('',(10.5,-9.00000000168507,0.472792248809788));
#2809=CARTESIAN_POINT('',(10.25,-8.83333333445676,0.419620275721973));
#2810=CARTESIAN_POINT('',(10.5,-8.83333333445676,0.419620275721973));
#2811=CARTESIAN_POINT('',(10.25,-8.66666666722845,0.316314727479998));
#2812=CARTESIAN_POINT('',(10.5,-8.66666666722845,0.316314727479998));
#2813=CARTESIAN_POINT('',(10.25,-8.50000000000015,0.175029198091654));
#2814=CARTESIAN_POINT('',(10.5,-8.50000000000015,0.175029198091654));
#2815=CARTESIAN_POINT('',(10.5,-9.25,0.513430827824917));
#2816=CARTESIAN_POINT('',(10.5,-8.74687427390281,0.513430827824917));
#2817=CARTESIAN_POINT('',(10.5,-8.24374854780561,0.00119257559263361));
#2818=CARTESIAN_POINT('',(10.5,-7.74062282170841,-0.688944154702255));
#2819=CARTESIAN_POINT('',(10.5,-8.5,0.175029198091533));
#2820=CARTESIAN_POINT('',(10.25,-9.25,0.513430827824917));
#2821=CARTESIAN_POINT('',(10.25,-8.74687427390281,0.513430827824917));
#2822=CARTESIAN_POINT('',(10.25,-8.24374854780561,0.00119257559263361));
#2823=CARTESIAN_POINT('',(10.25,-7.74062282170841,-0.688944154702255));
#2824=CARTESIAN_POINT('',(10.25,-8.5,0.175029198091533));
#2825=CARTESIAN_POINT('',(10.25,-8.5,0.175029198091533));
#2826=CARTESIAN_POINT('',(10.25,-8.5,-0.0877566634378803));
#2827=CARTESIAN_POINT('',(10.5,-8.5,-0.0877566634378803));
#2828=CARTESIAN_POINT('',(10.5,-8.5,1.60223827498427));
#2829=CARTESIAN_POINT('',(10.25,-8.5,-0.0877566634378803));
#2830=CARTESIAN_POINT('',(10.25,-8.5,1.60223827498427));
#2831=CARTESIAN_POINT('',(10.25,-8.5,1.60223827498427));
#2832=CARTESIAN_POINT('',(10.25,-8.125,1.60223827498427));
#2833=CARTESIAN_POINT('',(10.5,-8.125,1.60223827498427));
#2834=CARTESIAN_POINT('',(10.5,-7.75,1.60223827498427));
#2835=CARTESIAN_POINT('',(10.25,-8.125,1.60223827498427));
#2836=CARTESIAN_POINT('',(10.25,-7.75,1.60223827498427));
#2837=CARTESIAN_POINT('',(10.25,-7.75,1.60223827498427));
#2838=CARTESIAN_POINT('',(10.25,-7.75,2.09419378805736));
#2839=CARTESIAN_POINT('',(10.5,-7.75,2.09419378805736));
#2840=CARTESIAN_POINT('',(10.5,-7.75,2.58614930113044));
#2841=CARTESIAN_POINT('',(10.25,-7.75,2.09419378805736));
#2842=CARTESIAN_POINT('',(10.25,-7.75,2.58614930113044));
#2843=CARTESIAN_POINT('',(10.25,-7.75,2.58614930113044));
#2844=CARTESIAN_POINT('',(10.25,-7.51230297837543,2.58614930113044));
#2845=CARTESIAN_POINT('',(10.5,-7.51230297837543,2.58614930113044));
#2846=CARTESIAN_POINT('',(10.5,-7.28398313504104,2.58614930113044));
#2847=CARTESIAN_POINT('',(10.25,-7.51230297837543,2.58614930113044));
#2848=CARTESIAN_POINT('',(10.25,-7.28398313504104,2.58614930113044));
#2849=CARTESIAN_POINT('',(10.25,-7.28398313504104,2.58614930113044));
#2850=CARTESIAN_POINT('',(10.25,-7.28398313504104,2.02364930113044));
#2851=CARTESIAN_POINT('',(10.5,-7.28398313504104,2.02364930113044));
#2852=CARTESIAN_POINT('',(10.5,-7.28398313504105,1.46114930113044));
#2853=CARTESIAN_POINT('',(10.25,-7.28398313504104,2.02364930113044));
#2854=CARTESIAN_POINT('',(10.25,-7.28398313504105,1.46114930113044));
#2855=CARTESIAN_POINT('',(10.25,-7.28398313504105,1.46114930113044));
#2856=CARTESIAN_POINT('',(10.25,-6.53398313504104,1.46114930113044));
#2857=CARTESIAN_POINT('',(10.5,-6.53398313504104,1.46114930113044));
#2858=CARTESIAN_POINT('',(10.5,-5.78398313504104,1.46114930113045));
#2859=CARTESIAN_POINT('',(10.25,-6.53398313504104,1.46114930113044));
#2860=CARTESIAN_POINT('',(10.25,-5.78398313504104,1.46114930113045));
#2861=CARTESIAN_POINT('',(10.25,-5.78398313504104,1.46114930113045));
#2862=CARTESIAN_POINT('',(10.25,-5.78398313504104,-0.087756663438029));
#2863=CARTESIAN_POINT('',(10.5,-5.78398313504104,-0.087756663438029));
#2864=CARTESIAN_POINT('',(10.5,-5.78398313504104,-1.74417103791302));
#2865=CARTESIAN_POINT('',(10.25,-5.78398313504104,-0.087756663438029));
#2866=CARTESIAN_POINT('',(10.25,-5.78398313504104,-1.74417103791302));
#2867=CARTESIAN_POINT('',(10.25,-5.78398313504104,-1.74417103791302));
#2868=CARTESIAN_POINT('',(10.25,-4.625,2.74650655269878));
#2869=CARTESIAN_POINT('',(10.5,-4.625,2.74650655269878));
#2870=CARTESIAN_POINT('',(10.5,-5.28398313504105,-1.84426335635395));
#2871=CARTESIAN_POINT('',(10.25,-4.625,2.74650655269878));
#2872=CARTESIAN_POINT('',(10.25,-5.28398313504105,-1.84426335635395));
#2873=CARTESIAN_POINT('',(10.25,-5.28398313504105,-1.84426335635395));
#2874=CARTESIAN_POINT('',(10.25,-5.28398313504105,-0.087756663438029));
#2875=CARTESIAN_POINT('',(10.5,-5.28398313504105,-0.087756663438029));
#2876=CARTESIAN_POINT('',(10.5,-5.28398313504105,1.46114930113045));
#2877=CARTESIAN_POINT('',(10.25,-5.28398313504105,-0.087756663438029));
#2878=CARTESIAN_POINT('',(10.25,-5.28398313504105,1.46114930113045));
#2879=CARTESIAN_POINT('',(10.25,-5.28398313504105,1.46114930113045));
#2880=CARTESIAN_POINT('',(10.25,-4.28398313504105,1.46114930113044));
#2881=CARTESIAN_POINT('',(10.5,-4.28398313504105,1.46114930113044));
#2882=CARTESIAN_POINT('',(10.5,-3.28398313504105,1.46114930113044));
#2883=CARTESIAN_POINT('',(10.25,-4.28398313504105,1.46114930113044));
#2884=CARTESIAN_POINT('',(10.25,-3.28398313504105,1.46114930113044));
#2885=CARTESIAN_POINT('',(10.25,-3.28398313504105,1.46114930113044));
#2886=CARTESIAN_POINT('',(10.25,-3.28398313504105,-1.41513164596363));
#2887=CARTESIAN_POINT('',(10.5,-3.28398313504105,-1.41513164596363));
#2888=CARTESIAN_POINT('',(10.5,-3.28398313504104,-1.89131913722628));
#2889=CARTESIAN_POINT('',(10.25,-3.28398313504105,-1.41513164596363));
#2890=CARTESIAN_POINT('',(10.25,-3.28398313504104,-1.89131913722628));
#2891=CARTESIAN_POINT('',(10.25,-3.28398313504104,-1.89131913722628));
#2892=CARTESIAN_POINT('',(10.25,-18.5,-1.89131913722628));
#2893=CARTESIAN_POINT('',(10.5,-18.5,-1.89131913722628));
#2894=CARTESIAN_POINT('',(10.5,-2.78398313504104,-1.89131913722628));
#2895=CARTESIAN_POINT('',(10.25,-18.5,-1.89131913722628));
#2896=CARTESIAN_POINT('',(10.25,-2.78398313504104,-1.89131913722628));
#2897=CARTESIAN_POINT('',(10.25,-2.78398313504104,-1.89131913722628));
#2898=CARTESIAN_POINT('',(10.25,-2.78398313504104,-1.41513164596362));
#2899=CARTESIAN_POINT('',(10.5,-2.78398313504104,-1.41513164596362));
#2900=CARTESIAN_POINT('',(10.5,-2.78398313504105,1.46114930113045));
#2901=CARTESIAN_POINT('',(10.25,-2.78398313504104,-1.41513164596362));
#2902=CARTESIAN_POINT('',(10.25,-2.78398313504105,1.46114930113045));
#2903=CARTESIAN_POINT('',(10.25,-2.78398313504105,1.46114930113045));
#2904=CARTESIAN_POINT('',(10.25,-2.03398313504105,1.46114930113044));
#2905=CARTESIAN_POINT('',(10.5,-2.03398313504105,1.46114930113044));
#2906=CARTESIAN_POINT('',(10.5,-1.28398313504104,1.46114930113044));
#2907=CARTESIAN_POINT('',(10.25,-2.03398313504105,1.46114930113044));
#2908=CARTESIAN_POINT('',(10.25,-1.28398313504104,1.46114930113044));
#2909=CARTESIAN_POINT('',(10.25,-1.28398313504104,1.46114930113044));
#2910=CARTESIAN_POINT('',(10.25,-1.28398313504104,2.02364930113044));
#2911=CARTESIAN_POINT('',(10.5,-1.28398313504104,2.02364930113044));
#2912=CARTESIAN_POINT('',(10.5,-1.28398313504104,2.58614930113045));
#2913=CARTESIAN_POINT('',(10.25,-1.28398313504104,2.02364930113044));
#2914=CARTESIAN_POINT('',(10.25,-1.28398313504104,2.58614930113045));
#2915=CARTESIAN_POINT('',(10.25,-1.28398313504104,2.58614930113045));
#2916=CARTESIAN_POINT('',(10.25,-1.05566329170666,2.58614930113045));
#2917=CARTESIAN_POINT('',(10.5,-1.05566329170666,2.58614930113045));
#2918=CARTESIAN_POINT('',(10.5,-0.136278716209029,2.58614930113046));
#2919=CARTESIAN_POINT('',(10.25,-1.05566329170666,2.58614930113045));
#2920=CARTESIAN_POINT('',(10.25,-0.136278716209029,2.58614930113046));
#2921=CARTESIAN_POINT('',(10.25,-0.136278716209029,2.58614930113046));
#2922=CARTESIAN_POINT('',(10.25,-0.136278716209029,2.83614930113045));
#2923=CARTESIAN_POINT('',(10.5,-0.136278716209029,2.83614930113045));
#2924=CARTESIAN_POINT('',(10.5,-0.13627871620903,3.08614930113045));
#2925=CARTESIAN_POINT('',(10.25,-0.136278716209029,2.83614930113045));
#2926=CARTESIAN_POINT('',(10.25,-0.13627871620903,3.08614930113045));
#2927=CARTESIAN_POINT('',(10.25,-0.13627871620903,3.08614930113045));
#2928=CARTESIAN_POINT('',(10.25,-1.05566329170666,3.08614930113045));
#2929=CARTESIAN_POINT('',(10.5,-1.05566329170666,3.08614930113045));
#2930=CARTESIAN_POINT('',(10.5,-1.28398313504105,3.08614930113045));
#2931=CARTESIAN_POINT('',(10.25,-1.05566329170666,3.08614930113045));
#2932=CARTESIAN_POINT('',(10.25,-1.28398313504105,3.08614930113045));
#2933=CARTESIAN_POINT('',(10.25,-1.28398313504105,3.08614930113045));
#2934=CARTESIAN_POINT('',(10.25,-1.28398313504104,3.71114930113046));
#2935=CARTESIAN_POINT('',(10.5,-1.28398313504104,3.71114930113046));
#2936=CARTESIAN_POINT('',(10.5,-1.28398313504105,4.33614930113045));
#2937=CARTESIAN_POINT('',(10.25,-1.28398313504104,3.71114930113046));
#2938=CARTESIAN_POINT('',(10.25,-1.28398313504105,4.33614930113045));
#2939=CARTESIAN_POINT('',(10.25,-1.28398313504105,4.33614930113045));
#2940=CARTESIAN_POINT('',(10.25,-1.05566329170666,4.33614930113045));
#2941=CARTESIAN_POINT('',(10.5,-1.05566329170666,4.33614930113045));
#2942=CARTESIAN_POINT('',(10.5,-0.136278716209031,4.33614930113046));
#2943=CARTESIAN_POINT('',(10.25,-1.05566329170666,4.33614930113045));
#2944=CARTESIAN_POINT('',(10.25,-0.136278716209031,4.33614930113046));
#2945=CARTESIAN_POINT('',(10.25,-0.136278716209031,4.33614930113046));
#2946=CARTESIAN_POINT('',(10.25,-0.136278716209031,4.58614930113046));
#2947=CARTESIAN_POINT('',(10.5,-0.136278716209031,4.58614930113046));
#2948=CARTESIAN_POINT('',(10.5,-0.136278716209032,4.83614930113045));
#2949=CARTESIAN_POINT('',(10.25,-0.136278716209031,4.58614930113046));
#2950=CARTESIAN_POINT('',(10.25,-0.136278716209032,4.83614930113045));
#2951=CARTESIAN_POINT('',(10.25,-0.136278716209032,4.83614930113045));
#2952=CARTESIAN_POINT('',(10.25,-1.05566329170666,4.83614930113045));
#2953=CARTESIAN_POINT('',(10.5,-1.05566329170666,4.83614930113045));
#2954=CARTESIAN_POINT('',(10.5,-1.28398313504105,4.83614930113045));
#2955=CARTESIAN_POINT('',(10.25,-1.05566329170666,4.83614930113045));
#2956=CARTESIAN_POINT('',(10.25,-1.28398313504105,4.83614930113045));
#2957=CARTESIAN_POINT('',(10.25,-1.28398313504105,4.83614930113045));
#2958=CARTESIAN_POINT('',(10.25,-1.28398313504104,5.39864930113045));
#2959=CARTESIAN_POINT('',(10.5,-1.28398313504104,5.39864930113045));
#2960=CARTESIAN_POINT('',(10.5,-1.28398313504104,5.96114930113044));
#2961=CARTESIAN_POINT('',(10.25,-1.28398313504104,5.39864930113045));
#2962=CARTESIAN_POINT('',(10.25,-1.28398313504104,5.96114930113044));
#2963=CARTESIAN_POINT('',(10.25,-1.28398313504104,5.96114930113044));
#2964=CARTESIAN_POINT('',(10.25,-2.03398313504105,5.96114930113044));
#2965=CARTESIAN_POINT('',(10.5,-2.03398313504105,5.96114930113044));
#2966=CARTESIAN_POINT('',(10.5,-2.78398313504105,5.96114930113045));
#2967=CARTESIAN_POINT('',(10.25,-2.03398313504105,5.96114930113044));
#2968=CARTESIAN_POINT('',(10.25,-2.78398313504105,5.96114930113045));
#2969=CARTESIAN_POINT('',(10.25,-2.78398313504105,5.96114930113045));
#2970=CARTESIAN_POINT('',(10.25,-2.78398313504105,7.03619602904616));
#2971=CARTESIAN_POINT('',(10.5,-2.78398313504105,7.03619602904616));
#2972=CARTESIAN_POINT('',(10.5,-2.78398313504105,9.45536081213184));
#2973=CARTESIAN_POINT('',(10.25,-2.78398313504105,7.03619602904616));
#2974=CARTESIAN_POINT('',(10.25,-2.78398313504105,9.45536081213184));
#2975=CARTESIAN_POINT('',(10.25,-2.78398313504105,9.45536081213184));
#2976=CARTESIAN_POINT('',(10.25,-5.39170846065629,0.513430827824905));
#2977=CARTESIAN_POINT('',(10.5,-5.39170846065629,0.513430827824905));
#2978=CARTESIAN_POINT('',(10.5,-3.28398313504106,9.58623839604009));
#2979=CARTESIAN_POINT('',(10.25,-5.39170846065629,0.513430827824905));
#2980=CARTESIAN_POINT('',(10.25,-3.28398313504106,9.58623839604009));
#2981=CARTESIAN_POINT('',(10.25,-3.28398313504106,9.58623839604009));
#2982=CARTESIAN_POINT('',(10.25,-3.28398313504105,7.03619602904616));
#2983=CARTESIAN_POINT('',(10.5,-3.28398313504105,7.03619602904616));
#2984=CARTESIAN_POINT('',(10.5,-3.28398313504105,5.96114930113044));
#2985=CARTESIAN_POINT('',(10.25,-3.28398313504105,7.03619602904616));
#2986=CARTESIAN_POINT('',(10.25,-3.28398313504105,5.96114930113044));
#2987=CARTESIAN_POINT('',(10.25,-3.28398313504105,5.96114930113044));
#2988=CARTESIAN_POINT('',(10.25,-4.28398313504106,5.96114930113044));
#2989=CARTESIAN_POINT('',(10.5,-4.28398313504106,5.96114930113044));
#2990=CARTESIAN_POINT('',(10.5,-5.28398313504107,5.96114930113045));
#2991=CARTESIAN_POINT('',(10.25,-4.28398313504106,5.96114930113044));
#2992=CARTESIAN_POINT('',(10.25,-5.28398313504107,5.96114930113045));
#2993=CARTESIAN_POINT('',(10.25,-5.28398313504107,5.96114930113045));
#2994=CARTESIAN_POINT('',(10.25,-5.28398313504107,7.03619602904616));
#2995=CARTESIAN_POINT('',(10.5,-5.28398313504107,7.03619602904616));
#2996=CARTESIAN_POINT('',(10.5,-5.28398313504107,9.83607752386645));
#2997=CARTESIAN_POINT('',(10.25,-5.28398313504107,7.03619602904616));
#2998=CARTESIAN_POINT('',(10.25,-5.28398313504107,9.83607752386645));
#2999=CARTESIAN_POINT('',(10.25,-5.28398313504107,9.83607752386645));
#3000=CARTESIAN_POINT('',(10.25,-9.25,-65.0355107689179));
#3001=CARTESIAN_POINT('',(10.5,-9.25,-65.0355107689179));
#3002=CARTESIAN_POINT('',(10.5,-5.78398313504105,9.86088934717019));
#3003=CARTESIAN_POINT('',(10.25,-9.25,-65.0355107689179));
#3004=CARTESIAN_POINT('',(10.25,-5.78398313504105,9.86088934717019));
#3005=CARTESIAN_POINT('',(10.25,-5.78398313504105,9.86088934717019));
#3006=CARTESIAN_POINT('',(10.25,-5.78398313504104,7.03619602904615));
#3007=CARTESIAN_POINT('',(10.5,-5.78398313504104,7.03619602904615));
#3008=CARTESIAN_POINT('',(10.5,-5.78398313504104,5.96114930113045));
#3009=CARTESIAN_POINT('',(10.25,-5.78398313504104,7.03619602904615));
#3010=CARTESIAN_POINT('',(10.25,-5.78398313504104,5.96114930113045));
#3011=CARTESIAN_POINT('',(10.25,-5.78398313504104,5.96114930113045));
#3012=CARTESIAN_POINT('',(10.25,-6.53398313504104,5.96114930113044));
#3013=CARTESIAN_POINT('',(10.5,-6.53398313504104,5.96114930113044));
#3014=CARTESIAN_POINT('',(10.5,-7.28398313504104,5.96114930113044));
#3015=CARTESIAN_POINT('',(10.25,-6.53398313504104,5.96114930113044));
#3016=CARTESIAN_POINT('',(10.25,-7.28398313504104,5.96114930113044));
#3017=CARTESIAN_POINT('',(10.25,-7.28398313504104,5.96114930113044));
#3018=CARTESIAN_POINT('',(10.25,-7.28398313504104,5.39864930113044));
#3019=CARTESIAN_POINT('',(10.5,-7.28398313504104,5.39864930113044));
#3020=CARTESIAN_POINT('',(10.5,-7.28398313504104,4.83614930113045));
#3021=CARTESIAN_POINT('',(10.25,-7.28398313504104,5.39864930113044));
#3022=CARTESIAN_POINT('',(10.25,-7.28398313504104,4.83614930113045));
#3023=CARTESIAN_POINT('',(10.25,-7.28398313504104,4.83614930113045));
#3024=CARTESIAN_POINT('',(10.25,-7.51230297837543,4.83614930113045));
#3025=CARTESIAN_POINT('',(10.5,-7.51230297837543,4.83614930113045));
#3026=CARTESIAN_POINT('',(10.5,-7.75,4.83614930113045));
#3027=CARTESIAN_POINT('',(10.25,-7.51230297837543,4.83614930113045));
#3028=CARTESIAN_POINT('',(10.25,-7.75,4.83614930113045));
#3029=CARTESIAN_POINT('',(10.25,-7.75,4.83614930113045));
#3030=CARTESIAN_POINT('',(10.25,-7.75,6.96919378805736));
#3031=CARTESIAN_POINT('',(10.5,-7.75,6.96919378805736));
#3032=CARTESIAN_POINT('',(10.5,-7.75,9.10223827498426));
#3033=CARTESIAN_POINT('',(10.25,-7.75,6.96919378805736));
#3034=CARTESIAN_POINT('',(10.25,-7.75,9.10223827498426));
#3035=CARTESIAN_POINT('',(10.25,-7.75,9.10223827498426));
#3036=CARTESIAN_POINT('',(10.25,-8.125,9.10223827498427));
#3037=CARTESIAN_POINT('',(10.5,-8.125,9.10223827498427));
#3038=CARTESIAN_POINT('',(10.5,-8.5,9.10223827498427));
#3039=CARTESIAN_POINT('',(10.25,-8.125,9.10223827498427));
#3040=CARTESIAN_POINT('',(10.25,-8.5,9.10223827498427));
#3041=CARTESIAN_POINT('',(10.25,-8.5,9.10223827498427));
#3042=CARTESIAN_POINT('',(10.25,-8.5,9.51976636537164));
#3043=CARTESIAN_POINT('',(10.5,-8.5,9.51976636537164));
#3044=CARTESIAN_POINT('',(10.5,-8.5,9.937294455759));
#3045=CARTESIAN_POINT('',(10.25,-8.5,9.51976636537164));
#3046=CARTESIAN_POINT('',(10.25,-8.5,9.937294455759));
#3047=CARTESIAN_POINT('',(10.25,-8.5,9.937294455759));
#3048=CARTESIAN_POINT('',(10.25,-8.75,9.937294455759));
#3049=CARTESIAN_POINT('',(10.5,-8.75,9.937294455759));
#3050=CARTESIAN_POINT('',(10.5,-9.,9.93729445575898));
#3051=CARTESIAN_POINT('',(10.25,-8.75,9.937294455759));
#3052=CARTESIAN_POINT('',(10.25,-9.,9.93729445575898));
#3053=CARTESIAN_POINT('',(10.25,-9.,9.93729445575898));
#3054=CARTESIAN_POINT('',(10.25,-9.,9.51976636537163));
#3055=CARTESIAN_POINT('',(10.5,-9.,9.51976636537163));
#3056=CARTESIAN_POINT('',(10.5,-9.,9.10223827498428));
#3057=CARTESIAN_POINT('',(10.25,-9.,9.51976636537163));
#3058=CARTESIAN_POINT('',(10.25,-9.,9.10223827498428));
#3059=CARTESIAN_POINT('',(10.25,-9.,9.10223827498428));
#3060=CARTESIAN_POINT('',(10.25,-9.375,9.10223827498427));
#3061=CARTESIAN_POINT('',(10.5,-9.375,9.10223827498427));
#3062=CARTESIAN_POINT('',(10.5,-9.5,9.10223827498428));
#3063=CARTESIAN_POINT('',(10.25,-9.375,9.10223827498427));
#3064=CARTESIAN_POINT('',(10.25,-9.5,9.10223827498428));
#3065=CARTESIAN_POINT('',(10.25,-9.5,9.10223827498428));
#3066=CARTESIAN_POINT('',(10.25,-9.5,9.51976636537163));
#3067=CARTESIAN_POINT('',(10.5,-9.5,9.51976636537163));
#3068=CARTESIAN_POINT('',(10.5,-9.5,9.93729445575898));
#3069=CARTESIAN_POINT('',(10.25,-9.5,9.51976636537163));
#3070=CARTESIAN_POINT('',(10.25,-9.5,9.93729445575898));
#3071=CARTESIAN_POINT('',(10.25,-9.5,9.93729445575898));
#3072=CARTESIAN_POINT('',(10.25,-9.75,9.937294455759));
#3073=CARTESIAN_POINT('',(10.5,-9.75,9.937294455759));
#3074=CARTESIAN_POINT('',(10.5,-10.,9.937294455759));
#3075=CARTESIAN_POINT('',(10.25,-9.75,9.937294455759));
#3076=CARTESIAN_POINT('',(10.25,-10.,9.937294455759));
#3077=CARTESIAN_POINT('',(10.25,-10.,9.937294455759));
#3078=CARTESIAN_POINT('',(10.25,-10.,9.51976636537164));
#3079=CARTESIAN_POINT('',(10.5,-10.,9.51976636537164));
#3080=CARTESIAN_POINT('',(10.5,-10.,9.10223827498427));
#3081=CARTESIAN_POINT('',(10.25,-10.,9.51976636537164));
#3082=CARTESIAN_POINT('',(10.25,-10.,9.10223827498427));
#3083=CARTESIAN_POINT('',(10.25,-10.,9.10223827498427));
#3084=CARTESIAN_POINT('',(10.25,-10.375,9.10223827498427));
#3085=CARTESIAN_POINT('',(10.5,-10.375,9.10223827498427));
#3086=CARTESIAN_POINT('',(10.5,-10.75,9.10223827498426));
#3087=CARTESIAN_POINT('',(10.25,-10.375,9.10223827498427));
#3088=CARTESIAN_POINT('',(10.25,-10.75,9.10223827498426));
#3089=CARTESIAN_POINT('',(10.25,-10.75,9.10223827498426));
#3090=CARTESIAN_POINT('',(10.25,-10.75,6.96919378805735));
#3091=CARTESIAN_POINT('',(10.5,-10.75,6.96919378805735));
#3092=CARTESIAN_POINT('',(10.5,-10.75,4.83614930113044));
#3093=CARTESIAN_POINT('',(10.25,-10.75,6.96919378805735));
#3094=CARTESIAN_POINT('',(10.25,-10.75,4.83614930113044));
#3095=CARTESIAN_POINT('',(10.25,-10.75,4.83614930113044));
#3096=CARTESIAN_POINT('',(10.25,-10.9830084324795,4.83614930113044));
#3097=CARTESIAN_POINT('',(10.5,-10.9830084324795,4.83614930113044));
#3098=CARTESIAN_POINT('',(10.5,-11.216016864959,4.83614930113044));
#3099=CARTESIAN_POINT('',(10.25,-10.9830084324795,4.83614930113044));
#3100=CARTESIAN_POINT('',(10.25,-11.216016864959,4.83614930113044));
#3101=CARTESIAN_POINT('',(10.25,-11.216016864959,4.83614930113044));
#3102=CARTESIAN_POINT('',(10.25,-11.216016864959,5.39864930113044));
#3103=CARTESIAN_POINT('',(10.5,-11.216016864959,5.39864930113044));
#3104=CARTESIAN_POINT('',(10.5,-11.216016864959,5.96114930113044));
#3105=CARTESIAN_POINT('',(10.25,-11.216016864959,5.39864930113044));
#3106=CARTESIAN_POINT('',(10.25,-11.216016864959,5.96114930113044));
#3107=CARTESIAN_POINT('',(10.25,-11.216016864959,5.96114930113044));
#3108=CARTESIAN_POINT('',(10.25,-11.966016864959,5.96114930113044));
#3109=CARTESIAN_POINT('',(10.5,-11.966016864959,5.96114930113044));
#3110=CARTESIAN_POINT('',(10.5,-12.716016864959,5.96114930113044));
#3111=CARTESIAN_POINT('',(10.25,-11.966016864959,5.96114930113044));
#3112=CARTESIAN_POINT('',(10.25,-12.716016864959,5.96114930113044));
#3113=CARTESIAN_POINT('',(10.25,-12.716016864959,5.96114930113044));
#3114=CARTESIAN_POINT('',(10.25,-12.716016864959,8.07609751163703));
#3115=CARTESIAN_POINT('',(10.5,-12.716016864959,8.07609751163703));
#3116=CARTESIAN_POINT('',(10.5,-12.716016864959,9.86088934717019));
#3117=CARTESIAN_POINT('',(10.25,-12.716016864959,8.07609751163703));
#3118=CARTESIAN_POINT('',(10.25,-12.716016864959,9.86088934717019));
#3119=CARTESIAN_POINT('',(10.25,-12.716016864959,9.86088934717019));
#3120=CARTESIAN_POINT('',(10.25,-9.25,-65.0355107689179));
#3121=CARTESIAN_POINT('',(10.5,-9.25,-65.0355107689179));
#3122=CARTESIAN_POINT('',(10.5,-13.2160168649589,9.83607752386645));
#3123=CARTESIAN_POINT('',(10.25,-9.25,-65.0355107689179));
#3124=CARTESIAN_POINT('',(10.25,-13.2160168649589,9.83607752386645));
#3125=CARTESIAN_POINT('',(10.25,-13.2160168649589,9.83607752386645));
#3126=CARTESIAN_POINT('',(10.25,-13.2160168649589,8.07609751163703));
#3127=CARTESIAN_POINT('',(10.5,-13.2160168649589,8.07609751163703));
#3128=CARTESIAN_POINT('',(10.5,-13.2160168649589,5.96114930113044));
#3129=CARTESIAN_POINT('',(10.25,-13.2160168649589,8.07609751163703));
#3130=CARTESIAN_POINT('',(10.25,-13.2160168649589,5.96114930113044));
#3131=CARTESIAN_POINT('',(10.25,-13.2160168649589,5.96114930113044));
#3132=CARTESIAN_POINT('',(10.25,-13.716016864959,5.96114930113044));
#3133=CARTESIAN_POINT('',(10.5,-13.716016864959,5.96114930113044));
#3134=CARTESIAN_POINT('',(10.5,-15.216016864959,5.96114930113045));
#3135=CARTESIAN_POINT('',(10.25,-13.716016864959,5.96114930113044));
#3136=CARTESIAN_POINT('',(10.25,-15.216016864959,5.96114930113045));
#3137=CARTESIAN_POINT('',(10.25,-15.216016864959,5.96114930113045));
#3138=CARTESIAN_POINT('',(10.25,-15.216016864959,8.07609751163703));
#3139=CARTESIAN_POINT('',(10.5,-15.216016864959,8.07609751163703));
#3140=CARTESIAN_POINT('',(10.5,-15.216016864959,9.58623839604009));
#3141=CARTESIAN_POINT('',(10.25,-15.216016864959,8.07609751163703));
#3142=CARTESIAN_POINT('',(10.25,-15.216016864959,9.58623839604009));
#3143=CARTESIAN_POINT('',(10.25,-15.216016864959,9.58623839604009));
#3144=CARTESIAN_POINT('',(10.25,-13.1082915393437,0.51343082782493));
#3145=CARTESIAN_POINT('',(10.5,-13.1082915393437,0.51343082782493));
#3146=CARTESIAN_POINT('',(10.5,-15.716016864959,9.45536081213184));
#3147=CARTESIAN_POINT('',(10.25,-13.1082915393437,0.51343082782493));
#3148=CARTESIAN_POINT('',(10.25,-15.716016864959,9.45536081213184));
#3149=CARTESIAN_POINT('',(10.25,-15.716016864959,9.45536081213184));
#3150=CARTESIAN_POINT('',(10.25,-15.716016864959,8.07609751163703));
#3151=CARTESIAN_POINT('',(10.5,-15.716016864959,8.07609751163703));
#3152=CARTESIAN_POINT('',(10.5,-15.716016864959,5.96114930113044));
#3153=CARTESIAN_POINT('',(10.25,-15.716016864959,8.07609751163703));
#3154=CARTESIAN_POINT('',(10.25,-15.716016864959,5.96114930113044));
#3155=CARTESIAN_POINT('',(10.25,-15.716016864959,5.96114930113044));
#3156=CARTESIAN_POINT('',(10.25,-16.4660168649589,5.96114930113044));
#3157=CARTESIAN_POINT('',(10.5,-16.4660168649589,5.96114930113044));
#3158=CARTESIAN_POINT('',(10.5,-17.2160168649589,5.96114930113044));
#3159=CARTESIAN_POINT('',(10.25,-16.4660168649589,5.96114930113044));
#3160=CARTESIAN_POINT('',(10.25,-17.2160168649589,5.96114930113044));
#3161=CARTESIAN_POINT('',(10.25,-17.2160168649589,5.96114930113044));
#3162=CARTESIAN_POINT('',(10.25,-17.2160168649589,5.39864930113044));
#3163=CARTESIAN_POINT('',(10.5,-17.2160168649589,5.39864930113044));
#3164=CARTESIAN_POINT('',(10.5,-17.2160168649589,4.83614930113044));
#3165=CARTESIAN_POINT('',(10.25,-17.2160168649589,5.39864930113044));
#3166=CARTESIAN_POINT('',(10.25,-17.2160168649589,4.83614930113044));
#3167=CARTESIAN_POINT('',(10.25,-17.2160168649589,4.83614930113044));
#3168=CARTESIAN_POINT('',(10.25,-17.789869074375,4.83614930113044));
#3169=CARTESIAN_POINT('',(10.5,-17.789869074375,4.83614930113044));
#3170=CARTESIAN_POINT('',(10.5,-18.363721283791,4.83614930113044));
#3171=CARTESIAN_POINT('',(10.25,-17.789869074375,4.83614930113044));
#3172=CARTESIAN_POINT('',(10.25,-18.363721283791,4.83614930113044));
#3173=CARTESIAN_POINT('',(10.25,-18.363721283791,4.83614930113044));
#3174=CARTESIAN_POINT('',(10.25,-18.363721283791,-30.));
#3175=CARTESIAN_POINT('',(10.5,-18.363721283791,-30.));
#3176=CARTESIAN_POINT('',(10.5,-18.363721283791,4.33614930113045));
#3177=CARTESIAN_POINT('',(10.25,-18.363721283791,-30.));
#3178=CARTESIAN_POINT('',(10.25,-18.363721283791,4.33614930113045));
#3179=CARTESIAN_POINT('',(10.25,-18.363721283791,4.33614930113045));
#3180=CARTESIAN_POINT('',(10.25,-17.789869074375,4.33614930113045));
#3181=CARTESIAN_POINT('',(10.5,-17.789869074375,4.33614930113045));
#3182=CARTESIAN_POINT('',(10.5,-17.2160168649589,4.33614930113045));
#3183=CARTESIAN_POINT('',(10.25,-17.789869074375,4.33614930113045));
#3184=CARTESIAN_POINT('',(10.25,-17.2160168649589,4.33614930113045));
#3185=CARTESIAN_POINT('',(10.25,-17.2160168649589,4.33614930113045));
#3186=CARTESIAN_POINT('',(10.25,-17.2160168649589,4.02364930113044));
#3187=CARTESIAN_POINT('',(10.5,-17.2160168649589,4.02364930113044));
#3188=CARTESIAN_POINT('',(10.5,-17.2160168649589,3.08614930113044));
#3189=CARTESIAN_POINT('',(10.25,-17.2160168649589,4.02364930113044));
#3190=CARTESIAN_POINT('',(10.25,-17.2160168649589,3.08614930113044));
#3191=CARTESIAN_POINT('',(10.25,-17.2160168649589,3.08614930113044));
#3192=CARTESIAN_POINT('',(10.25,-17.789869074375,3.08614930113044));
#3193=CARTESIAN_POINT('',(10.5,-17.789869074375,3.08614930113044));
#3194=CARTESIAN_POINT('',(10.5,-18.363721283791,3.08614930113044));
#3195=CARTESIAN_POINT('',(10.25,-17.789869074375,3.08614930113044));
#3196=CARTESIAN_POINT('',(10.25,-18.363721283791,3.08614930113044));
#3197=CARTESIAN_POINT('',(10.25,-18.363721283791,3.08614930113044));
#3198=CARTESIAN_POINT('',(10.25,-18.363721283791,-30.));
#3199=CARTESIAN_POINT('',(10.5,-18.363721283791,-30.));
#3200=CARTESIAN_POINT('',(10.5,-18.363721283791,2.58614930113044));
#3201=CARTESIAN_POINT('',(10.25,-18.363721283791,-30.));
#3202=CARTESIAN_POINT('',(10.25,-18.363721283791,2.58614930113044));
#3203=CARTESIAN_POINT('',(10.25,-18.363721283791,2.58614930113044));
#3204=CARTESIAN_POINT('',(10.25,-17.789869074375,2.58614930113044));
#3205=CARTESIAN_POINT('',(10.5,-17.789869074375,2.58614930113044));
#3206=CARTESIAN_POINT('',(10.5,-17.2160168649589,2.58614930113044));
#3207=CARTESIAN_POINT('',(10.25,-17.789869074375,2.58614930113044));
#3208=CARTESIAN_POINT('',(10.25,-17.2160168649589,2.58614930113044));
#3209=CARTESIAN_POINT('',(10.25,-17.2160168649589,2.58614930113044));
#3210=CARTESIAN_POINT('',(10.25,-17.2160168649589,2.02364930113044));
#3211=CARTESIAN_POINT('',(10.5,-17.2160168649589,2.02364930113044));
#3212=CARTESIAN_POINT('',(10.5,-17.2160168649589,1.46114930113044));
#3213=CARTESIAN_POINT('',(10.25,-17.2160168649589,2.02364930113044));
#3214=CARTESIAN_POINT('',(10.25,-17.2160168649589,1.46114930113044));
#3215=CARTESIAN_POINT('',(10.25,-17.2160168649589,1.46114930113044));
#3216=CARTESIAN_POINT('',(10.25,-16.4660168649589,1.46114930113044));
#3217=CARTESIAN_POINT('',(10.5,-16.4660168649589,1.46114930113044));
#3218=CARTESIAN_POINT('',(10.5,-15.716016864959,1.46114930113044));
#3219=CARTESIAN_POINT('',(10.25,-16.4660168649589,1.46114930113044));
#3220=CARTESIAN_POINT('',(10.25,-15.716016864959,1.46114930113044));
#3221=CARTESIAN_POINT('',(10.25,-15.716016864959,1.46114930113044));
#3222=CARTESIAN_POINT('',(10.25,-15.716016864959,-0.813944154700682));
#3223=CARTESIAN_POINT('',(10.5,-15.716016864959,-0.813944154700682));
#3224=CARTESIAN_POINT('',(10.5,-15.716016864959,-1.89131913722628));
#3225=CARTESIAN_POINT('',(10.25,-15.716016864959,-0.813944154700682));
#3226=CARTESIAN_POINT('',(10.25,-15.716016864959,-1.89131913722628));
#3227=CARTESIAN_POINT('',(10.25,-15.716016864959,-1.89131913722628));
#3228=CARTESIAN_POINT('',(10.25,-18.5,-1.89131913722628));
#3229=CARTESIAN_POINT('',(10.5,-18.5,-1.89131913722628));
#3230=CARTESIAN_POINT('',(10.5,-15.216016864959,-1.89131913722628));
#3231=CARTESIAN_POINT('',(10.25,-18.5,-1.89131913722628));
#3232=CARTESIAN_POINT('',(10.25,-15.216016864959,-1.89131913722628));
#3233=CARTESIAN_POINT('',(10.25,-15.216016864959,-1.89131913722628));
#3234=CARTESIAN_POINT('',(10.25,-9.875,8.85223827498427));
#3235=CARTESIAN_POINT('',(10.5,-9.875,8.85223827498427));
#3236=CARTESIAN_POINT('',(10.25,-9.875,8.85223827498427));
#3237=CARTESIAN_POINT('',(10.25,-14.216016864959,1.71114930113043));
#3238=CARTESIAN_POINT('',(10.5,-14.216016864959,1.71114930113043));
#3239=CARTESIAN_POINT('',(10.25,-14.216016864959,1.71114930113043));
#3240=CARTESIAN_POINT('',(10.25,-15.216016864959,-0.813944154700686));
#3241=CARTESIAN_POINT('',(10.5,-15.216016864959,-0.813944154700686));
#3242=CARTESIAN_POINT('',(10.25,-15.216016864959,-0.813944154700686));
#3243=CARTESIAN_POINT('',(10.25,-4.28398313504104,5.71114930113044));
#3244=CARTESIAN_POINT('',(10.5,-4.28398313504104,5.71114930113044));
#3245=CARTESIAN_POINT('',(10.25,-4.28398313504104,5.71114930113044));
#3246=CARTESIAN_POINT('',(10.25,-9.2499904180875,4.02486329245848));
#3247=CARTESIAN_POINT('',(10.5,-9.2499904180875,4.02486329245848));
#3248=MECHANICAL_DESIGN_GEOMETRIC_PRESENTATION_REPRESENTATION('',(#2033),
#3249);
#3249=(
GEOMETRIC_REPRESENTATION_CONTEXT(3)
GLOBAL_UNCERTAINTY_ASSIGNED_CONTEXT((#3250))
GLOBAL_UNIT_ASSIGNED_CONTEXT((#3253,#3252,#3251))
REPRESENTATION_CONTEXT('VR_Compute_Board','TOP_LEVEL_ASSEMBLY_PART')
);
#3250=UNCERTAINTY_MEASURE_WITH_UNIT(LENGTH_MEASURE(0.002),#3253,
'DISTANCE_ACCURACY_VALUE','Maximum Tolerance applied to model');
#3251=(
NAMED_UNIT(*)
SI_UNIT($,.STERADIAN.)
SOLID_ANGLE_UNIT()
);
#3252=(
NAMED_UNIT(*)
PLANE_ANGLE_UNIT()
SI_UNIT($,.RADIAN.)
);
#3253=(
LENGTH_UNIT()
NAMED_UNIT(*)
SI_UNIT(.CENTI.,.METRE.)
);
#3254=PRODUCT_DEFINITION_SHAPE('','',#3255);
#3255=PRODUCT_DEFINITION('','',#3257,#3256);
#3256=PRODUCT_DEFINITION_CONTEXT('',#3263,'design');
#3257=PRODUCT_DEFINITION_FORMATION_WITH_SPECIFIED_SOURCE('','',#3259,
 .NOT_KNOWN.);
#3258=PRODUCT_RELATED_PRODUCT_CATEGORY('','',(#3259));
#3259=PRODUCT('VR_Compute_Board','VR_Compute_Board','VR_Compute_Board',
(#3261));
#3260=PRODUCT_CATEGORY('','');
#3261=PRODUCT_CONTEXT('',#3263,'mechanical');
#3262=APPLICATION_PROTOCOL_DEFINITION('international standard',
'ap242_managed_model_based_3d_engineering',2020,#3263);
#3263=APPLICATION_CONTEXT('managed model based 3d engineering');
ENDSEC;
END-ISO-10303-21;
