ISO-10303-21;
HEADER;
/* Generated by software containing ST-Developer
 * from STEP Tools, Inc. (www.steptools.com) 
 */
/* OPTION: using custom renumber hook */

FILE_DESCRIPTION(
/* description */ ('STEP AP242 Edition 2',
'CAx-IF Rec.Pracs.---Representation and Presentation of Product Manufa
cturing Information (PMI)---4.0---2014-10-13',
'CAx-IF Rec.Pracs.---3D Tessellated Geometry---0.4---2014-09-14','2;1',
'CAx-IF Rec.Pracs.---User Defined Attributes---1.5---2016-08-15'),
/* implementation_level */ '2;1');

FILE_NAME(
/* name */ 'Part Studio 1 - VR_Visor',
/* time_stamp */ '2026-09-11T10:34:57Z',
/* author */ (''),
/* organization */ (''),
/* preprocessor_version */ 'ST-DEVELOPER v20',
/* originating_system */ 'ONSHAPE BY PTC INC, 1.220',
/* authorisation */ '  ');

FILE_SCHEMA (('AP242_MANAGED_MODEL_BASED_3D_ENGINEERING_MIM_LF { 1 0 10303 442 3 1 4 }'));
ENDSEC;

DATA;
#10=SHAPE_REPRESENTATION_RELATIONSHIP('','',#1495,#11);
#11=ADVANCED_BREP_SHAPE_REPRESENTATION('',(#1493),#3587);
#12=B_SPLINE_SURFACE_WITH_KNOTS('',3,1,((#2979,#2980),(#2981,#2982),(#2983,
#2984),(#2985,#2986),(#2987,#2988),(#2989,#2990),(#2991,#2992),(#2993,#2994)),
 .SURF_OF_LINEAR_EXTRUSION.,.F.,.F.,.F.,(4,1,1,1,1,4),(2,2),(0.5,0.582392929388414,
0.664785858776828,0.747178788165241,0.788375252859448,0.829571717553655),
(0.,1.),.UNSPECIFIED.);
#13=B_SPLINE_SURFACE_WITH_KNOTS('',3,1,((#2996,#2997),(#2998,#2999),(#3000,
#3001),(#3002,#3003),(#3004,#3005),(#3006,#3007),(#3008,#3009),(#3010,#3011)),
 .SURF_OF_LINEAR_EXTRUSION.,.F.,.F.,.F.,(4,1,1,1,1,4),(2,2),(0.170428282446583,
0.21162474714076,0.252821211834937,0.335214141223292,0.417607070611646,
0.5),(0.,1.),.UNSPECIFIED.);
#14=B_SPLINE_SURFACE_WITH_KNOTS('',3,1,((#3550,#3551),(#3552,#3553),(#3554,
#3555),(#3556,#3557)),.SURF_OF_LINEAR_EXTRUSION.,.F.,.F.,.F.,(4,4),(2,2),
(0.5,0.826351822333318),(0.,1.),.PIECEWISE_BEZIER_KNOTS.);
#15=B_SPLINE_SURFACE_WITH_KNOTS('',3,1,((#3559,#3560),(#3561,#3562),(#3563,
#3564),(#3565,#3566)),.SURF_OF_LINEAR_EXTRUSION.,.F.,.F.,.F.,(4,4),(2,2),
(0.173648177666931,0.5),(0.,1.),.PIECEWISE_BEZIER_KNOTS.);
#16=TOROIDAL_SURFACE('',#1537,44.4999888388158,0.75);
#17=TOROIDAL_SURFACE('',#1540,44.4999888388158,0.75);
#18=TOROIDAL_SURFACE('',#1563,44.4999888388158,0.5);
#19=TOROIDAL_SURFACE('',#1566,44.4999888388158,0.5);
#20=PLANE('',#1514);
#21=PLANE('',#1548);
#22=PLANE('',#1553);
#23=PLANE('',#1554);
#24=PLANE('',#1559);
#25=PLANE('',#1574);
#26=PLANE('',#1579);
#27=PLANE('',#1580);
#28=PLANE('',#1585);
#29=ELLIPSE('',#1505,45.1004534734025,44.9999888388158);
#30=ELLIPSE('',#1506,45.1004534734025,44.9999888388158);
#31=ELLIPSE('',#1530,45.3498996462611,45.2499888388158);
#32=ELLIPSE('',#1531,45.3498996462611,45.2499888388158);
#33=ELLIPSE('',#1534,44.6015797328718,44.4999888388158);
#34=ELLIPSE('',#1544,44.6015797328718,44.4999888388158);
#35=ELLIPSE('',#1560,44.6015797328718,44.4999888388158);
#36=ELLIPSE('',#1570,44.6015797328718,44.4999888388158);
#37=LINE('',#1987,#83);
#38=LINE('',#1991,#84);
#39=LINE('',#2000,#85);
#40=LINE('',#2004,#86);
#41=LINE('',#2034,#87);
#42=LINE('',#2069,#88);
#43=LINE('',#2263,#89);
#44=LINE('',#2267,#90);
#45=LINE('',#2289,#91);
#46=LINE('',#2293,#92);
#47=LINE('',#2300,#93);
#48=LINE('',#2304,#94);
#49=LINE('',#2322,#95);
#50=LINE('',#2326,#96);
#51=LINE('',#2332,#97);
#52=LINE('',#2336,#98);
#53=LINE('',#2340,#99);
#54=LINE('',#2344,#100);
#55=LINE('',#2350,#101);
#56=LINE('',#2354,#102);
#57=LINE('',#2364,#103);
#58=LINE('',#2368,#104);
#59=LINE('',#2406,#105);
#60=LINE('',#2439,#106);
#61=LINE('',#2862,#107);
#62=LINE('',#2925,#108);
#63=LINE('',#2960,#109);
#64=LINE('',#2961,#110);
#65=LINE('',#2963,#111);
#66=LINE('',#2965,#112);
#67=LINE('',#2977,#113);
#68=LINE('',#2995,#114);
#69=LINE('',#3013,#115);
#70=LINE('',#3025,#116);
#71=LINE('',#3027,#117);
#72=LINE('',#3438,#118);
#73=LINE('',#3502,#119);
#74=LINE('',#3531,#120);
#75=LINE('',#3532,#121);
#76=LINE('',#3534,#122);
#77=LINE('',#3536,#123);
#78=LINE('',#3548,#124);
#79=LINE('',#3558,#125);
#80=LINE('',#3568,#126);
#81=LINE('',#3580,#127);
#82=LINE('',#3582,#128);
#83=VECTOR('',#1596,100.);
#84=VECTOR('',#1599,100.);
#85=VECTOR('',#1602,100.);
#86=VECTOR('',#1605,100.);
#87=VECTOR('',#1610,100.);
#88=VECTOR('',#1615,100.);
#89=VECTOR('',#1624,100.);
#90=VECTOR('',#1627,100.);
#91=VECTOR('',#1630,100.);
#92=VECTOR('',#1633,100.);
#93=VECTOR('',#1640,100.);
#94=VECTOR('',#1643,100.);
#95=VECTOR('',#1644,100.);
#96=VECTOR('',#1647,100.);
#97=VECTOR('',#1652,100.);
#98=VECTOR('',#1655,100.);
#99=VECTOR('',#1658,100.);
#100=VECTOR('',#1661,100.);
#101=VECTOR('',#1666,100.);
#102=VECTOR('',#1669,100.);
#103=VECTOR('',#1670,100.);
#104=VECTOR('',#1673,100.);
#105=VECTOR('',#1682,100.);
#106=VECTOR('',#1687,100.);
#107=VECTOR('',#1712,100.);
#108=VECTOR('',#1715,100.);
#109=VECTOR('',#1718,100.);
#110=VECTOR('',#1719,100.);
#111=VECTOR('',#1722,100.);
#112=VECTOR('',#1725,100.);
#113=VECTOR('',#1732,100.);
#114=VECTOR('',#1735,100.);
#115=VECTOR('',#1738,100.);
#116=VECTOR('',#1745,100.);
#117=VECTOR('',#1748,100.);
#118=VECTOR('',#1775,100.);
#119=VECTOR('',#1778,100.);
#120=VECTOR('',#1781,100.);
#121=VECTOR('',#1782,100.);
#122=VECTOR('',#1785,100.);
#123=VECTOR('',#1788,100.);
#124=VECTOR('',#1795,100.);
#125=VECTOR('',#1798,100.);
#126=VECTOR('',#1801,100.);
#127=VECTOR('',#1808,100.);
#128=VECTOR('',#1811,100.);
#129=CYLINDRICAL_SURFACE('',#1499,4.88782568992546);
#130=CYLINDRICAL_SURFACE('',#1501,4.88782568992506);
#131=CYLINDRICAL_SURFACE('',#1503,44.9999888388158);
#132=CYLINDRICAL_SURFACE('',#1510,4.63782568992546);
#133=CYLINDRICAL_SURFACE('',#1512,4.63782568992506);
#134=CYLINDRICAL_SURFACE('',#1529,45.2499888388158);
#135=CYLINDRICAL_SURFACE('',#1545,0.25);
#136=CYLINDRICAL_SURFACE('',#1546,0.25);
#137=CYLINDRICAL_SURFACE('',#1547,75.2265564910616);
#138=CYLINDRICAL_SURFACE('',#1549,9.56441588174495);
#139=CYLINDRICAL_SURFACE('',#1550,1.74999999999762);
#140=CYLINDRICAL_SURFACE('',#1551,4.25);
#141=CYLINDRICAL_SURFACE('',#1552,3.25);
#142=CYLINDRICAL_SURFACE('',#1555,1.75);
#143=CYLINDRICAL_SURFACE('',#1556,3.25);
#144=CYLINDRICAL_SURFACE('',#1557,4.25);
#145=CYLINDRICAL_SURFACE('',#1558,9.56441588174493);
#146=CYLINDRICAL_SURFACE('',#1571,0.5);
#147=CYLINDRICAL_SURFACE('',#1572,0.5);
#148=CYLINDRICAL_SURFACE('',#1573,74.9765564910616);
#149=CYLINDRICAL_SURFACE('',#1575,9.31441588174495);
#150=CYLINDRICAL_SURFACE('',#1576,1.49999999999762);
#151=CYLINDRICAL_SURFACE('',#1577,4.);
#152=CYLINDRICAL_SURFACE('',#1578,3.);
#153=CYLINDRICAL_SURFACE('',#1581,1.5);
#154=CYLINDRICAL_SURFACE('',#1582,3.);
#155=CYLINDRICAL_SURFACE('',#1583,4.);
#156=CYLINDRICAL_SURFACE('',#1584,9.31441588174493);
#157=CYLINDRICAL_SURFACE('',#1586,0.6);
#158=CYLINDRICAL_SURFACE('',#1587,0.6);
#159=CIRCLE('',#1497,0.75);
#160=CIRCLE('',#1498,0.75);
#161=CIRCLE('',#1500,4.88782568992546);
#162=CIRCLE('',#1502,4.88782568992506);
#163=CIRCLE('',#1504,44.9999888388158);
#164=CIRCLE('',#1507,44.9999888388158);
#165=CIRCLE('',#1508,0.5);
#166=CIRCLE('',#1509,0.5);
#167=CIRCLE('',#1511,4.63782568992546);
#168=CIRCLE('',#1513,4.63782568992506);
#169=CIRCLE('',#1515,9.56441588174495);
#170=CIRCLE('',#1516,4.25);
#171=CIRCLE('',#1517,3.25);
#172=CIRCLE('',#1518,3.25);
#173=CIRCLE('',#1519,4.25);
#174=CIRCLE('',#1520,9.56441588174493);
#175=CIRCLE('',#1521,75.2265564910616);
#176=CIRCLE('',#1522,9.31441588174495);
#177=CIRCLE('',#1523,74.9765564910616);
#178=CIRCLE('',#1524,9.31441588174493);
#179=CIRCLE('',#1525,4.);
#180=CIRCLE('',#1526,3.);
#181=CIRCLE('',#1527,3.);
#182=CIRCLE('',#1528,4.);
#183=CIRCLE('',#1532,45.2499888388158);
#184=CIRCLE('',#1533,45.2499888388158);
#185=CIRCLE('',#1535,0.75);
#186=CIRCLE('',#1536,0.75);
#187=CIRCLE('',#1538,44.4999888388158);
#188=CIRCLE('',#1539,0.75);
#189=CIRCLE('',#1541,44.4999888388158);
#190=CIRCLE('',#1542,0.75);
#191=CIRCLE('',#1543,0.75);
#192=CIRCLE('',#1561,0.5);
#193=CIRCLE('',#1562,0.5);
#194=CIRCLE('',#1564,44.4999888388158);
#195=CIRCLE('',#1565,0.5);
#196=CIRCLE('',#1567,44.4999888388158);
#197=CIRCLE('',#1568,0.5);
#198=CIRCLE('',#1569,0.5);
#199=ORIENTED_EDGE('',*,*,#667,.F.);
#200=ORIENTED_EDGE('',*,*,#668,.T.);
#201=ORIENTED_EDGE('',*,*,#669,.F.);
#202=ORIENTED_EDGE('',*,*,#670,.F.);
#203=ORIENTED_EDGE('',*,*,#671,.F.);
#204=ORIENTED_EDGE('',*,*,#672,.T.);
#205=ORIENTED_EDGE('',*,*,#673,.F.);
#206=ORIENTED_EDGE('',*,*,#674,.T.);
#207=ORIENTED_EDGE('',*,*,#675,.F.);
#208=ORIENTED_EDGE('',*,*,#676,.F.);
#209=ORIENTED_EDGE('',*,*,#677,.F.);
#210=ORIENTED_EDGE('',*,*,#678,.T.);
#211=ORIENTED_EDGE('',*,*,#679,.F.);
#212=ORIENTED_EDGE('',*,*,#673,.T.);
#213=ORIENTED_EDGE('',*,*,#680,.T.);
#214=ORIENTED_EDGE('',*,*,#681,.T.);
#215=ORIENTED_EDGE('',*,*,#682,.T.);
#216=ORIENTED_EDGE('',*,*,#683,.F.);
#217=ORIENTED_EDGE('',*,*,#675,.T.);
#218=ORIENTED_EDGE('',*,*,#684,.F.);
#219=ORIENTED_EDGE('',*,*,#667,.T.);
#220=ORIENTED_EDGE('',*,*,#685,.T.);
#221=ORIENTED_EDGE('',*,*,#686,.T.);
#222=ORIENTED_EDGE('',*,*,#687,.F.);
#223=ORIENTED_EDGE('',*,*,#688,.T.);
#224=ORIENTED_EDGE('',*,*,#669,.T.);
#225=ORIENTED_EDGE('',*,*,#689,.F.);
#226=ORIENTED_EDGE('',*,*,#690,.F.);
#227=ORIENTED_EDGE('',*,*,#691,.F.);
#228=ORIENTED_EDGE('',*,*,#692,.F.);
#229=ORIENTED_EDGE('',*,*,#693,.F.);
#230=ORIENTED_EDGE('',*,*,#694,.F.);
#231=ORIENTED_EDGE('',*,*,#695,.F.);
#232=ORIENTED_EDGE('',*,*,#696,.F.);
#233=ORIENTED_EDGE('',*,*,#697,.F.);
#234=ORIENTED_EDGE('',*,*,#698,.F.);
#235=ORIENTED_EDGE('',*,*,#699,.F.);
#236=ORIENTED_EDGE('',*,*,#700,.F.);
#237=ORIENTED_EDGE('',*,*,#701,.F.);
#238=ORIENTED_EDGE('',*,*,#702,.F.);
#239=ORIENTED_EDGE('',*,*,#703,.F.);
#240=ORIENTED_EDGE('',*,*,#704,.F.);
#241=ORIENTED_EDGE('',*,*,#705,.F.);
#242=ORIENTED_EDGE('',*,*,#706,.F.);
#243=ORIENTED_EDGE('',*,*,#707,.F.);
#244=ORIENTED_EDGE('',*,*,#708,.F.);
#245=ORIENTED_EDGE('',*,*,#709,.F.);
#246=ORIENTED_EDGE('',*,*,#710,.F.);
#247=ORIENTED_EDGE('',*,*,#711,.F.);
#248=ORIENTED_EDGE('',*,*,#712,.T.);
#249=ORIENTED_EDGE('',*,*,#713,.F.);
#250=ORIENTED_EDGE('',*,*,#690,.T.);
#251=ORIENTED_EDGE('',*,*,#714,.F.);
#252=ORIENTED_EDGE('',*,*,#710,.T.);
#253=ORIENTED_EDGE('',*,*,#715,.T.);
#254=ORIENTED_EDGE('',*,*,#716,.T.);
#255=ORIENTED_EDGE('',*,*,#717,.F.);
#256=ORIENTED_EDGE('',*,*,#704,.T.);
#257=ORIENTED_EDGE('',*,*,#718,.T.);
#258=ORIENTED_EDGE('',*,*,#719,.T.);
#259=ORIENTED_EDGE('',*,*,#720,.F.);
#260=ORIENTED_EDGE('',*,*,#721,.T.);
#261=ORIENTED_EDGE('',*,*,#722,.F.);
#262=ORIENTED_EDGE('',*,*,#706,.T.);
#263=ORIENTED_EDGE('',*,*,#721,.F.);
#264=ORIENTED_EDGE('',*,*,#723,.T.);
#265=ORIENTED_EDGE('',*,*,#719,.F.);
#266=ORIENTED_EDGE('',*,*,#724,.T.);
#267=ORIENTED_EDGE('',*,*,#725,.F.);
#268=ORIENTED_EDGE('',*,*,#726,.F.);
#269=ORIENTED_EDGE('',*,*,#727,.F.);
#270=ORIENTED_EDGE('',*,*,#712,.F.);
#271=ORIENTED_EDGE('',*,*,#728,.T.);
#272=ORIENTED_EDGE('',*,*,#716,.F.);
#273=ORIENTED_EDGE('',*,*,#729,.F.);
#274=ORIENTED_EDGE('',*,*,#730,.T.);
#275=ORIENTED_EDGE('',*,*,#731,.F.);
#276=ORIENTED_EDGE('',*,*,#732,.F.);
#277=ORIENTED_EDGE('',*,*,#733,.T.);
#278=ORIENTED_EDGE('',*,*,#734,.F.);
#279=ORIENTED_EDGE('',*,*,#735,.T.);
#280=ORIENTED_EDGE('',*,*,#736,.F.);
#281=ORIENTED_EDGE('',*,*,#737,.F.);
#282=ORIENTED_EDGE('',*,*,#682,.F.);
#283=ORIENTED_EDGE('',*,*,#738,.F.);
#284=ORIENTED_EDGE('',*,*,#739,.F.);
#285=ORIENTED_EDGE('',*,*,#686,.F.);
#286=ORIENTED_EDGE('',*,*,#740,.F.);
#287=ORIENTED_EDGE('',*,*,#741,.F.);
#288=ORIENTED_EDGE('',*,*,#742,.F.);
#289=ORIENTED_EDGE('',*,*,#743,.F.);
#290=ORIENTED_EDGE('',*,*,#744,.F.);
#291=ORIENTED_EDGE('',*,*,#745,.T.);
#292=ORIENTED_EDGE('',*,*,#746,.F.);
#293=ORIENTED_EDGE('',*,*,#747,.F.);
#294=ORIENTED_EDGE('',*,*,#748,.F.);
#295=ORIENTED_EDGE('',*,*,#749,.T.);
#296=ORIENTED_EDGE('',*,*,#750,.T.);
#297=ORIENTED_EDGE('',*,*,#751,.F.);
#298=ORIENTED_EDGE('',*,*,#752,.T.);
#299=ORIENTED_EDGE('',*,*,#753,.T.);
#300=ORIENTED_EDGE('',*,*,#754,.T.);
#301=ORIENTED_EDGE('',*,*,#755,.T.);
#302=ORIENTED_EDGE('',*,*,#756,.T.);
#303=ORIENTED_EDGE('',*,*,#731,.T.);
#304=ORIENTED_EDGE('',*,*,#757,.T.);
#305=ORIENTED_EDGE('',*,*,#758,.T.);
#306=ORIENTED_EDGE('',*,*,#725,.T.);
#307=ORIENTED_EDGE('',*,*,#759,.T.);
#308=ORIENTED_EDGE('',*,*,#760,.T.);
#309=ORIENTED_EDGE('',*,*,#761,.F.);
#310=ORIENTED_EDGE('',*,*,#762,.T.);
#311=ORIENTED_EDGE('',*,*,#763,.T.);
#312=ORIENTED_EDGE('',*,*,#764,.T.);
#313=ORIENTED_EDGE('',*,*,#765,.T.);
#314=ORIENTED_EDGE('',*,*,#766,.T.);
#315=ORIENTED_EDGE('',*,*,#767,.T.);
#316=ORIENTED_EDGE('',*,*,#768,.T.);
#317=ORIENTED_EDGE('',*,*,#769,.T.);
#318=ORIENTED_EDGE('',*,*,#770,.T.);
#319=ORIENTED_EDGE('',*,*,#771,.T.);
#320=ORIENTED_EDGE('',*,*,#772,.T.);
#321=ORIENTED_EDGE('',*,*,#671,.T.);
#322=ORIENTED_EDGE('',*,*,#773,.T.);
#323=ORIENTED_EDGE('',*,*,#774,.T.);
#324=ORIENTED_EDGE('',*,*,#677,.T.);
#325=ORIENTED_EDGE('',*,*,#775,.T.);
#326=ORIENTED_EDGE('',*,*,#776,.T.);
#327=ORIENTED_EDGE('',*,*,#777,.T.);
#328=ORIENTED_EDGE('',*,*,#778,.T.);
#329=ORIENTED_EDGE('',*,*,#767,.F.);
#330=ORIENTED_EDGE('',*,*,#779,.F.);
#331=ORIENTED_EDGE('',*,*,#780,.F.);
#332=ORIENTED_EDGE('',*,*,#781,.F.);
#333=ORIENTED_EDGE('',*,*,#782,.T.);
#334=ORIENTED_EDGE('',*,*,#768,.F.);
#335=ORIENTED_EDGE('',*,*,#778,.F.);
#336=ORIENTED_EDGE('',*,*,#783,.F.);
#337=ORIENTED_EDGE('',*,*,#784,.F.);
#338=ORIENTED_EDGE('',*,*,#785,.T.);
#339=ORIENTED_EDGE('',*,*,#769,.F.);
#340=ORIENTED_EDGE('',*,*,#782,.F.);
#341=ORIENTED_EDGE('',*,*,#786,.F.);
#342=ORIENTED_EDGE('',*,*,#787,.T.);
#343=ORIENTED_EDGE('',*,*,#788,.F.);
#344=ORIENTED_EDGE('',*,*,#789,.F.);
#345=ORIENTED_EDGE('',*,*,#771,.F.);
#346=ORIENTED_EDGE('',*,*,#790,.F.);
#347=ORIENTED_EDGE('',*,*,#791,.F.);
#348=ORIENTED_EDGE('',*,*,#672,.F.);
#349=ORIENTED_EDGE('',*,*,#772,.F.);
#350=ORIENTED_EDGE('',*,*,#789,.T.);
#351=ORIENTED_EDGE('',*,*,#688,.F.);
#352=ORIENTED_EDGE('',*,*,#792,.F.);
#353=ORIENTED_EDGE('',*,*,#793,.F.);
#354=ORIENTED_EDGE('',*,*,#773,.F.);
#355=ORIENTED_EDGE('',*,*,#670,.T.);
#356=ORIENTED_EDGE('',*,*,#793,.T.);
#357=ORIENTED_EDGE('',*,*,#794,.F.);
#358=ORIENTED_EDGE('',*,*,#680,.F.);
#359=ORIENTED_EDGE('',*,*,#678,.F.);
#360=ORIENTED_EDGE('',*,*,#774,.F.);
#361=ORIENTED_EDGE('',*,*,#795,.F.);
#362=ORIENTED_EDGE('',*,*,#796,.F.);
#363=ORIENTED_EDGE('',*,*,#797,.F.);
#364=ORIENTED_EDGE('',*,*,#775,.F.);
#365=ORIENTED_EDGE('',*,*,#676,.T.);
#366=ORIENTED_EDGE('',*,*,#797,.T.);
#367=ORIENTED_EDGE('',*,*,#798,.F.);
#368=ORIENTED_EDGE('',*,*,#799,.F.);
#369=ORIENTED_EDGE('',*,*,#776,.F.);
#370=ORIENTED_EDGE('',*,*,#800,.T.);
#371=ORIENTED_EDGE('',*,*,#763,.F.);
#372=ORIENTED_EDGE('',*,*,#801,.F.);
#373=ORIENTED_EDGE('',*,*,#802,.F.);
#374=ORIENTED_EDGE('',*,*,#803,.T.);
#375=ORIENTED_EDGE('',*,*,#764,.F.);
#376=ORIENTED_EDGE('',*,*,#800,.F.);
#377=ORIENTED_EDGE('',*,*,#804,.F.);
#378=ORIENTED_EDGE('',*,*,#805,.F.);
#379=ORIENTED_EDGE('',*,*,#806,.T.);
#380=ORIENTED_EDGE('',*,*,#765,.F.);
#381=ORIENTED_EDGE('',*,*,#803,.F.);
#382=ORIENTED_EDGE('',*,*,#807,.F.);
#383=ORIENTED_EDGE('',*,*,#808,.F.);
#384=ORIENTED_EDGE('',*,*,#779,.T.);
#385=ORIENTED_EDGE('',*,*,#766,.F.);
#386=ORIENTED_EDGE('',*,*,#806,.F.);
#387=ORIENTED_EDGE('',*,*,#809,.F.);
#388=ORIENTED_EDGE('',*,*,#810,.F.);
#389=ORIENTED_EDGE('',*,*,#811,.F.);
#390=ORIENTED_EDGE('',*,*,#812,.F.);
#391=ORIENTED_EDGE('',*,*,#813,.T.);
#392=ORIENTED_EDGE('',*,*,#785,.F.);
#393=ORIENTED_EDGE('',*,*,#814,.F.);
#394=ORIENTED_EDGE('',*,*,#815,.T.);
#395=ORIENTED_EDGE('',*,*,#770,.F.);
#396=ORIENTED_EDGE('',*,*,#813,.F.);
#397=ORIENTED_EDGE('',*,*,#816,.F.);
#398=ORIENTED_EDGE('',*,*,#817,.F.);
#399=ORIENTED_EDGE('',*,*,#818,.F.);
#400=ORIENTED_EDGE('',*,*,#787,.F.);
#401=ORIENTED_EDGE('',*,*,#815,.F.);
#402=ORIENTED_EDGE('',*,*,#819,.F.);
#403=ORIENTED_EDGE('',*,*,#820,.F.);
#404=ORIENTED_EDGE('',*,*,#821,.F.);
#405=ORIENTED_EDGE('',*,*,#799,.T.);
#406=ORIENTED_EDGE('',*,*,#821,.T.);
#407=ORIENTED_EDGE('',*,*,#822,.F.);
#408=ORIENTED_EDGE('',*,*,#823,.T.);
#409=ORIENTED_EDGE('',*,*,#777,.F.);
#410=ORIENTED_EDGE('',*,*,#824,.F.);
#411=ORIENTED_EDGE('',*,*,#801,.T.);
#412=ORIENTED_EDGE('',*,*,#823,.F.);
#413=ORIENTED_EDGE('',*,*,#825,.F.);
#414=ORIENTED_EDGE('',*,*,#826,.T.);
#415=ORIENTED_EDGE('',*,*,#746,.T.);
#416=ORIENTED_EDGE('',*,*,#827,.F.);
#417=ORIENTED_EDGE('',*,*,#810,.T.);
#418=ORIENTED_EDGE('',*,*,#828,.T.);
#419=ORIENTED_EDGE('',*,*,#747,.T.);
#420=ORIENTED_EDGE('',*,*,#826,.F.);
#421=ORIENTED_EDGE('',*,*,#809,.T.);
#422=ORIENTED_EDGE('',*,*,#808,.T.);
#423=ORIENTED_EDGE('',*,*,#733,.F.);
#424=ORIENTED_EDGE('',*,*,#828,.F.);
#425=ORIENTED_EDGE('',*,*,#807,.T.);
#426=ORIENTED_EDGE('',*,*,#805,.T.);
#427=ORIENTED_EDGE('',*,*,#829,.T.);
#428=ORIENTED_EDGE('',*,*,#735,.F.);
#429=ORIENTED_EDGE('',*,*,#830,.T.);
#430=ORIENTED_EDGE('',*,*,#825,.T.);
#431=ORIENTED_EDGE('',*,*,#822,.T.);
#432=ORIENTED_EDGE('',*,*,#820,.T.);
#433=ORIENTED_EDGE('',*,*,#831,.T.);
#434=ORIENTED_EDGE('',*,*,#830,.F.);
#435=ORIENTED_EDGE('',*,*,#734,.T.);
#436=ORIENTED_EDGE('',*,*,#829,.F.);
#437=ORIENTED_EDGE('',*,*,#804,.T.);
#438=ORIENTED_EDGE('',*,*,#802,.T.);
#439=ORIENTED_EDGE('',*,*,#824,.T.);
#440=ORIENTED_EDGE('',*,*,#832,.T.);
#441=ORIENTED_EDGE('',*,*,#736,.T.);
#442=ORIENTED_EDGE('',*,*,#831,.F.);
#443=ORIENTED_EDGE('',*,*,#819,.T.);
#444=ORIENTED_EDGE('',*,*,#798,.T.);
#445=ORIENTED_EDGE('',*,*,#796,.T.);
#446=ORIENTED_EDGE('',*,*,#683,.T.);
#447=ORIENTED_EDGE('',*,*,#737,.T.);
#448=ORIENTED_EDGE('',*,*,#832,.F.);
#449=ORIENTED_EDGE('',*,*,#795,.T.);
#450=ORIENTED_EDGE('',*,*,#833,.T.);
#451=ORIENTED_EDGE('',*,*,#738,.T.);
#452=ORIENTED_EDGE('',*,*,#681,.F.);
#453=ORIENTED_EDGE('',*,*,#794,.T.);
#454=ORIENTED_EDGE('',*,*,#687,.T.);
#455=ORIENTED_EDGE('',*,*,#739,.T.);
#456=ORIENTED_EDGE('',*,*,#833,.F.);
#457=ORIENTED_EDGE('',*,*,#792,.T.);
#458=ORIENTED_EDGE('',*,*,#834,.T.);
#459=ORIENTED_EDGE('',*,*,#740,.T.);
#460=ORIENTED_EDGE('',*,*,#685,.F.);
#461=ORIENTED_EDGE('',*,*,#791,.T.);
#462=ORIENTED_EDGE('',*,*,#835,.F.);
#463=ORIENTED_EDGE('',*,*,#742,.T.);
#464=ORIENTED_EDGE('',*,*,#836,.F.);
#465=ORIENTED_EDGE('',*,*,#817,.T.);
#466=ORIENTED_EDGE('',*,*,#816,.T.);
#467=ORIENTED_EDGE('',*,*,#812,.T.);
#468=ORIENTED_EDGE('',*,*,#836,.T.);
#469=ORIENTED_EDGE('',*,*,#741,.T.);
#470=ORIENTED_EDGE('',*,*,#834,.F.);
#471=ORIENTED_EDGE('',*,*,#790,.T.);
#472=ORIENTED_EDGE('',*,*,#788,.T.);
#473=ORIENTED_EDGE('',*,*,#818,.T.);
#474=ORIENTED_EDGE('',*,*,#837,.T.);
#475=ORIENTED_EDGE('',*,*,#743,.T.);
#476=ORIENTED_EDGE('',*,*,#835,.T.);
#477=ORIENTED_EDGE('',*,*,#814,.T.);
#478=ORIENTED_EDGE('',*,*,#786,.T.);
#479=ORIENTED_EDGE('',*,*,#784,.T.);
#480=ORIENTED_EDGE('',*,*,#838,.T.);
#481=ORIENTED_EDGE('',*,*,#744,.T.);
#482=ORIENTED_EDGE('',*,*,#837,.F.);
#483=ORIENTED_EDGE('',*,*,#783,.T.);
#484=ORIENTED_EDGE('',*,*,#781,.T.);
#485=ORIENTED_EDGE('',*,*,#745,.F.);
#486=ORIENTED_EDGE('',*,*,#838,.F.);
#487=ORIENTED_EDGE('',*,*,#780,.T.);
#488=ORIENTED_EDGE('',*,*,#811,.T.);
#489=ORIENTED_EDGE('',*,*,#827,.T.);
#490=ORIENTED_EDGE('',*,*,#839,.F.);
#491=ORIENTED_EDGE('',*,*,#840,.T.);
#492=ORIENTED_EDGE('',*,*,#841,.T.);
#493=ORIENTED_EDGE('',*,*,#842,.T.);
#494=ORIENTED_EDGE('',*,*,#696,.T.);
#495=ORIENTED_EDGE('',*,*,#843,.F.);
#496=ORIENTED_EDGE('',*,*,#844,.T.);
#497=ORIENTED_EDGE('',*,*,#845,.T.);
#498=ORIENTED_EDGE('',*,*,#839,.T.);
#499=ORIENTED_EDGE('',*,*,#695,.T.);
#500=ORIENTED_EDGE('',*,*,#846,.F.);
#501=ORIENTED_EDGE('',*,*,#847,.T.);
#502=ORIENTED_EDGE('',*,*,#843,.T.);
#503=ORIENTED_EDGE('',*,*,#694,.T.);
#504=ORIENTED_EDGE('',*,*,#848,.F.);
#505=ORIENTED_EDGE('',*,*,#692,.T.);
#506=ORIENTED_EDGE('',*,*,#849,.T.);
#507=ORIENTED_EDGE('',*,*,#850,.T.);
#508=ORIENTED_EDGE('',*,*,#851,.T.);
#509=ORIENTED_EDGE('',*,*,#849,.F.);
#510=ORIENTED_EDGE('',*,*,#691,.T.);
#511=ORIENTED_EDGE('',*,*,#713,.T.);
#512=ORIENTED_EDGE('',*,*,#852,.T.);
#513=ORIENTED_EDGE('',*,*,#729,.T.);
#514=ORIENTED_EDGE('',*,*,#715,.F.);
#515=ORIENTED_EDGE('',*,*,#709,.T.);
#516=ORIENTED_EDGE('',*,*,#853,.T.);
#517=ORIENTED_EDGE('',*,*,#854,.T.);
#518=ORIENTED_EDGE('',*,*,#853,.F.);
#519=ORIENTED_EDGE('',*,*,#708,.T.);
#520=ORIENTED_EDGE('',*,*,#707,.T.);
#521=ORIENTED_EDGE('',*,*,#722,.T.);
#522=ORIENTED_EDGE('',*,*,#727,.T.);
#523=ORIENTED_EDGE('',*,*,#855,.T.);
#524=ORIENTED_EDGE('',*,*,#856,.T.);
#525=ORIENTED_EDGE('',*,*,#857,.T.);
#526=ORIENTED_EDGE('',*,*,#718,.F.);
#527=ORIENTED_EDGE('',*,*,#703,.T.);
#528=ORIENTED_EDGE('',*,*,#858,.T.);
#529=ORIENTED_EDGE('',*,*,#859,.T.);
#530=ORIENTED_EDGE('',*,*,#858,.F.);
#531=ORIENTED_EDGE('',*,*,#702,.T.);
#532=ORIENTED_EDGE('',*,*,#860,.T.);
#533=ORIENTED_EDGE('',*,*,#861,.T.);
#534=ORIENTED_EDGE('',*,*,#862,.F.);
#535=ORIENTED_EDGE('',*,*,#863,.T.);
#536=ORIENTED_EDGE('',*,*,#864,.T.);
#537=ORIENTED_EDGE('',*,*,#700,.T.);
#538=ORIENTED_EDGE('',*,*,#865,.F.);
#539=ORIENTED_EDGE('',*,*,#866,.T.);
#540=ORIENTED_EDGE('',*,*,#867,.T.);
#541=ORIENTED_EDGE('',*,*,#862,.T.);
#542=ORIENTED_EDGE('',*,*,#699,.T.);
#543=ORIENTED_EDGE('',*,*,#868,.F.);
#544=ORIENTED_EDGE('',*,*,#869,.T.);
#545=ORIENTED_EDGE('',*,*,#870,.T.);
#546=ORIENTED_EDGE('',*,*,#865,.T.);
#547=ORIENTED_EDGE('',*,*,#698,.T.);
#548=ORIENTED_EDGE('',*,*,#842,.F.);
#549=ORIENTED_EDGE('',*,*,#871,.T.);
#550=ORIENTED_EDGE('',*,*,#872,.T.);
#551=ORIENTED_EDGE('',*,*,#873,.T.);
#552=ORIENTED_EDGE('',*,*,#868,.T.);
#553=ORIENTED_EDGE('',*,*,#697,.T.);
#554=ORIENTED_EDGE('',*,*,#874,.T.);
#555=ORIENTED_EDGE('',*,*,#875,.T.);
#556=ORIENTED_EDGE('',*,*,#846,.T.);
#557=ORIENTED_EDGE('',*,*,#876,.F.);
#558=ORIENTED_EDGE('',*,*,#877,.F.);
#559=ORIENTED_EDGE('',*,*,#878,.T.);
#560=ORIENTED_EDGE('',*,*,#876,.T.);
#561=ORIENTED_EDGE('',*,*,#693,.T.);
#562=ORIENTED_EDGE('',*,*,#879,.T.);
#563=ORIENTED_EDGE('',*,*,#877,.T.);
#564=ORIENTED_EDGE('',*,*,#848,.T.);
#565=ORIENTED_EDGE('',*,*,#880,.T.);
#566=ORIENTED_EDGE('',*,*,#881,.T.);
#567=ORIENTED_EDGE('',*,*,#860,.F.);
#568=ORIENTED_EDGE('',*,*,#882,.T.);
#569=ORIENTED_EDGE('',*,*,#883,.T.);
#570=ORIENTED_EDGE('',*,*,#882,.F.);
#571=ORIENTED_EDGE('',*,*,#701,.T.);
#572=ORIENTED_EDGE('',*,*,#884,.F.);
#573=ORIENTED_EDGE('',*,*,#885,.T.);
#574=ORIENTED_EDGE('',*,*,#886,.T.);
#575=ORIENTED_EDGE('',*,*,#887,.T.);
#576=ORIENTED_EDGE('',*,*,#884,.T.);
#577=ORIENTED_EDGE('',*,*,#864,.F.);
#578=ORIENTED_EDGE('',*,*,#888,.F.);
#579=ORIENTED_EDGE('',*,*,#872,.F.);
#580=ORIENTED_EDGE('',*,*,#889,.T.);
#581=ORIENTED_EDGE('',*,*,#750,.F.);
#582=ORIENTED_EDGE('',*,*,#890,.F.);
#583=ORIENTED_EDGE('',*,*,#869,.F.);
#584=ORIENTED_EDGE('',*,*,#873,.F.);
#585=ORIENTED_EDGE('',*,*,#888,.T.);
#586=ORIENTED_EDGE('',*,*,#749,.F.);
#587=ORIENTED_EDGE('',*,*,#748,.T.);
#588=ORIENTED_EDGE('',*,*,#891,.F.);
#589=ORIENTED_EDGE('',*,*,#866,.F.);
#590=ORIENTED_EDGE('',*,*,#870,.F.);
#591=ORIENTED_EDGE('',*,*,#890,.T.);
#592=ORIENTED_EDGE('',*,*,#761,.T.);
#593=ORIENTED_EDGE('',*,*,#892,.F.);
#594=ORIENTED_EDGE('',*,*,#883,.F.);
#595=ORIENTED_EDGE('',*,*,#885,.F.);
#596=ORIENTED_EDGE('',*,*,#887,.F.);
#597=ORIENTED_EDGE('',*,*,#893,.F.);
#598=ORIENTED_EDGE('',*,*,#893,.T.);
#599=ORIENTED_EDGE('',*,*,#886,.F.);
#600=ORIENTED_EDGE('',*,*,#863,.F.);
#601=ORIENTED_EDGE('',*,*,#867,.F.);
#602=ORIENTED_EDGE('',*,*,#891,.T.);
#603=ORIENTED_EDGE('',*,*,#762,.F.);
#604=ORIENTED_EDGE('',*,*,#894,.F.);
#605=ORIENTED_EDGE('',*,*,#859,.F.);
#606=ORIENTED_EDGE('',*,*,#861,.F.);
#607=ORIENTED_EDGE('',*,*,#881,.F.);
#608=ORIENTED_EDGE('',*,*,#892,.T.);
#609=ORIENTED_EDGE('',*,*,#760,.F.);
#610=ORIENTED_EDGE('',*,*,#724,.F.);
#611=ORIENTED_EDGE('',*,*,#857,.F.);
#612=ORIENTED_EDGE('',*,*,#894,.T.);
#613=ORIENTED_EDGE('',*,*,#759,.F.);
#614=ORIENTED_EDGE('',*,*,#895,.F.);
#615=ORIENTED_EDGE('',*,*,#856,.F.);
#616=ORIENTED_EDGE('',*,*,#855,.F.);
#617=ORIENTED_EDGE('',*,*,#726,.T.);
#618=ORIENTED_EDGE('',*,*,#758,.F.);
#619=ORIENTED_EDGE('',*,*,#730,.F.);
#620=ORIENTED_EDGE('',*,*,#854,.F.);
#621=ORIENTED_EDGE('',*,*,#895,.T.);
#622=ORIENTED_EDGE('',*,*,#757,.F.);
#623=ORIENTED_EDGE('',*,*,#896,.F.);
#624=ORIENTED_EDGE('',*,*,#852,.F.);
#625=ORIENTED_EDGE('',*,*,#732,.T.);
#626=ORIENTED_EDGE('',*,*,#756,.F.);
#627=ORIENTED_EDGE('',*,*,#897,.T.);
#628=ORIENTED_EDGE('',*,*,#874,.F.);
#629=ORIENTED_EDGE('',*,*,#878,.F.);
#630=ORIENTED_EDGE('',*,*,#879,.F.);
#631=ORIENTED_EDGE('',*,*,#898,.T.);
#632=ORIENTED_EDGE('',*,*,#754,.F.);
#633=ORIENTED_EDGE('',*,*,#898,.F.);
#634=ORIENTED_EDGE('',*,*,#880,.F.);
#635=ORIENTED_EDGE('',*,*,#850,.F.);
#636=ORIENTED_EDGE('',*,*,#851,.F.);
#637=ORIENTED_EDGE('',*,*,#896,.T.);
#638=ORIENTED_EDGE('',*,*,#755,.F.);
#639=ORIENTED_EDGE('',*,*,#899,.F.);
#640=ORIENTED_EDGE('',*,*,#844,.F.);
#641=ORIENTED_EDGE('',*,*,#847,.F.);
#642=ORIENTED_EDGE('',*,*,#875,.F.);
#643=ORIENTED_EDGE('',*,*,#897,.F.);
#644=ORIENTED_EDGE('',*,*,#753,.F.);
#645=ORIENTED_EDGE('',*,*,#900,.F.);
#646=ORIENTED_EDGE('',*,*,#840,.F.);
#647=ORIENTED_EDGE('',*,*,#845,.F.);
#648=ORIENTED_EDGE('',*,*,#899,.T.);
#649=ORIENTED_EDGE('',*,*,#752,.F.);
#650=ORIENTED_EDGE('',*,*,#751,.T.);
#651=ORIENTED_EDGE('',*,*,#889,.F.);
#652=ORIENTED_EDGE('',*,*,#871,.F.);
#653=ORIENTED_EDGE('',*,*,#841,.F.);
#654=ORIENTED_EDGE('',*,*,#900,.T.);
#655=ORIENTED_EDGE('',*,*,#684,.T.);
#656=ORIENTED_EDGE('',*,*,#668,.F.);
#657=ORIENTED_EDGE('',*,*,#689,.T.);
#658=ORIENTED_EDGE('',*,*,#714,.T.);
#659=ORIENTED_EDGE('',*,*,#728,.F.);
#660=ORIENTED_EDGE('',*,*,#711,.T.);
#661=ORIENTED_EDGE('',*,*,#679,.T.);
#662=ORIENTED_EDGE('',*,*,#674,.F.);
#663=ORIENTED_EDGE('',*,*,#705,.T.);
#664=ORIENTED_EDGE('',*,*,#717,.T.);
#665=ORIENTED_EDGE('',*,*,#723,.F.);
#666=ORIENTED_EDGE('',*,*,#720,.T.);
#667=EDGE_CURVE('',#901,#902,#1053,.T.);
#668=EDGE_CURVE('',#901,#903,#1054,.T.);
#669=EDGE_CURVE('',#904,#903,#1055,.T.);
#670=EDGE_CURVE('',#905,#904,#1056,.F.);
#671=EDGE_CURVE('',#906,#905,#1057,.T.);
#672=EDGE_CURVE('',#906,#902,#159,.F.);
#673=EDGE_CURVE('',#907,#908,#1058,.T.);
#674=EDGE_CURVE('',#907,#909,#1059,.T.);
#675=EDGE_CURVE('',#910,#909,#1060,.T.);
#676=EDGE_CURVE('',#911,#910,#160,.F.);
#677=EDGE_CURVE('',#912,#911,#1061,.T.);
#678=EDGE_CURVE('',#912,#908,#1062,.F.);
#679=EDGE_CURVE('',#907,#909,#1063,.T.);
#680=EDGE_CURVE('',#908,#913,#1064,.T.);
#681=EDGE_CURVE('',#913,#914,#37,.T.);
#682=EDGE_CURVE('',#914,#915,#161,.T.);
#683=EDGE_CURVE('',#910,#915,#38,.F.);
#684=EDGE_CURVE('',#901,#903,#1065,.T.);
#685=EDGE_CURVE('',#902,#916,#39,.T.);
#686=EDGE_CURVE('',#916,#917,#162,.T.);
#687=EDGE_CURVE('',#918,#917,#40,.T.);
#688=EDGE_CURVE('',#918,#904,#1066,.T.);
#689=EDGE_CURVE('',#919,#920,#1067,.T.);
#690=EDGE_CURVE('',#921,#919,#1068,.T.);
#691=EDGE_CURVE('',#922,#921,#163,.T.);
#692=EDGE_CURVE('',#923,#922,#1069,.T.);
#693=EDGE_CURVE('',#924,#923,#41,.F.);
#694=EDGE_CURVE('',#925,#924,#1070,.T.);
#695=EDGE_CURVE('',#926,#925,#1071,.T.);
#696=EDGE_CURVE('',#927,#926,#29,.T.);
#697=EDGE_CURVE('',#928,#927,#1072,.T.);
#698=EDGE_CURVE('',#929,#928,#30,.F.);
#699=EDGE_CURVE('',#930,#929,#1073,.T.);
#700=EDGE_CURVE('',#931,#930,#1074,.T.);
#701=EDGE_CURVE('',#932,#931,#42,.T.);
#702=EDGE_CURVE('',#933,#932,#1075,.T.);
#703=EDGE_CURVE('',#934,#933,#164,.T.);
#704=EDGE_CURVE('',#935,#934,#1076,.T.);
#705=EDGE_CURVE('',#936,#935,#1077,.T.);
#706=EDGE_CURVE('',#937,#936,#1078,.T.);
#707=EDGE_CURVE('',#938,#937,#1079,.T.);
#708=EDGE_CURVE('',#939,#938,#1080,.T.);
#709=EDGE_CURVE('',#940,#939,#1081,.T.);
#710=EDGE_CURVE('',#920,#940,#1082,.T.);
#711=EDGE_CURVE('',#941,#919,#1083,.T.);
#712=EDGE_CURVE('',#941,#942,#1084,.T.);
#713=EDGE_CURVE('',#921,#942,#165,.T.);
#714=EDGE_CURVE('',#920,#943,#1085,.T.);
#715=EDGE_CURVE('',#940,#944,#1086,.F.);
#716=EDGE_CURVE('',#944,#943,#1087,.T.);
#717=EDGE_CURVE('',#935,#945,#1088,.T.);
#718=EDGE_CURVE('',#934,#946,#166,.T.);
#719=EDGE_CURVE('',#946,#945,#1089,.T.);
#720=EDGE_CURVE('',#947,#936,#1090,.T.);
#721=EDGE_CURVE('',#947,#948,#1091,.T.);
#722=EDGE_CURVE('',#937,#948,#1092,.F.);
#723=EDGE_CURVE('',#947,#945,#1093,.T.);
#724=EDGE_CURVE('',#946,#949,#43,.T.);
#725=EDGE_CURVE('',#950,#949,#167,.T.);
#726=EDGE_CURVE('',#951,#950,#44,.T.);
#727=EDGE_CURVE('',#948,#951,#1094,.T.);
#728=EDGE_CURVE('',#941,#943,#1095,.T.);
#729=EDGE_CURVE('',#952,#944,#1096,.T.);
#730=EDGE_CURVE('',#952,#953,#45,.T.);
#731=EDGE_CURVE('',#954,#953,#168,.T.);
#732=EDGE_CURVE('',#942,#954,#46,.T.);
#733=EDGE_CURVE('',#955,#956,#169,.F.);
#734=EDGE_CURVE('',#957,#956,#170,.T.);
#735=EDGE_CURVE('',#957,#958,#47,.F.);
#736=EDGE_CURVE('',#959,#958,#171,.T.);
#737=EDGE_CURVE('',#915,#959,#48,.T.);
#738=EDGE_CURVE('',#960,#914,#1097,.T.);
#739=EDGE_CURVE('',#917,#960,#1098,.T.);
#740=EDGE_CURVE('',#961,#916,#49,.T.);
#741=EDGE_CURVE('',#962,#961,#172,.T.);
#742=EDGE_CURVE('',#963,#962,#50,.F.);
#743=EDGE_CURVE('',#964,#963,#173,.T.);
#744=EDGE_CURVE('',#965,#964,#174,.T.);
#745=EDGE_CURVE('',#965,#966,#51,.T.);
#746=EDGE_CURVE('',#967,#966,#175,.T.);
#747=EDGE_CURVE('',#955,#967,#52,.T.);
#748=EDGE_CURVE('',#968,#969,#176,.F.);
#749=EDGE_CURVE('',#968,#970,#53,.T.);
#750=EDGE_CURVE('',#970,#971,#177,.T.);
#751=EDGE_CURVE('',#972,#971,#54,.T.);
#752=EDGE_CURVE('',#972,#973,#178,.T.);
#753=EDGE_CURVE('',#973,#974,#179,.T.);
#754=EDGE_CURVE('',#974,#975,#55,.F.);
#755=EDGE_CURVE('',#975,#976,#180,.T.);
#756=EDGE_CURVE('',#976,#954,#56,.T.);
#757=EDGE_CURVE('',#953,#977,#1099,.T.);
#758=EDGE_CURVE('',#977,#950,#1100,.T.);
#759=EDGE_CURVE('',#949,#978,#57,.T.);
#760=EDGE_CURVE('',#978,#979,#181,.T.);
#761=EDGE_CURVE('',#980,#979,#58,.F.);
#762=EDGE_CURVE('',#980,#969,#182,.T.);
#763=EDGE_CURVE('',#981,#982,#1101,.T.);
#764=EDGE_CURVE('',#982,#983,#1102,.T.);
#765=EDGE_CURVE('',#983,#984,#31,.F.);
#766=EDGE_CURVE('',#984,#985,#1103,.T.);
#767=EDGE_CURVE('',#985,#986,#32,.T.);
#768=EDGE_CURVE('',#986,#987,#1104,.T.);
#769=EDGE_CURVE('',#987,#988,#1105,.T.);
#770=EDGE_CURVE('',#988,#989,#59,.F.);
#771=EDGE_CURVE('',#989,#990,#1106,.T.);
#772=EDGE_CURVE('',#990,#906,#183,.T.);
#773=EDGE_CURVE('',#905,#991,#1107,.T.);
#774=EDGE_CURVE('',#991,#912,#1108,.T.);
#775=EDGE_CURVE('',#911,#992,#184,.T.);
#776=EDGE_CURVE('',#992,#993,#1109,.T.);
#777=EDGE_CURVE('',#993,#981,#60,.T.);
#778=EDGE_CURVE('',#994,#986,#1110,.T.);
#779=EDGE_CURVE('',#995,#985,#1111,.T.);
#780=EDGE_CURVE('',#996,#995,#33,.T.);
#781=EDGE_CURVE('',#994,#996,#1112,.T.);
#782=EDGE_CURVE('',#997,#987,#1113,.T.);
#783=EDGE_CURVE('',#998,#994,#1114,.T.);
#784=EDGE_CURVE('',#997,#998,#1115,.T.);
#785=EDGE_CURVE('',#999,#988,#185,.T.);
#786=EDGE_CURVE('',#999,#997,#1116,.T.);
#787=EDGE_CURVE('',#989,#1000,#186,.T.);
#788=EDGE_CURVE('',#1001,#1000,#1117,.T.);
#789=EDGE_CURVE('',#990,#1001,#1118,.F.);
#790=EDGE_CURVE('',#1002,#1001,#1119,.T.);
#791=EDGE_CURVE('',#902,#1002,#187,.F.);
#792=EDGE_CURVE('',#1003,#918,#1120,.T.);
#793=EDGE_CURVE('',#991,#1003,#188,.T.);
#794=EDGE_CURVE('',#913,#1003,#1121,.T.);
#795=EDGE_CURVE('',#1004,#910,#189,.F.);
#796=EDGE_CURVE('',#1005,#1004,#1122,.T.);
#797=EDGE_CURVE('',#992,#1005,#1123,.F.);
#798=EDGE_CURVE('',#1006,#1005,#1124,.T.);
#799=EDGE_CURVE('',#993,#1006,#190,.T.);
#800=EDGE_CURVE('',#1007,#982,#1125,.T.);
#801=EDGE_CURVE('',#1008,#981,#191,.T.);
#802=EDGE_CURVE('',#1007,#1008,#1126,.T.);
#803=EDGE_CURVE('',#1009,#983,#1127,.T.);
#804=EDGE_CURVE('',#1010,#1007,#1128,.T.);
#805=EDGE_CURVE('',#1009,#1010,#1129,.T.);
#806=EDGE_CURVE('',#1011,#984,#1130,.T.);
#807=EDGE_CURVE('',#1012,#1009,#1131,.T.);
#808=EDGE_CURVE('',#1011,#1012,#34,.F.);
#809=EDGE_CURVE('',#1013,#1011,#1132,.T.);
#810=EDGE_CURVE('',#1014,#1013,#1133,.T.);
#811=EDGE_CURVE('',#995,#1014,#1134,.T.);
#812=EDGE_CURVE('',#1015,#1016,#1135,.F.);
#813=EDGE_CURVE('',#1015,#988,#1136,.T.);
#814=EDGE_CURVE('',#1016,#999,#1137,.T.);
#815=EDGE_CURVE('',#1017,#989,#1138,.T.);
#816=EDGE_CURVE('',#1017,#1015,#61,.T.);
#817=EDGE_CURVE('',#1018,#1017,#1139,.T.);
#818=EDGE_CURVE('',#1000,#1018,#1140,.T.);
#819=EDGE_CURVE('',#1019,#1006,#1141,.T.);
#820=EDGE_CURVE('',#1020,#1019,#1142,.F.);
#821=EDGE_CURVE('',#993,#1020,#1143,.T.);
#822=EDGE_CURVE('',#1021,#1020,#62,.F.);
#823=EDGE_CURVE('',#1021,#981,#1144,.T.);
#824=EDGE_CURVE('',#1008,#1022,#1145,.T.);
#825=EDGE_CURVE('',#1022,#1021,#1146,.T.);
#826=EDGE_CURVE('',#1013,#967,#63,.T.);
#827=EDGE_CURVE('',#1014,#966,#64,.T.);
#828=EDGE_CURVE('',#1012,#955,#65,.T.);
#829=EDGE_CURVE('',#1010,#956,#66,.T.);
#830=EDGE_CURVE('',#957,#1022,#1147,.T.);
#831=EDGE_CURVE('',#1019,#958,#1148,.T.);
#832=EDGE_CURVE('',#1004,#959,#67,.T.);
#833=EDGE_CURVE('',#1003,#960,#68,.T.);
#834=EDGE_CURVE('',#1002,#961,#69,.T.);
#835=EDGE_CURVE('',#963,#1016,#1149,.T.);
#836=EDGE_CURVE('',#1018,#962,#1150,.T.);
#837=EDGE_CURVE('',#998,#964,#70,.T.);
#838=EDGE_CURVE('',#996,#965,#71,.T.);
#839=EDGE_CURVE('',#1023,#926,#1151,.T.);
#840=EDGE_CURVE('',#1023,#1024,#1152,.T.);
#841=EDGE_CURVE('',#1024,#1025,#35,.T.);
#842=EDGE_CURVE('',#1025,#927,#1153,.T.);
#843=EDGE_CURVE('',#1026,#925,#1154,.T.);
#844=EDGE_CURVE('',#1026,#1027,#1155,.T.);
#845=EDGE_CURVE('',#1027,#1023,#1156,.T.);
#846=EDGE_CURVE('',#1028,#924,#192,.T.);
#847=EDGE_CURVE('',#1028,#1026,#1157,.T.);
#848=EDGE_CURVE('',#923,#1029,#193,.T.);
#849=EDGE_CURVE('',#922,#1030,#1158,.F.);
#850=EDGE_CURVE('',#1030,#1029,#1159,.T.);
#851=EDGE_CURVE('',#1031,#1030,#1160,.T.);
#852=EDGE_CURVE('',#942,#1031,#194,.F.);
#853=EDGE_CURVE('',#939,#1032,#195,.T.);
#854=EDGE_CURVE('',#1032,#952,#1161,.T.);
#855=EDGE_CURVE('',#951,#1033,#1162,.T.);
#856=EDGE_CURVE('',#1033,#1032,#1163,.T.);
#857=EDGE_CURVE('',#1034,#946,#196,.F.);
#858=EDGE_CURVE('',#933,#1035,#1164,.F.);
#859=EDGE_CURVE('',#1035,#1034,#1165,.T.);
#860=EDGE_CURVE('',#932,#1036,#197,.T.);
#861=EDGE_CURVE('',#1036,#1035,#1166,.T.);
#862=EDGE_CURVE('',#1037,#930,#1167,.T.);
#863=EDGE_CURVE('',#1037,#1038,#1168,.T.);
#864=EDGE_CURVE('',#1038,#931,#198,.T.);
#865=EDGE_CURVE('',#1039,#929,#1169,.T.);
#866=EDGE_CURVE('',#1039,#1040,#1170,.T.);
#867=EDGE_CURVE('',#1040,#1037,#1171,.T.);
#868=EDGE_CURVE('',#1041,#928,#1172,.T.);
#869=EDGE_CURVE('',#1041,#1042,#36,.F.);
#870=EDGE_CURVE('',#1042,#1039,#1173,.T.);
#871=EDGE_CURVE('',#1025,#1043,#1174,.T.);
#872=EDGE_CURVE('',#1043,#1044,#1175,.T.);
#873=EDGE_CURVE('',#1044,#1041,#1176,.T.);
#874=EDGE_CURVE('',#1045,#1046,#1177,.F.);
#875=EDGE_CURVE('',#1046,#1028,#1178,.T.);
#876=EDGE_CURVE('',#1045,#924,#1179,.T.);
#877=EDGE_CURVE('',#1047,#923,#1180,.T.);
#878=EDGE_CURVE('',#1047,#1045,#72,.T.);
#879=EDGE_CURVE('',#1048,#1047,#1181,.T.);
#880=EDGE_CURVE('',#1029,#1048,#1182,.T.);
#881=EDGE_CURVE('',#1049,#1036,#1183,.T.);
#882=EDGE_CURVE('',#932,#1050,#1184,.T.);
#883=EDGE_CURVE('',#1050,#1049,#1185,.F.);
#884=EDGE_CURVE('',#1051,#931,#1186,.T.);
#885=EDGE_CURVE('',#1051,#1050,#73,.F.);
#886=EDGE_CURVE('',#1038,#1052,#1187,.T.);
#887=EDGE_CURVE('',#1052,#1051,#1188,.T.);
#888=EDGE_CURVE('',#1044,#970,#74,.T.);
#889=EDGE_CURVE('',#1043,#971,#75,.T.);
#890=EDGE_CURVE('',#1042,#968,#76,.T.);
#891=EDGE_CURVE('',#1040,#969,#77,.T.);
#892=EDGE_CURVE('',#1049,#979,#1189,.T.);
#893=EDGE_CURVE('',#980,#1052,#1190,.T.);
#894=EDGE_CURVE('',#1034,#978,#78,.T.);
#895=EDGE_CURVE('',#1032,#977,#79,.T.);
#896=EDGE_CURVE('',#1031,#976,#80,.T.);
#897=EDGE_CURVE('',#974,#1046,#1191,.T.);
#898=EDGE_CURVE('',#1048,#975,#1192,.T.);
#899=EDGE_CURVE('',#1027,#973,#81,.T.);
#900=EDGE_CURVE('',#1024,#972,#82,.T.);
#901=VERTEX_POINT('',#1852);
#902=VERTEX_POINT('',#1853);
#903=VERTEX_POINT('',#1872);
#904=VERTEX_POINT('',#1877);
#905=VERTEX_POINT('',#1885);
#906=VERTEX_POINT('',#1894);
#907=VERTEX_POINT('',#1927);
#908=VERTEX_POINT('',#1928);
#909=VERTEX_POINT('',#1948);
#910=VERTEX_POINT('',#1955);
#911=VERTEX_POINT('',#1957);
#912=VERTEX_POINT('',#1966);
#913=VERTEX_POINT('',#1986);
#914=VERTEX_POINT('',#1988);
#915=VERTEX_POINT('',#1990);
#916=VERTEX_POINT('',#2001);
#917=VERTEX_POINT('',#2003);
#918=VERTEX_POINT('',#2005);
#919=VERTEX_POINT('',#2018);
#920=VERTEX_POINT('',#2019);
#921=VERTEX_POINT('',#2025);
#922=VERTEX_POINT('',#2027);
#923=VERTEX_POINT('',#2033);
#924=VERTEX_POINT('',#2035);
#925=VERTEX_POINT('',#2040);
#926=VERTEX_POINT('',#2045);
#927=VERTEX_POINT('',#2047);
#928=VERTEX_POINT('',#2055);
#929=VERTEX_POINT('',#2057);
#930=VERTEX_POINT('',#2062);
#931=VERTEX_POINT('',#2068);
#932=VERTEX_POINT('',#2070);
#933=VERTEX_POINT('',#2075);
#934=VERTEX_POINT('',#2077);
#935=VERTEX_POINT('',#2083);
#936=VERTEX_POINT('',#2091);
#937=VERTEX_POINT('',#2096);
#938=VERTEX_POINT('',#2105);
#939=VERTEX_POINT('',#2110);
#940=VERTEX_POINT('',#2119);
#941=VERTEX_POINT('',#2149);
#942=VERTEX_POINT('',#2155);
#943=VERTEX_POINT('',#2176);
#944=VERTEX_POINT('',#2183);
#945=VERTEX_POINT('',#2213);
#946=VERTEX_POINT('',#2215);
#947=VERTEX_POINT('',#2240);
#948=VERTEX_POINT('',#2245);
#949=VERTEX_POINT('',#2264);
#950=VERTEX_POINT('',#2266);
#951=VERTEX_POINT('',#2268);
#952=VERTEX_POINT('',#2288);
#953=VERTEX_POINT('',#2290);
#954=VERTEX_POINT('',#2292);
#955=VERTEX_POINT('',#2296);
#956=VERTEX_POINT('',#2297);
#957=VERTEX_POINT('',#2299);
#958=VERTEX_POINT('',#2301);
#959=VERTEX_POINT('',#2303);
#960=VERTEX_POINT('',#2313);
#961=VERTEX_POINT('',#2323);
#962=VERTEX_POINT('',#2325);
#963=VERTEX_POINT('',#2327);
#964=VERTEX_POINT('',#2329);
#965=VERTEX_POINT('',#2331);
#966=VERTEX_POINT('',#2333);
#967=VERTEX_POINT('',#2335);
#968=VERTEX_POINT('',#2338);
#969=VERTEX_POINT('',#2339);
#970=VERTEX_POINT('',#2341);
#971=VERTEX_POINT('',#2343);
#972=VERTEX_POINT('',#2345);
#973=VERTEX_POINT('',#2347);
#974=VERTEX_POINT('',#2349);
#975=VERTEX_POINT('',#2351);
#976=VERTEX_POINT('',#2353);
#977=VERTEX_POINT('',#2359);
#978=VERTEX_POINT('',#2365);
#979=VERTEX_POINT('',#2367);
#980=VERTEX_POINT('',#2369);
#981=VERTEX_POINT('',#2377);
#982=VERTEX_POINT('',#2378);
#983=VERTEX_POINT('',#2383);
#984=VERTEX_POINT('',#2385);
#985=VERTEX_POINT('',#2393);
#986=VERTEX_POINT('',#2395);
#987=VERTEX_POINT('',#2400);
#988=VERTEX_POINT('',#2405);
#989=VERTEX_POINT('',#2407);
#990=VERTEX_POINT('',#2413);
#991=VERTEX_POINT('',#2423);
#992=VERTEX_POINT('',#2433);
#993=VERTEX_POINT('',#2438);
#994=VERTEX_POINT('',#2459);
#995=VERTEX_POINT('',#2467);
#996=VERTEX_POINT('',#2469);
#997=VERTEX_POINT('',#2499);
#998=VERTEX_POINT('',#2504);
#999=VERTEX_POINT('',#2528);
#1000=VERTEX_POINT('',#2549);
#1001=VERTEX_POINT('',#2555);
#1002=VERTEX_POINT('',#2568);
#1003=VERTEX_POINT('',#2612);
#1004=VERTEX_POINT('',#2657);
#1005=VERTEX_POINT('',#2662);
#1006=VERTEX_POINT('',#2689);
#1007=VERTEX_POINT('',#2713);
#1008=VERTEX_POINT('',#2715);
#1009=VERTEX_POINT('',#2746);
#1010=VERTEX_POINT('',#2751);
#1011=VERTEX_POINT('',#2775);
#1012=VERTEX_POINT('',#2780);
#1013=VERTEX_POINT('',#2813);
#1014=VERTEX_POINT('',#2818);
#1015=VERTEX_POINT('',#2845);
#1016=VERTEX_POINT('',#2846);
#1017=VERTEX_POINT('',#2861);
#1018=VERTEX_POINT('',#2885);
#1019=VERTEX_POINT('',#2911);
#1020=VERTEX_POINT('',#2919);
#1021=VERTEX_POINT('',#2926);
#1022=VERTEX_POINT('',#2951);
#1023=VERTEX_POINT('',#3047);
#1024=VERTEX_POINT('',#3052);
#1025=VERTEX_POINT('',#3054);
#1026=VERTEX_POINT('',#3084);
#1027=VERTEX_POINT('',#3089);
#1028=VERTEX_POINT('',#3110);
#1029=VERTEX_POINT('',#3131);
#1030=VERTEX_POINT('',#3138);
#1031=VERTEX_POINT('',#3149);
#1032=VERTEX_POINT('',#3182);
#1033=VERTEX_POINT('',#3232);
#1034=VERTEX_POINT('',#3239);
#1035=VERTEX_POINT('',#3246);
#1036=VERTEX_POINT('',#3267);
#1037=VERTEX_POINT('',#3292);
#1038=VERTEX_POINT('',#3298);
#1039=VERTEX_POINT('',#3324);
#1040=VERTEX_POINT('',#3329);
#1041=VERTEX_POINT('',#3352);
#1042=VERTEX_POINT('',#3354);
#1043=VERTEX_POINT('',#3390);
#1044=VERTEX_POINT('',#3395);
#1045=VERTEX_POINT('',#3422);
#1046=VERTEX_POINT('',#3423);
#1047=VERTEX_POINT('',#3437);
#1048=VERTEX_POINT('',#3459);
#1049=VERTEX_POINT('',#3485);
#1050=VERTEX_POINT('',#3490);
#1051=VERTEX_POINT('',#3501);
#1052=VERTEX_POINT('',#3522);
#1053=B_SPLINE_CURVE_WITH_KNOTS('',3,(#1846,#1847,#1848,#1849,#1850,#1851),
 .UNSPECIFIED.,.F.,.F.,(4,1,1,4),(0.0179511173199522,0.0226192824221046,
0.0272874475242571,0.036623777728562),.UNSPECIFIED.);
#1054=B_SPLINE_CURVE_WITH_KNOTS('',3,(#1854,#1855,#1856,#1857,#1858,#1859,
#1860,#1861,#1862,#1863,#1864,#1865,#1866,#1867,#1868,#1869,#1870,#1871),
 .UNSPECIFIED.,.F.,.F.,(4,1,1,1,1,1,1,1,1,1,1,1,1,1,1,4),(1.22600359006804E-14,
0.00192940389434204,0.00385880778867183,0.00578821168300161,0.00771761557733139,
0.00964701947166118,0.011576423365991,0.0135058272603207,0.0154352311546505,
0.0173646350489803,0.0192940389433101,0.0212234428376399,0.0231528467319697,
0.0250822506262994,0.0270116545206292,0.0308704623092888),.UNSPECIFIED.);
#1055=B_SPLINE_CURVE_WITH_KNOTS('',3,(#1873,#1874,#1875,#1876),
 .UNSPECIFIED.,.F.,.F.,(4,4),(0.,0.0096164568603815),.UNSPECIFIED.);
#1056=B_SPLINE_CURVE_WITH_KNOTS('',3,(#1878,#1879,#1880,#1881,#1882,#1883,
#1884),.UNSPECIFIED.,.F.,.F.,(4,1,1,1,4),(0.,0.00299053496188418,0.00598106992376837,
0.00897160488565255,0.0119621398475367),.UNSPECIFIED.);
#1057=B_SPLINE_CURVE_WITH_KNOTS('',3,(#1886,#1887,#1888,#1889,#1890,#1891,
#1892,#1893),.UNSPECIFIED.,.F.,.F.,(4,1,1,1,1,4),(0.,0.00758301252483789,
0.0113745187872568,0.0151660250496758,0.0227490375745137,0.0303320500993516),
 .UNSPECIFIED.);
#1058=B_SPLINE_CURVE_WITH_KNOTS('',3,(#1923,#1924,#1925,#1926),
 .UNSPECIFIED.,.F.,.F.,(4,4),(0.0266527228275879,0.0361257542822209),
 .UNSPECIFIED.);
#1059=B_SPLINE_CURVE_WITH_KNOTS('',3,(#1929,#1930,#1931,#1932,#1933,#1934,
#1935,#1936,#1937,#1938,#1939,#1940,#1941,#1942,#1943,#1944,#1945,#1946,
#1947),.UNSPECIFIED.,.F.,.F.,(4,1,1,1,1,1,1,1,1,1,1,1,1,1,1,1,4),(1.12637341226185E-14,
0.00193052826234276,0.00386105652467426,0.00579158478700576,0.00772211304933726,
0.00965264131166876,0.0115831695740003,0.0135136978363318,0.0154442260986633,
0.0173747543609948,0.0193052826233263,0.0212358108856578,0.0231663391479893,
0.0250968674103208,0.0270273956726523,0.0289579239349838,0.0308884521973153),
 .UNSPECIFIED.);
#1060=B_SPLINE_CURVE_WITH_KNOTS('',3,(#1949,#1950,#1951,#1952,#1953,#1954),
 .UNSPECIFIED.,.F.,.F.,(4,1,1,4),(0.,0.00921182198069523,0.0138177329710428,
0.0184236439613905),.UNSPECIFIED.);
#1061=B_SPLINE_CURVE_WITH_KNOTS('',3,(#1958,#1959,#1960,#1961,#1962,#1963,
#1964,#1965),.UNSPECIFIED.,.F.,.F.,(4,1,1,1,1,4),(0.,0.00768760917779876,
0.0153752183555975,0.0192190229444969,0.0230628275333963,0.030750436711195),
 .UNSPECIFIED.);
#1062=B_SPLINE_CURVE_WITH_KNOTS('',3,(#1967,#1968,#1969,#1970,#1971,#1972,
#1973),.UNSPECIFIED.,.F.,.F.,(4,1,1,1,4),(0.,0.00299053441548226,0.00598106883096453,
0.0089716032464468,0.0119621376619291),.UNSPECIFIED.);
#1063=B_SPLINE_CURVE_WITH_KNOTS('',3,(#1975,#1976,#1977,#1978,#1979,#1980,
#1981),.UNSPECIFIED.,.F.,.F.,(4,1,1,1,4),(0.000431479261818229,0.00275193861090503,
0.00507239795999184,0.00739285730907864,0.00971331665816544),
 .UNSPECIFIED.);
#1064=B_SPLINE_CURVE_WITH_KNOTS('',3,(#1982,#1983,#1984,#1985),
 .UNSPECIFIED.,.F.,.F.,(4,4),(0.,4.19333442759016E-5),.UNSPECIFIED.);
#1065=B_SPLINE_CURVE_WITH_KNOTS('',3,(#1993,#1994,#1995,#1996,#1997,#1998,
#1999),.UNSPECIFIED.,.F.,.F.,(4,1,1,1,4),(0.00115712380749829,0.00346170990830423,
0.00576629600911018,0.00807088210991613,0.0103754682107221),
 .UNSPECIFIED.);
#1066=B_SPLINE_CURVE_WITH_KNOTS('',3,(#2006,#2007,#2008,#2009),
 .UNSPECIFIED.,.F.,.F.,(4,4),(0.,4.19337723763518E-5),.UNSPECIFIED.);
#1067=B_SPLINE_CURVE_WITH_KNOTS('',3,(#2011,#2012,#2013,#2014,#2015,#2016,
#2017),.UNSPECIFIED.,.F.,.F.,(4,1,1,1,4),(0.00291901677191973,0.00544869122917814,
0.00797836568643656,0.010508040143695,0.0130377146009534),.UNSPECIFIED.);
#1068=B_SPLINE_CURVE_WITH_KNOTS('',3,(#2020,#2021,#2022,#2023,#2024),
 .UNSPECIFIED.,.F.,.F.,(4,1,4),(1.73472347597681E-18,0.0078185945176355,
0.015637189035271),.UNSPECIFIED.);
#1069=B_SPLINE_CURVE_WITH_KNOTS('',3,(#2028,#2029,#2030,#2031,#2032),
 .UNSPECIFIED.,.F.,.F.,(4,1,4),(0.,0.00577093982436852,0.011541879648737),
 .UNSPECIFIED.);
#1070=B_SPLINE_CURVE_WITH_KNOTS('',3,(#2036,#2037,#2038,#2039),
 .UNSPECIFIED.,.F.,.F.,(4,4),(0.,0.0147205598238818),.UNSPECIFIED.);
#1071=B_SPLINE_CURVE_WITH_KNOTS('',3,(#2041,#2042,#2043,#2044),
 .UNSPECIFIED.,.F.,.F.,(4,4),(0.,0.0221491403632585),.UNSPECIFIED.);
#1072=B_SPLINE_CURVE_WITH_KNOTS('',3,(#2048,#2049,#2050,#2051,#2052,#2053,
#2054),.UNSPECIFIED.,.F.,.F.,(4,1,1,1,4),(0.,0.0217799853234249,0.0435599706468498,
0.0653399559702747,0.0871199412936996),.UNSPECIFIED.);
#1073=B_SPLINE_CURVE_WITH_KNOTS('',3,(#2058,#2059,#2060,#2061),
 .UNSPECIFIED.,.F.,.F.,(4,4),(0.,0.0221418225233857),.UNSPECIFIED.);
#1074=B_SPLINE_CURVE_WITH_KNOTS('',3,(#2063,#2064,#2065,#2066,#2067),
 .UNSPECIFIED.,.F.,.F.,(4,1,4),(0.,0.00732360639728444,0.0146472127945689),
 .UNSPECIFIED.);
#1075=B_SPLINE_CURVE_WITH_KNOTS('',3,(#2071,#2072,#2073,#2074),
 .UNSPECIFIED.,.F.,.F.,(4,4),(0.,0.0116120219327983),.UNSPECIFIED.);
#1076=B_SPLINE_CURVE_WITH_KNOTS('',3,(#2078,#2079,#2080,#2081,#2082),
 .UNSPECIFIED.,.F.,.F.,(4,1,4),(0.0147428788157647,0.0226752572633614,0.0306076357109581),
 .UNSPECIFIED.);
#1077=B_SPLINE_CURVE_WITH_KNOTS('',3,(#2084,#2085,#2086,#2087,#2088,#2089,
#2090),.UNSPECIFIED.,.F.,.F.,(4,1,1,1,4),(0.00781850564732559,0.0103459351800916,
0.0128733647128575,0.0154007942456235,0.0179282237783895),.UNSPECIFIED.);
#1078=B_SPLINE_CURVE_WITH_KNOTS('',3,(#2092,#2093,#2094,#2095),
 .UNSPECIFIED.,.F.,.F.,(4,4),(3.54903607588469E-17,0.00599232011714567),
 .UNSPECIFIED.);
#1079=B_SPLINE_CURVE_WITH_KNOTS('',3,(#2097,#2098,#2099,#2100,#2101,#2102,
#2103,#2104),.UNSPECIFIED.,.F.,.F.,(4,1,1,1,1,4),(0.,0.00302130550633195,
0.0060426110126639,0.0120852220253278,0.0181278330379917,0.0241704440506556),
 .UNSPECIFIED.);
#1080=B_SPLINE_CURVE_WITH_KNOTS('',3,(#2106,#2107,#2108,#2109),
 .UNSPECIFIED.,.F.,.F.,(4,4),(0.,1.61457277315026E-7),.UNSPECIFIED.);
#1081=B_SPLINE_CURVE_WITH_KNOTS('',3,(#2111,#2112,#2113,#2114,#2115,#2116,
#2117,#2118),.UNSPECIFIED.,.F.,.F.,(4,1,1,1,1,4),(0.,0.00608192087298572,
0.0121638417459714,0.0182457626189572,0.02128672305545,0.0243276834919429),
 .UNSPECIFIED.);
#1082=B_SPLINE_CURVE_WITH_KNOTS('',3,(#2120,#2121,#2122,#2123),
 .UNSPECIFIED.,.F.,.F.,(4,4),(0.0242735608593332,0.0301884470876294),
 .UNSPECIFIED.);
#1083=B_SPLINE_CURVE_WITH_KNOTS('',3,(#2142,#2143,#2144,#2145,#2146,#2147,
#2148),.UNSPECIFIED.,.F.,.F.,(4,1,1,1,4),(1.62175771319387E-16,0.0021761571730723,
0.00435231434614445,0.00652847151921659,0.00870462869228873),
 .UNSPECIFIED.);
#1084=B_SPLINE_CURVE_WITH_KNOTS('',3,(#2150,#2151,#2152,#2153,#2154),
 .UNSPECIFIED.,.F.,.F.,(4,1,4),(0.0178781420126927,0.0261963485694581,0.0345145551262235),
 .UNSPECIFIED.);
#1085=B_SPLINE_CURVE_WITH_KNOTS('',3,(#2169,#2170,#2171,#2172,#2173,#2174,
#2175),.UNSPECIFIED.,.F.,.F.,(4,1,1,1,4),(0.,0.00203184748070564,0.00406369496141128,
0.00609554244211691,0.00812738992282255),.UNSPECIFIED.);
#1086=B_SPLINE_CURVE_WITH_KNOTS('',3,(#2177,#2178,#2179,#2180,#2181,#2182),
 .UNSPECIFIED.,.F.,.F.,(4,1,1,4),(0.,0.00398710293715111,0.00598065440572666,
0.00797420587430222),.UNSPECIFIED.);
#1087=B_SPLINE_CURVE_WITH_KNOTS('',3,(#2184,#2185,#2186,#2187),
 .UNSPECIFIED.,.F.,.F.,(4,4),(4.08666613454052E-7,0.0064238859163362),
 .UNSPECIFIED.);
#1088=B_SPLINE_CURVE_WITH_KNOTS('',3,(#2206,#2207,#2208,#2209,#2210,#2211,
#2212),.UNSPECIFIED.,.F.,.F.,(4,1,1,1,4),(0.,0.00217026471034081,0.00434052942068161,
0.00651079413102242,0.00868105884136322),.UNSPECIFIED.);
#1089=B_SPLINE_CURVE_WITH_KNOTS('',3,(#2216,#2217,#2218,#2219,#2220),
 .UNSPECIFIED.,.F.,.F.,(4,1,4),(6.57146590784908E-16,0.0082076220328479,
0.0164152440656951),.UNSPECIFIED.);
#1090=B_SPLINE_CURVE_WITH_KNOTS('',3,(#2233,#2234,#2235,#2236,#2237,#2238,
#2239),.UNSPECIFIED.,.F.,.F.,(4,1,1,1,4),(1.39857877853494E-17,0.00203259146807384,
0.00406518293614767,0.0060977744042215,0.00813036587229532),
 .UNSPECIFIED.);
#1091=B_SPLINE_CURVE_WITH_KNOTS('',3,(#2241,#2242,#2243,#2244),
 .UNSPECIFIED.,.F.,.F.,(4,4),(0.0277165112596552,0.034041596822492),
 .UNSPECIFIED.);
#1092=B_SPLINE_CURVE_WITH_KNOTS('',3,(#2246,#2247,#2248,#2249,#2250,#2251),
 .UNSPECIFIED.,.F.,.F.,(4,1,1,4),(8.67361737988404E-19,0.00398710221293794,
0.00598065331940691,0.00797420442587588),.UNSPECIFIED.);
#1093=B_SPLINE_CURVE_WITH_KNOTS('',3,(#2253,#2254,#2255,#2256,#2257,#2258,
#2259,#2260,#2261,#2262),.UNSPECIFIED.,.F.,.F.,(4,1,1,1,1,1,1,4),(0.000269202089097368,
0.00216357268055325,0.00405794327200912,0.005952313863465,0.00784668445492088,
0.00974105504637676,0.0116354256378326,0.0154241668207444),
 .UNSPECIFIED.);
#1094=B_SPLINE_CURVE_WITH_KNOTS('',3,(#2269,#2270,#2271,#2272),
 .UNSPECIFIED.,.F.,.F.,(4,4),(0.,2.87938365148591E-5),.UNSPECIFIED.);
#1095=B_SPLINE_CURVE_WITH_KNOTS('',3,(#2274,#2275,#2276,#2277,#2278,#2279,
#2280,#2281,#2282,#2283),.UNSPECIFIED.,.F.,.F.,(4,1,1,1,1,1,1,4),(0.000972950863110944,
0.00474852259450204,0.00663630846019759,0.00852409432589313,0.0104118801915887,
0.0122996660572842,0.0141874519229798,0.0160752377886753),.UNSPECIFIED.);
#1096=B_SPLINE_CURVE_WITH_KNOTS('',3,(#2284,#2285,#2286,#2287),
 .UNSPECIFIED.,.F.,.F.,(4,4),(0.,2.8794130354978E-5),.UNSPECIFIED.);
#1097=B_SPLINE_CURVE_WITH_KNOTS('',3,(#2305,#2306,#2307,#2308,#2309,#2310,
#2311,#2312),.UNSPECIFIED.,.F.,.F.,(4,1,1,1,1,4),(0.,0.0022193041422737,
0.00443860828454741,0.00887721656909481,0.0133158248536422,0.0177544331381896),
 .UNSPECIFIED.);
#1098=B_SPLINE_CURVE_WITH_KNOTS('',3,(#2314,#2315,#2316,#2317,#2318,#2319,
#2320,#2321),.UNSPECIFIED.,.F.,.F.,(4,1,1,1,1,4),(0.,0.00445081323794101,
0.00890162647588202,0.013352439713823,0.0155778463327935,0.017803252951764),
 .UNSPECIFIED.);
#1099=B_SPLINE_CURVE_WITH_KNOTS('',3,(#2355,#2356,#2357,#2358),
 .UNSPECIFIED.,.F.,.F.,(4,4),(0.173648177666931,0.5),
 .PIECEWISE_BEZIER_KNOTS.);
#1100=B_SPLINE_CURVE_WITH_KNOTS('',3,(#2360,#2361,#2362,#2363),
 .UNSPECIFIED.,.F.,.F.,(4,4),(0.5,0.826351822333318),
 .PIECEWISE_BEZIER_KNOTS.);
#1101=B_SPLINE_CURVE_WITH_KNOTS('',3,(#2372,#2373,#2374,#2375,#2376),
 .UNSPECIFIED.,.F.,.F.,(4,1,4),(0.,0.00735009783618985,0.0147001956723797),
 .UNSPECIFIED.);
#1102=B_SPLINE_CURVE_WITH_KNOTS('',3,(#2379,#2380,#2381,#2382),
 .UNSPECIFIED.,.F.,.F.,(4,4),(0.,0.0222594081036006),.UNSPECIFIED.);
#1103=B_SPLINE_CURVE_WITH_KNOTS('',3,(#2386,#2387,#2388,#2389,#2390,#2391,
#2392),.UNSPECIFIED.,.F.,.F.,(4,1,1,1,4),(0.,0.0219008870444213,0.0438017740888425,
0.0657026611332638,0.087603548177685),.UNSPECIFIED.);
#1104=B_SPLINE_CURVE_WITH_KNOTS('',3,(#2396,#2397,#2398,#2399),
 .UNSPECIFIED.,.F.,.F.,(4,4),(0.,0.0222667132306139),.UNSPECIFIED.);
#1105=B_SPLINE_CURVE_WITH_KNOTS('',3,(#2401,#2402,#2403,#2404),
 .UNSPECIFIED.,.F.,.F.,(4,4),(0.,0.0147736321668143),.UNSPECIFIED.);
#1106=B_SPLINE_CURVE_WITH_KNOTS('',3,(#2408,#2409,#2410,#2411,#2412),
 .UNSPECIFIED.,.F.,.F.,(4,1,4),(0.,0.00579631029756278,0.0115926205951256),
 .UNSPECIFIED.);
#1107=B_SPLINE_CURVE_WITH_KNOTS('',3,(#2415,#2416,#2417,#2418,#2419,#2420,
#2421,#2422),.UNSPECIFIED.,.F.,.F.,(4,1,1,1,1,4),(0.,0.00610327647977329,
0.0122065529595466,0.0183098294393199,0.0213614676792065,0.0244131059190932),
 .UNSPECIFIED.);
#1108=B_SPLINE_CURVE_WITH_KNOTS('',3,(#2424,#2425,#2426,#2427,#2428,#2429,
#2430,#2431),.UNSPECIFIED.,.F.,.F.,(4,1,1,1,1,4),(0.,0.00303417886453725,
0.00606835772907451,0.012136715458149,0.0182050731872235,0.024273430916298),
 .UNSPECIFIED.);
#1109=B_SPLINE_CURVE_WITH_KNOTS('',3,(#2434,#2435,#2436,#2437),
 .UNSPECIFIED.,.F.,.F.,(4,4),(0.,0.0116626753212202),.UNSPECIFIED.);
#1110=B_SPLINE_CURVE_WITH_KNOTS('',3,(#2452,#2453,#2454,#2455,#2456,#2457,
#2458),.UNSPECIFIED.,.F.,.F.,(4,1,1,1,4),(0.,0.00291301515383392,0.00582603030766784,
0.00873904546150176,0.0116520606153357),.UNSPECIFIED.);
#1111=B_SPLINE_CURVE_WITH_KNOTS('',3,(#2460,#2461,#2462,#2463,#2464,#2465,
#2466),.UNSPECIFIED.,.F.,.F.,(4,1,1,1,4),(0.,0.00291704577104488,0.00583409154208976,
0.00875113731313464,0.0116681830841795),.UNSPECIFIED.);
#1112=B_SPLINE_CURVE_WITH_KNOTS('',3,(#2470,#2471,#2472,#2473),
 .UNSPECIFIED.,.F.,.F.,(4,4),(0.,1.27076463842665E-5),.UNSPECIFIED.);
#1113=B_SPLINE_CURVE_WITH_KNOTS('',3,(#2492,#2493,#2494,#2495,#2496,#2497,
#2498),.UNSPECIFIED.,.F.,.F.,(4,1,1,1,4),(0.,0.00281433377795512,0.00562866755591023,
0.00844300133386535,0.0112573351118205),.UNSPECIFIED.);
#1114=B_SPLINE_CURVE_WITH_KNOTS('',3,(#2500,#2501,#2502,#2503),
 .UNSPECIFIED.,.F.,.F.,(4,4),(0.,0.0241875064119547),.UNSPECIFIED.);
#1115=B_SPLINE_CURVE_WITH_KNOTS('',3,(#2505,#2506,#2507,#2508),
 .UNSPECIFIED.,.F.,.F.,(4,4),(0.,9.57214830908889E-5),.UNSPECIFIED.);
#1116=B_SPLINE_CURVE_WITH_KNOTS('',3,(#2529,#2530,#2531,#2532),
 .UNSPECIFIED.,.F.,.F.,(4,4),(0.,0.0181268376337385),.UNSPECIFIED.);
#1117=B_SPLINE_CURVE_WITH_KNOTS('',3,(#2550,#2551,#2552,#2553,#2554),
 .UNSPECIFIED.,.F.,.F.,(4,1,4),(0.,0.00797060027884133,0.0159412005576827),
 .UNSPECIFIED.);
#1118=B_SPLINE_CURVE_WITH_KNOTS('',3,(#2556,#2557,#2558,#2559,#2560,#2561,
#2562),.UNSPECIFIED.,.F.,.F.,(4,1,1,1,4),(0.,0.00287576023743221,0.00575152047486441,
0.00862728071229662,0.0115030409497288),.UNSPECIFIED.);
#1119=B_SPLINE_CURVE_WITH_KNOTS('',3,(#2564,#2565,#2566,#2567),
 .UNSPECIFIED.,.F.,.F.,(4,4),(0.,0.00025674734131419),.UNSPECIFIED.);
#1120=B_SPLINE_CURVE_WITH_KNOTS('',3,(#2603,#2604,#2605,#2606,#2607,#2608,
#2609,#2610,#2611),.UNSPECIFIED.,.F.,.F.,(4,1,1,1,1,1,4),(-5.99999999973216E-8,
0.0022221319149708,0.00444432382994161,0.00666651574491241,0.00888870765988321,
0.0133330914898248,0.0177774753197664),.UNSPECIFIED.);
#1121=B_SPLINE_CURVE_WITH_KNOTS('',3,(#2647,#2648,#2649,#2650,#2651,#2652,
#2653,#2654),.UNSPECIFIED.,.F.,.F.,(4,1,1,1,1,4),(0.,0.0044570740090544,
0.00891414801810879,0.0133712220271632,0.0155997590316904,0.0178282960362176),
 .UNSPECIFIED.);
#1122=B_SPLINE_CURVE_WITH_KNOTS('',3,(#2658,#2659,#2660,#2661),
 .UNSPECIFIED.,.F.,.F.,(4,4),(0.,0.000256746618017567),.UNSPECIFIED.);
#1123=B_SPLINE_CURVE_WITH_KNOTS('',3,(#2663,#2664,#2665,#2666,#2667,#2668,
#2669),.UNSPECIFIED.,.F.,.F.,(4,1,1,1,4),(0.,0.00287576041677254,0.00575152083354507,
0.00862728125031761,0.0115030416670901),.UNSPECIFIED.);
#1124=B_SPLINE_CURVE_WITH_KNOTS('',3,(#2685,#2686,#2687,#2688),
 .UNSPECIFIED.,.F.,.F.,(4,4),(0.,0.0159229596566273),.UNSPECIFIED.);
#1125=B_SPLINE_CURVE_WITH_KNOTS('',3,(#2706,#2707,#2708,#2709,#2710,#2711,
#2712),.UNSPECIFIED.,.F.,.F.,(4,1,1,1,4),(0.,0.00281433410960866,0.00562866821921732,
0.00844300232882598,0.0112573364384346),.UNSPECIFIED.);
#1126=B_SPLINE_CURVE_WITH_KNOTS('',3,(#2716,#2717,#2718,#2719,#2720),
 .UNSPECIFIED.,.F.,.F.,(4,1,4),(0.,0.00906474239030228,0.0181294847806046),
 .UNSPECIFIED.);
#1127=B_SPLINE_CURVE_WITH_KNOTS('',3,(#2739,#2740,#2741,#2742,#2743,#2744,
#2745),.UNSPECIFIED.,.F.,.F.,(4,1,1,1,4),(0.,0.00291301522115025,0.0058260304423005,
0.00873904566345075,0.011652060884601),.UNSPECIFIED.);
#1128=B_SPLINE_CURVE_WITH_KNOTS('',3,(#2747,#2748,#2749,#2750),
 .UNSPECIFIED.,.F.,.F.,(4,4),(0.,9.5721207232774E-5),.UNSPECIFIED.);
#1129=B_SPLINE_CURVE_WITH_KNOTS('',3,(#2752,#2753,#2754,#2755),
 .UNSPECIFIED.,.F.,.F.,(4,4),(0.,0.0241983160130101),.UNSPECIFIED.);
#1130=B_SPLINE_CURVE_WITH_KNOTS('',3,(#2768,#2769,#2770,#2771,#2772,#2773,
#2774),.UNSPECIFIED.,.F.,.F.,(4,1,1,1,4),(0.,0.0029170458256206,0.0058340916512412,
0.0087511374768618,0.0116681833024824),.UNSPECIFIED.);
#1131=B_SPLINE_CURVE_WITH_KNOTS('',3,(#2776,#2777,#2778,#2779),
 .UNSPECIFIED.,.F.,.F.,(4,4),(0.,1.2707593311504E-5),.UNSPECIFIED.);
#1132=B_SPLINE_CURVE_WITH_KNOTS('',3,(#2809,#2810,#2811,#2812),
 .UNSPECIFIED.,.F.,.F.,(4,4),(0.,7.01066342489614E-6),.UNSPECIFIED.);
#1133=B_SPLINE_CURVE_WITH_KNOTS('',3,(#2814,#2815,#2816,#2817),
 .UNSPECIFIED.,.F.,.F.,(4,4),(0.,0.0870916625028925),.UNSPECIFIED.);
#1134=B_SPLINE_CURVE_WITH_KNOTS('',3,(#2819,#2820,#2821,#2822),
 .UNSPECIFIED.,.F.,.F.,(4,4),(0.,7.01069472860054E-6),.UNSPECIFIED.);
#1135=B_SPLINE_CURVE_WITH_KNOTS('',3,(#2838,#2839,#2840,#2841,#2842,#2843,
#2844),.UNSPECIFIED.,.F.,.F.,(4,1,1,1,4),(0.,0.00379825067341889,0.00759650134683778,
0.0113947520202567,0.0151930026936756),.UNSPECIFIED.);
#1136=B_SPLINE_CURVE_WITH_KNOTS('',3,(#2847,#2848,#2849,#2850),
 .UNSPECIFIED.,.F.,.F.,(4,4),(0.,0.000290249725454106),.UNSPECIFIED.);
#1137=B_SPLINE_CURVE_WITH_KNOTS('',3,(#2851,#2852,#2853,#2854,#2855),
 .UNSPECIFIED.,.F.,.F.,(4,1,4),(0.,0.00658210540753471,0.0131642108150694),
 .UNSPECIFIED.);
#1138=B_SPLINE_CURVE_WITH_KNOTS('',3,(#2857,#2858,#2859,#2860),
 .UNSPECIFIED.,.F.,.F.,(4,4),(0.,0.000223228688684359),.UNSPECIFIED.);
#1139=B_SPLINE_CURVE_WITH_KNOTS('',3,(#2878,#2879,#2880,#2881,#2882,#2883,
#2884),.UNSPECIFIED.,.F.,.F.,(4,1,1,1,4),(0.,0.0036277367444993,0.0072554734889986,
0.0108832102334979,0.0145109469779972),.UNSPECIFIED.);
#1140=B_SPLINE_CURVE_WITH_KNOTS('',3,(#2886,#2887,#2888,#2889,#2890),
 .UNSPECIFIED.,.F.,.F.,(4,1,4),(0.,0.00623158663760752,0.012463173275215),
 .UNSPECIFIED.);
#1141=B_SPLINE_CURVE_WITH_KNOTS('',3,(#2906,#2907,#2908,#2909,#2910),
 .UNSPECIFIED.,.F.,.F.,(4,1,4),(0.,0.00630172396992233,0.0126034479398447),
 .UNSPECIFIED.);
#1142=B_SPLINE_CURVE_WITH_KNOTS('',3,(#2912,#2913,#2914,#2915,#2916,#2917,
#2918),.UNSPECIFIED.,.F.,.F.,(4,1,1,1,4),(0.,0.00362776045839484,0.00725552091678967,
0.0108832813751845,0.0145110418335793),.UNSPECIFIED.);
#1143=B_SPLINE_CURVE_WITH_KNOTS('',3,(#2920,#2921,#2922,#2923),
 .UNSPECIFIED.,.F.,.F.,(4,4),(0.,0.00022323315281414),.UNSPECIFIED.);
#1144=B_SPLINE_CURVE_WITH_KNOTS('',3,(#2927,#2928,#2929,#2930),
 .UNSPECIFIED.,.F.,.F.,(4,4),(0.,0.000290254706666552),.UNSPECIFIED.);
#1145=B_SPLINE_CURVE_WITH_KNOTS('',3,(#2946,#2947,#2948,#2949,#2950),
 .UNSPECIFIED.,.F.,.F.,(4,1,4),(0.,0.00654638661573313,0.0130927732314663),
 .UNSPECIFIED.);
#1146=B_SPLINE_CURVE_WITH_KNOTS('',3,(#2952,#2953,#2954,#2955,#2956,#2957,
#2958),.UNSPECIFIED.,.F.,.F.,(4,1,1,1,4),(0.,0.00379828076259245,0.0075965615251849,
0.0113948422877774,0.0151931230503698),.UNSPECIFIED.);
#1147=B_SPLINE_CURVE_WITH_KNOTS('',3,(#2967,#2968,#2969,#2970),
 .UNSPECIFIED.,.F.,.F.,(4,4),(0.,0.00877936264493496),.UNSPECIFIED.);
#1148=B_SPLINE_CURVE_WITH_KNOTS('',3,(#2971,#2972,#2973,#2974),
 .UNSPECIFIED.,.F.,.F.,(4,4),(0.,0.00811161320410594),.UNSPECIFIED.);
#1149=B_SPLINE_CURVE_WITH_KNOTS('',3,(#3015,#3016,#3017,#3018),
 .UNSPECIFIED.,.F.,.F.,(4,4),(0.,0.00877908446653606),.UNSPECIFIED.);
#1150=B_SPLINE_CURVE_WITH_KNOTS('',3,(#3019,#3020,#3021,#3022),
 .UNSPECIFIED.,.F.,.F.,(4,4),(0.,0.00811138845081048),.UNSPECIFIED.);
#1151=B_SPLINE_CURVE_WITH_KNOTS('',3,(#3041,#3042,#3043,#3044,#3045,#3046),
 .UNSPECIFIED.,.F.,.F.,(4,1,1,4),(0.,0.0038840138656865,0.00582602079852975,
0.007768027731373),.UNSPECIFIED.);
#1152=B_SPLINE_CURVE_WITH_KNOTS('',3,(#3048,#3049,#3050,#3051),
 .UNSPECIFIED.,.F.,.F.,(4,4),(0.,8.58335762855836E-6),.UNSPECIFIED.);
#1153=B_SPLINE_CURVE_WITH_KNOTS('',3,(#3055,#3056,#3057,#3058,#3059,#3060),
 .UNSPECIFIED.,.F.,.F.,(4,1,1,4),(1.38777878078145E-17,0.00388946363901154,
0.00583419545851731,0.00777892727802307),.UNSPECIFIED.);
#1154=B_SPLINE_CURVE_WITH_KNOTS('',3,(#3079,#3080,#3081,#3082,#3083),
 .UNSPECIFIED.,.F.,.F.,(4,1,4),(0.,0.0037516160404033,0.0075032320808066),
 .UNSPECIFIED.);
#1155=B_SPLINE_CURVE_WITH_KNOTS('',3,(#3085,#3086,#3087,#3088),
 .UNSPECIFIED.,.F.,.F.,(4,4),(0.,6.65946262768013E-5),.UNSPECIFIED.);
#1156=B_SPLINE_CURVE_WITH_KNOTS('',3,(#3090,#3091,#3092,#3093),
 .UNSPECIFIED.,.F.,.F.,(4,4),(0.,0.0234291005127791),.UNSPECIFIED.);
#1157=B_SPLINE_CURVE_WITH_KNOTS('',3,(#3111,#3112,#3113,#3114),
 .UNSPECIFIED.,.F.,.F.,(4,4),(0.,0.0169616908756079),.UNSPECIFIED.);
#1158=B_SPLINE_CURVE_WITH_KNOTS('',3,(#3132,#3133,#3134,#3135,#3136,#3137),
 .UNSPECIFIED.,.F.,.F.,(4,1,1,4),(1.4304896245382E-17,0.00383147482024227,
0.0057472122303634,0.00766294964048453),.UNSPECIFIED.);
#1159=B_SPLINE_CURVE_WITH_KNOTS('',3,(#3139,#3140,#3141,#3142,#3143),
 .UNSPECIFIED.,.F.,.F.,(4,1,4),(1.37820801851899E-5,0.00724632599243406,
0.0144788699046829),.UNSPECIFIED.);
#1160=B_SPLINE_CURVE_WITH_KNOTS('',3,(#3145,#3146,#3147,#3148),
 .UNSPECIFIED.,.F.,.F.,(4,4),(0.,0.00017784558104952),.UNSPECIFIED.);
#1161=B_SPLINE_CURVE_WITH_KNOTS('',3,(#3183,#3184,#3185,#3186,#3187,#3188,
#3189,#3190,#3191),.UNSPECIFIED.,.F.,.F.,(4,1,1,1,1,1,4),(-5.99999999966746E-8,
0.0024822581367096,0.00496457627341919,0.00744689441012878,0.00992921254683837,
0.0148938488202576,0.0198584850936767),.UNSPECIFIED.);
#1162=B_SPLINE_CURVE_WITH_KNOTS('',3,(#3225,#3226,#3227,#3228,#3229,#3230,
#3231),.UNSPECIFIED.,.F.,.F.,(4,1,1,1,4),(-5.99999999849617E-8,0.00498317210971578,
0.00996640421943154,0.0149496363291473,0.0199328684388631),
 .UNSPECIFIED.);
#1163=B_SPLINE_CURVE_WITH_KNOTS('',3,(#3233,#3234,#3235,#3236),
 .UNSPECIFIED.,.F.,.F.,(4,4),(0.,9.53485263957849E-8),.UNSPECIFIED.);
#1164=B_SPLINE_CURVE_WITH_KNOTS('',3,(#3240,#3241,#3242,#3243,#3244,#3245),
 .UNSPECIFIED.,.F.,.F.,(4,1,1,4),(0.,0.00383147506845091,0.00574721260267637,
0.00766295013690183),.UNSPECIFIED.);
#1165=B_SPLINE_CURVE_WITH_KNOTS('',3,(#3247,#3248,#3249,#3250),
 .UNSPECIFIED.,.F.,.F.,(4,4),(0.,0.000177845080547392),.UNSPECIFIED.);
#1166=B_SPLINE_CURVE_WITH_KNOTS('',3,(#3268,#3269,#3270,#3271),
 .UNSPECIFIED.,.F.,.F.,(4,4),(0.,0.0144426007450095),.UNSPECIFIED.);
#1167=B_SPLINE_CURVE_WITH_KNOTS('',3,(#3287,#3288,#3289,#3290,#3291),
 .UNSPECIFIED.,.F.,.F.,(4,1,4),(0.,0.0037516164851869,0.0075032329703738),
 .UNSPECIFIED.);
#1168=B_SPLINE_CURVE_WITH_KNOTS('',3,(#3293,#3294,#3295,#3296,#3297),
 .UNSPECIFIED.,.F.,.F.,(4,1,4),(4.69832769103028E-6,0.00848769202254072,
0.0169706857173904),.UNSPECIFIED.);
#1169=B_SPLINE_CURVE_WITH_KNOTS('',3,(#3318,#3319,#3320,#3321,#3322,#3323),
 .UNSPECIFIED.,.F.,.F.,(4,1,1,4),(0.,0.00388401395567289,0.00582602093350934,
0.00776802791134578),.UNSPECIFIED.);
#1170=B_SPLINE_CURVE_WITH_KNOTS('',3,(#3325,#3326,#3327,#3328),
 .UNSPECIFIED.,.F.,.F.,(4,4),(4.4347119380726E-7,0.0234391964345834),
 .UNSPECIFIED.);
#1171=B_SPLINE_CURVE_WITH_KNOTS('',3,(#3330,#3331,#3332,#3333),
 .UNSPECIFIED.,.F.,.F.,(4,4),(0.,6.6594434528984E-5),.UNSPECIFIED.);
#1172=B_SPLINE_CURVE_WITH_KNOTS('',3,(#3346,#3347,#3348,#3349,#3350,#3351),
 .UNSPECIFIED.,.F.,.F.,(4,1,1,4),(1.96751599439962E-16,0.00388946371122589,
0.00583419556683873,0.00777892742245157),.UNSPECIFIED.);
#1173=B_SPLINE_CURVE_WITH_KNOTS('',3,(#3355,#3356,#3357,#3358),
 .UNSPECIFIED.,.F.,.F.,(4,4),(0.,8.58332178960878E-6),.UNSPECIFIED.);
#1174=B_SPLINE_CURVE_WITH_KNOTS('',3,(#3386,#3387,#3388,#3389),
 .UNSPECIFIED.,.F.,.F.,(4,4),(1.38777878078145E-17,4.68158348445956E-6),
 .UNSPECIFIED.);
#1175=B_SPLINE_CURVE_WITH_KNOTS('',3,(#3391,#3392,#3393,#3394),
 .UNSPECIFIED.,.F.,.F.,(4,4),(0.,0.0867786446257006),.UNSPECIFIED.);
#1176=B_SPLINE_CURVE_WITH_KNOTS('',3,(#3396,#3397,#3398,#3399),
 .UNSPECIFIED.,.F.,.F.,(4,4),(0.,4.68156258265696E-6),.UNSPECIFIED.);
#1177=B_SPLINE_CURVE_WITH_KNOTS('',3,(#3415,#3416,#3417,#3418,#3419,#3420,
#3421),.UNSPECIFIED.,.F.,.F.,(4,1,1,1,4),(6.6786628535964E-16,0.00285357446590888,
0.0057071489318171,0.00856072339772531,0.0114142978636335),
 .UNSPECIFIED.);
#1178=B_SPLINE_CURVE_WITH_KNOTS('',3,(#3424,#3425,#3426,#3427),
 .UNSPECIFIED.,.F.,.F.,(4,4),(2.4980018054066E-16,0.010580053521249),
 .UNSPECIFIED.);
#1179=B_SPLINE_CURVE_WITH_KNOTS('',3,(#3428,#3429,#3430,#3431),
 .UNSPECIFIED.,.F.,.F.,(4,4),(0.,0.00030981216002492),.UNSPECIFIED.);
#1180=B_SPLINE_CURVE_WITH_KNOTS('',3,(#3433,#3434,#3435,#3436),
 .UNSPECIFIED.,.F.,.F.,(4,4),(0.,0.000248132462255287),.UNSPECIFIED.);
#1181=B_SPLINE_CURVE_WITH_KNOTS('',3,(#3454,#3455,#3456,#3457,#3458),
 .UNSPECIFIED.,.F.,.F.,(4,1,4),(0.,0.00539659832200063,0.0107931966440013),
 .UNSPECIFIED.);
#1182=B_SPLINE_CURVE_WITH_KNOTS('',3,(#3460,#3461,#3462,#3463,#3464),
 .UNSPECIFIED.,.F.,.F.,(4,1,4),(3.46944695195361E-18,0.00489864422877293,
0.00979728845754585),.UNSPECIFIED.);
#1183=B_SPLINE_CURVE_WITH_KNOTS('',3,(#3480,#3481,#3482,#3483,#3484),
 .UNSPECIFIED.,.F.,.F.,(4,1,4),(0.,0.00496483815273298,0.00992967630546595),
 .UNSPECIFIED.);
#1184=B_SPLINE_CURVE_WITH_KNOTS('',3,(#3486,#3487,#3488,#3489),
 .UNSPECIFIED.,.F.,.F.,(4,4),(0.,0.000248136532319387),.UNSPECIFIED.);
#1185=B_SPLINE_CURVE_WITH_KNOTS('',3,(#3491,#3492,#3493,#3494,#3495),
 .UNSPECIFIED.,.F.,.F.,(4,1,4),(0.,0.00539663642542109,0.0107932728508422),
 .UNSPECIFIED.);
#1186=B_SPLINE_CURVE_WITH_KNOTS('',3,(#3497,#3498,#3499,#3500),
 .UNSPECIFIED.,.F.,.F.,(4,4),(0.,0.000309816869938077),.UNSPECIFIED.);
#1187=B_SPLINE_CURVE_WITH_KNOTS('',3,(#3518,#3519,#3520,#3521),
 .UNSPECIFIED.,.F.,.F.,(4,4),(0.,0.0105042152355979),.UNSPECIFIED.);
#1188=B_SPLINE_CURVE_WITH_KNOTS('',3,(#3523,#3524,#3525,#3526,#3527,#3528,
#3529),.UNSPECIFIED.,.F.,.F.,(4,1,1,1,4),(2.1457344368073E-17,0.00285359806156748,
0.00570719612313493,0.00856079418470239,0.0114143922462698),
 .UNSPECIFIED.);
#1189=B_SPLINE_CURVE_WITH_KNOTS('',3,(#3538,#3539,#3540,#3541),
 .UNSPECIFIED.,.F.,.F.,(4,4),(0.0135144085604153,0.0215486912747688),
 .UNSPECIFIED.);
#1190=B_SPLINE_CURVE_WITH_KNOTS('',3,(#3542,#3543,#3544,#3545),
 .UNSPECIFIED.,.F.,.F.,(4,4),(0.0115813982143993,0.0204640022033248),
 .UNSPECIFIED.);
#1191=B_SPLINE_CURVE_WITH_KNOTS('',3,(#3570,#3571,#3572,#3573),
 .UNSPECIFIED.,.F.,.F.,(4,4),(0.0115613280315993,0.0204228849158137),
 .UNSPECIFIED.);
#1192=B_SPLINE_CURVE_WITH_KNOTS('',3,(#3574,#3575,#3576,#3577),
 .UNSPECIFIED.,.F.,.F.,(4,4),(0.013514255918489,0.0215481669545794),
 .UNSPECIFIED.);
#1193=EDGE_LOOP('',(#199,#200,#201,#202,#203,#204));
#1194=EDGE_LOOP('',(#205,#206,#207,#208,#209,#210));
#1195=EDGE_LOOP('',(#211,#212,#213,#214,#215,#216,#217));
#1196=EDGE_LOOP('',(#218,#219,#220,#221,#222,#223,#224));
#1197=EDGE_LOOP('',(#225,#226,#227,#228,#229,#230,#231,#232,#233,#234,#235,
#236,#237,#238,#239,#240,#241,#242,#243,#244,#245,#246));
#1198=EDGE_LOOP('',(#247,#248,#249,#250));
#1199=EDGE_LOOP('',(#251,#252,#253,#254));
#1200=EDGE_LOOP('',(#255,#256,#257,#258));
#1201=EDGE_LOOP('',(#259,#260,#261,#262));
#1202=EDGE_LOOP('',(#263,#264,#265,#266,#267,#268,#269));
#1203=EDGE_LOOP('',(#270,#271,#272,#273,#274,#275,#276));
#1204=EDGE_LOOP('',(#277,#278,#279,#280,#281,#282,#283,#284,#285,#286,#287,
#288,#289,#290,#291,#292,#293));
#1205=EDGE_LOOP('',(#294,#295,#296,#297,#298,#299,#300,#301,#302,#303,#304,
#305,#306,#307,#308,#309,#310));
#1206=EDGE_LOOP('',(#311,#312,#313,#314,#315,#316,#317,#318,#319,#320,#321,
#322,#323,#324,#325,#326,#327));
#1207=EDGE_LOOP('',(#328,#329,#330,#331,#332));
#1208=EDGE_LOOP('',(#333,#334,#335,#336,#337));
#1209=EDGE_LOOP('',(#338,#339,#340,#341));
#1210=EDGE_LOOP('',(#342,#343,#344,#345));
#1211=EDGE_LOOP('',(#346,#347,#348,#349,#350));
#1212=EDGE_LOOP('',(#351,#352,#353,#354,#355));
#1213=EDGE_LOOP('',(#356,#357,#358,#359,#360));
#1214=EDGE_LOOP('',(#361,#362,#363,#364,#365));
#1215=EDGE_LOOP('',(#366,#367,#368,#369));
#1216=EDGE_LOOP('',(#370,#371,#372,#373));
#1217=EDGE_LOOP('',(#374,#375,#376,#377,#378));
#1218=EDGE_LOOP('',(#379,#380,#381,#382,#383));
#1219=EDGE_LOOP('',(#384,#385,#386,#387,#388,#389));
#1220=EDGE_LOOP('',(#390,#391,#392,#393));
#1221=EDGE_LOOP('',(#394,#395,#396,#397));
#1222=EDGE_LOOP('',(#398,#399,#400,#401));
#1223=EDGE_LOOP('',(#402,#403,#404,#405));
#1224=EDGE_LOOP('',(#406,#407,#408,#409));
#1225=EDGE_LOOP('',(#410,#411,#412,#413));
#1226=EDGE_LOOP('',(#414,#415,#416,#417));
#1227=EDGE_LOOP('',(#418,#419,#420,#421,#422));
#1228=EDGE_LOOP('',(#423,#424,#425,#426,#427));
#1229=EDGE_LOOP('',(#428,#429,#430,#431,#432,#433));
#1230=EDGE_LOOP('',(#434,#435,#436,#437,#438,#439));
#1231=EDGE_LOOP('',(#440,#441,#442,#443,#444,#445));
#1232=EDGE_LOOP('',(#446,#447,#448,#449));
#1233=EDGE_LOOP('',(#450,#451,#452,#453));
#1234=EDGE_LOOP('',(#454,#455,#456,#457));
#1235=EDGE_LOOP('',(#458,#459,#460,#461));
#1236=EDGE_LOOP('',(#462,#463,#464,#465,#466,#467));
#1237=EDGE_LOOP('',(#468,#469,#470,#471,#472,#473));
#1238=EDGE_LOOP('',(#474,#475,#476,#477,#478,#479));
#1239=EDGE_LOOP('',(#480,#481,#482,#483,#484));
#1240=EDGE_LOOP('',(#485,#486,#487,#488,#489));
#1241=EDGE_LOOP('',(#490,#491,#492,#493,#494));
#1242=EDGE_LOOP('',(#495,#496,#497,#498,#499));
#1243=EDGE_LOOP('',(#500,#501,#502,#503));
#1244=EDGE_LOOP('',(#504,#505,#506,#507));
#1245=EDGE_LOOP('',(#508,#509,#510,#511,#512));
#1246=EDGE_LOOP('',(#513,#514,#515,#516,#517));
#1247=EDGE_LOOP('',(#518,#519,#520,#521,#522,#523,#524));
#1248=EDGE_LOOP('',(#525,#526,#527,#528,#529));
#1249=EDGE_LOOP('',(#530,#531,#532,#533));
#1250=EDGE_LOOP('',(#534,#535,#536,#537));
#1251=EDGE_LOOP('',(#538,#539,#540,#541,#542));
#1252=EDGE_LOOP('',(#543,#544,#545,#546,#547));
#1253=EDGE_LOOP('',(#548,#549,#550,#551,#552,#553));
#1254=EDGE_LOOP('',(#554,#555,#556,#557));
#1255=EDGE_LOOP('',(#558,#559,#560,#561));
#1256=EDGE_LOOP('',(#562,#563,#564,#565));
#1257=EDGE_LOOP('',(#566,#567,#568,#569));
#1258=EDGE_LOOP('',(#570,#571,#572,#573));
#1259=EDGE_LOOP('',(#574,#575,#576,#577));
#1260=EDGE_LOOP('',(#578,#579,#580,#581));
#1261=EDGE_LOOP('',(#582,#583,#584,#585,#586));
#1262=EDGE_LOOP('',(#587,#588,#589,#590,#591));
#1263=EDGE_LOOP('',(#592,#593,#594,#595,#596,#597));
#1264=EDGE_LOOP('',(#598,#599,#600,#601,#602,#603));
#1265=EDGE_LOOP('',(#604,#605,#606,#607,#608,#609));
#1266=EDGE_LOOP('',(#610,#611,#612,#613));
#1267=EDGE_LOOP('',(#614,#615,#616,#617,#618));
#1268=EDGE_LOOP('',(#619,#620,#621,#622));
#1269=EDGE_LOOP('',(#623,#624,#625,#626));
#1270=EDGE_LOOP('',(#627,#628,#629,#630,#631,#632));
#1271=EDGE_LOOP('',(#633,#634,#635,#636,#637,#638));
#1272=EDGE_LOOP('',(#639,#640,#641,#642,#643,#644));
#1273=EDGE_LOOP('',(#645,#646,#647,#648,#649));
#1274=EDGE_LOOP('',(#650,#651,#652,#653,#654));
#1275=EDGE_LOOP('',(#655,#656));
#1276=EDGE_LOOP('',(#657,#658,#659,#660));
#1277=EDGE_LOOP('',(#661,#662));
#1278=EDGE_LOOP('',(#663,#664,#665,#666));
#1279=FACE_BOUND('',#1193,.T.);
#1280=FACE_BOUND('',#1194,.T.);
#1281=FACE_BOUND('',#1195,.T.);
#1282=FACE_BOUND('',#1196,.T.);
#1283=FACE_BOUND('',#1197,.T.);
#1284=FACE_BOUND('',#1198,.T.);
#1285=FACE_BOUND('',#1199,.T.);
#1286=FACE_BOUND('',#1200,.T.);
#1287=FACE_BOUND('',#1201,.T.);
#1288=FACE_BOUND('',#1202,.T.);
#1289=FACE_BOUND('',#1203,.T.);
#1290=FACE_BOUND('',#1204,.T.);
#1291=FACE_BOUND('',#1205,.T.);
#1292=FACE_BOUND('',#1206,.T.);
#1293=FACE_BOUND('',#1207,.T.);
#1294=FACE_BOUND('',#1208,.T.);
#1295=FACE_BOUND('',#1209,.T.);
#1296=FACE_BOUND('',#1210,.T.);
#1297=FACE_BOUND('',#1211,.T.);
#1298=FACE_BOUND('',#1212,.T.);
#1299=FACE_BOUND('',#1213,.T.);
#1300=FACE_BOUND('',#1214,.T.);
#1301=FACE_BOUND('',#1215,.T.);
#1302=FACE_BOUND('',#1216,.T.);
#1303=FACE_BOUND('',#1217,.T.);
#1304=FACE_BOUND('',#1218,.T.);
#1305=FACE_BOUND('',#1219,.T.);
#1306=FACE_BOUND('',#1220,.T.);
#1307=FACE_BOUND('',#1221,.T.);
#1308=FACE_BOUND('',#1222,.T.);
#1309=FACE_BOUND('',#1223,.T.);
#1310=FACE_BOUND('',#1224,.T.);
#1311=FACE_BOUND('',#1225,.T.);
#1312=FACE_BOUND('',#1226,.T.);
#1313=FACE_BOUND('',#1227,.T.);
#1314=FACE_BOUND('',#1228,.T.);
#1315=FACE_BOUND('',#1229,.T.);
#1316=FACE_BOUND('',#1230,.T.);
#1317=FACE_BOUND('',#1231,.T.);
#1318=FACE_BOUND('',#1232,.T.);
#1319=FACE_BOUND('',#1233,.T.);
#1320=FACE_BOUND('',#1234,.T.);
#1321=FACE_BOUND('',#1235,.T.);
#1322=FACE_BOUND('',#1236,.T.);
#1323=FACE_BOUND('',#1237,.T.);
#1324=FACE_BOUND('',#1238,.T.);
#1325=FACE_BOUND('',#1239,.T.);
#1326=FACE_BOUND('',#1240,.T.);
#1327=FACE_BOUND('',#1241,.T.);
#1328=FACE_BOUND('',#1242,.T.);
#1329=FACE_BOUND('',#1243,.T.);
#1330=FACE_BOUND('',#1244,.T.);
#1331=FACE_BOUND('',#1245,.T.);
#1332=FACE_BOUND('',#1246,.T.);
#1333=FACE_BOUND('',#1247,.T.);
#1334=FACE_BOUND('',#1248,.T.);
#1335=FACE_BOUND('',#1249,.T.);
#1336=FACE_BOUND('',#1250,.T.);
#1337=FACE_BOUND('',#1251,.T.);
#1338=FACE_BOUND('',#1252,.T.);
#1339=FACE_BOUND('',#1253,.T.);
#1340=FACE_BOUND('',#1254,.T.);
#1341=FACE_BOUND('',#1255,.T.);
#1342=FACE_BOUND('',#1256,.T.);
#1343=FACE_BOUND('',#1257,.T.);
#1344=FACE_BOUND('',#1258,.T.);
#1345=FACE_BOUND('',#1259,.T.);
#1346=FACE_BOUND('',#1260,.T.);
#1347=FACE_BOUND('',#1261,.T.);
#1348=FACE_BOUND('',#1262,.T.);
#1349=FACE_BOUND('',#1263,.T.);
#1350=FACE_BOUND('',#1264,.T.);
#1351=FACE_BOUND('',#1265,.T.);
#1352=FACE_BOUND('',#1266,.T.);
#1353=FACE_BOUND('',#1267,.T.);
#1354=FACE_BOUND('',#1268,.T.);
#1355=FACE_BOUND('',#1269,.T.);
#1356=FACE_BOUND('',#1270,.T.);
#1357=FACE_BOUND('',#1271,.T.);
#1358=FACE_BOUND('',#1272,.T.);
#1359=FACE_BOUND('',#1273,.T.);
#1360=FACE_BOUND('',#1274,.T.);
#1361=FACE_BOUND('',#1275,.T.);
#1362=FACE_BOUND('',#1276,.T.);
#1363=FACE_BOUND('',#1277,.T.);
#1364=FACE_BOUND('',#1278,.T.);
#1365=(
BOUNDED_SURFACE()
B_SPLINE_SURFACE(3,2,((#1819,#1820,#1821),(#1822,#1823,#1824),(#1825,#1826,
#1827),(#1828,#1829,#1830),(#1831,#1832,#1833),(#1834,#1835,#1836),(#1837,
#1838,#1839),(#1840,#1841,#1842),(#1843,#1844,#1845)),.UNSPECIFIED.,.F.,
 .F.,.F.)
B_SPLINE_SURFACE_WITH_KNOTS((4,1,1,1,1,1,4),(3,3),(0.134620806194849,0.142322396859248,
0.146173192191447,0.150023987523646,0.157725578188045,0.161576373520244,
0.165427168852443),(0.,1.),.UNSPECIFIED.)
GEOMETRIC_REPRESENTATION_ITEM()
RATIONAL_B_SPLINE_SURFACE(((1.,0.707106781186547,1.),(1.,0.704807233949425,
1.),(1.,0.701971795420259,1.),(1.,0.699345902363093,1.),(1.,0.697460665478589,
1.),(1.,0.696699641140477,1.),(1.,0.696781018018379,1.),(1.,0.697061262482063,
1.),(1.,0.697244424236402,1.)))
REPRESENTATION_ITEM('')
SURFACE()
);
#1366=(
BOUNDED_SURFACE()
B_SPLINE_SURFACE(3,2,((#1896,#1897,#1898),(#1899,#1900,#1901),(#1902,#1903,
#1904),(#1905,#1906,#1907),(#1908,#1909,#1910),(#1911,#1912,#1913),(#1914,
#1915,#1916),(#1917,#1918,#1919),(#1920,#1921,#1922)),.UNSPECIFIED.,.F.,
 .F.,.F.)
B_SPLINE_SURFACE_WITH_KNOTS((4,1,1,1,1,1,4),(3,3),(0.134620801450517,0.142322391898409,
0.146173187122355,0.150023982346301,0.157725572794193,0.161576368018139,
0.165427163242085),(0.,1.),.UNSPECIFIED.)
GEOMETRIC_REPRESENTATION_ITEM()
RATIONAL_B_SPLINE_SURFACE(((1.,0.707106781186547,1.),(1.,0.704807243431848,
1.),(1.,0.70197181909704,1.),(1.,0.699345944699022,1.),(1.,0.697460726333939,
1.),(1.,0.696699719201858,1.),(1.,0.696781111918955,1.),(1.,0.697061363781596,
1.),(1.,0.697244529034245,1.)))
REPRESENTATION_ITEM('')
SURFACE()
);
#1367=(
BOUNDED_SURFACE()
B_SPLINE_SURFACE(3,2,((#2124,#2125,#2126),(#2127,#2128,#2129),(#2130,#2131,
#2132),(#2133,#2134,#2135),(#2136,#2137,#2138),(#2139,#2140,#2141)),
 .UNSPECIFIED.,.F.,.F.,.F.)
B_SPLINE_SURFACE_WITH_KNOTS((4,1,1,4),(3,3),(0.134620806194849,0.142403177285108,
0.146294362830237,0.150185548375367),(0.,1.),.UNSPECIFIED.)
GEOMETRIC_REPRESENTATION_ITEM()
RATIONAL_B_SPLINE_SURFACE(((1.,0.707106781186547,1.),(1.,0.704783114465727,
1.),(1.,0.701924309364888,1.),(1.,0.699291342792206,1.),(1.,0.698351691576856,
1.),(1.,0.697978709892142,1.)))
REPRESENTATION_ITEM('')
SURFACE()
);
#1368=(
BOUNDED_SURFACE()
B_SPLINE_SURFACE(3,2,((#2157,#2158,#2159),(#2160,#2161,#2162),(#2163,#2164,
#2165),(#2166,#2167,#2168)),.UNSPECIFIED.,.F.,.F.,.F.)
B_SPLINE_SURFACE_WITH_KNOTS((4,4),(3,3),(0.158615670532265,0.16506285566551),
(0.,1.),.PIECEWISE_BEZIER_KNOTS.)
GEOMETRIC_REPRESENTATION_ITEM()
RATIONAL_B_SPLINE_SURFACE(((1.,0.696766665912255,1.),(1.,0.696736536580137,
1.),(1.,0.696900964574241,1.),(1.,0.697193619560123,1.)))
REPRESENTATION_ITEM('')
SURFACE()
);
#1369=(
BOUNDED_SURFACE()
B_SPLINE_SURFACE(3,2,((#2188,#2189,#2190),(#2191,#2192,#2193),(#2194,#2195,
#2196),(#2197,#2198,#2199),(#2200,#2201,#2202),(#2203,#2204,#2205)),
 .UNSPECIFIED.,.F.,.F.,.F.)
B_SPLINE_SURFACE_WITH_KNOTS((4,1,1,4),(3,3),(0.134620801450517,0.142408298695444,
0.146302047317907,0.15019579594037),(0.,1.),.UNSPECIFIED.)
GEOMETRIC_REPRESENTATION_ITEM()
RATIONAL_B_SPLINE_SURFACE(((1.,0.707106781186548,1.),(1.,0.704781593418713,
1.),(1.,0.701921337173789,1.),(1.,0.699287919962596,1.),(1.,0.69834854356304,
1.),(1.,0.697975820317082,1.)))
REPRESENTATION_ITEM('')
SURFACE()
);
#1370=(
BOUNDED_SURFACE()
B_SPLINE_SURFACE(3,2,((#2221,#2222,#2223),(#2224,#2225,#2226),(#2227,#2228,
#2229),(#2230,#2231,#2232)),.UNSPECIFIED.,.F.,.F.,.F.)
B_SPLINE_SURFACE_WITH_KNOTS((4,4),(3,3),(0.158620291107699,0.165062822473703),
(0.,1.),.PIECEWISE_BEZIER_KNOTS.)
GEOMETRIC_REPRESENTATION_ITEM()
RATIONAL_B_SPLINE_SURFACE(((1.,0.69676668607833,1.),(1.,0.696736858716314,
1.),(1.,0.696901271029965,1.),(1.,0.697193719603012,1.)))
REPRESENTATION_ITEM('')
SURFACE()
);
#1371=(
BOUNDED_SURFACE()
B_SPLINE_SURFACE(3,2,((#2440,#2441,#2442),(#2443,#2444,#2445),(#2446,#2447,
#2448),(#2449,#2450,#2451)),.UNSPECIFIED.,.F.,.F.,.F.)
B_SPLINE_SURFACE_WITH_KNOTS((4,4),(3,3),(4.60858151571261,4.61571392200193),
(0.,1.),.PIECEWISE_BEZIER_KNOTS.)
GEOMETRIC_REPRESENTATION_ITEM()
RATIONAL_B_SPLINE_SURFACE(((1.,0.709573764493442,1.),(1.,0.709517564933984,
1.),(1.,0.709461337815963,1.),(1.,0.709405084554952,1.)))
REPRESENTATION_ITEM('')
SURFACE()
);
#1372=(
BOUNDED_SURFACE()
B_SPLINE_SURFACE(3,2,((#2474,#2475,#2476),(#2477,#2478,#2479),(#2480,#2481,
#2482),(#2483,#2484,#2485),(#2486,#2487,#2488),(#2489,#2490,#2491)),
 .UNSPECIFIED.,.F.,.F.,.F.)
B_SPLINE_SURFACE_WITH_KNOTS((4,1,1,4),(3,3),(0.0484372347227572,0.0596675075736038,
0.0652826439990271,0.0708977804244504),(0.,1.),.UNSPECIFIED.)
GEOMETRIC_REPRESENTATION_ITEM()
RATIONAL_B_SPLINE_SURFACE(((1.,0.724669082670329,1.),(1.,0.721688943186557,
1.),(1.,0.717551817259122,1.),(1.,0.712931365759343,1.),(1.,0.71098370997078,
1.),(1.,0.710098203017,1.)))
REPRESENTATION_ITEM('')
SURFACE()
);
#1373=(
BOUNDED_SURFACE()
B_SPLINE_SURFACE(3,2,((#2509,#2510,#2511),(#2512,#2513,#2514),(#2515,#2516,
#2517),(#2518,#2519,#2520),(#2521,#2522,#2523),(#2524,#2525,#2526)),
 .UNSPECIFIED.,.F.,.F.,.F.)
B_SPLINE_SURFACE_WITH_KNOTS((4,1,1,4),(3,3),(0.103654450648605,0.107379524929429,
0.111104599210254,0.118554747771902),(0.,1.),.UNSPECIFIED.)
GEOMETRIC_REPRESENTATION_ITEM()
RATIONAL_B_SPLINE_SURFACE(((1.,0.752622754613271,1.),(1.,0.750787190604815,
1.),(1.,0.74693230025293,1.),(1.,0.738893256568392,1.),(1.,0.732628013749888,
1.),(1.,0.72861250751782,1.)))
REPRESENTATION_ITEM('')
SURFACE()
);
#1374=(
BOUNDED_SURFACE()
B_SPLINE_SURFACE(3,2,((#2533,#2534,#2535),(#2536,#2537,#2538),(#2539,#2540,
#2541),(#2542,#2543,#2544),(#2545,#2546,#2547)),.UNSPECIFIED.,.F.,.F.,.F.)
B_SPLINE_SURFACE_WITH_KNOTS((4,1,4),(3,3),(0.0768226540180151,0.082962626576521,
0.089102599135027),(0.,1.),.UNSPECIFIED.)
GEOMETRIC_REPRESENTATION_ITEM()
RATIONAL_B_SPLINE_SURFACE(((1.,0.718763515223019,1.),(1.,0.723344517410277,
1.),(1.,0.732957174003554,1.),(1.,0.742270028043124,1.),(1.,0.746721901856261,
1.)))
REPRESENTATION_ITEM('')
SURFACE()
);
#1375=(
BOUNDED_SURFACE()
B_SPLINE_SURFACE(3,2,((#2570,#2571,#2572),(#2573,#2574,#2575),(#2576,#2577,
#2578),(#2579,#2580,#2581),(#2582,#2583,#2584),(#2585,#2586,#2587),(#2588,
#2589,#2590),(#2591,#2592,#2593),(#2594,#2595,#2596),(#2597,#2598,#2599),
(#2600,#2601,#2602)),.UNSPECIFIED.,.F.,.F.,.F.)
B_SPLINE_SURFACE_WITH_KNOTS((4,1,1,1,1,1,1,1,4),(3,3),(1.21430643318376E-17,
0.00310324963156528,0.00620649926313054,0.0124129985262611,0.0155162481578263,
0.0186194977893916,0.0217227474209569,0.0232743722367395,0.0248259970525221),
(0.,1.),.UNSPECIFIED.)
GEOMETRIC_REPRESENTATION_ITEM()
RATIONAL_B_SPLINE_SURFACE(((1.,0.707106781186544,1.),(1.,0.707106774702879,
1.),(1.,0.706679027684042,1.),(1.,0.704556483822746,1.),(1.,0.701806285129224,
1.),(1.,0.699338290775571,1.),(1.,0.697615753900467,1.),(1.,0.696275749819183,
1.),(1.,0.695265187130242,1.),(1.,0.694759664625285,1.),(1.,0.694558454950916,
1.)))
REPRESENTATION_ITEM('')
SURFACE()
);
#1376=(
BOUNDED_SURFACE()
B_SPLINE_SURFACE(3,2,((#2614,#2615,#2616),(#2617,#2618,#2619),(#2620,#2621,
#2622),(#2623,#2624,#2625),(#2626,#2627,#2628),(#2629,#2630,#2631),(#2632,
#2633,#2634),(#2635,#2636,#2637),(#2638,#2639,#2640),(#2641,#2642,#2643),
(#2644,#2645,#2646)),.UNSPECIFIED.,.F.,.F.,.F.)
B_SPLINE_SURFACE_WITH_KNOTS((4,1,1,1,1,1,1,1,4),(3,3),(-0.0253944906379596,
-0.0238073249941305,-0.0222201593503013,-0.0190458280626429,-0.0158714967749846,
-0.0126971654873263,-0.00634850291200959,-0.00317417162435126,1.59663307081504E-7),
(0.,1.),.UNSPECIFIED.)
GEOMETRIC_REPRESENTATION_ITEM()
RATIONAL_B_SPLINE_SURFACE(((1.,0.694558665770386,1.),(1.,0.694759576290148,
1.),(1.,0.695264232449089,1.),(1.,0.696274088194993,1.),(1.,0.697607049909287,
1.),(1.,0.699320457951562,1.),(1.,0.70176747831927,1.),(1.,0.704544030437667,
1.),(1.,0.706676491180458,1.),(1.,0.70710678767386,1.),(1.,0.707106781186543,
1.)))
REPRESENTATION_ITEM('')
SURFACE()
);
#1377=(
BOUNDED_SURFACE()
B_SPLINE_SURFACE(3,2,((#2670,#2671,#2672),(#2673,#2674,#2675),(#2676,#2677,
#2678),(#2679,#2680,#2681),(#2682,#2683,#2684)),.UNSPECIFIED.,.F.,.F.,.F.)
B_SPLINE_SURFACE_WITH_KNOTS((4,1,4),(3,3),(0.0732546958143017,0.0793872480678097,
0.0855198003213177),(0.,1.),.UNSPECIFIED.)
GEOMETRIC_REPRESENTATION_ITEM()
RATIONAL_B_SPLINE_SURFACE(((1.,0.74672235457506,1.),(1.,0.742312898038186,
1.),(1.,0.732831840968271,1.),(1.,0.723291476850731,1.),(1.,0.718765436505068,
1.)))
REPRESENTATION_ITEM('')
SURFACE()
);
#1378=(
BOUNDED_SURFACE()
B_SPLINE_SURFACE(3,2,((#2691,#2692,#2693),(#2694,#2695,#2696),(#2697,#2698,
#2699),(#2700,#2701,#2702),(#2703,#2704,#2705)),.UNSPECIFIED.,.F.,.F.,.F.)
B_SPLINE_SURFACE_WITH_KNOTS((4,1,4),(3,3),(0.108446022795089,0.115916702989324,
0.123387383183559),(0.,1.),.UNSPECIFIED.)
GEOMETRIC_REPRESENTATION_ITEM()
RATIONAL_B_SPLINE_SURFACE(((1.,0.728610812684355,1.),(1.,0.732672238115688,
1.),(1.,0.741071216249484,1.),(1.,0.748940289031698,1.),(1.,0.752623075343634,
1.)))
REPRESENTATION_ITEM('')
SURFACE()
);
#1379=(
BOUNDED_SURFACE()
B_SPLINE_SURFACE(3,2,((#2721,#2722,#2723),(#2724,#2725,#2726),(#2727,#2728,
#2729),(#2730,#2731,#2732),(#2733,#2734,#2735),(#2736,#2737,#2738)),
 .UNSPECIFIED.,.F.,.F.,.F.)
B_SPLINE_SURFACE_WITH_KNOTS((4,1,1,4),(3,3),(0.0484372295588403,0.0596675018216569,
0.0652826379530652,0.0708977740844735),(0.,1.),.UNSPECIFIED.)
GEOMETRIC_REPRESENTATION_ITEM()
RATIONAL_B_SPLINE_SURFACE(((1.,0.724669033591857,1.),(1.,0.721688899774164,
1.),(1.,0.717551782726426,1.),(1.,0.712931343763863,1.),(1.,0.710983694305418,
1.),(1.,0.71009819054072,1.)))
REPRESENTATION_ITEM('')
SURFACE()
);
#1380=(
BOUNDED_SURFACE()
B_SPLINE_SURFACE(3,2,((#2756,#2757,#2758),(#2759,#2760,#2761),(#2762,#2763,
#2764),(#2765,#2766,#2767)),.UNSPECIFIED.,.F.,.F.,.F.)
B_SPLINE_SURFACE_WITH_KNOTS((4,4),(3,3),(4.60858194850169,4.61571435448736),
(0.,1.),.PIECEWISE_BEZIER_KNOTS.)
GEOMETRIC_REPRESENTATION_ITEM()
RATIONAL_B_SPLINE_SURFACE(((1.,0.709573754263001,1.),(1.,0.70951755470105,
1.),(1.,0.709461327585067,1.),(1.,0.709405074321919,1.)))
REPRESENTATION_ITEM('')
SURFACE()
);
#1381=(
BOUNDED_SURFACE()
B_SPLINE_SURFACE(3,2,((#2782,#2783,#2784),(#2785,#2786,#2787),(#2788,#2789,
#2790),(#2791,#2792,#2793),(#2794,#2795,#2796),(#2797,#2798,#2799),(#2800,
#2801,#2802),(#2803,#2804,#2805),(#2806,#2807,#2808)),.UNSPECIFIED.,.F.,
 .F.,.F.)
B_SPLINE_SURFACE_WITH_KNOTS((4,1,1,1,1,1,4),(3,3),(0.0943972502051155,0.116048514883946,
0.126874147223361,0.137699779562777,0.148525411902192,0.159351044241607,
0.181002308920438),(0.,1.),.UNSPECIFIED.)
GEOMETRIC_REPRESENTATION_ITEM()
RATIONAL_B_SPLINE_SURFACE(((1.,0.709127663751078,1.),(1.,0.708461835144221,
1.),(1.,0.707703840584226,1.),(1.,0.707192864084042,1.),(1.,0.707063740304251,
1.),(1.,0.707192861818234,1.),(1.,0.707703835325817,1.),(1.,0.70846182771763,
1.),(1.,0.709127654878063,1.)))
REPRESENTATION_ITEM('')
SURFACE()
);
#1382=(
BOUNDED_SURFACE()
B_SPLINE_SURFACE(3,2,((#2823,#2824,#2825),(#2826,#2827,#2828),(#2829,#2830,
#2831),(#2832,#2833,#2834),(#2835,#2836,#2837)),.UNSPECIFIED.,.F.,.F.,.F.)
B_SPLINE_SURFACE_WITH_KNOTS((4,1,4),(3,3),(0.02589627727075,0.0313172521504186,
0.0367382270300872),(0.,1.),.UNSPECIFIED.)
GEOMETRIC_REPRESENTATION_ITEM()
RATIONAL_B_SPLINE_SURFACE(((1.,0.561464189906209,1.),(1.,0.594246053607376,
1.),(1.,0.662491821262228,1.),(1.,0.724610869496763,1.),(1.,0.752622754613267,
1.)))
REPRESENTATION_ITEM('')
SURFACE()
);
#1383=(
BOUNDED_SURFACE()
B_SPLINE_SURFACE(3,2,((#2863,#2864,#2865),(#2866,#2867,#2868),(#2869,#2870,
#2871),(#2872,#2873,#2874),(#2875,#2876,#2877)),.UNSPECIFIED.,.F.,.F.,.F.)
B_SPLINE_SURFACE_WITH_KNOTS((4,1,4),(3,3),(0.0272170068940137,0.032068062629419,
0.0369191183648243),(0.,1.),.UNSPECIFIED.)
GEOMETRIC_REPRESENTATION_ITEM()
RATIONAL_B_SPLINE_SURFACE(((1.,0.560239268152025,1.),(1.,0.594380090491928,
1.),(1.,0.664729088539543,1.),(1.,0.722622287852854,1.),(1.,0.746721901856259,
1.)))
REPRESENTATION_ITEM('')
SURFACE()
);
#1384=(
BOUNDED_SURFACE()
B_SPLINE_SURFACE(3,2,((#2891,#2892,#2893),(#2894,#2895,#2896),(#2897,#2898,
#2899),(#2900,#2901,#2902),(#2903,#2904,#2905)),.UNSPECIFIED.,.F.,.F.,.F.)
B_SPLINE_SURFACE_WITH_KNOTS((4,1,4),(3,3),(0.0272169353779605,0.0320680333446586,
0.0369191313113566),(0.,1.),.UNSPECIFIED.)
GEOMETRIC_REPRESENTATION_ITEM()
RATIONAL_B_SPLINE_SURFACE(((1.,0.560239481701324,1.),(1.,0.594379863208993,
1.),(1.,0.6647286481594,1.),(1.,0.722622455029535,1.),(1.,0.746722354575059,
1.)))
REPRESENTATION_ITEM('')
SURFACE()
);
#1385=(
BOUNDED_SURFACE()
B_SPLINE_SURFACE(3,2,((#2931,#2932,#2933),(#2934,#2935,#2936),(#2937,#2938,
#2939),(#2940,#2941,#2942),(#2943,#2944,#2945)),.UNSPECIFIED.,.F.,.F.,.F.)
B_SPLINE_SURFACE_WITH_KNOTS((4,1,4),(3,3),(0.0258966808907655,0.0313177230701752,
0.0367387652495849),(0.,1.),.UNSPECIFIED.)
GEOMETRIC_REPRESENTATION_ITEM()
RATIONAL_B_SPLINE_SURFACE(((1.,0.561464427079069,1.),(1.,0.594245917862161,
1.),(1.,0.66249148714617,1.),(1.,0.72461093935171,1.),(1.,0.752623075343635,
1.)))
REPRESENTATION_ITEM('')
SURFACE()
);
#1386=(
BOUNDED_SURFACE()
B_SPLINE_SURFACE(3,2,((#3029,#3030,#3031),(#3032,#3033,#3034),(#3035,#3036,
#3037),(#3038,#3039,#3040)),.UNSPECIFIED.,.F.,.F.,.F.)
B_SPLINE_SURFACE_WITH_KNOTS((4,4),(3,3),(4.60862846797721,4.61568645600608),
(0.,1.),.PIECEWISE_BEZIER_KNOTS.)
GEOMETRIC_REPRESENTATION_ITEM()
RATIONAL_B_SPLINE_SURFACE(((1.,0.70957265461341,1.),(1.,0.709517041067186,
1.),(1.,0.709461400553003,1.),(1.,0.709405734426417,1.)))
REPRESENTATION_ITEM('')
SURFACE()
);
#1387=(
BOUNDED_SURFACE()
B_SPLINE_SURFACE(3,2,((#3061,#3062,#3063),(#3064,#3065,#3066),(#3067,#3068,
#3069),(#3070,#3071,#3072),(#3073,#3074,#3075),(#3076,#3077,#3078)),
 .UNSPECIFIED.,.F.,.F.,.F.)
B_SPLINE_SURFACE_WITH_KNOTS((4,1,1,4),(3,3),(0.0485469884227142,0.0597124214978003,
0.0652951380353433,0.0708778545728863),(0.,1.),.UNSPECIFIED.)
GEOMETRIC_REPRESENTATION_ITEM()
RATIONAL_B_SPLINE_SURFACE(((1.,0.724581773373318,1.),(1.,0.721623291454858,
1.),(1.,0.717515337504119,1.),(1.,0.712925330128027,1.),(1.,0.710988661085326,
1.),(1.,0.710107633327989,1.)))
REPRESENTATION_ITEM('')
SURFACE()
);
#1388=(
BOUNDED_SURFACE()
B_SPLINE_SURFACE(3,2,((#3094,#3095,#3096),(#3097,#3098,#3099),(#3100,#3101,
#3102),(#3103,#3104,#3105),(#3106,#3107,#3108)),.UNSPECIFIED.,.F.,.F.,.F.)
B_SPLINE_SURFACE_WITH_KNOTS((4,1,4),(3,3),(0.103654450648605,0.111055521954026,
0.118456593259446),(0.,1.),.UNSPECIFIED.)
GEOMETRIC_REPRESENTATION_ITEM()
RATIONAL_B_SPLINE_SURFACE(((1.,0.752622754613271,1.),(1.,0.748975809864121,
1.),(1.,0.741044989609449,1.),(1.,0.732763396228139,1.),(1.,0.728771279500817,
1.)))
REPRESENTATION_ITEM('')
SURFACE()
);
#1389=(
BOUNDED_SURFACE()
B_SPLINE_SURFACE(3,2,((#3115,#3116,#3117),(#3118,#3119,#3120),(#3121,#3122,
#3123),(#3124,#3125,#3126),(#3127,#3128,#3129)),.UNSPECIFIED.,.F.,.F.,.F.)
B_SPLINE_SURFACE_WITH_KNOTS((4,1,4),(3,3),(0.0770477958853455,0.0830751975101862,
0.089102599135027),(0.,1.),.UNSPECIFIED.)
GEOMETRIC_REPRESENTATION_ITEM()
RATIONAL_B_SPLINE_SURFACE(((1.,0.719268117285346,1.),(1.,0.723777061637062,
1.),(1.,0.733220760783827,1.),(1.,0.742351649191253,1.),(1.,0.746721901856261,
1.)))
REPRESENTATION_ITEM('')
SURFACE()
);
#1390=(
BOUNDED_SURFACE()
B_SPLINE_SURFACE(3,2,((#3151,#3152,#3153),(#3154,#3155,#3156),(#3157,#3158,
#3159),(#3160,#3161,#3162),(#3163,#3164,#3165),(#3166,#3167,#3168),(#3169,
#3170,#3171),(#3172,#3173,#3174),(#3175,#3176,#3177),(#3178,#3179,#3180)),
 .UNSPECIFIED.,.F.,.F.,.F.)
B_SPLINE_SURFACE_WITH_KNOTS((4,1,1,1,1,1,1,4),(3,3),(1.21430643318376E-17,
0.00307175588377792,0.00614351176755582,0.0122870235351116,0.0184305353026674,
0.0215022911864453,0.0230381691283343,0.0245740470702232),(0.,1.),
 .UNSPECIFIED.)
GEOMETRIC_REPRESENTATION_ITEM()
RATIONAL_B_SPLINE_SURFACE(((1.,0.707106781186544,1.),(1.,0.7071067747699,
1.),(1.,0.706687764725822,1.),(1.,0.704602408035636,1.),(1.,0.701198899598497,
1.),(1.,0.698254333135818,1.),(1.,0.696379413394794,1.),(1.,0.695389423972261,
1.),(1.,0.694855604997872,1.),(1.,0.69465646444758,1.)))
REPRESENTATION_ITEM('')
SURFACE()
);
#1391=(
BOUNDED_SURFACE()
B_SPLINE_SURFACE(3,2,((#3192,#3193,#3194),(#3195,#3196,#3197),(#3198,#3199,
#3200),(#3201,#3202,#3203),(#3204,#3205,#3206),(#3207,#3208,#3209),(#3210,
#3211,#3212),(#3213,#3214,#3215),(#3216,#3217,#3218),(#3219,#3220,#3221),
(#3222,#3223,#3224)),.UNSPECIFIED.,.F.,.F.,.F.)
B_SPLINE_SURFACE_WITH_KNOTS((4,1,1,1,1,1,1,1,4),(3,3),(-0.025136386148948,
-0.0235653520356821,-0.0219943179224161,-0.0188522496958842,-0.0157101814693524,
-0.0125681132428205,-0.0062839767897567,-0.00314190856322481,1.59663307081504E-7),
(0.,1.),.UNSPECIFIED.)
GEOMETRIC_REPRESENTATION_ITEM()
RATIONAL_B_SPLINE_SURFACE(((1.,0.69465667519293,1.),(1.,0.694855516781875,
1.),(1.,0.695388547289233,1.),(1.,0.696377541870741,1.),(1.,0.697710251363303,
1.),(1.,0.699410736995199,1.),(1.,0.701842326474909,1.),(1.,0.704589789525258,
1.),(1.,0.706685416773767,1.),(1.,0.707106787608971,1.),(1.,0.707106781186543,
1.)))
REPRESENTATION_ITEM('')
SURFACE()
);
#1392=(
BOUNDED_SURFACE()
B_SPLINE_SURFACE(3,2,((#3251,#3252,#3253),(#3254,#3255,#3256),(#3257,#3258,
#3259),(#3260,#3261,#3262),(#3263,#3264,#3265)),.UNSPECIFIED.,.F.,.F.,.F.)
B_SPLINE_SURFACE_WITH_KNOTS((4,1,4),(3,3),(0.0732546958143017,0.0792734970961526,
0.0852922983780035),(0.,1.),.UNSPECIFIED.)
GEOMETRIC_REPRESENTATION_ITEM()
RATIONAL_B_SPLINE_SURFACE(((1.,0.74672235457506,1.),(1.,0.742394687795872,
1.),(1.,0.733101939970746,1.),(1.,0.723726225771775,1.),(1.,0.719269955826037,
1.)))
REPRESENTATION_ITEM('')
SURFACE()
);
#1393=(
BOUNDED_SURFACE()
B_SPLINE_SURFACE(3,2,((#3272,#3273,#3274),(#3275,#3276,#3277),(#3278,#3279,
#3280),(#3281,#3282,#3283),(#3284,#3285,#3286)),.UNSPECIFIED.,.F.,.F.,.F.)
B_SPLINE_SURFACE_WITH_KNOTS((4,1,4),(3,3),(0.10854335592832,0.115965369555939,
0.123387383183559),(0.,1.),.UNSPECIFIED.)
GEOMETRIC_REPRESENTATION_ITEM()
RATIONAL_B_SPLINE_SURFACE(((1.,0.728769606174626,1.),(1.,0.732807028753661,
1.),(1.,0.741150794582178,1.),(1.,0.748964279960979,1.),(1.,0.752623075343634,
1.)))
REPRESENTATION_ITEM('')
SURFACE()
);
#1394=(
BOUNDED_SURFACE()
B_SPLINE_SURFACE(3,2,((#3300,#3301,#3302),(#3303,#3304,#3305),(#3306,#3307,
#3308),(#3309,#3310,#3311),(#3312,#3313,#3314),(#3315,#3316,#3317)),
 .UNSPECIFIED.,.F.,.F.,.F.)
B_SPLINE_SURFACE_WITH_KNOTS((4,1,1,4),(3,3),(0.048546983252187,0.0597124157421978,
0.0652951319872033,0.0708778482322087),(0.,1.),.UNSPECIFIED.)
GEOMETRIC_REPRESENTATION_ITEM()
RATIONAL_B_SPLINE_SURFACE(((1.,0.724581724461804,1.),(1.,0.721623248187129,
1.),(1.,0.71751530306361,1.),(1.,0.712925308154895,1.),(1.,0.710988645405469,
1.),(1.,0.710107620818592,1.)))
REPRESENTATION_ITEM('')
SURFACE()
);
#1395=(
BOUNDED_SURFACE()
B_SPLINE_SURFACE(3,2,((#3334,#3335,#3336),(#3337,#3338,#3339),(#3340,#3341,
#3342),(#3343,#3344,#3345)),.UNSPECIFIED.,.F.,.F.,.F.)
B_SPLINE_SURFACE_WITH_KNOTS((4,4),(3,3),(4.60862890076419,4.61568688849055),
(0.,1.),.PIECEWISE_BEZIER_KNOTS.)
GEOMETRIC_REPRESENTATION_ITEM()
RATIONAL_B_SPLINE_SURFACE(((1.,0.709572644382951,1.),(1.,0.709517030839612,
1.),(1.,0.709461390321953,1.),(1.,0.709405724193442,1.)))
REPRESENTATION_ITEM('')
SURFACE()
);
#1396=(
BOUNDED_SURFACE()
B_SPLINE_SURFACE(3,2,((#3359,#3360,#3361),(#3362,#3363,#3364),(#3365,#3366,
#3367),(#3368,#3369,#3370),(#3371,#3372,#3373),(#3374,#3375,#3376),(#3377,
#3378,#3379),(#3380,#3381,#3382),(#3383,#3384,#3385)),.UNSPECIFIED.,.F.,
 .F.,.F.)
B_SPLINE_SURFACE_WITH_KNOTS((4,1,1,1,1,1,4),(3,3),(0.0944094330520664,0.116054606307554,
0.126877192935297,0.137699779563041,0.148522366190785,0.159344952818528,
0.180990126074016),(0.,1.),.UNSPECIFIED.)
GEOMETRIC_REPRESENTATION_ITEM()
RATIONAL_B_SPLINE_SURFACE(((1.,0.709126539947742,1.),(1.,0.708461079224212,
1.),(1.,0.70770350623216,1.),(1.,0.707192815651511,1.),(1.,0.707063764520771,
1.),(1.,0.707192813384684,1.),(1.,0.707703500984676,1.),(1.,0.708461071757533,
1.),(1.,0.709126531077186,1.)))
REPRESENTATION_ITEM('')
SURFACE()
);
#1397=(
BOUNDED_SURFACE()
B_SPLINE_SURFACE(3,2,((#3400,#3401,#3402),(#3403,#3404,#3405),(#3406,#3407,
#3408),(#3409,#3410,#3411),(#3412,#3413,#3414)),.UNSPECIFIED.,.F.,.F.,.F.)
B_SPLINE_SURFACE_WITH_KNOTS((4,1,4),(3,3),(0.0275081237156407,0.032123175372864,
0.0367382270300872),(0.,1.),.UNSPECIFIED.)
GEOMETRIC_REPRESENTATION_ITEM()
RATIONAL_B_SPLINE_SURFACE(((1.,0.590936823451224,1.),(1.,0.619233787202831,
1.),(1.,0.676818465189098,1.),(1.,0.728775328696042,1.),(1.,0.752622754613268,
1.)))
REPRESENTATION_ITEM('')
SURFACE()
);
#1398=(
BOUNDED_SURFACE()
B_SPLINE_SURFACE(3,2,((#3439,#3440,#3441),(#3442,#3443,#3444),(#3445,#3446,
#3447),(#3448,#3449,#3450),(#3451,#3452,#3453)),.UNSPECIFIED.,.F.,.F.,.F.)
B_SPLINE_SURFACE_WITH_KNOTS((4,1,4),(3,3),(0.0286743719522856,0.0327967451585549,
0.0369191183648243),(0.,1.),.UNSPECIFIED.)
GEOMETRIC_REPRESENTATION_ITEM()
RATIONAL_B_SPLINE_SURFACE(((1.,0.591122311903834,1.),(1.,0.620279196438636,
1.),(1.,0.678407661979213,1.),(1.,0.726242317936774,1.),(1.,0.746721901856258,
1.)))
REPRESENTATION_ITEM('')
SURFACE()
);
#1399=(
BOUNDED_SURFACE()
B_SPLINE_SURFACE(3,2,((#3465,#3466,#3467),(#3468,#3469,#3470),(#3471,#3472,
#3473),(#3474,#3475,#3476),(#3477,#3478,#3479)),.UNSPECIFIED.,.F.,.F.,.F.)
B_SPLINE_SURFACE_WITH_KNOTS((4,1,4),(3,3),(0.0286743142392741,0.0327967227753153,
0.0369191313113566),(0.,1.),.UNSPECIFIED.)
GEOMETRIC_REPRESENTATION_ITEM()
RATIONAL_B_SPLINE_SURFACE(((1.,0.591122223452119,1.),(1.,0.620278859180824,
1.),(1.,0.678407419779354,1.),(1.,0.726242530775241,1.),(1.,0.746722354575059,
1.)))
REPRESENTATION_ITEM('')
SURFACE()
);
#1400=(
BOUNDED_SURFACE()
B_SPLINE_SURFACE(3,2,((#3503,#3504,#3505),(#3506,#3507,#3508),(#3509,#3510,
#3511),(#3512,#3513,#3514),(#3515,#3516,#3517)),.UNSPECIFIED.,.F.,.F.,.F.)
B_SPLINE_SURFACE_WITH_KNOTS((4,1,4),(3,3),(0.0275085484573865,0.0321236568534857,
0.0367387652495849),(0.,1.),.UNSPECIFIED.)
GEOMETRIC_REPRESENTATION_ITEM()
RATIONAL_B_SPLINE_SURFACE(((1.,0.590936819364995,1.),(1.,0.619233593417723,
1.),(1.,0.676818226875364,1.),(1.,0.728775438721457,1.),(1.,0.752623075343635,
1.)))
REPRESENTATION_ITEM('')
SURFACE()
);
#1401=ADVANCED_FACE('',(#1279),#1365,.T.);
#1402=ADVANCED_FACE('',(#1280),#1366,.T.);
#1403=ADVANCED_FACE('',(#1281),#129,.T.);
#1404=ADVANCED_FACE('',(#1282),#130,.T.);
#1405=ADVANCED_FACE('',(#1283),#131,.F.);
#1406=ADVANCED_FACE('',(#1284),#1367,.F.);
#1407=ADVANCED_FACE('',(#1285),#1368,.F.);
#1408=ADVANCED_FACE('',(#1286),#1369,.F.);
#1409=ADVANCED_FACE('',(#1287),#1370,.F.);
#1410=ADVANCED_FACE('',(#1288),#132,.F.);
#1411=ADVANCED_FACE('',(#1289),#133,.F.);
#1412=ADVANCED_FACE('',(#1290,#1291),#20,.F.);
#1413=ADVANCED_FACE('',(#1292),#134,.T.);
#1414=ADVANCED_FACE('',(#1293),#1371,.T.);
#1415=ADVANCED_FACE('',(#1294),#1372,.T.);
#1416=ADVANCED_FACE('',(#1295),#1373,.T.);
#1417=ADVANCED_FACE('',(#1296),#1374,.T.);
#1418=ADVANCED_FACE('',(#1297),#16,.T.);
#1419=ADVANCED_FACE('',(#1298),#1375,.T.);
#1420=ADVANCED_FACE('',(#1299),#1376,.T.);
#1421=ADVANCED_FACE('',(#1300),#17,.T.);
#1422=ADVANCED_FACE('',(#1301),#1377,.T.);
#1423=ADVANCED_FACE('',(#1302),#1378,.T.);
#1424=ADVANCED_FACE('',(#1303),#1379,.T.);
#1425=ADVANCED_FACE('',(#1304),#1380,.T.);
#1426=ADVANCED_FACE('',(#1305),#1381,.T.);
#1427=ADVANCED_FACE('',(#1306),#1382,.T.);
#1428=ADVANCED_FACE('',(#1307),#135,.F.);
#1429=ADVANCED_FACE('',(#1308),#1383,.T.);
#1430=ADVANCED_FACE('',(#1309),#1384,.T.);
#1431=ADVANCED_FACE('',(#1310),#136,.F.);
#1432=ADVANCED_FACE('',(#1311),#1385,.T.);
#1433=ADVANCED_FACE('',(#1312),#137,.T.);
#1434=ADVANCED_FACE('',(#1313),#21,.F.);
#1435=ADVANCED_FACE('',(#1314),#138,.T.);
#1436=ADVANCED_FACE('',(#1315),#139,.T.);
#1437=ADVANCED_FACE('',(#1316),#140,.T.);
#1438=ADVANCED_FACE('',(#1317),#141,.T.);
#1439=ADVANCED_FACE('',(#1318),#22,.F.);
#1440=ADVANCED_FACE('',(#1319),#12,.F.);
#1441=ADVANCED_FACE('',(#1320),#13,.F.);
#1442=ADVANCED_FACE('',(#1321),#23,.F.);
#1443=ADVANCED_FACE('',(#1322),#142,.T.);
#1444=ADVANCED_FACE('',(#1323),#143,.T.);
#1445=ADVANCED_FACE('',(#1324),#144,.T.);
#1446=ADVANCED_FACE('',(#1325),#145,.T.);
#1447=ADVANCED_FACE('',(#1326),#24,.T.);
#1448=ADVANCED_FACE('',(#1327),#1386,.F.);
#1449=ADVANCED_FACE('',(#1328),#1387,.F.);
#1450=ADVANCED_FACE('',(#1329),#1388,.F.);
#1451=ADVANCED_FACE('',(#1330),#1389,.F.);
#1452=ADVANCED_FACE('',(#1331),#18,.F.);
#1453=ADVANCED_FACE('',(#1332),#1390,.F.);
#1454=ADVANCED_FACE('',(#1333),#1391,.F.);
#1455=ADVANCED_FACE('',(#1334),#19,.F.);
#1456=ADVANCED_FACE('',(#1335),#1392,.F.);
#1457=ADVANCED_FACE('',(#1336),#1393,.F.);
#1458=ADVANCED_FACE('',(#1337),#1394,.F.);
#1459=ADVANCED_FACE('',(#1338),#1395,.F.);
#1460=ADVANCED_FACE('',(#1339),#1396,.F.);
#1461=ADVANCED_FACE('',(#1340),#1397,.F.);
#1462=ADVANCED_FACE('',(#1341),#146,.T.);
#1463=ADVANCED_FACE('',(#1342),#1398,.F.);
#1464=ADVANCED_FACE('',(#1343),#1399,.F.);
#1465=ADVANCED_FACE('',(#1344),#147,.T.);
#1466=ADVANCED_FACE('',(#1345),#1400,.F.);
#1467=ADVANCED_FACE('',(#1346),#148,.F.);
#1468=ADVANCED_FACE('',(#1347),#25,.T.);
#1469=ADVANCED_FACE('',(#1348),#149,.F.);
#1470=ADVANCED_FACE('',(#1349),#150,.F.);
#1471=ADVANCED_FACE('',(#1350),#151,.F.);
#1472=ADVANCED_FACE('',(#1351),#152,.F.);
#1473=ADVANCED_FACE('',(#1352),#26,.T.);
#1474=ADVANCED_FACE('',(#1353),#14,.T.);
#1475=ADVANCED_FACE('',(#1354),#15,.T.);
#1476=ADVANCED_FACE('',(#1355),#27,.T.);
#1477=ADVANCED_FACE('',(#1356),#153,.F.);
#1478=ADVANCED_FACE('',(#1357),#154,.F.);
#1479=ADVANCED_FACE('',(#1358),#155,.F.);
#1480=ADVANCED_FACE('',(#1359),#156,.F.);
#1481=ADVANCED_FACE('',(#1360),#28,.F.);
#1482=ADVANCED_FACE('',(#1361,#1362),#157,.F.);
#1483=ADVANCED_FACE('',(#1363,#1364),#158,.F.);
#1484=CLOSED_SHELL('',(#1401,#1402,#1403,#1404,#1405,#1406,#1407,#1408,
#1409,#1410,#1411,#1412,#1413,#1414,#1415,#1416,#1417,#1418,#1419,#1420,
#1421,#1422,#1423,#1424,#1425,#1426,#1427,#1428,#1429,#1430,#1431,#1432,
#1433,#1434,#1435,#1436,#1437,#1438,#1439,#1440,#1441,#1442,#1443,#1444,
#1445,#1446,#1447,#1448,#1449,#1450,#1451,#1452,#1453,#1454,#1455,#1456,
#1457,#1458,#1459,#1460,#1461,#1462,#1463,#1464,#1465,#1466,#1467,#1468,
#1469,#1470,#1471,#1472,#1473,#1474,#1475,#1476,#1477,#1478,#1479,#1480,
#1481,#1482,#1483));
#1485=STYLED_ITEM('',(#1486),#1493);
#1486=PRESENTATION_STYLE_ASSIGNMENT((#1487));
#1487=SURFACE_STYLE_USAGE(.BOTH.,#1488);
#1488=SURFACE_SIDE_STYLE('',(#1489));
#1489=SURFACE_STYLE_FILL_AREA(#1490);
#1490=FILL_AREA_STYLE('',(#1491));
#1491=FILL_AREA_STYLE_COLOUR('',#1492);
#1492=COLOUR_RGB('',0.301960784313725,0.301960784313725,0.301960784313725);
#1493=MANIFOLD_SOLID_BREP('VR_Visor',#1484);
#1494=SHAPE_DEFINITION_REPRESENTATION(#3592,#1495);
#1495=SHAPE_REPRESENTATION('VR_Visor',(#1496),#3587);
#1496=AXIS2_PLACEMENT_3D('',#1818,#1588,#1589);
#1497=AXIS2_PLACEMENT_3D('',#1895,#1590,#1591);
#1498=AXIS2_PLACEMENT_3D('',#1956,#1592,#1593);
#1499=AXIS2_PLACEMENT_3D('',#1974,#1594,#1595);
#1500=AXIS2_PLACEMENT_3D('',#1989,#1597,#1598);
#1501=AXIS2_PLACEMENT_3D('',#1992,#1600,#1601);
#1502=AXIS2_PLACEMENT_3D('',#2002,#1603,#1604);
#1503=AXIS2_PLACEMENT_3D('',#2010,#1606,#1607);
#1504=AXIS2_PLACEMENT_3D('',#2026,#1608,#1609);
#1505=AXIS2_PLACEMENT_3D('',#2046,#1611,#1612);
#1506=AXIS2_PLACEMENT_3D('',#2056,#1613,#1614);
#1507=AXIS2_PLACEMENT_3D('',#2076,#1616,#1617);
#1508=AXIS2_PLACEMENT_3D('',#2156,#1618,#1619);
#1509=AXIS2_PLACEMENT_3D('',#2214,#1620,#1621);
#1510=AXIS2_PLACEMENT_3D('',#2252,#1622,#1623);
#1511=AXIS2_PLACEMENT_3D('',#2265,#1625,#1626);
#1512=AXIS2_PLACEMENT_3D('',#2273,#1628,#1629);
#1513=AXIS2_PLACEMENT_3D('',#2291,#1631,#1632);
#1514=AXIS2_PLACEMENT_3D('',#2294,#1634,#1635);
#1515=AXIS2_PLACEMENT_3D('',#2295,#1636,#1637);
#1516=AXIS2_PLACEMENT_3D('',#2298,#1638,#1639);
#1517=AXIS2_PLACEMENT_3D('',#2302,#1641,#1642);
#1518=AXIS2_PLACEMENT_3D('',#2324,#1645,#1646);
#1519=AXIS2_PLACEMENT_3D('',#2328,#1648,#1649);
#1520=AXIS2_PLACEMENT_3D('',#2330,#1650,#1651);
#1521=AXIS2_PLACEMENT_3D('',#2334,#1653,#1654);
#1522=AXIS2_PLACEMENT_3D('',#2337,#1656,#1657);
#1523=AXIS2_PLACEMENT_3D('',#2342,#1659,#1660);
#1524=AXIS2_PLACEMENT_3D('',#2346,#1662,#1663);
#1525=AXIS2_PLACEMENT_3D('',#2348,#1664,#1665);
#1526=AXIS2_PLACEMENT_3D('',#2352,#1667,#1668);
#1527=AXIS2_PLACEMENT_3D('',#2366,#1671,#1672);
#1528=AXIS2_PLACEMENT_3D('',#2370,#1674,#1675);
#1529=AXIS2_PLACEMENT_3D('',#2371,#1676,#1677);
#1530=AXIS2_PLACEMENT_3D('',#2384,#1678,#1679);
#1531=AXIS2_PLACEMENT_3D('',#2394,#1680,#1681);
#1532=AXIS2_PLACEMENT_3D('',#2414,#1683,#1684);
#1533=AXIS2_PLACEMENT_3D('',#2432,#1685,#1686);
#1534=AXIS2_PLACEMENT_3D('',#2468,#1688,#1689);
#1535=AXIS2_PLACEMENT_3D('',#2527,#1690,#1691);
#1536=AXIS2_PLACEMENT_3D('',#2548,#1692,#1693);
#1537=AXIS2_PLACEMENT_3D('',#2563,#1694,#1695);
#1538=AXIS2_PLACEMENT_3D('',#2569,#1696,#1697);
#1539=AXIS2_PLACEMENT_3D('',#2613,#1698,#1699);
#1540=AXIS2_PLACEMENT_3D('',#2655,#1700,#1701);
#1541=AXIS2_PLACEMENT_3D('',#2656,#1702,#1703);
#1542=AXIS2_PLACEMENT_3D('',#2690,#1704,#1705);
#1543=AXIS2_PLACEMENT_3D('',#2714,#1706,#1707);
#1544=AXIS2_PLACEMENT_3D('',#2781,#1708,#1709);
#1545=AXIS2_PLACEMENT_3D('',#2856,#1710,#1711);
#1546=AXIS2_PLACEMENT_3D('',#2924,#1713,#1714);
#1547=AXIS2_PLACEMENT_3D('',#2959,#1716,#1717);
#1548=AXIS2_PLACEMENT_3D('',#2962,#1720,#1721);
#1549=AXIS2_PLACEMENT_3D('',#2964,#1723,#1724);
#1550=AXIS2_PLACEMENT_3D('',#2966,#1726,#1727);
#1551=AXIS2_PLACEMENT_3D('',#2975,#1728,#1729);
#1552=AXIS2_PLACEMENT_3D('',#2976,#1730,#1731);
#1553=AXIS2_PLACEMENT_3D('',#2978,#1733,#1734);
#1554=AXIS2_PLACEMENT_3D('',#3012,#1736,#1737);
#1555=AXIS2_PLACEMENT_3D('',#3014,#1739,#1740);
#1556=AXIS2_PLACEMENT_3D('',#3023,#1741,#1742);
#1557=AXIS2_PLACEMENT_3D('',#3024,#1743,#1744);
#1558=AXIS2_PLACEMENT_3D('',#3026,#1746,#1747);
#1559=AXIS2_PLACEMENT_3D('',#3028,#1749,#1750);
#1560=AXIS2_PLACEMENT_3D('',#3053,#1751,#1752);
#1561=AXIS2_PLACEMENT_3D('',#3109,#1753,#1754);
#1562=AXIS2_PLACEMENT_3D('',#3130,#1755,#1756);
#1563=AXIS2_PLACEMENT_3D('',#3144,#1757,#1758);
#1564=AXIS2_PLACEMENT_3D('',#3150,#1759,#1760);
#1565=AXIS2_PLACEMENT_3D('',#3181,#1761,#1762);
#1566=AXIS2_PLACEMENT_3D('',#3237,#1763,#1764);
#1567=AXIS2_PLACEMENT_3D('',#3238,#1765,#1766);
#1568=AXIS2_PLACEMENT_3D('',#3266,#1767,#1768);
#1569=AXIS2_PLACEMENT_3D('',#3299,#1769,#1770);
#1570=AXIS2_PLACEMENT_3D('',#3353,#1771,#1772);
#1571=AXIS2_PLACEMENT_3D('',#3432,#1773,#1774);
#1572=AXIS2_PLACEMENT_3D('',#3496,#1776,#1777);
#1573=AXIS2_PLACEMENT_3D('',#3530,#1779,#1780);
#1574=AXIS2_PLACEMENT_3D('',#3533,#1783,#1784);
#1575=AXIS2_PLACEMENT_3D('',#3535,#1786,#1787);
#1576=AXIS2_PLACEMENT_3D('',#3537,#1789,#1790);
#1577=AXIS2_PLACEMENT_3D('',#3546,#1791,#1792);
#1578=AXIS2_PLACEMENT_3D('',#3547,#1793,#1794);
#1579=AXIS2_PLACEMENT_3D('',#3549,#1796,#1797);
#1580=AXIS2_PLACEMENT_3D('',#3567,#1799,#1800);
#1581=AXIS2_PLACEMENT_3D('',#3569,#1802,#1803);
#1582=AXIS2_PLACEMENT_3D('',#3578,#1804,#1805);
#1583=AXIS2_PLACEMENT_3D('',#3579,#1806,#1807);
#1584=AXIS2_PLACEMENT_3D('',#3581,#1809,#1810);
#1585=AXIS2_PLACEMENT_3D('',#3583,#1812,#1813);
#1586=AXIS2_PLACEMENT_3D('',#3584,#1814,#1815);
#1587=AXIS2_PLACEMENT_3D('',#3585,#1816,#1817);
#1588=DIRECTION('',(0.,0.,1.));
#1589=DIRECTION('',(1.,0.,0.));
#1590=DIRECTION('',(-0.103932825567041,-0.994584319084939,-1.66533453693773E-16));
#1591=DIRECTION('',(0.994584319084939,-0.103932825567041,1.77635683940025E-15));
#1592=DIRECTION('',(0.103932395107611,-0.99458436406732,2.22044604925032E-16));
#1593=DIRECTION('',(0.99458436406732,0.103932395107611,1.88737914186276E-15));
#1594=DIRECTION('',(-1.,4.167545037301E-17,-1.83186799063151E-15));
#1595=DIRECTION('',(-1.94289029309403E-15,2.07586864246143E-17,1.));
#1596=DIRECTION('',(-1.,4.167545037301E-17,-1.83186799063151E-15));
#1597=DIRECTION('',(1.,-4.167545037301E-17,1.83186799063151E-15));
#1598=DIRECTION('',(1.94289029309403E-15,-2.07586864246143E-17,-1.));
#1599=DIRECTION('',(1.,-4.167545037301E-17,1.83186799063151E-15));
#1600=DIRECTION('',(-1.,4.167545037301E-17,-1.83186799063151E-15));
#1601=DIRECTION('',(-1.94289029309403E-15,2.07586864246143E-17,1.));
#1602=DIRECTION('',(-1.,4.167545037301E-17,-1.83186799063151E-15));
#1603=DIRECTION('',(1.,-4.167545037301E-17,1.83186799063151E-15));
#1604=DIRECTION('',(1.94289029309403E-15,-2.07586864246143E-17,-1.));
#1605=DIRECTION('',(-1.,4.167545037301E-17,-1.83186799063151E-15));
#1606=DIRECTION('',(-1.94289029309403E-15,2.07586864246143E-17,1.));
#1607=DIRECTION('',(1.,-4.167545037301E-17,1.83186799063151E-15));
#1608=DIRECTION('',(-1.94289029309403E-15,2.07586864246143E-17,1.));
#1609=DIRECTION('',(1.,-4.167545037301E-17,1.83186799063151E-15));
#1610=DIRECTION('',(-1.94289029309403E-15,2.07586864246143E-17,1.));
#1611=DIRECTION('',(1.94289029309403E-15,0.0667097260751508,-0.997772425178697));
#1612=DIRECTION('',(-9.0205620750794E-17,0.997772425178697,0.0667097260751508));
#1613=DIRECTION('',(-1.99840144432528E-15,0.0667097260751545,0.997772425178697));
#1614=DIRECTION('',(-1.66533453693773E-16,-0.997772425178697,0.0667097260751544));
#1615=DIRECTION('',(-1.94289029309403E-15,2.07586864246143E-17,1.));
#1616=DIRECTION('',(-1.94289029309403E-15,2.07586864246143E-17,1.));
#1617=DIRECTION('',(1.,-4.167545037301E-17,1.83186799063151E-15));
#1618=DIRECTION('',(0.103932825567044,0.994584319084939,-1.2490009027033E-16));
#1619=DIRECTION('',(-0.994584319084938,0.103932825567044,-1.77635683940025E-15));
#1620=DIRECTION('',(-0.103932395107612,0.99458436406732,6.24500451351651E-17));
#1621=DIRECTION('',(-0.99458436406732,-0.103932395107612,-1.83186799063151E-15));
#1622=DIRECTION('',(-1.,4.167545037301E-17,-1.83186799063151E-15));
#1623=DIRECTION('',(-1.94289029309403E-15,2.07586864246143E-17,1.));
#1624=DIRECTION('',(-1.,4.167545037301E-17,-1.83186799063151E-15));
#1625=DIRECTION('',(1.,-4.167545037301E-17,1.83186799063151E-15));
#1626=DIRECTION('',(1.94289029309403E-15,-2.07586864246143E-17,-1.));
#1627=DIRECTION('',(-1.,4.167545037301E-17,-1.83186799063151E-15));
#1628=DIRECTION('',(-1.,4.167545037301E-17,-1.83186799063151E-15));
#1629=DIRECTION('',(-1.94289029309403E-15,2.07586864246143E-17,1.));
#1630=DIRECTION('',(-1.,4.167545037301E-17,-1.83186799063151E-15));
#1631=DIRECTION('',(1.,-4.167545037301E-17,1.83186799063151E-15));
#1632=DIRECTION('',(1.94289029309403E-15,-2.07586864246143E-17,-1.));
#1633=DIRECTION('',(-1.,4.167545037301E-17,-1.83186799063151E-15));
#1634=DIRECTION('',(1.,-4.167545037301E-17,1.83186799063151E-15));
#1635=DIRECTION('',(4.167545037301E-17,1.,-2.07586731897245E-17));
#1636=DIRECTION('',(1.,-4.167545037301E-17,1.83186799063151E-15));
#1637=DIRECTION('',(1.94289029309403E-15,-2.07586864246143E-17,-1.));
#1638=DIRECTION('',(1.,-4.167545037301E-17,1.83186799063151E-15));
#1639=DIRECTION('',(1.94289029309403E-15,-2.07586864246143E-17,-1.));
#1640=DIRECTION('',(-1.94289029309403E-15,2.07586864246143E-17,1.));
#1641=DIRECTION('',(1.,-4.167545037301E-17,1.83186799063151E-15));
#1642=DIRECTION('',(1.94289029309403E-15,-2.07586864246143E-17,-1.));
#1643=DIRECTION('',(4.167545037301E-17,1.,-2.07586731897245E-17));
#1644=DIRECTION('',(4.167545037301E-17,1.,-2.07586731897245E-17));
#1645=DIRECTION('',(1.,-4.167545037301E-17,1.83186799063151E-15));
#1646=DIRECTION('',(1.94289029309403E-15,-2.07586864246143E-17,-1.));
#1647=DIRECTION('',(-1.94289029309403E-15,2.07586864246143E-17,1.));
#1648=DIRECTION('',(1.,-4.167545037301E-17,1.83186799063151E-15));
#1649=DIRECTION('',(1.94289029309403E-15,-2.07586864246143E-17,-1.));
#1650=DIRECTION('',(1.,-4.167545037301E-17,1.83186799063151E-15));
#1651=DIRECTION('',(1.94289029309403E-15,-2.07586864246143E-17,-1.));
#1652=DIRECTION('',(-9.0205620750794E-17,0.997722257940985,0.0674558819462254));
#1653=DIRECTION('',(1.,-4.167545037301E-17,1.83186799063151E-15));
#1654=DIRECTION('',(1.94289029309403E-15,-2.07586864246143E-17,-1.));
#1655=DIRECTION('',(-1.80411241501588E-16,-0.997722257940985,0.0674558819462291));
#1656=DIRECTION('',(1.,-4.167545037301E-17,1.83186799063151E-15));
#1657=DIRECTION('',(1.94289029309403E-15,-2.07586864246143E-17,-1.));
#1658=DIRECTION('',(-1.80411241501588E-16,-0.997722257940985,0.0674558819462291));
#1659=DIRECTION('',(1.,-4.167545037301E-17,1.83186799063151E-15));
#1660=DIRECTION('',(1.94289029309403E-15,-2.07586864246143E-17,-1.));
#1661=DIRECTION('',(-9.0205620750794E-17,0.997722257940985,0.0674558819462254));
#1662=DIRECTION('',(1.,-4.167545037301E-17,1.83186799063151E-15));
#1663=DIRECTION('',(1.94289029309403E-15,-2.07586864246143E-17,-1.));
#1664=DIRECTION('',(1.,-4.167545037301E-17,1.83186799063151E-15));
#1665=DIRECTION('',(1.94289029309403E-15,-2.07586864246143E-17,-1.));
#1666=DIRECTION('',(-1.94289029309403E-15,2.07586864246143E-17,1.));
#1667=DIRECTION('',(1.,-4.167545037301E-17,1.83186799063151E-15));
#1668=DIRECTION('',(1.94289029309403E-15,-2.07586864246143E-17,-1.));
#1669=DIRECTION('',(4.167545037301E-17,1.,-2.07586731897245E-17));
#1670=DIRECTION('',(4.167545037301E-17,1.,-2.07586731897245E-17));
#1671=DIRECTION('',(1.,-4.167545037301E-17,1.83186799063151E-15));
#1672=DIRECTION('',(1.94289029309403E-15,-2.07586864246143E-17,-1.));
#1673=DIRECTION('',(-1.94289029309403E-15,2.07586864246143E-17,1.));
#1674=DIRECTION('',(1.,-4.167545037301E-17,1.83186799063151E-15));
#1675=DIRECTION('',(1.94289029309403E-15,-2.07586864246143E-17,-1.));
#1676=DIRECTION('',(-1.94289029309403E-15,2.07586864246143E-17,1.));
#1677=DIRECTION('',(1.,-4.167545037301E-17,1.83186799063151E-15));
#1678=DIRECTION('',(-1.88737914186276E-15,0.0663427906245428,0.997796890219722));
#1679=DIRECTION('',(-1.66533453693773E-16,-0.997796890219722,0.0663427906245428));
#1680=DIRECTION('',(1.94289029309403E-15,0.0663427906245392,-0.997796890219723));
#1681=DIRECTION('',(-8.32667268468867E-17,0.997796890219722,0.0663427906245392));
#1682=DIRECTION('',(-1.94289029309403E-15,2.07586864246143E-17,1.));
#1683=DIRECTION('',(-1.94289029309403E-15,2.07586864246143E-17,1.));
#1684=DIRECTION('',(1.,-4.167545037301E-17,1.83186799063151E-15));
#1685=DIRECTION('',(-1.94289029309403E-15,2.07586864246143E-17,1.));
#1686=DIRECTION('',(1.,-4.167545037301E-17,1.83186799063151E-15));
#1687=DIRECTION('',(-1.94289029309403E-15,2.07586864246143E-17,1.));
#1688=DIRECTION('',(-1.88737914186276E-15,-0.0674558819462254,0.997722257940985));
#1689=DIRECTION('',(-9.0205620750794E-17,0.997722257940985,0.0674558819462254));
#1690=DIRECTION('',(0.118013625942935,0.656109044099591,0.745381584386496));
#1691=DIRECTION('',(-1.33226762955019E-15,-0.750626983911622,0.660726214875528));
#1692=DIRECTION('',(0.135328581384212,0.752373342162037,-0.644686380393183));
#1693=DIRECTION('',(-1.38777878078145E-15,0.650672059291119,0.759358855389107));
#1694=DIRECTION('',(-1.94289029309403E-15,2.07586864246143E-17,1.));
#1695=DIRECTION('',(1.,-4.167545037301E-17,1.83186799063151E-15));
#1696=DIRECTION('',(-1.94289029309403E-15,2.07586864246143E-17,1.));
#1697=DIRECTION('',(1.,-4.167545037301E-17,1.83186799063151E-15));
#1698=DIRECTION('',(2.15229714647978E-7,0.999999999999977,8.3059132072726E-15));
#1699=DIRECTION('',(-0.999999999999977,2.15229714647978E-7,-1.88737914186276E-15));
#1700=DIRECTION('',(-1.94289029309403E-15,2.07586864246143E-17,1.));
#1701=DIRECTION('',(1.,-4.167545037301E-17,1.83186799063151E-15));
#1702=DIRECTION('',(-1.94289029309403E-15,2.07586864246143E-17,1.));
#1703=DIRECTION('',(1.,-4.167545037301E-17,1.83186799063151E-15));
#1704=DIRECTION('',(-0.135327434828171,0.752366972610661,0.644694054499882));
#1705=DIRECTION('',(-1.4432899320127E-15,-0.65067970180545,0.759352306678771));
#1706=DIRECTION('',(-0.118012532912923,0.656102971511659,-0.74538710268494));
#1707=DIRECTION('',(-1.22124532708767E-15,0.75063244285043,0.660720013122348));
#1708=DIRECTION('',(1.88737914186276E-15,-0.067455881946229,-0.997722257940985));
#1709=DIRECTION('',(-1.80411241501588E-16,-0.997722257940985,0.0674558819462291));
#1710=DIRECTION('',(1.94289029309403E-15,-2.07586864246143E-17,-1.));
#1711=DIRECTION('',(-1.,4.167545037301E-17,-1.83186799063151E-15));
#1712=DIRECTION('',(-1.94289029309403E-15,2.07586864246143E-17,1.));
#1713=DIRECTION('',(1.94289029309403E-15,-2.07586864246143E-17,-1.));
#1714=DIRECTION('',(-1.,4.167545037301E-17,-1.83186799063151E-15));
#1715=DIRECTION('',(-1.94289029309403E-15,2.07586864246143E-17,1.));
#1716=DIRECTION('',(-1.,4.167545037301E-17,-1.83186799063151E-15));
#1717=DIRECTION('',(-1.94289029309403E-15,2.07586864246143E-17,1.));
#1718=DIRECTION('',(-1.,4.167545037301E-17,-1.83186799063151E-15));
#1719=DIRECTION('',(-1.,4.167545037301E-17,-1.83186799063151E-15));
#1720=DIRECTION('',(1.88737914186276E-15,-0.067455881946229,-0.997722257940985));
#1721=DIRECTION('',(1.80411241501588E-16,0.997722257940985,-0.0674558819462291));
#1722=DIRECTION('',(-1.,4.167545037301E-17,-1.83186799063151E-15));
#1723=DIRECTION('',(-1.,4.167545037301E-17,-1.83186799063151E-15));
#1724=DIRECTION('',(-1.94289029309403E-15,2.07586864246143E-17,1.));
#1725=DIRECTION('',(-1.,4.167545037301E-17,-1.83186799063151E-15));
#1726=DIRECTION('',(-1.94289029309403E-15,2.07586864246143E-17,1.));
#1727=DIRECTION('',(1.,-4.167545037301E-17,1.83186799063151E-15));
#1728=DIRECTION('',(-1.,4.167545037301E-17,-1.83186799063151E-15));
#1729=DIRECTION('',(-1.94289029309403E-15,2.07586864246143E-17,1.));
#1730=DIRECTION('',(-1.,4.167545037301E-17,-1.83186799063151E-15));
#1731=DIRECTION('',(-1.94289029309403E-15,2.07586864246143E-17,1.));
#1732=DIRECTION('',(-1.,4.167545037301E-17,-1.83186799063151E-15));
#1733=DIRECTION('',(-1.94289029309403E-15,2.07586864246143E-17,1.));
#1734=DIRECTION('',(1.,-4.167545037301E-17,1.83186799063151E-15));
#1735=DIRECTION('',(-1.,4.167545037301E-17,-1.83186799063151E-15));
#1736=DIRECTION('',(-1.94289029309403E-15,2.07586864246143E-17,1.));
#1737=DIRECTION('',(1.,-4.167545037301E-17,1.83186799063151E-15));
#1738=DIRECTION('',(-1.,4.167545037301E-17,-1.83186799063151E-15));
#1739=DIRECTION('',(-1.94289029309403E-15,2.07586864246143E-17,1.));
#1740=DIRECTION('',(1.,-4.167545037301E-17,1.83186799063151E-15));
#1741=DIRECTION('',(-1.,4.167545037301E-17,-1.83186799063151E-15));
#1742=DIRECTION('',(-1.94289029309403E-15,2.07586864246143E-17,1.));
#1743=DIRECTION('',(-1.,4.167545037301E-17,-1.83186799063151E-15));
#1744=DIRECTION('',(-1.94289029309403E-15,2.07586864246143E-17,1.));
#1745=DIRECTION('',(-1.,4.167545037301E-17,-1.83186799063151E-15));
#1746=DIRECTION('',(-1.,4.167545037301E-17,-1.83186799063151E-15));
#1747=DIRECTION('',(-1.94289029309403E-15,2.07586864246143E-17,1.));
#1748=DIRECTION('',(-1.,4.167545037301E-17,-1.83186799063151E-15));
#1749=DIRECTION('',(-1.88737914186276E-15,-0.0674558819462254,0.997722257940985));
#1750=DIRECTION('',(9.0205620750794E-17,-0.997722257940985,-0.0674558819462254));
#1751=DIRECTION('',(-1.88737914186276E-15,-0.0674558819462254,0.997722257940985));
#1752=DIRECTION('',(-9.0205620750794E-17,0.997722257940985,0.0674558819462254));
#1753=DIRECTION('',(0.118013625942935,0.656109044099591,0.745381584386496));
#1754=DIRECTION('',(-1.33226762955019E-15,-0.750626983911622,0.660726214875528));
#1755=DIRECTION('',(0.135328581384212,0.752373342162037,-0.644686380393183));
#1756=DIRECTION('',(-1.38777878078145E-15,0.650672059291119,0.759358855389107));
#1757=DIRECTION('',(-1.94289029309403E-15,2.07586864246143E-17,1.));
#1758=DIRECTION('',(1.,-4.167545037301E-17,1.83186799063151E-15));
#1759=DIRECTION('',(-1.94289029309403E-15,2.07586864246143E-17,1.));
#1760=DIRECTION('',(1.,-4.167545037301E-17,1.83186799063151E-15));
#1761=DIRECTION('',(2.15229714647978E-7,0.999999999999977,8.3059132072726E-15));
#1762=DIRECTION('',(-0.999999999999977,2.15229714647978E-7,-1.88737914186276E-15));
#1763=DIRECTION('',(-1.94289029309403E-15,2.07586864246143E-17,1.));
#1764=DIRECTION('',(1.,-4.167545037301E-17,1.83186799063151E-15));
#1765=DIRECTION('',(-1.94289029309403E-15,2.07586864246143E-17,1.));
#1766=DIRECTION('',(1.,-4.167545037301E-17,1.83186799063151E-15));
#1767=DIRECTION('',(-0.135327434828171,0.752366972610661,0.644694054499882));
#1768=DIRECTION('',(-1.4432899320127E-15,-0.65067970180545,0.759352306678771));
#1769=DIRECTION('',(-0.118012532912923,0.656102971511659,-0.74538710268494));
#1770=DIRECTION('',(-1.22124532708767E-15,0.75063244285043,0.660720013122348));
#1771=DIRECTION('',(1.88737914186276E-15,-0.067455881946229,-0.997722257940985));
#1772=DIRECTION('',(-1.80411241501588E-16,-0.997722257940985,0.0674558819462291));
#1773=DIRECTION('',(1.94289029309403E-15,-2.07586864246143E-17,-1.));
#1774=DIRECTION('',(-1.,4.167545037301E-17,-1.83186799063151E-15));
#1775=DIRECTION('',(-1.94289029309403E-15,2.07586864246143E-17,1.));
#1776=DIRECTION('',(1.94289029309403E-15,-2.07586864246143E-17,-1.));
#1777=DIRECTION('',(-1.,4.167545037301E-17,-1.83186799063151E-15));
#1778=DIRECTION('',(-1.94289029309403E-15,2.07586864246143E-17,1.));
#1779=DIRECTION('',(-1.,4.167545037301E-17,-1.83186799063151E-15));
#1780=DIRECTION('',(-1.94289029309403E-15,2.07586864246143E-17,1.));
#1781=DIRECTION('',(-1.,4.167545037301E-17,-1.83186799063151E-15));
#1782=DIRECTION('',(-1.,4.167545037301E-17,-1.83186799063151E-15));
#1783=DIRECTION('',(1.88737914186276E-15,-0.067455881946229,-0.997722257940985));
#1784=DIRECTION('',(1.80411241501588E-16,0.997722257940985,-0.0674558819462291));
#1785=DIRECTION('',(-1.,4.167545037301E-17,-1.83186799063151E-15));
#1786=DIRECTION('',(-1.,4.167545037301E-17,-1.83186799063151E-15));
#1787=DIRECTION('',(-1.94289029309403E-15,2.07586864246143E-17,1.));
#1788=DIRECTION('',(-1.,4.167545037301E-17,-1.83186799063151E-15));
#1789=DIRECTION('',(-1.94289029309403E-15,2.07586864246143E-17,1.));
#1790=DIRECTION('',(1.,-4.167545037301E-17,1.83186799063151E-15));
#1791=DIRECTION('',(-1.,4.167545037301E-17,-1.83186799063151E-15));
#1792=DIRECTION('',(-1.94289029309403E-15,2.07586864246143E-17,1.));
#1793=DIRECTION('',(-1.,4.167545037301E-17,-1.83186799063151E-15));
#1794=DIRECTION('',(-1.94289029309403E-15,2.07586864246143E-17,1.));
#1795=DIRECTION('',(-1.,4.167545037301E-17,-1.83186799063151E-15));
#1796=DIRECTION('',(-1.94289029309403E-15,2.07586864246143E-17,1.));
#1797=DIRECTION('',(1.,-4.167545037301E-17,1.83186799063151E-15));
#1798=DIRECTION('',(-1.,4.167545037301E-17,-1.83186799063151E-15));
#1799=DIRECTION('',(-1.94289029309403E-15,2.07586864246143E-17,1.));
#1800=DIRECTION('',(1.,-4.167545037301E-17,1.83186799063151E-15));
#1801=DIRECTION('',(-1.,4.167545037301E-17,-1.83186799063151E-15));
#1802=DIRECTION('',(-1.94289029309403E-15,2.07586864246143E-17,1.));
#1803=DIRECTION('',(1.,-4.167545037301E-17,1.83186799063151E-15));
#1804=DIRECTION('',(-1.,4.167545037301E-17,-1.83186799063151E-15));
#1805=DIRECTION('',(-1.94289029309403E-15,2.07586864246143E-17,1.));
#1806=DIRECTION('',(-1.,4.167545037301E-17,-1.83186799063151E-15));
#1807=DIRECTION('',(-1.94289029309403E-15,2.07586864246143E-17,1.));
#1808=DIRECTION('',(-1.,4.167545037301E-17,-1.83186799063151E-15));
#1809=DIRECTION('',(-1.,4.167545037301E-17,-1.83186799063151E-15));
#1810=DIRECTION('',(-1.94289029309403E-15,2.07586864246143E-17,1.));
#1811=DIRECTION('',(-1.,4.167545037301E-17,-1.83186799063151E-15));
#1812=DIRECTION('',(-1.88737914186276E-15,-0.0674558819462254,0.997722257940985));
#1813=DIRECTION('',(9.0205620750794E-17,-0.997722257940985,-0.0674558819462254));
#1814=DIRECTION('',(-0.642787609686557,-7.77048168938533E-8,0.76604444311896));
#1815=DIRECTION('',(0.76604444311896,-1.65441838281717E-7,0.64278760968654));
#1816=DIRECTION('',(-0.642787609686557,-7.77048168938533E-8,0.76604444311896));
#1817=DIRECTION('',(0.76604444311896,-1.65441838281717E-7,0.64278760968654));
#1818=CARTESIAN_POINT('',(0.,0.,0.));
#1819=CARTESIAN_POINT('',(11.5794335812108,-13.875,-2.14131913722628));
#1820=CARTESIAN_POINT('',(12.3253718205245,-13.9529496191753,-2.14131913722628));
#1821=CARTESIAN_POINT('',(12.3253718205245,-13.9529496191753,-1.39131913722627));
#1822=CARTESIAN_POINT('',(11.6064929655831,-13.5691205473112,-2.14131913722628));
#1823=CARTESIAN_POINT('',(12.3578445231711,-13.6422023576681,-2.14621312903762));
#1824=CARTESIAN_POINT('',(12.3528872621309,-13.689640827125,-1.3913191372055));
#1825=CARTESIAN_POINT('',(11.6430456955766,-13.1169222556317,-2.09857323809152));
#1826=CARTESIAN_POINT('',(12.4010943668651,-13.1826156362908,-2.10932803273855));
#1827=CARTESIAN_POINT('',(12.3900560494284,-13.3003770667717,-1.35513227403256));
#1828=CARTESIAN_POINT('',(11.6843091923361,-12.5279917065347,-1.95950777147514));
#1829=CARTESIAN_POINT('',(12.4487240793047,-12.5831791694119,-1.97555205356435));
#1830=CARTESIAN_POINT('',(12.4320149985761,-12.7934107108008,-1.23740535476876));
#1831=CARTESIAN_POINT('',(11.7209280777033,-11.9455538918864,-1.76261957777411));
#1832=CARTESIAN_POINT('',(12.4901247063937,-11.9887498827145,-1.78173361784488));
#1833=CARTESIAN_POINT('',(12.4692510563184,-12.2920334653363,-1.07072816993929));
#1834=CARTESIAN_POINT('',(11.7491595878497,-11.4046655151156,-1.49008532405476));
#1835=CARTESIAN_POINT('',(12.5204965352598,-11.4372308835559,-1.50963311344361));
#1836=CARTESIAN_POINT('',(12.4979583785529,-11.8264230299755,-0.84001224266256));
#1837=CARTESIAN_POINT('',(11.7707657917198,-10.9035067494093,-1.14345772358066));
#1838=CARTESIAN_POINT('',(12.5422956699549,-10.9265359805221,-1.16130274249113));
#1839=CARTESIAN_POINT('',(12.5199287320228,-11.3950128516388,-0.546572034052742));
#1840=CARTESIAN_POINT('',(11.7795228205533,-10.6678972855562,-0.945174181713729));
#1841=CARTESIAN_POINT('',(12.5505849114854,-10.6867569490873,-0.961637294174809));
#1842=CARTESIAN_POINT('',(12.5288333512559,-11.1921942484759,-0.378713606721004));
#1843=CARTESIAN_POINT('',(11.7833857000184,-10.556138957291,-0.84180800350724));
#1844=CARTESIAN_POINT('',(12.5541107473979,-10.573098879133,-0.857494371858494));
#1845=CARTESIAN_POINT('',(12.532761335455,-11.0959898445535,-0.291208189217261));
#1846=CARTESIAN_POINT('',(11.7124371788458,-12.0716341118361,-1.79647830843582));
#1847=CARTESIAN_POINT('',(11.7039525786763,-12.2152320354681,-1.85348039076819));
#1848=CARTESIAN_POINT('',(11.6855134663789,-12.5100184562354,-1.95450323538119));
#1849=CARTESIAN_POINT('',(11.6438690172735,-13.1065299469877,-2.09739967210656));
#1850=CARTESIAN_POINT('',(11.6068719200364,-13.5648368446923,-2.14131913722628));
#1851=CARTESIAN_POINT('',(11.5794335812108,-13.875,-2.14131913722628));
#1852=CARTESIAN_POINT('',(11.7124371788458,-12.0716341118361,-1.79647830843583));
#1853=CARTESIAN_POINT('',(11.5794335812108,-13.875,-2.14131913722628));
#1854=CARTESIAN_POINT('',(11.7124371788459,-12.0716341118344,-1.79647830843515));
#1855=CARTESIAN_POINT('',(11.7521789658974,-12.1195216191278,-1.81548755010376));
#1856=CARTESIAN_POINT('',(11.838338850846,-12.2113824450323,-1.84266117935949));
#1857=CARTESIAN_POINT('',(11.9896173671706,-12.3375518546505,-1.83925878419816));
#1858=CARTESIAN_POINT('',(12.1513404487354,-12.4322679368353,-1.7719371645791));
#1859=CARTESIAN_POINT('',(12.2937092790672,-12.4684640147479,-1.6360000103088));
#1860=CARTESIAN_POINT('',(12.3894487171413,-12.4421396104517,-1.46463669537354));
#1861=CARTESIAN_POINT('',(12.4428733336395,-12.3715346789007,-1.28977451577614));
#1862=CARTESIAN_POINT('',(12.4679580463531,-12.2681851975041,-1.12769970756668));
#1863=CARTESIAN_POINT('',(12.4788188079922,-12.1292392879196,-0.988908391051272));
#1864=CARTESIAN_POINT('',(12.4906932255895,-11.9456501038878,-0.9111777962329));
#1865=CARTESIAN_POINT('',(12.4953333851241,-11.7475872116208,-0.923126304801476));
#1866=CARTESIAN_POINT('',(12.466180804831,-11.5651827281522,-0.98959490253134));
#1867=CARTESIAN_POINT('',(12.3896525420459,-11.4108429820565,-1.08481820297449));
#1868=CARTESIAN_POINT('',(12.2640846350558,-11.3018519281907,-1.19014423811034));
#1869=CARTESIAN_POINT('',(12.0469061501054,-11.2346218872833,-1.32277136082757));
#1870=CARTESIAN_POINT('',(11.8608859377795,-11.2751207828304,-1.39312282896559));
#1871=CARTESIAN_POINT('',(11.7515209035314,-11.3359240662146,-1.43008696086741));
#1872=CARTESIAN_POINT('',(11.7515209035314,-11.3359240662145,-1.43008696086737));
#1873=CARTESIAN_POINT('',(11.7828250880402,-10.572297242172,-0.856685708134231));
#1874=CARTESIAN_POINT('',(11.7745936918381,-10.8086587006846,-1.0733357185595));
#1875=CARTESIAN_POINT('',(11.7642640165974,-11.0657543199888,-1.26584270332815));
#1876=CARTESIAN_POINT('',(11.7515209035314,-11.3359240662145,-1.43008696086737));
#1877=CARTESIAN_POINT('',(11.7828250880402,-10.572297242172,-0.856685708134231));
#1878=CARTESIAN_POINT('',(11.7828250880402,-10.572297242172,-0.856685708134231));
#1879=CARTESIAN_POINT('',(11.8839068643024,-10.5744060147236,-0.858618618847231));
#1880=CARTESIAN_POINT('',(12.0829019853601,-10.6090979366191,-0.835139867982465));
#1881=CARTESIAN_POINT('',(12.3350831728223,-10.7441682064317,-0.723762963167259));
#1882=CARTESIAN_POINT('',(12.4987646143679,-10.9389203902148,-0.554759732923134));
#1883=CARTESIAN_POINT('',(12.533060603993,-11.0901163640749,-0.418666110767719));
#1884=CARTESIAN_POINT('',(12.5299497905771,-11.1636097389766,-0.351389749336101));
#1885=CARTESIAN_POINT('',(12.5299497905771,-11.1636097389767,-0.351389749335978));
#1886=CARTESIAN_POINT('',(12.3253718205245,-13.9529496191753,-1.39131913722628));
#1887=CARTESIAN_POINT('',(12.3520066450706,-13.6980678848375,-1.39131913722628));
#1888=CARTESIAN_POINT('',(12.3881361434821,-13.3208506387159,-1.3573781799491));
#1889=CARTESIAN_POINT('',(12.4291714499364,-12.8290412854794,-1.24687810214692));
#1890=CARTESIAN_POINT('',(12.4658231215407,-12.3415797248694,-1.09028631464887));
#1891=CARTESIAN_POINT('',(12.5016910122488,-11.7717014119558,-0.818192870099793));
#1892=CARTESIAN_POINT('',(12.5217713335223,-11.3568268594145,-0.519642826832348));
#1893=CARTESIAN_POINT('',(12.5299497905771,-11.1636097389767,-0.351389749335978));
#1894=CARTESIAN_POINT('',(12.3253718205245,-13.9529496191753,-1.39131913722628));
#1895=CARTESIAN_POINT('',(11.5794335812108,-13.875,-1.39131913722628));
#1896=CARTESIAN_POINT('',(12.3253738559768,-4.54705070366929,-1.39131913722667));
#1897=CARTESIAN_POINT('',(12.3253738559768,-4.54705070366929,-2.14131913722667));
#1898=CARTESIAN_POINT('',(11.5794355829263,-4.625,-2.14131913722667));
#1899=CARTESIAN_POINT('',(12.3528891828664,-4.81035950039501,-1.39131913720589));
#1900=CARTESIAN_POINT('',(12.3578464232666,-4.85779797072104,-2.14621310879674));
#1901=CARTESIAN_POINT('',(11.6064948545223,-4.93087945809933,-2.14131913722667));
#1902=CARTESIAN_POINT('',(12.3900578007459,-5.19962326597863,-1.35513227274667));
#1903=CARTESIAN_POINT('',(12.401096066667,-5.3173846949673,-2.10932798136163));
#1904=CARTESIAN_POINT('',(11.6430474178579,-5.38307775588023,-2.09857323657249));
#1905=CARTESIAN_POINT('',(12.4320165295485,-5.70658962515654,-1.23740535114117));
#1906=CARTESIAN_POINT('',(12.4487255179993,-5.91682115584375,-1.97555196049202));
#1907=CARTESIAN_POINT('',(11.6843106979349,-5.97200830869725,-1.95950776718998));
#1908=CARTESIAN_POINT('',(12.4692523695512,-6.20796687094241,-1.07072816425075));
#1909=CARTESIAN_POINT('',(12.4901258854522,-6.51125041651868,-1.78173348875314));
#1910=CARTESIAN_POINT('',(11.7209293691688,-6.55444612372008,-1.76261957105441));
#1911=CARTESIAN_POINT('',(12.4979594898437,-6.67357730212587,-0.840012237092455));
#1912=CARTESIAN_POINT('',(12.520497474025,-7.06276937884251,-1.5096329590823));
#1913=CARTESIAN_POINT('',(11.7491606807213,-7.09533449563825,-1.49008531747516));
#1914=CARTESIAN_POINT('',(12.5199296565999,-7.10498747604912,-0.546572030211717));
#1915=CARTESIAN_POINT('',(12.5422963869713,-7.57346423964644,-1.16130257331071));
#1916=CARTESIAN_POINT('',(11.7707667009727,-7.59649325621595,-1.14345771904309));
#1917=CARTESIAN_POINT('',(12.5288341880879,-7.30780607517228,-0.378713605929352));
#1918=CARTESIAN_POINT('',(12.5505855246081,-7.81324324614347,-0.961637124169881));
#1919=CARTESIAN_POINT('',(11.7795236435143,-7.8321027153796,-0.945174180779162));
#1920=CARTESIAN_POINT('',(12.5327621306985,-7.40401047725554,-0.29120819015972));
#1921=CARTESIAN_POINT('',(12.5541113113325,-7.92690130369676,-0.857494202747744));
#1922=CARTESIAN_POINT('',(11.783386482081,-7.94386104150595,-0.841808004620472));
#1923=CARTESIAN_POINT('',(11.7515729693211,-7.16515737449566,-1.42942932897979));
#1924=CARTESIAN_POINT('',(11.7642924036429,-7.43492727175083,-1.26533246223043));
#1925=CARTESIAN_POINT('',(11.7746055498723,-7.69165669466815,-1.07304662582258));
#1926=CARTESIAN_POINT('',(11.7828258760785,-7.92770275871939,-0.856685707317687));
#1927=CARTESIAN_POINT('',(11.7515729693211,-7.16515737449566,-1.42942932897979));
#1928=CARTESIAN_POINT('',(11.7828258760785,-7.9277027587194,-0.8566857073177));
#1929=CARTESIAN_POINT('',(11.751572969321,-7.16515737449365,-1.42942932898101));
#1930=CARTESIAN_POINT('',(11.8062855917491,-7.19550029758429,-1.41097219696647));
#1931=CARTESIAN_POINT('',(11.9216661908654,-7.23866887545594,-1.37051823800308));
#1932=CARTESIAN_POINT('',(12.1001053479576,-7.24953833907131,-1.28944236078932));
#1933=CARTESIAN_POINT('',(12.2627991179693,-7.19951196006375,-1.19069470146829));
#1934=CARTESIAN_POINT('',(12.3890219748905,-7.09071392363698,-1.08512889359587));
#1935=CARTESIAN_POINT('',(12.4659133230463,-6.93622641749593,-0.989783613597416));
#1936=CARTESIAN_POINT('',(12.4952759349376,-6.75402793807551,-0.923274790158801));
#1937=CARTESIAN_POINT('',(12.4907747347989,-6.55570616397079,-0.911120820407701));
#1938=CARTESIAN_POINT('',(12.4788963336021,-6.37207991281951,-0.988629772487292));
#1939=CARTESIAN_POINT('',(12.468032665589,-6.23310182974279,-1.12714184594085));
#1940=CARTESIAN_POINT('',(12.4430198403358,-6.12966433078551,-1.28901669885376));
#1941=CARTESIAN_POINT('',(12.3896648466669,-6.05883718373436,-1.46398624324571));
#1942=CARTESIAN_POINT('',(12.2940500246721,-6.03241343487116,-1.63525004754525));
#1943=CARTESIAN_POINT('',(12.1523405319041,-6.06805478094106,-1.77109470069554));
#1944=CARTESIAN_POINT('',(11.9899425163269,-6.16290635465642,-1.83901280723157));
#1945=CARTESIAN_POINT('',(11.8389133314176,-6.28870461329195,-1.84252263151249));
#1946=CARTESIAN_POINT('',(11.7522660094222,-6.38092764856538,-1.81531478013839));
#1947=CARTESIAN_POINT('',(11.7124656066467,-6.4288244198427,-1.79629626466787));
#1948=CARTESIAN_POINT('',(11.7124656066474,-6.42882441984183,-1.79629626466822));
#1949=CARTESIAN_POINT('',(11.5794355829263,-4.625,-2.14131913722628));
#1950=CARTESIAN_POINT('',(11.6068811084779,-4.93524569308344,-2.14131913722628));
#1951=CARTESIAN_POINT('',(11.6438867494311,-5.39367233927134,-2.09737660029796));
#1952=CARTESIAN_POINT('',(11.6855387920071,-5.99033732817121,-1.95440416100055));
#1953=CARTESIAN_POINT('',(11.7039803156737,-6.28519583042483,-1.85332730198011));
#1954=CARTESIAN_POINT('',(11.7124656066467,-6.42882441984186,-1.79629626466821));
#1955=CARTESIAN_POINT('',(11.5794355829263,-4.625,-2.14131913722628));
#1956=CARTESIAN_POINT('',(11.5794355829263,-4.625,-1.39131913722628));
#1957=CARTESIAN_POINT('',(12.3253738559768,-4.54705070366929,-1.39131913722667));
#1958=CARTESIAN_POINT('',(12.5299506150459,-7.3363905838667,-0.351389749337505));
#1959=CARTESIAN_POINT('',(12.521772241532,-7.14317346685719,-0.519642823848422));
#1960=CARTESIAN_POINT('',(12.5016920997572,-6.72829891942703,-0.818192864586984));
#1961=CARTESIAN_POINT('',(12.4658244562531,-6.15842061116068,-1.0902863092843));
#1962=CARTESIAN_POINT('',(12.429172996358,-5.67095904990901,-1.24687809879563));
#1963=CARTESIAN_POINT('',(12.3881379036863,-5.1791496935459,-1.35737817876096));
#1964=CARTESIAN_POINT('',(12.3520085694828,-4.801932442583,-1.39131913722667));
#1965=CARTESIAN_POINT('',(12.3253738559768,-4.54705070366929,-1.39131913722667));
#1966=CARTESIAN_POINT('',(12.5299506150459,-7.3363905838667,-0.351389749337505));
#1967=CARTESIAN_POINT('',(11.7828258760785,-7.9277027587194,-0.8566857073177));
#1968=CARTESIAN_POINT('',(11.8839076347014,-7.92559400807619,-0.858618597950286));
#1969=CARTESIAN_POINT('',(12.0829027221262,-7.89090214070602,-0.835139817761252));
#1970=CARTESIAN_POINT('',(12.3350838887168,-7.75583197038702,-0.72376290359585));
#1971=CARTESIAN_POINT('',(12.4987653551048,-7.56107988040092,-0.554759694576734));
#1972=CARTESIAN_POINT('',(12.5330613962522,-7.4098839472225,-0.418666097883838));
#1973=CARTESIAN_POINT('',(12.5299506150459,-7.33639058386662,-0.351389749337428));
#1974=CARTESIAN_POINT('',(12.3204313395545,-4.625,2.74650655269879));
#1975=CARTESIAN_POINT('',(11.7515729693223,-7.16515737449434,-1.42942932898059));
#1976=CARTESIAN_POINT('',(11.6865366273175,-7.12908904810172,-1.4513691354977));
#1977=CARTESIAN_POINT('',(11.578010803352,-7.02712313694373,-1.51216343550786));
#1978=CARTESIAN_POINT('',(11.5322964526006,-6.81802509966338,-1.62394868059412));
#1979=CARTESIAN_POINT('',(11.5856259732157,-6.61026101873682,-1.72174544441628));
#1980=CARTESIAN_POINT('',(11.6652556930734,-6.48563797635846,-1.77373713438174));
#1981=CARTESIAN_POINT('',(11.7124656066474,-6.42882441984184,-1.79629626466822));
#1982=CARTESIAN_POINT('',(11.7828258760785,-7.9277027587194,-0.8566857073177));
#1983=CARTESIAN_POINT('',(11.781428517471,-7.92773191017959,-0.856658986953911));
#1984=CARTESIAN_POINT('',(11.7800308790705,-7.92774647989938,-0.856645631792943));
#1985=CARTESIAN_POINT('',(11.7786329610982,-7.92774647989938,-0.856645631792943));
#1986=CARTESIAN_POINT('',(11.7786329610982,-7.92774647989932,-0.856645631793027));
#1987=CARTESIAN_POINT('',(11.7786329610982,-7.92774647989932,-0.856645631793027));
#1988=CARTESIAN_POINT('',(10.75,-7.92774647989932,-0.856645631793029));
#1989=CARTESIAN_POINT('',(10.75,-4.625,2.74650655269879));
#1990=CARTESIAN_POINT('',(10.75,-4.625,-2.14131913722668));
#1991=CARTESIAN_POINT('',(12.3204313395545,-4.625,-2.14131913722627));
#1992=CARTESIAN_POINT('',(12.3204313395545,-13.875,2.74650655269879));
#1993=CARTESIAN_POINT('',(11.7124371788466,-12.0716341118356,-1.79647830843561));
#1994=CARTESIAN_POINT('',(11.6654736739828,-12.0150446791871,-1.77401478377327));
#1995=CARTESIAN_POINT('',(11.5860023665656,-11.8908739456082,-1.72225796111422));
#1996=CARTESIAN_POINT('',(11.5327462705909,-11.6825005418075,-1.62419726891822));
#1997=CARTESIAN_POINT('',(11.5779132615194,-11.4750685904373,-1.51338190719225));
#1998=CARTESIAN_POINT('',(11.6858971991126,-11.3724086403192,-1.45226702310294));
#1999=CARTESIAN_POINT('',(11.7515209035313,-11.3359240662145,-1.43008696086736));
#2000=CARTESIAN_POINT('',(12.3204313395545,-13.875,-2.14131913722627));
#2001=CARTESIAN_POINT('',(10.75,-13.875,-2.14131913722628));
#2002=CARTESIAN_POINT('',(10.75,-13.875,2.74650655269879));
#2003=CARTESIAN_POINT('',(10.75,-10.5722535200995,-0.856645631791422));
#2004=CARTESIAN_POINT('',(11.7786321302627,-10.5722535200995,-0.856645631791422));
#2005=CARTESIAN_POINT('',(11.7786321302627,-10.5722535200995,-0.856645631791422));
#2006=CARTESIAN_POINT('',(11.7786321302627,-10.5722535200995,-0.856645631791422));
#2007=CARTESIAN_POINT('',(11.7800300625093,-10.5722535200995,-0.856645631791422));
#2008=CARTESIAN_POINT('',(11.7814277151756,-10.5722680901165,-0.856658987224817));
#2009=CARTESIAN_POINT('',(11.7828250880402,-10.5722972421719,-0.856685708134164));
#2010=CARTESIAN_POINT('',(-32.6795575173301,-9.2499904222801,-30.));
#2011=CARTESIAN_POINT('',(12.210302557467,-12.3963308295911,-1.10453618309546));
#2012=CARTESIAN_POINT('',(12.2121357181299,-12.3701765312632,-1.02422114759653));
#2013=CARTESIAN_POINT('',(12.2170830217313,-12.2989981672779,-0.867208773643334));
#2014=CARTESIAN_POINT('',(12.2287992073327,-12.1231610091824,-0.673599726794514));
#2015=CARTESIAN_POINT('',(12.2446204177484,-11.8656162137804,-0.594468599319189));
#2016=CARTESIAN_POINT('',(12.2538445728812,-11.698092581191,-0.662171001004471));
#2017=CARTESIAN_POINT('',(12.257519021081,-11.628676545862,-0.711266408030098));
#2018=CARTESIAN_POINT('',(12.210302557467,-12.3963308295911,-1.10453618309546));
#2019=CARTESIAN_POINT('',(12.257519021081,-11.628676545862,-0.711266408030098));
#2020=CARTESIAN_POINT('',(12.0767257407533,-13.9269664127835,-1.39131913722628));
#2021=CARTESIAN_POINT('',(12.1041921490699,-13.6641268443961,-1.39131913722628));
#2022=CARTESIAN_POINT('',(12.1535729791926,-13.1472066350493,-1.34322398927477));
#2023=CARTESIAN_POINT('',(12.1931707424374,-12.640755996594,-1.19953853999577));
#2024=CARTESIAN_POINT('',(12.210302557467,-12.3963308295911,-1.10453618309546));
#2025=CARTESIAN_POINT('',(12.0767257407533,-13.9269664127835,-1.39131913722628));
#2026=CARTESIAN_POINT('',(-32.6795575173301,-9.2499904222801,-1.39131913722637));
#2027=CARTESIAN_POINT('',(11.7798524504856,-16.2041158746448,-1.39131913722628));
#2028=CARTESIAN_POINT('',(11.6096928942326,-17.2162501139692,-0.869306276675996));
#2029=CARTESIAN_POINT('',(11.6361663894102,-17.0690679604156,-0.994021005068913));
#2030=CARTESIAN_POINT('',(11.6916386182033,-16.7523606449321,-1.20550121765048));
#2031=CARTESIAN_POINT('',(11.7506811495461,-16.3906150738107,-1.34363593315842));
#2032=CARTESIAN_POINT('',(11.7798524504856,-16.2041158746448,-1.39131913722628));
#2033=CARTESIAN_POINT('',(11.6096928942326,-17.2162501139692,-0.869306276675996));
#2034=CARTESIAN_POINT('',(11.6096928942327,-17.2162501139692,-30.));
#2035=CARTESIAN_POINT('',(11.6096928942326,-17.2162501139692,7.98704753881859));
#2036=CARTESIAN_POINT('',(11.8034439036213,-16.0515770075681,8.84830657377239));
#2037=CARTESIAN_POINT('',(11.7357732209262,-16.4941494921993,8.64484597603006));
#2038=CARTESIAN_POINT('',(11.668092423719,-16.891571847701,8.35180429822491));
#2039=CARTESIAN_POINT('',(11.6096928942326,-17.2162501139693,7.98704753881859));
#2040=CARTESIAN_POINT('',(11.8034439036213,-16.051577007568,8.84830657377239));
#2041=CARTESIAN_POINT('',(12.0790452372397,-13.9047165100485,9.29633129628615));
#2042=CARTESIAN_POINT('',(12.0028081252002,-14.6377922160278,9.23486414498037));
#2043=CARTESIAN_POINT('',(11.909395676095,-15.3586426772615,9.08406977414154));
#2044=CARTESIAN_POINT('',(11.8034439036213,-16.051577007568,8.84830657377239));
#2045=CARTESIAN_POINT('',(12.0790452372397,-13.9047165100485,9.29633129628615));
#2046=CARTESIAN_POINT('',(-32.6795575173301,-9.2499904222801,9.6075400393161));
#2047=CARTESIAN_POINT('',(12.1097718380545,-13.5991249785366,9.31676273620533));
#2048=CARTESIAN_POINT('',(12.1097737189813,-4.90087523669183,9.31676273620526));
#2049=CARTESIAN_POINT('',(12.179936134343,-5.62344236307865,9.35809420277596));
#2050=CARTESIAN_POINT('',(12.2852031873414,-7.0705327331181,9.4202226145655));
#2051=CARTESIAN_POINT('',(12.3380456242039,-9.25000015741857,9.45145727658522));
#2052=CARTESIAN_POINT('',(12.2852022447501,-11.4294675578326,9.42022261195584));
#2053=CARTESIAN_POINT('',(12.179934565922,-12.8765578824205,9.3580942010445));
#2054=CARTESIAN_POINT('',(12.1097718380545,-13.5991249785366,9.31676273620533));
#2055=CARTESIAN_POINT('',(12.1097737189813,-4.90087523669183,9.31676273620526));
#2056=CARTESIAN_POINT('',(-32.6795575173301,-9.2499904222801,9.60753874421914));
#2057=CARTESIAN_POINT('',(12.0790472517122,-4.5952837051813,9.29633129628616));
#2058=CARTESIAN_POINT('',(11.8034468654515,-2.44842320766165,8.84830657377239));
#2059=CARTESIAN_POINT('',(11.9093983298471,-3.14135754269916,9.08406977575119));
#2060=CARTESIAN_POINT('',(12.0028104610012,-3.86220800531865,9.23486414549326));
#2061=CARTESIAN_POINT('',(12.0790472517122,-4.5952837051813,9.29633129628616));
#2062=CARTESIAN_POINT('',(11.8034468654515,-2.44842320766165,8.84830657377239));
#2063=CARTESIAN_POINT('',(11.6096929031732,-1.2837307802972,7.98702583268246));
#2064=CARTESIAN_POINT('',(11.6389607757201,-1.44644856690705,8.16983265240415));
#2065=CARTESIAN_POINT('',(11.7015244441418,-1.80440942872956,8.49626627857365));
#2066=CARTESIAN_POINT('',(11.7695345618425,-2.22663297866453,8.74634458080583));
#2067=CARTESIAN_POINT('',(11.8034468654515,-2.44842320766165,8.84830657377239));
#2068=CARTESIAN_POINT('',(11.6096929031732,-1.2837307802972,7.98702583268246));
#2069=CARTESIAN_POINT('',(11.6096929031733,-1.2837307802972,-30.));
#2070=CARTESIAN_POINT('',(11.6096929031732,-1.2837307802972,-0.86928990490015));
#2071=CARTESIAN_POINT('',(11.7798554803475,-2.29588434058486,-1.39131913722628));
#2072=CARTESIAN_POINT('',(11.7217243785227,-1.92423705282707,-1.29629817444101));
#2073=CARTESIAN_POINT('',(11.6624427228278,-1.57699889824884,-1.11779556821585));
#2074=CARTESIAN_POINT('',(11.6096929031732,-1.2837307802972,-0.86928990490015));
#2075=CARTESIAN_POINT('',(11.7798554803475,-2.29588434058486,-1.39131913722628));
#2076=CARTESIAN_POINT('',(-32.6795575173301,-9.2499904222801,-1.39131913722637));
#2077=CARTESIAN_POINT('',(12.0767277649599,-4.5730338024462,-1.39131913722667));
#2078=CARTESIAN_POINT('',(12.2103715498504,-6.10463450648293,-1.10416092660577));
#2079=CARTESIAN_POINT('',(12.1932360110146,-5.86007931353853,-1.19928302479308));
#2080=CARTESIAN_POINT('',(12.1536214110594,-5.35329764278763,-1.34316325325245));
#2081=CARTESIAN_POINT('',(12.1042121349385,-4.83604635602624,-1.39131913722667));
#2082=CARTESIAN_POINT('',(12.0767277649599,-4.5730338024462,-1.39131913722667));
#2083=CARTESIAN_POINT('',(12.2103715498504,-6.10463450648293,-1.10416092660577));
#2084=CARTESIAN_POINT('',(12.2575406490106,-6.87171291908705,-0.711013370876108));
#2085=CARTESIAN_POINT('',(12.2538662959436,-6.80228672123993,-0.662009898447071));
#2086=CARTESIAN_POINT('',(12.2446633210459,-6.63511252966717,-0.594600748293637));
#2087=CARTESIAN_POINT('',(12.2288489941,-6.37759721437413,-0.673671064795068));
#2088=CARTESIAN_POINT('',(12.2171456473301,-6.2019108436898,-0.867328201077611));
#2089=CARTESIAN_POINT('',(12.2122161063351,-6.13095967030445,-1.02343447455713));
#2090=CARTESIAN_POINT('',(12.2103715498504,-6.10463450648292,-1.10416092660576));
#2091=CARTESIAN_POINT('',(12.2575406490106,-6.87171291908704,-0.711013370876121));
#2092=CARTESIAN_POINT('',(12.2801742654129,-7.34696296127231,-0.351389749337513));
#2093=CARTESIAN_POINT('',(12.27381464738,-7.19671461916659,-0.482952568192695));
#2094=CARTESIAN_POINT('',(12.2662978984017,-7.0371794699943,-0.603436510515834));
#2095=CARTESIAN_POINT('',(12.2575406490106,-6.87171291908704,-0.711013370876123));
#2096=CARTESIAN_POINT('',(12.2801742654129,-7.34696296127231,-0.351389749337508));
#2097=CARTESIAN_POINT('',(12.3204313214851,-9.24998396188713,1.01343082772223));
#2098=CARTESIAN_POINT('',(12.320431306763,-9.14743638807257,1.01342952331357));
#2099=CARTESIAN_POINT('',(12.3197401947078,-8.9474549830622,0.989043885928716));
#2100=CARTESIAN_POINT('',(12.3158401551216,-8.56077523101226,0.853052952492479));
#2101=CARTESIAN_POINT('',(12.3075057191935,-8.13984707165488,0.561127012604936));
#2102=CARTESIAN_POINT('',(12.2949437698024,-7.7187202217493,0.128158943458615));
#2103=CARTESIAN_POINT('',(12.2852916979123,-7.4678642079986,-0.189106297642144));
#2104=CARTESIAN_POINT('',(12.2801742654129,-7.34696296127231,-0.351389749337513));
#2105=CARTESIAN_POINT('',(12.3204313214851,-9.24998396188713,1.01343082772223));
#2106=CARTESIAN_POINT('',(12.3204313214846,-9.25000010761486,1.01343082782492));
#2107=CARTESIAN_POINT('',(12.3204313214857,-9.24999472570562,1.01343082782492));
#2108=CARTESIAN_POINT('',(12.3204313214859,-9.24998934379637,1.01343082779069));
#2109=CARTESIAN_POINT('',(12.3204313214851,-9.24998396188713,1.01343082772223));
#2110=CARTESIAN_POINT('',(12.3204313214846,-9.25000010761486,1.01343082782492));
#2111=CARTESIAN_POINT('',(12.2801734454991,-11.1530372539563,-0.351389749335976));
#2112=CARTESIAN_POINT('',(12.2853002335799,-11.0319162132243,-0.188811272313298));
#2113=CARTESIAN_POINT('',(12.2949818186355,-10.7805171072903,0.129419226507806));
#2114=CARTESIAN_POINT('',(12.3076375505825,-10.354833711646,0.565743306047616));
#2115=CARTESIAN_POINT('',(12.3158638750402,-9.93716633325619,0.853891781305281));
#2116=CARTESIAN_POINT('',(12.3197441204799,-9.55166603706781,0.989185931205182));
#2117=CARTESIAN_POINT('',(12.3204312994303,-9.35246875012925,1.01343082782492));
#2118=CARTESIAN_POINT('',(12.3204313214846,-9.25000010761486,1.01343082782492));
#2119=CARTESIAN_POINT('',(12.2801734454991,-11.1530372539563,-0.351389749335976));
#2120=CARTESIAN_POINT('',(12.257519021081,-11.628676545862,-0.711266408030096));
#2121=CARTESIAN_POINT('',(12.2662851999858,-11.4630698067097,-0.60362451513765));
#2122=CARTESIAN_POINT('',(12.2738087758277,-11.3034034096024,-0.48305572993845));
#2123=CARTESIAN_POINT('',(12.2801734454991,-11.1530372539563,-0.351389749335978));
#2124=CARTESIAN_POINT('',(11.5794335812108,-13.875,-1.89131913722628));
#2125=CARTESIAN_POINT('',(12.0767257407533,-13.9269664127835,-1.89131913722628));
#2126=CARTESIAN_POINT('',(12.0767257407533,-13.9269664127835,-1.39131913722627));
#2127=CARTESIAN_POINT('',(11.6067767859896,-13.5817213017889,-1.89131913722628));
#2128=CARTESIAN_POINT('',(12.1077464759603,-13.6301137417211,-1.89461613264445));
#2129=CARTESIAN_POINT('',(12.1043761727108,-13.6623658316791,-1.39131913720528));
#2130=CARTESIAN_POINT('',(11.6436709262182,-13.148220568516,-1.84992973827822));
#2131=CARTESIAN_POINT('',(12.1491386227273,-13.1916111312408,-1.85709807129756));
#2132=CARTESIAN_POINT('',(12.1416848538421,-13.2712547600803,-1.3543918937996));
#2133=CARTESIAN_POINT('',(11.6852359628293,-12.5837691950031,-1.71515784115143));
#2134=CARTESIAN_POINT('',(12.1949439302968,-12.6202773744352,-1.72589163965261));
#2135=CARTESIAN_POINT('',(12.1837169134826,-12.7619979939131,-1.23414963901094));
#2136=CARTESIAN_POINT('',(11.7036542898623,-12.3047205324953,-1.6198463229399));
#2137=CARTESIAN_POINT('',(12.2149287907674,-12.3375321711556,-1.63170066883696));
#2138=CARTESIAN_POINT('',(12.202342188045,-12.5102359712775,-1.14911357364471));
#2139=CARTESIAN_POINT('',(11.7121343426781,-12.1687315401516,-1.56604200622267));
#2140=CARTESIAN_POINT('',(12.2240488676591,-12.1996682153099,-1.57828216360385));
#2141=CARTESIAN_POINT('',(12.2109175223863,-12.3875445974519,-1.1011098540409));
#2142=CARTESIAN_POINT('',(11.7060567818963,-12.2648581418434,-1.6028463102845));
#2143=CARTESIAN_POINT('',(11.7659885551729,-12.3044477153032,-1.61750247440416));
#2144=CARTESIAN_POINT('',(11.8913078345517,-12.3849778573778,-1.6223041442758));
#2145=CARTESIAN_POINT('',(12.0772971543996,-12.4642325435019,-1.51359252235485));
#2146=CARTESIAN_POINT('',(12.1877340873669,-12.4576611990206,-1.31456982458108));
#2147=CARTESIAN_POINT('',(12.208713963746,-12.4189958119572,-1.17413617161307));
#2148=CARTESIAN_POINT('',(12.210302557467,-12.3963308295911,-1.10453618309546));
#2149=CARTESIAN_POINT('',(11.7060567818962,-12.2648581418434,-1.60284631028449));
#2150=CARTESIAN_POINT('',(11.7060567818962,-12.2648581418434,-1.6028463102845));
#2151=CARTESIAN_POINT('',(11.6894622215811,-12.5237806610529,-1.69870010723595));
#2152=CARTESIAN_POINT('',(11.6517460171001,-13.0550197944238,-1.84262749534155));
#2153=CARTESIAN_POINT('',(11.6051840579252,-13.5988046407561,-1.89131913722627));
#2154=CARTESIAN_POINT('',(11.5794335812108,-13.875,-1.89131913722627));
#2155=CARTESIAN_POINT('',(11.5794335812108,-13.875,-1.89131913722627));
#2156=CARTESIAN_POINT('',(11.5794335812108,-13.875,-1.39131913722628));
#2157=CARTESIAN_POINT('',(11.7580485117215,-11.3312026904696,-1.13144682223429));
#2158=CARTESIAN_POINT('',(12.2722768783824,-11.3502597923055,-1.14394759253517));
#2159=CARTESIAN_POINT('',(12.2573475810989,-11.631913105392,-0.713368003170723));
#2160=CARTESIAN_POINT('',(11.7675891902898,-11.1294603787976,-0.999111154413464));
#2161=CARTESIAN_POINT('',(12.2819728523361,-11.1457533816022,-1.01121683274057));
#2162=CARTESIAN_POINT('',(12.2669954583327,-11.449898069081,-0.595299329924806));
#2163=CARTESIAN_POINT('',(11.7756533343848,-10.9352648494266,-0.848764163007299));
#2164=CARTESIAN_POINT('',(12.2898843313147,-10.9491327362718,-0.860253186390569));
#2165=CARTESIAN_POINT('',(12.2751502108123,-11.2746918565828,-0.461161118391421));
#2166=CARTESIAN_POINT('',(11.7822761942512,-10.756123072768,-0.685990183338785));
#2167=CARTESIAN_POINT('',(12.296154955749,-10.7677869518755,-0.696588359019022));
#2168=CARTESIAN_POINT('',(12.2818474848489,-11.1130673728036,-0.315935661508207));
#2169=CARTESIAN_POINT('',(12.257519021081,-11.628676545862,-0.711266408030098));
#2170=CARTESIAN_POINT('',(12.2604811650399,-11.5727170443204,-0.750844503957295));
#2171=CARTESIAN_POINT('',(12.2421221719394,-11.4621316058819,-0.831374983305076));
#2172=CARTESIAN_POINT('',(12.1364380770496,-11.3285991445159,-0.952316465104365));
#2173=CARTESIAN_POINT('',(11.9647487683552,-11.2579817054855,-1.0489799904745));
#2174=CARTESIAN_POINT('',(11.829592266712,-11.2557742643855,-1.08091268872458));
#2175=CARTESIAN_POINT('',(11.7612843549309,-11.2618662211187,-1.08506740375812));
#2176=CARTESIAN_POINT('',(11.761284354931,-11.2618662211175,-1.08506740375724));
#2177=CARTESIAN_POINT('',(11.7821546741652,-10.7594074539202,-0.688971611536984));
#2178=CARTESIAN_POINT('',(11.9169209184058,-10.7622427380445,-0.691542895550839));
#2179=CARTESIAN_POINT('',(12.1137766744036,-10.8302414739962,-0.63803061498113));
#2180=CARTESIAN_POINT('',(12.2594114434898,-11.0034139470379,-0.486989233218395));
#2181=CARTESIAN_POINT('',(12.2822471103886,-11.1040466490031,-0.396239417219239));
#2182=CARTESIAN_POINT('',(12.2801734454991,-11.1530372539563,-0.351389749336006));
#2183=CARTESIAN_POINT('',(11.7821546741652,-10.7594074539202,-0.688971611536984));
#2184=CARTESIAN_POINT('',(11.7821546741652,-10.7594074539202,-0.688971611536991));
#2185=CARTESIAN_POINT('',(11.7762809343559,-10.9180335490404,-0.832827650185411));
#2186=CARTESIAN_POINT('',(11.7693470625402,-11.0867652359459,-0.965648516305894));
#2187=CARTESIAN_POINT('',(11.7612843549309,-11.2618662211175,-1.08506740375725));
#2188=CARTESIAN_POINT('',(12.0767277649599,-4.57303380244619,-1.39131913722667));
#2189=CARTESIAN_POINT('',(12.0767277649599,-4.57303380244619,-1.89131913722667));
#2190=CARTESIAN_POINT('',(11.5794355829263,-4.625,-1.89131913722667));
#2191=CARTESIAN_POINT('',(12.1043962953657,-4.83780868509744,-1.39131913720817));
#2192=CARTESIAN_POINT('',(12.1077688719535,-4.87008266454192,-1.89461829794355));
#2193=CARTESIAN_POINT('',(11.6067966850981,-4.91847189102778,-1.89131913722667));
#2194=CARTESIAN_POINT('',(12.1417265787165,-5.22917288382974,-1.35434383320006));
#2195=CARTESIAN_POINT('',(12.1491846893149,-5.30886942913946,-1.85704809189833));
#2196=CARTESIAN_POINT('',(11.6437121874677,-5.35225318602504,-1.84987587020976));
#2197=CARTESIAN_POINT('',(12.1837779654586,-5.73875407024837,-1.2339432505975));
#2198=CARTESIAN_POINT('',(12.1950099963866,-5.8805679077969,-1.7256644646086));
#2199=CARTESIAN_POINT('',(11.6852963364622,-5.91706414132173,-1.71492651350162));
#2200=CARTESIAN_POINT('',(12.2024094905514,-5.99066906966596,-1.14879441506015));
#2201=CARTESIAN_POINT('',(12.2150007196047,-6.16348519994892,-1.63134630933648));
#2202=CARTESIAN_POINT('',(11.7037208445396,-6.19628236064534,-1.61948859838078));
#2203=CARTESIAN_POINT('',(12.2109866463731,-6.11342539343842,-1.10073028539092));
#2204=CARTESIAN_POINT('',(12.2241222504678,-6.30142226591141,-1.57785947228916));
#2205=CARTESIAN_POINT('',(11.7122026986204,-6.33234334238309,-1.56561657185977));
#2206=CARTESIAN_POINT('',(12.2103715498504,-6.10463450648293,-1.10416092660577));
#2207=CARTESIAN_POINT('',(12.2087830309489,-6.08196346297684,-1.17368197190272));
#2208=CARTESIAN_POINT('',(12.1879325869736,-6.04343933675849,-1.31340839153367));
#2209=CARTESIAN_POINT('',(12.0782914384128,-6.03632407905601,-1.51235794349371));
#2210=CARTESIAN_POINT('',(11.8919855603174,-6.11532086179605,-1.62207928007988));
#2211=CARTESIAN_POINT('',(11.7661415514753,-6.19613577564016,-1.61729289588505));
#2212=CARTESIAN_POINT('',(11.7060982507843,-6.23576747997768,-1.60261465227807));
#2213=CARTESIAN_POINT('',(11.7060982507843,-6.23576747997766,-1.60261465227803));
#2214=CARTESIAN_POINT('',(11.5794355829263,-4.625,-1.39131913722667));
#2215=CARTESIAN_POINT('',(11.5794355829263,-4.625,-1.89131913722627));
#2216=CARTESIAN_POINT('',(11.5794355829263,-4.625,-1.89131913722667));
#2217=CARTESIAN_POINT('',(11.6051963222867,-4.90130659156782,-1.89131913722667));
#2218=CARTESIAN_POINT('',(11.6517745895337,-5.44530286803606,-1.84259033488846));
#2219=CARTESIAN_POINT('',(11.6895012630844,-5.97675994653763,-1.69854228737292));
#2220=CARTESIAN_POINT('',(11.7060982507843,-6.23576747997766,-1.60261465227803));
#2221=CARTESIAN_POINT('',(12.25736937337,-6.86847890364121,-0.713113825146398));
#2222=CARTESIAN_POINT('',(12.2722986481275,-7.15018055532698,-1.14366175726569));
#2223=CARTESIAN_POINT('',(11.7580700618562,-7.16923156699183,-1.13116193025006));
#2224=CARTESIAN_POINT('',(12.267007996546,-7.05035083732553,-0.595109169968786));
#2225=CARTESIAN_POINT('',(12.2819849146099,-7.35452589108596,-1.01100266807065));
#2226=CARTESIAN_POINT('',(11.7676015891762,-7.37081526619098,-0.998898016212873));
#2227=CARTESIAN_POINT('',(12.2751558193961,-7.22542283745221,-0.461058059612731));
#2228=CARTESIAN_POINT('',(12.289889493555,-7.5509959009397,-0.860136879863314));
#2229=CARTESIAN_POINT('',(11.7756588806486,-7.56486203689839,-0.848648650975407));
#2230=CARTESIAN_POINT('',(12.2818482015058,-7.3869307668306,-0.315937526505263));
#2231=CARTESIAN_POINT('',(12.2961555251573,-7.73221084498816,-0.696590346587207));
#2232=CARTESIAN_POINT('',(11.7822769029453,-7.74387462667793,-0.685992273695354));
#2233=CARTESIAN_POINT('',(11.7613252108294,-7.23899974593001,-1.08447667075839));
#2234=CARTESIAN_POINT('',(11.8296123017462,-7.24504977423215,-1.08034854710913));
#2235=CARTESIAN_POINT('',(11.9643251030957,-7.2427874243381,-1.04858684850922));
#2236=CARTESIAN_POINT('',(12.1360804436171,-7.17237713095028,-0.952215122925944));
#2237=CARTESIAN_POINT('',(12.242166802276,-7.03852087467501,-0.831090434860508));
#2238=CARTESIAN_POINT('',(12.260505062809,-6.9277249503505,-0.750548648837882));
#2239=CARTESIAN_POINT('',(12.2575406490106,-6.87171291908703,-0.711013370876132));
#2240=CARTESIAN_POINT('',(11.7613252108294,-7.23899974593003,-1.08447667075839));
#2241=CARTESIAN_POINT('',(11.7613252108294,-7.23899974593003,-1.08447667075839));
#2242=CARTESIAN_POINT('',(11.7693707769936,-7.41378896256162,-0.96521251813337));
#2243=CARTESIAN_POINT('',(11.776291473937,-7.58222796586265,-0.832590485615078));
#2244=CARTESIAN_POINT('',(11.7821554691973,-7.74059254669648,-0.688971610978275));
#2245=CARTESIAN_POINT('',(11.7821554691973,-7.74059254669648,-0.688971610978273));
#2246=CARTESIAN_POINT('',(11.7821554691973,-7.74059254669648,-0.688971610978267));
#2247=CARTESIAN_POINT('',(11.9169216900727,-7.73775729201472,-0.69154286829198));
#2248=CARTESIAN_POINT('',(12.1137774160572,-7.66975862328427,-0.638030570437131));
#2249=CARTESIAN_POINT('',(12.2594122076196,-7.49658623350812,-0.48698920786486));
#2250=CARTESIAN_POINT('',(12.2822479088412,-7.39595355876025,-0.396239408483319));
#2251=CARTESIAN_POINT('',(12.2801742654129,-7.34696296127228,-0.35138974933746));
#2252=CARTESIAN_POINT('',(12.3204313395545,-4.625,2.74650655269879));
#2253=CARTESIAN_POINT('',(11.7613252108294,-7.23899974593001,-1.0844766707584));
#2254=CARTESIAN_POINT('',(11.6981855715962,-7.23340576617161,-1.088293618214));
#2255=CARTESIAN_POINT('',(11.573518752369,-7.20882002310436,-1.10511900778242));
#2256=CARTESIAN_POINT('',(11.4133224323613,-7.11624498358999,-1.16628704651643));
#2257=CARTESIAN_POINT('',(11.3194801865726,-6.97079221166945,-1.25580997126917));
#2258=CARTESIAN_POINT('',(11.3034705884413,-6.80155765558745,-1.3503757977843));
#2259=CARTESIAN_POINT('',(11.3480001633221,-6.63549708931059,-1.43415728284838));
#2260=CARTESIAN_POINT('',(11.466167992274,-6.43004666475633,-1.52801784925106));
#2261=CARTESIAN_POINT('',(11.6030141588276,-6.30380834727366,-1.5774146150327));
#2262=CARTESIAN_POINT('',(11.7060982507843,-6.23576747997767,-1.60261465227803));
#2263=CARTESIAN_POINT('',(12.3204313395545,-4.625,-1.89131913722627));
#2264=CARTESIAN_POINT('',(10.75,-4.625,-1.89131913722627));
#2265=CARTESIAN_POINT('',(10.75,-4.625,2.74650655269879));
#2266=CARTESIAN_POINT('',(10.75,-7.74062282170982,-0.688944154700974));
#2267=CARTESIAN_POINT('',(12.3204313395545,-7.74062282170982,-0.688944154700971));
#2268=CARTESIAN_POINT('',(11.7792763756266,-7.74062282170982,-0.688944154700974));
#2269=CARTESIAN_POINT('',(11.7821554691973,-7.74059254669648,-0.688971610978267));
#2270=CARTESIAN_POINT('',(11.7811959647936,-7.74061273305576,-0.688953304219351));
#2271=CARTESIAN_POINT('',(11.7802362668804,-7.7406228217084,-0.688944154702257));
#2272=CARTESIAN_POINT('',(11.7792763756266,-7.7406228217084,-0.688944154702256));
#2273=CARTESIAN_POINT('',(12.3204313395545,-13.875,2.74650655269879));
#2274=CARTESIAN_POINT('',(11.7060567818962,-12.2648581418434,-1.6028463102845));
#2275=CARTESIAN_POINT('',(11.6030341432335,-12.1968037176478,-1.57765238362874));
#2276=CARTESIAN_POINT('',(11.466370642512,-12.0706138672765,-1.52829020326634));
#2277=CARTESIAN_POINT('',(11.3482983084096,-11.8653034233621,-1.43454535775463));
#2278=CARTESIAN_POINT('',(11.3038653207863,-11.6990617658328,-1.35069727172168));
#2279=CARTESIAN_POINT('',(11.319771226745,-11.5306065931155,-1.25662188390271));
#2280=CARTESIAN_POINT('',(11.4133350432286,-11.3848801721056,-1.16701016437847));
#2281=CARTESIAN_POINT('',(11.5738054753178,-11.29206356608,-1.10571147677416));
#2282=CARTESIAN_POINT('',(11.6981873970497,-11.2674934453652,-1.08890517119439));
#2283=CARTESIAN_POINT('',(11.7612843549313,-11.2618662211186,-1.08506740375802));
#2284=CARTESIAN_POINT('',(11.7792755512193,-10.7593771782904,-0.688944154700677));
#2285=CARTESIAN_POINT('',(11.7802354522708,-10.7593771782904,-0.688944154700677));
#2286=CARTESIAN_POINT('',(11.7811951599757,-10.7593872671489,-0.68895330440442));
#2287=CARTESIAN_POINT('',(11.7821546741652,-10.7594074539202,-0.68897161153697));
#2288=CARTESIAN_POINT('',(11.7792755512193,-10.7593771782904,-0.688944154700677));
#2289=CARTESIAN_POINT('',(12.3204313395545,-10.7593771782904,-0.68894415470068));
#2290=CARTESIAN_POINT('',(10.75,-10.7593771782904,-0.688944154700677));
#2291=CARTESIAN_POINT('',(10.75,-13.875,2.74650655269879));
#2292=CARTESIAN_POINT('',(10.75,-13.875,-1.89131913722628));
#2293=CARTESIAN_POINT('',(12.3204313395545,-13.875,-1.89131913722627));
#2294=CARTESIAN_POINT('',(10.75,2.10237382539335E-16,0.));
#2295=CARTESIAN_POINT('',(10.75,-5.39170846065629,0.513430827824907));
#2296=CARTESIAN_POINT('',(10.75,-4.59015031317137,10.0441997210032));
#2297=CARTESIAN_POINT('',(10.75,-2.244217727329,9.545116896472));
#2298=CARTESIAN_POINT('',(10.75,-3.99945834824954,5.67450578675424));
#2299=CARTESIAN_POINT('',(10.75,0.134727738846821,6.65990184786819));
#2300=CARTESIAN_POINT('',(10.75,0.134727738846821,6.65990184786819));
#2301=CARTESIAN_POINT('',(10.75,0.13472773884682,0.167347801296369));
#2302=CARTESIAN_POINT('',(10.75,-2.99894405278666,1.02909086179677));
#2303=CARTESIAN_POINT('',(10.75,-2.2841011063329,-2.14131913722628));
#2304=CARTESIAN_POINT('',(10.75,-18.5,-2.14131913722628));
#2305=CARTESIAN_POINT('',(10.75,-9.25,0.263430827824915));
#2306=CARTESIAN_POINT('',(10.75,-9.17451035945227,0.263430827824915));
#2307=CARTESIAN_POINT('',(10.75,-9.02878221351386,0.228628618961495));
#2308=CARTESIAN_POINT('',(10.75,-8.76717146632207,0.0839474612088419));
#2309=CARTESIAN_POINT('',(10.75,-8.48824593898239,-0.163984651117618));
#2310=CARTESIAN_POINT('',(10.75,-8.19438796834185,-0.499175094440729));
#2311=CARTESIAN_POINT('',(10.75,-8.01532036625337,-0.736520676036086));
#2312=CARTESIAN_POINT('',(10.75,-7.92774647989932,-0.856645631793032));
#2313=CARTESIAN_POINT('',(10.75,-9.25,0.263430827824915));
#2314=CARTESIAN_POINT('',(10.75,-10.5722535200995,-0.856645631791422));
#2315=CARTESIAN_POINT('',(10.75,-10.4847734254631,-0.736649329979096));
#2316=CARTESIAN_POINT('',(10.75,-10.3062270356865,-0.49984689284263));
#2317=CARTESIAN_POINT('',(10.75,-10.0115830948363,-0.164045851783454));
#2318=CARTESIAN_POINT('',(10.75,-9.73636732953396,0.0811760521951617));
#2319=CARTESIAN_POINT('',(10.75,-9.47335677877004,0.228064284061321));
#2320=CARTESIAN_POINT('',(10.75,-9.32556112725783,0.263430827824918));
#2321=CARTESIAN_POINT('',(10.75,-9.25,0.263430827824918));
#2322=CARTESIAN_POINT('',(10.75,-18.5,-2.14131913722628));
#2323=CARTESIAN_POINT('',(10.75,-16.2158988936671,-2.14131913722628));
#2324=CARTESIAN_POINT('',(10.75,-15.5010559472133,1.02909086179677));
#2325=CARTESIAN_POINT('',(10.75,-18.6347085750219,0.167278116341612));
#2326=CARTESIAN_POINT('',(10.75,-18.6347085750219,6.65998224539186));
#2327=CARTESIAN_POINT('',(10.75,-18.6347085750219,6.65998224539186));
#2328=CARTESIAN_POINT('',(10.75,-14.5005416517505,5.67450578675425));
#2329=CARTESIAN_POINT('',(10.75,-16.255782272671,9.545116896472));
#2330=CARTESIAN_POINT('',(10.75,-13.1082915393437,0.51343082782493));
#2331=CARTESIAN_POINT('',(10.75,-13.9098496868288,10.0441997210032));
#2332=CARTESIAN_POINT('',(10.75,-13.7533809125022,10.0547785560299));
#2333=CARTESIAN_POINT('',(10.75,-13.5977625761937,10.0652998930445));
#2334=CARTESIAN_POINT('',(10.7500000000001,-9.25,-65.0355107689179));
#2335=CARTESIAN_POINT('',(10.75,-4.90223742380565,10.0652998930444));
#2336=CARTESIAN_POINT('',(10.75,-4.74661908749784,10.0547785560299));
#2337=CARTESIAN_POINT('',(10.75,-5.39170846065629,0.513430827824907));
#2338=CARTESIAN_POINT('',(10.75,-4.60907289715491,9.7949083391291));
#2339=CARTESIAN_POINT('',(10.75,-2.33726162583693,9.31278863117423));
#2340=CARTESIAN_POINT('',(10.75,-4.7634830579844,9.8053479915447));
#2341=CARTESIAN_POINT('',(10.75,-4.91789321881345,9.81578764396027));
#2342=CARTESIAN_POINT('',(10.7500000000001,-9.25,-65.0355107689179));
#2343=CARTESIAN_POINT('',(10.75,-13.5821067811866,9.81578764396027));
#2344=CARTESIAN_POINT('',(10.75,-13.7365169420157,9.80534799154469));
#2345=CARTESIAN_POINT('',(10.75,-13.8909271028453,9.79490833912909));
#2346=CARTESIAN_POINT('',(10.75,-13.1082915393437,0.51343082782493));
#2347=CARTESIAN_POINT('',(10.75,-16.1627383741631,9.31278863117423));
#2348=CARTESIAN_POINT('',(10.75,-14.5005416517505,5.67450578675425));
#2349=CARTESIAN_POINT('',(10.75,-18.363721283791,6.71173436840211));
#2350=CARTESIAN_POINT('',(10.75,-18.363721283791,-30.));
#2351=CARTESIAN_POINT('',(10.75,-18.363721283791,0.131790928242323));
#2352=CARTESIAN_POINT('',(10.75,-15.5010559472133,1.02909086179677));
#2353=CARTESIAN_POINT('',(10.75,-16.1875,-1.89131913722628));
#2354=CARTESIAN_POINT('',(10.75,-18.5,-1.89131913722628));
#2355=CARTESIAN_POINT('',(10.75,-10.7593771782904,-0.688944154700677));
#2356=CARTESIAN_POINT('',(10.75,-10.2562514521936,0.00119257559341723));
#2357=CARTESIAN_POINT('',(10.75,-9.75312572609681,0.513430827824915));
#2358=CARTESIAN_POINT('',(10.75,-9.25,0.513430827824915));
#2359=CARTESIAN_POINT('',(10.75,-9.25,0.513430827824918));
#2360=CARTESIAN_POINT('',(10.75,-9.25,0.513430827824918));
#2361=CARTESIAN_POINT('',(10.75,-8.74687427390281,0.513430827824918));
#2362=CARTESIAN_POINT('',(10.75,-8.24374854780561,0.00119257559263453));
#2363=CARTESIAN_POINT('',(10.75,-7.74062282170841,-0.688944154702251));
#2364=CARTESIAN_POINT('',(10.75,-18.5,-1.89131913722628));
#2365=CARTESIAN_POINT('',(10.75,-2.3125,-1.89131913722628));
#2366=CARTESIAN_POINT('',(10.75,-2.99894405278666,1.02909086179677));
#2367=CARTESIAN_POINT('',(10.75,-0.136259552383918,0.131852069081093));
#2368=CARTESIAN_POINT('',(10.75,-0.136259552383919,-30.));
#2369=CARTESIAN_POINT('',(10.75,-0.136259552383919,6.71166298970007));
#2370=CARTESIAN_POINT('',(10.75,-3.99945834824954,5.67450578675424));
#2371=CARTESIAN_POINT('',(-32.6795575173301,-9.2499904222801,-30.));
#2372=CARTESIAN_POINT('',(11.8557443554255,-1.23947377130928,7.98702583268246));
#2373=CARTESIAN_POINT('',(11.8852074029368,-1.40327665346787,8.17003499532789));
#2374=CARTESIAN_POINT('',(11.9481587757842,-1.7634763087803,8.49658055817818));
#2375=CARTESIAN_POINT('',(12.0165088118983,-2.18784183631317,8.74644859892956));
#2376=CARTESIAN_POINT('',(12.0505747288723,-2.41063671376395,8.84830657377239));
#2377=CARTESIAN_POINT('',(11.8557443554255,-1.23947377130928,7.98702583268246));
#2378=CARTESIAN_POINT('',(12.0505747288723,-2.41063671376395,8.84830657377239));
#2379=CARTESIAN_POINT('',(12.0505747288723,-2.41063671376395,8.84830657377239));
#2380=CARTESIAN_POINT('',(12.1571466128886,-3.10762866197157,9.08414014667009));
#2381=CARTESIAN_POINT('',(12.2510632130686,-3.83244234971158,9.23487802713234));
#2382=CARTESIAN_POINT('',(12.3277062287697,-4.5694242170058,9.29633129628616));
#2383=CARTESIAN_POINT('',(12.3277062287697,-4.5694242170058,9.29633129628617));
#2384=CARTESIAN_POINT('',(-32.6795575173301,-9.2499904222801,9.60753874421914));
#2385=CARTESIAN_POINT('',(12.3586033986771,-4.87671347966804,9.31676273620526));
#2386=CARTESIAN_POINT('',(12.3586033986771,-4.87671347966804,9.31676273620526));
#2387=CARTESIAN_POINT('',(12.4291562352662,-5.60330135623637,9.35809457180911));
#2388=CARTESIAN_POINT('',(12.5350081085153,-7.05843862147385,9.42022298670269));
#2389=CARTESIAN_POINT('',(12.5881431649247,-9.25000021150197,9.45145709051663));
#2390=CARTESIAN_POINT('',(12.5350071606933,-11.4415617775143,9.42022298409303));
#2391=CARTESIAN_POINT('',(12.4291546581344,-12.8966989970469,9.35809457007759));
#2392=CARTESIAN_POINT('',(12.3586015073007,-13.6232868431752,9.31676273620532));
#2393=CARTESIAN_POINT('',(12.3586015073007,-13.6232868431752,9.31676273620533));
#2394=CARTESIAN_POINT('',(-32.6795575173301,-9.2499904222801,9.6075400393161));
#2395=CARTESIAN_POINT('',(12.3277042031057,-13.9305761058389,9.29633129628615));
#2396=CARTESIAN_POINT('',(12.3277042031057,-13.9305761058389,9.29633129628615));
#2397=CARTESIAN_POINT('',(12.251060864362,-14.6675579793007,9.23487802661803));
#2398=CARTESIAN_POINT('',(12.1571439444818,-15.3923716656584,9.0841401450509));
#2399=CARTESIAN_POINT('',(12.0505717505875,-16.0893636090806,8.84830657377239));
#2400=CARTESIAN_POINT('',(12.0505717505875,-16.0893636090806,8.84830657377239));
#2401=CARTESIAN_POINT('',(12.0505717505875,-16.0893636090806,8.84830657377239));
#2402=CARTESIAN_POINT('',(11.9825939645374,-16.5339445778798,8.64505182369156));
#2403=CARTESIAN_POINT('',(11.9145329172655,-16.9336659410962,8.35220554969491));
#2404=CARTESIAN_POINT('',(11.8557443464352,-17.2605071232333,7.98704753881858));
#2405=CARTESIAN_POINT('',(11.8557443464352,-17.2605071232333,7.98704753881859));
#2406=CARTESIAN_POINT('',(11.8557443464352,-17.2605071232333,-30.));
#2407=CARTESIAN_POINT('',(11.8557443464352,-17.2605071232333,-0.869306276675991));
#2408=CARTESIAN_POINT('',(11.8557443464352,-17.2605071232334,-0.869306276675991));
#2409=CARTESIAN_POINT('',(11.8823933345634,-17.1123492983437,-0.99415414030084));
#2410=CARTESIAN_POINT('',(11.9382063661099,-16.7936799819554,-1.20568219535571));
#2411=CARTESIAN_POINT('',(11.9975424123703,-16.4301155289741,-1.3436790793837));
#2412=CARTESIAN_POINT('',(12.0268492337907,-16.2427499145181,-1.39131913722627));
#2413=CARTESIAN_POINT('',(12.0268492337907,-16.2427499145181,-1.39131913722628));
#2414=CARTESIAN_POINT('',(-32.6795575173301,-9.2499904222801,-1.39131913722637));
#2415=CARTESIAN_POINT('',(12.5299497905771,-11.1636097389767,-0.351389749335979));
#2416=CARTESIAN_POINT('',(12.5351128998053,-11.0416306063727,-0.188564059250774));
#2417=CARTESIAN_POINT('',(12.5448605632268,-10.7884719438654,0.130088444116006));
#2418=CARTESIAN_POINT('',(12.5575926911671,-10.3599640518994,0.566655095156374));
#2419=CARTESIAN_POINT('',(12.5658541673491,-9.93987405602832,0.854435464407193));
#2420=CARTESIAN_POINT('',(12.5697431582012,-9.55275441479315,0.989285477852881));
#2421=CARTESIAN_POINT('',(12.5704312993558,-9.35281461873957,1.01343082782492));
#2422=CARTESIAN_POINT('',(12.5704313214846,-9.25000016142231,1.01343082782492));
#2423=CARTESIAN_POINT('',(12.5704313214846,-9.25000016142231,1.01343082782492));
#2424=CARTESIAN_POINT('',(12.5704313214846,-9.25000016142231,1.01343082782492));
#2425=CARTESIAN_POINT('',(12.5704313436215,-9.14714753857291,1.01343082782492));
#2426=CARTESIAN_POINT('',(12.5697397303781,-8.94632861982033,0.989161437412827));
#2427=CARTESIAN_POINT('',(12.5658245599251,-8.55763327246544,0.853396821148002));
#2428=CARTESIAN_POINT('',(12.5574569455267,-8.13460383598361,0.561928180941284));
#2429=CARTESIAN_POINT('',(12.5448197138894,-7.71067892022451,0.12874201858022));
#2430=CARTESIAN_POINT('',(12.5351034972245,-7.45812934245336,-0.188884926144936));
#2431=CARTESIAN_POINT('',(12.5299506150459,-7.33639058386671,-0.35138974933751));
#2432=CARTESIAN_POINT('',(-32.6795575173301,-9.2499904222801,-1.39131913722676));
#2433=CARTESIAN_POINT('',(12.0268522804852,-2.25725040832654,-1.39131913722628));
#2434=CARTESIAN_POINT('',(12.0268522804852,-2.25725040832655,-1.39131913722628));
#2435=CARTESIAN_POINT('',(11.9684495801519,-1.88386672050313,-1.29638165076686));
#2436=CARTESIAN_POINT('',(11.9088439878567,-1.53468670983696,-1.1180614799333));
#2437=CARTESIAN_POINT('',(11.8557443554255,-1.23947377130928,-0.86928990490015));
#2438=CARTESIAN_POINT('',(11.8557443554255,-1.23947377130928,-0.86928990490015));
#2439=CARTESIAN_POINT('',(11.8557443554255,-1.23947377130928,-30.));
#2440=CARTESIAN_POINT('',(12.3268434737567,-13.9388452656768,9.29578148585365));
#2441=CARTESIAN_POINT('',(12.3216654967957,-13.9885465499381,10.0388790355467));
#2442=CARTESIAN_POINT('',(11.5808808423945,-13.9117213318337,10.0440731793094));
#2443=CARTESIAN_POINT('',(12.3379910796812,-13.831843953185,9.30289592541519));
#2444=CARTESIAN_POINT('',(12.3329300554037,-13.8815692584774,10.0461117573667));
#2445=CARTESIAN_POINT('',(11.5918436813203,-13.8064935221952,10.051187618872));
#2446=CARTESIAN_POINT('',(12.3487570955713,-13.7248028858938,9.31001300824674));
#2447=CARTESIAN_POINT('',(12.3438123026965,-13.7745598547243,10.0533466502932));
#2448=CARTESIAN_POINT('',(11.6024312549206,-13.70122661668,10.0583047017022));
#2449=CARTESIAN_POINT('',(12.3591412475877,-13.6177247864486,9.31713255331788));
#2450=CARTESIAN_POINT('',(12.3543121320268,-13.6675211025512,10.0605835274615));
#2451=CARTESIAN_POINT('',(11.6126432938752,-13.5959232928006,10.0654242467736));
#2452=CARTESIAN_POINT('',(11.5823448712528,-13.9099149222428,10.0441942343399));
#2453=CARTESIAN_POINT('',(11.6803180132478,-13.9200394477771,10.043342670193));
#2454=CARTESIAN_POINT('',(11.8732653905545,-13.9370590551398,10.0031706139234));
#2455=CARTESIAN_POINT('',(12.1208406975659,-13.9501467639626,9.83637027243553));
#2456=CARTESIAN_POINT('',(12.2866212201645,-13.9486323754876,9.58956549917114));
#2457=CARTESIAN_POINT('',(12.3269451924799,-13.9378745492823,9.39315803856367));
#2458=CARTESIAN_POINT('',(12.3277042031058,-13.9305761058386,9.29633129628483));
#2459=CARTESIAN_POINT('',(11.5823448712528,-13.9099149222428,10.0441942343399));
#2460=CARTESIAN_POINT('',(11.6124616172173,-13.5977962729813,10.0652976148087));
#2461=CARTESIAN_POINT('',(11.7106365075864,-13.6072889634665,10.0646558151459));
#2462=CARTESIAN_POINT('',(11.903997206801,-13.623560755078,10.0247534433771));
#2463=CARTESIAN_POINT('',(12.1520205953381,-13.6371750895769,9.85790361172624));
#2464=CARTESIAN_POINT('',(12.3179119850445,-13.6377707378668,9.61064702245982));
#2465=CARTESIAN_POINT('',(12.3580159022018,-13.6293176658804,9.41381545143087));
#2466=CARTESIAN_POINT('',(12.3586015073004,-13.6232868431781,9.31676273624241));
#2467=CARTESIAN_POINT('',(11.6124616172173,-13.5977962729813,10.0652976148087));
#2468=CARTESIAN_POINT('',(-32.6795575173301,-9.30058233373977,10.3558317327718));
#2469=CARTESIAN_POINT('',(11.5810757940276,-13.9098496868285,10.0441997210032));
#2470=CARTESIAN_POINT('',(11.5823448712528,-13.9099149222428,10.0441942343399));
#2471=CARTESIAN_POINT('',(11.5819229768038,-13.9098713237521,10.0441979013672));
#2472=CARTESIAN_POINT('',(11.5814999454594,-13.9098496868286,10.0441997210032));
#2473=CARTESIAN_POINT('',(11.5810757940276,-13.9098496868286,10.0441997210032));
#2474=CARTESIAN_POINT('',(12.0434861108906,-16.1355447602555,8.83254212005632));
#2475=CARTESIAN_POINT('',(12.0079924220141,-16.3660833223283,9.50650379134873));
#2476=CARTESIAN_POINT('',(11.302220011563,-16.2692914192544,9.5403977003785));
#2477=CARTESIAN_POINT('',(12.0982603211893,-15.7797753803843,8.9550580675682));
#2478=CARTESIAN_POINT('',(12.0687779941964,-15.9835133426956,9.64505821683754));
#2479=CARTESIAN_POINT('',(11.3560863617929,-15.8896488473905,9.67333827067342));
#2480=CARTESIAN_POINT('',(12.1761791569926,-15.2312269560569,9.1068262112736));
#2481=CARTESIAN_POINT('',(12.1549516029912,-15.3936052999829,9.8172779617398));
#2482=CARTESIAN_POINT('',(11.4327137248675,-15.3042911793061,9.83802004465497));
#2483=CARTESIAN_POINT('',(12.2687450609123,-14.4768440223577,9.24018677064548));
#2484=CARTESIAN_POINT('',(12.2567117522997,-14.5819846296188,9.97075100712252));
#2485=CARTESIAN_POINT('',(11.523745386907,-14.4992868891412,9.98272797189152));
#2486=CARTESIAN_POINT('',(12.3101592673727,-14.1000375378637,9.28258789128665));
#2487=CARTESIAN_POINT('',(12.3020715429665,-14.1756571325966,10.0206380902119));
#2488=CARTESIAN_POINT('',(11.5644731698844,-14.0971955599083,10.0287369141869));
#2489=CARTESIAN_POINT('',(12.3297262671512,-13.9110914854381,9.29793497337865));
#2490=CARTESIAN_POINT('',(12.3234540889077,-13.971657915276,10.03910552429));
#2491=CARTESIAN_POINT('',(11.5837158546712,-13.8955706609042,10.045389847026));
#2492=CARTESIAN_POINT('',(11.3136834726565,-16.2563947584512,9.54483908864044));
#2493=CARTESIAN_POINT('',(11.4078989483095,-16.2685900935957,9.53930643410385));
#2494=CARTESIAN_POINT('',(11.5932091249666,-16.279194998448,9.49497275182618));
#2495=CARTESIAN_POINT('',(11.8332616678433,-16.2527637527532,9.3373191457506));
#2496=CARTESIAN_POINT('',(11.9989095279576,-16.1877092227197,9.11209990296397));
#2497=CARTESIAN_POINT('',(12.0453215217945,-16.1237005879501,8.93545042180042));
#2498=CARTESIAN_POINT('',(12.0505717505875,-16.0893636090806,8.84830657377226));
#2499=CARTESIAN_POINT('',(11.3136834726565,-16.2563947584512,9.54483908864044));
#2500=CARTESIAN_POINT('',(11.3041349802504,-16.255782272671,9.545116896472));
#2501=CARTESIAN_POINT('',(11.4112416389593,-15.4994860057639,9.80868180269737));
#2502=CARTESIAN_POINT('',(11.5056212896791,-14.7114882268852,9.97677467132041));
#2503=CARTESIAN_POINT('',(11.5823448712528,-13.9099149222428,10.0441942343399));
#2504=CARTESIAN_POINT('',(11.3041349802504,-16.255782272671,9.545116896472));
#2505=CARTESIAN_POINT('',(11.3136834726565,-16.2563947584512,9.54483908864044));
#2506=CARTESIAN_POINT('',(11.310516557224,-16.2559848300949,9.54502506073168));
#2507=CARTESIAN_POINT('',(11.3073336011899,-16.2557822726709,9.54511689647201));
#2508=CARTESIAN_POINT('',(11.3041349802504,-16.2557822726709,9.54511689647201));
#2509=CARTESIAN_POINT('',(11.8557443464352,-17.2605071232333,7.98704753881859));
#2510=CARTESIAN_POINT('',(11.7691621240689,-17.7418700056875,8.42446701564134));
#2511=CARTESIAN_POINT('',(11.1175899898274,-17.6907063333749,8.48259219997523));
#2512=CARTESIAN_POINT('',(11.8707293185457,-17.1771966101569,8.08012485866258));
#2513=CARTESIAN_POINT('',(11.7873405239785,-17.645986142246,8.5375594551212));
#2514=CARTESIAN_POINT('',(11.1323265921748,-17.5912202988187,8.59561465977622));
#2515=CARTESIAN_POINT('',(11.902309383609,-16.9988922937985,8.25908686141657));
#2516=CARTESIAN_POINT('',(11.825723332507,-17.4401024706208,8.75597051182633));
#2517=CARTESIAN_POINT('',(11.1633832306141,-17.3782965186318,8.8129256631344));
#2518=CARTESIAN_POINT('',(11.9688250148227,-16.609111130962,8.57479697610708));
#2519=CARTESIAN_POINT('',(11.9068069308091,-16.9871550968013,9.14511128181959));
#2520=CARTESIAN_POINT('',(11.2287963925302,-16.9128356686432,9.19628794525092));
#2521=CARTESIAN_POINT('',(12.0217090448875,-16.2793203129584,8.76438964455362));
#2522=CARTESIAN_POINT('',(11.971151960198,-16.602185820625,9.38160453798155));
#2523=CARTESIAN_POINT('',(11.2808038914985,-16.5190128544672,9.42650761408463));
#2524=CARTESIAN_POINT('',(12.0563837106389,-16.0512441567505,8.86546634667087));
#2525=CARTESIAN_POINT('',(12.0132586447252,-16.334903683286,9.50947457375659));
#2526=CARTESIAN_POINT('',(11.3149038388871,-16.2466535625125,9.54924360951014));
#2527=CARTESIAN_POINT('',(11.1175899898274,-17.1277360954412,7.98704753881859));
#2528=CARTESIAN_POINT('',(11.1175899898274,-17.6907063333749,8.48259219997523));
#2529=CARTESIAN_POINT('',(11.1175899898274,-17.6907063333749,8.48259219997523));
#2530=CARTESIAN_POINT('',(11.1764750419106,-17.2931764151552,8.93421145892057));
#2531=CARTESIAN_POINT('',(11.2451184344144,-16.8033585607382,9.29669816211343));
#2532=CARTESIAN_POINT('',(11.3136834726565,-16.2563947584512,9.54483908864044));
#2533=CARTESIAN_POINT('',(12.0397436995717,-16.1598086966594,-1.4109539681694));
#2534=CARTESIAN_POINT('',(12.0158973087637,-16.3141389396755,-2.11941671165374));
#2535=CARTESIAN_POINT('',(11.2985396291764,-16.2085488976422,-2.14296741715925));
#2536=CARTESIAN_POINT('',(12.0083769741765,-16.3628094103453,-1.36642732557402));
#2537=CARTESIAN_POINT('',(11.9756596777185,-16.5699379619503,-2.05335219366994));
#2538=CARTESIAN_POINT('',(11.2676927944032,-16.4680757758378,-2.08508278181435));
#2539=CARTESIAN_POINT('',(11.9442851643902,-16.7587197606224,-1.22710565514154));
#2540=CARTESIAN_POINT('',(11.8935431637043,-17.0639067659702,-1.85827752552478));
#2541=CARTESIAN_POINT('',(11.2046632800477,-16.9742285640566,-1.90396461018168));
#2542=CARTESIAN_POINT('',(11.8842119203009,-17.1022386815372,-1.00267403386556));
#2543=CARTESIAN_POINT('',(11.816029804133,-17.4900019969078,-1.55638646705325));
#2544=CARTESIAN_POINT('',(11.1455857253249,-17.4134013705715,-1.61220350261788));
#2545=CARTESIAN_POINT('',(11.8557443464352,-17.2605071232333,-0.869306276675994));
#2546=CARTESIAN_POINT('',(11.7795007060848,-17.6843915822461,-1.38000003540776));
#2547=CARTESIAN_POINT('',(11.1175899898274,-17.6157401399095,-1.43882541821783));
#2548=CARTESIAN_POINT('',(11.1175899898274,-17.1277360954412,-0.869306276675996));
#2549=CARTESIAN_POINT('',(11.1175899898274,-17.6157401399095,-1.43882541821783));
#2550=CARTESIAN_POINT('',(11.2974356405588,-16.2178322053294,-2.14088260746147));
#2551=CARTESIAN_POINT('',(11.2666960879764,-16.476178492857,-2.08246682352259));
#2552=CARTESIAN_POINT('',(11.2041646559597,-16.9779254693781,-1.90155184226637));
#2553=CARTESIAN_POINT('',(11.1454529410753,-17.4143610668417,-1.61138116737547));
#2554=CARTESIAN_POINT('',(11.1175899898274,-17.6157401399095,-1.43882541821783));
#2555=CARTESIAN_POINT('',(11.2974356405588,-16.2178322053294,-2.14088260746147));
#2556=CARTESIAN_POINT('',(11.2974356405588,-16.2178322053294,-2.14088260746147));
#2557=CARTESIAN_POINT('',(11.3935078852467,-16.232502860952,-2.13756536277684));
#2558=CARTESIAN_POINT('',(11.5820706565629,-16.2571107958559,-2.09342815382107));
#2559=CARTESIAN_POINT('',(11.8229979966981,-16.2756200581363,-1.92437780572462));
#2560=CARTESIAN_POINT('',(11.9844252105929,-16.2720736116874,-1.67947568897925));
#2561=CARTESIAN_POINT('',(12.0250018028396,-16.2545609884782,-1.48642970398332));
#2562=CARTESIAN_POINT('',(12.0268492337907,-16.2427499145181,-1.39131913722614));
#2563=CARTESIAN_POINT('',(-32.6795575173301,-9.2499904222801,-1.39131913722637));
#2564=CARTESIAN_POINT('',(11.2718375210868,-16.215898893667,-2.14131913722629));
#2565=CARTESIAN_POINT('',(11.2804213804525,-16.215898893667,-2.14131913722629));
#2566=CARTESIAN_POINT('',(11.28895458772,-16.2165371111436,-2.14117544674654));
#2567=CARTESIAN_POINT('',(11.2974356405588,-16.2178322053294,-2.14088260746147));
#2568=CARTESIAN_POINT('',(11.2718375210868,-16.215898893667,-2.14131913722629));
#2569=CARTESIAN_POINT('',(-32.6795575173301,-9.2499904222801,-2.14131913722637));
#2570=CARTESIAN_POINT('',(12.5704313214846,-9.25000016142229,1.01343082782492));
#2571=CARTESIAN_POINT('',(12.5704313214846,-9.25000016142229,0.263430827824914));
#2572=CARTESIAN_POINT('',(11.8204313214846,-9.25,0.26343082782492));
#2573=CARTESIAN_POINT('',(12.5704312983437,-9.35751740649563,1.01343082763095));
#2574=CARTESIAN_POINT('',(12.5704313120824,-9.29362974103426,0.263430814043968));
#2575=CARTESIAN_POINT('',(11.8204312987117,-9.29184752496185,0.26343082782492));
#2576=CARTESIAN_POINT('',(12.5696797104095,-9.56619780886827,0.987072463166454));
#2577=CARTESIAN_POINT('',(12.5705862760031,-9.38163203914556,0.252424000035741));
#2578=CARTESIAN_POINT('',(11.8196921680618,-9.37634094812867,0.253370474278648));
#2579=CARTESIAN_POINT('',(12.5654537596942,-9.96876382539367,0.840545076317763));
#2580=CARTESIAN_POINT('',(12.5708811586627,-9.58655333454841,0.177087796541838));
#2581=CARTESIAN_POINT('',(11.8155362607346,-9.57648117649015,0.182255021284558));
#2582=CARTESIAN_POINT('',(12.5584043963522,-10.3133097409984,0.594956079133789));
#2583=CARTESIAN_POINT('',(12.5697554470943,-9.82207578601471,0.0105883478982656));
#2584=CARTESIAN_POINT('',(11.8086037377025,-9.81092828134304,0.0198812667779226));
#2585=CARTESIAN_POINT('',(12.5499100624027,-10.6185689098144,0.303361739095446));
#2586=CARTESIAN_POINT('',(12.5666505395197,-10.0631614073253,-0.225706125128696));
#2587=CARTESIAN_POINT('',(11.8002501938526,-10.0519136519017,-0.213930331165303));
#2588=CARTESIAN_POINT('',(12.5429748499339,-10.8305190791179,0.0698077143744286));
#2589=CARTESIAN_POINT('',(12.5635015675202,-10.2420843155357,-0.427310986984037));
#2590=CARTESIAN_POINT('',(11.7934299296847,-10.2307043945584,-0.413845237700432));
#2591=CARTESIAN_POINT('',(12.5367661412403,-10.997255502428,-0.134051806752026));
#2592=CARTESIAN_POINT('',(12.5602597415373,-10.3888975469027,-0.610776979867182));
#2593=CARTESIAN_POINT('',(11.7873241277921,-10.37746657656,-0.596173901161887));
#2594=CARTESIAN_POINT('',(12.5315682457313,-11.1257882634857,-0.300437096851372));
#2595=CARTESIAN_POINT('',(12.5573095823945,-10.5052027500858,-0.76457263034529));
#2596=CARTESIAN_POINT('',(11.7822123852653,-10.4936544058367,-0.749108160515222));
#2597=CARTESIAN_POINT('',(12.5288985752877,-11.1885386925593,-0.384793366298149));
#2598=CARTESIAN_POINT('',(12.5557679918134,-10.5619201856052,-0.842471413882375));
#2599=CARTESIAN_POINT('',(11.7795869635207,-10.550361029566,-0.826615738563735));
#2600=CARTESIAN_POINT('',(12.5275345638215,-11.219842061166,-0.427020452838509));
#2601=CARTESIAN_POINT('',(12.5548533788524,-10.5928891667095,-0.884951514278035));
#2602=CARTESIAN_POINT('',(11.7782455599803,-10.5811455576804,-0.868842825103962));
#2603=CARTESIAN_POINT('',(11.8204313214846,-9.25,0.263430827824918));
#2604=CARTESIAN_POINT('',(11.8204312812025,-9.32407306383097,0.263430375485343));
#2605=CARTESIAN_POINT('',(11.818004336651,-9.47210578066671,0.228548357700887));
#2606=CARTESIAN_POINT('',(11.8127993428662,-9.6679886265253,0.119799755241545));
#2607=CARTESIAN_POINT('',(11.8074045896358,-9.84389627050387,-0.0156007669892084));
#2608=CARTESIAN_POINT('',(11.7999814297827,-10.0611017734459,-0.219715554156893));
#2609=CARTESIAN_POINT('',(11.7906551094379,-10.3053858437733,-0.499112044445968));
#2610=CARTESIAN_POINT('',(11.7824305486421,-10.4846790148141,-0.736519827047253));
#2611=CARTESIAN_POINT('',(11.7786321302627,-10.5722535200995,-0.85664563179142));
#2612=CARTESIAN_POINT('',(11.8204313214846,-9.25,0.26343082782492));
#2613=CARTESIAN_POINT('',(11.8204313214846,-9.25,1.01343082782492));
#2614=CARTESIAN_POINT('',(12.5275359929666,-7.28017158181992,-0.42700248446046));
#2615=CARTESIAN_POINT('',(12.5548543374135,-7.90712413531852,-0.884933267908176));
#2616=CARTESIAN_POINT('',(11.7782469654379,-7.91886754168517,-0.868824856725799));
#2617=CARTESIAN_POINT('',(12.5288979541402,-7.31142841867593,-0.384838167531308));
#2618=CARTESIAN_POINT('',(12.5557675689995,-7.93804709481578,-0.842516295276585));
#2619=CARTESIAN_POINT('',(11.7795863526639,-7.94960630929381,-0.826660539795958));
#2620=CARTESIAN_POINT('',(12.5315634503692,-7.37407750554844,-0.3006149597856));
#2621=CARTESIAN_POINT('',(12.5573069145037,-7.99467609097914,-0.764736344006347));
#2622=CARTESIAN_POINT('',(11.7822076693863,-8.00622438067857,-0.749271155942653));
#2623=CARTESIAN_POINT('',(12.536757775038,-7.5025185603645,-0.134344840360907));
#2624=CARTESIAN_POINT('',(12.5602550769557,-8.110897869444,-0.61104721266679));
#2625=CARTESIAN_POINT('',(11.7873159002549,-8.12232863699178,-0.59644310902027));
#2626=CARTESIAN_POINT('',(12.5429358238005,-7.66838340129649,0.0684973306782177));
#2627=CARTESIAN_POINT('',(12.5634818035409,-8.25695977995422,-0.428479519521388));
#2628=CARTESIAN_POINT('',(11.7933915503939,-8.26833916350406,-0.415007356361259));
#2629=CARTESIAN_POINT('',(12.5498405637065,-7.87923300241503,0.300985024586286));
#2630=CARTESIAN_POINT('',(12.5666202268694,-8.43499738763347,-0.227735675582441));
#2631=CARTESIAN_POINT('',(11.8001818470687,-8.44624334069631,-0.215945061391004));
#2632=CARTESIAN_POINT('',(12.5582879695622,-8.1818508003143,0.59090275367988));
#2633=CARTESIAN_POINT('',(12.5697232295202,-8.67433248684268,0.00752524513761467));
#2634=CARTESIAN_POINT('',(11.8084892406389,-8.68548684625068,0.0168649901303993));
#2635=CARTESIAN_POINT('',(12.5654304606719,-8.52931065694912,0.839724452016634));
#2636=CARTESIAN_POINT('',(12.5708843311505,-8.91241446199124,0.17669394272687));
#2637=CARTESIAN_POINT('',(11.8155133478838,-8.92250912850167,0.181888953255053));
#2638=CARTESIAN_POINT('',(12.5696748037412,-8.93281512707727,0.986897061142199));
#2639=CARTESIAN_POINT('',(12.5705867680929,-9.11793536287239,0.252336999149804));
#2640=CARTESIAN_POINT('',(11.8196873427197,-9.12324179606982,0.253288410287802));
#2641=CARTESIAN_POINT('',(12.5704313446422,-9.14240522596672,1.01343082767221));
#2642=CARTESIAN_POINT('',(12.5704313308552,-9.20633905651944,0.26343084157713));
#2643=CARTESIAN_POINT('',(11.8204313442422,-9.20812223663926,0.26343082782492));
#2644=CARTESIAN_POINT('',(12.5704313214846,-9.25000016142229,1.01343082782492));
#2645=CARTESIAN_POINT('',(12.5704313214846,-9.25000016142229,0.263430827824912));
#2646=CARTESIAN_POINT('',(11.8204313214846,-9.25,0.26343082782492));
#2647=CARTESIAN_POINT('',(11.7786329610982,-7.92774647989932,-0.856645631793027));
#2648=CARTESIAN_POINT('',(11.7824279543239,-8.01524288729732,-0.736626953792564));
#2649=CARTESIAN_POINT('',(11.7906494850811,-8.19445397238786,-0.49917850649675));
#2650=CARTESIAN_POINT('',(11.8017764182331,-8.48605343807945,-0.166364093252099));
#2651=CARTESIAN_POINT('',(11.8110334331311,-8.76523660307017,0.0826203170886692));
#2652=CARTESIAN_POINT('',(11.8179908177274,-9.02793905044055,0.228368232196323));
#2653=CARTESIAN_POINT('',(11.8204313627056,-9.1742004119076,0.263430827824923));
#2654=CARTESIAN_POINT('',(11.8204313214846,-9.25,0.263430827824923));
#2655=CARTESIAN_POINT('',(-32.6795575173301,-9.2499904222801,-1.39131913722637));
#2656=CARTESIAN_POINT('',(-32.6795575173301,-9.2499904222801,-2.14131913722637));
#2657=CARTESIAN_POINT('',(11.2718405570508,-2.28410110633295,-2.14131913722628));
#2658=CARTESIAN_POINT('',(11.2974386048344,-2.28216780547644,-2.14088260990484));
#2659=CARTESIAN_POINT('',(11.2889575754561,-2.28346289238861,-2.14117544754059));
#2660=CARTESIAN_POINT('',(11.2804243920918,-2.28410110633294,-2.14131913722628));
#2661=CARTESIAN_POINT('',(11.2718405570508,-2.28410110633295,-2.14131913722628));
#2662=CARTESIAN_POINT('',(11.2974386048344,-2.28216780547644,-2.14088260990484));
#2663=CARTESIAN_POINT('',(11.2974386048344,-2.28216780547644,-2.14088260990484));
#2664=CARTESIAN_POINT('',(11.3935108620656,-2.2674971897513,-2.13756537429417));
#2665=CARTESIAN_POINT('',(11.5820736598253,-2.24288933332232,-2.09342817829565));
#2666=CARTESIAN_POINT('',(11.8230010332832,-2.2243801725943,-1.9243778335735));
#2667=CARTESIAN_POINT('',(11.984428264664,-2.22792668899907,-1.67947570704126));
#2668=CARTESIAN_POINT('',(12.0250048544546,-2.24543933212022,-1.48642970982513));
#2669=CARTESIAN_POINT('',(12.0268522804852,-2.25725040832654,-1.39131913722627));
#2670=CARTESIAN_POINT('',(11.8557443554255,-1.23947377130928,-0.869289904900154));
#2671=CARTESIAN_POINT('',(11.7794999124606,-0.815584847347353,-1.37997864017345));
#2672=CARTESIAN_POINT('',(11.1175899986687,-0.884235021918947,-1.43880413490923));
#2673=CARTESIAN_POINT('',(11.8839406517539,-1.39623401829395,-1.00138944547796));
#2674=CARTESIAN_POINT('',(11.8156788405405,-1.00811091273237,-1.55467757766444));
#2675=CARTESIAN_POINT('',(11.1453189529504,-1.08464563520227,-1.61053353764219));
#2676=CARTESIAN_POINT('',(11.9450989520445,-1.74595748956513,-1.22999899818637));
#2677=CARTESIAN_POINT('',(11.8946014766791,-1.44195278018525,-1.86222053791222));
#2678=CARTESIAN_POINT('',(11.2054635795126,-1.5317506678619,-1.90772595618907));
#2679=CARTESIAN_POINT('',(12.0087431836164,-2.13954348102925,-1.36693611657086));
#2680=CARTESIAN_POINT('',(11.976125542217,-1.9330075462964,-2.05410351930234));
#2681=CARTESIAN_POINT('',(11.2680529340499,-2.03493187254644,-2.08574421008382));
#2682=CARTESIAN_POINT('',(12.0397333308766,-2.34010504360385,-1.41093497538768));
#2683=CARTESIAN_POINT('',(12.0158831105655,-2.18575155140582,-2.11938841690039));
#2684=CARTESIAN_POINT('',(11.2985294323381,-2.2913404105941,-2.14294272654302));
#2685=CARTESIAN_POINT('',(11.1175899986687,-0.884235021918947,-1.43880413490923));
#2686=CARTESIAN_POINT('',(11.1731203101804,-1.28557953965995,-1.7827113421806));
#2687=CARTESIAN_POINT('',(11.2361733038203,-1.76727063235044,-2.02445700988055));
#2688=CARTESIAN_POINT('',(11.2974386048344,-2.28216780547644,-2.14088260990483));
#2689=CARTESIAN_POINT('',(11.1175899986687,-0.884235021918947,-1.43880413490923));
#2690=CARTESIAN_POINT('',(11.1175899986687,-1.37224479827303,-0.869289904900153));
#2691=CARTESIAN_POINT('',(12.0564007831865,-2.44884898518453,8.86550747981459));
#2692=CARTESIAN_POINT('',(12.013278949729,-2.16520592890638,9.50952700461994));
#2693=CARTESIAN_POINT('',(11.3149206284642,-2.25345727827934,9.54929355689895));
#2694=CARTESIAN_POINT('',(12.0213293999141,-2.21815948194022,8.76328042597121));
#2695=CARTESIAN_POINT('',(11.9706931705485,-1.8948776402872,9.38020916773784));
#2696=CARTESIAN_POINT('',(11.2804305390028,-1.97797723331651,9.42516070581312));
#2697=CARTESIAN_POINT('',(11.950461996503,-1.7766320086344,8.50822892284487));
#2698=CARTESIAN_POINT('',(11.8847030203475,-1.38093149371484,9.06301798958164));
#2699=CARTESIAN_POINT('',(11.2107377336961,-1.45072303891644,9.11545530913495));
#2700=CARTESIAN_POINT('',(11.8858094324106,-1.4066236990484,8.17377448998595));
#2701=CARTESIAN_POINT('',(11.8057237410351,-0.950958670720648,8.6519069749881));
#2702=CARTESIAN_POINT('',(11.147156759335,-1.00887412800519,8.70933206927028));
#2703=CARTESIAN_POINT('',(11.8557443554254,-1.23947377130928,7.98702583268247));
#2704=CARTESIAN_POINT('',(11.7691615777068,-0.758107798215139,8.4244408309598));
#2705=CARTESIAN_POINT('',(11.1175899986687,-0.809270466135211,8.48256584252423));
#2706=CARTESIAN_POINT('',(11.3136863888882,-2.24360524505799,9.54483909023246));
#2707=CARTESIAN_POINT('',(11.4079018810802,-2.23140994330229,9.53930645085671));
#2708=CARTESIAN_POINT('',(11.5932120910503,-2.22080510721426,9.49497279033593));
#2709=CARTESIAN_POINT('',(11.8332646692509,-2.24723645184296,9.33731919058704));
#2710=CARTESIAN_POINT('',(11.9989125373301,-2.31229106046918,9.11209993275465));
#2711=CARTESIAN_POINT('',(12.0453245140976,-2.37629972650212,8.93545043124328));
#2712=CARTESIAN_POINT('',(12.0505747288721,-2.41063671376272,8.84830657377577));
#2713=CARTESIAN_POINT('',(11.3136863888882,-2.24360524505799,9.54483909023246));
#2714=CARTESIAN_POINT('',(11.1175899986687,-1.37224479827303,7.98702583268246));
#2715=CARTESIAN_POINT('',(11.1175899986687,-0.809270466135212,8.48256584252422));
#2716=CARTESIAN_POINT('',(11.3136863888882,-2.24360524505799,9.54483909023246));
#2717=CARTESIAN_POINT('',(11.2793266593015,-1.96950661060853,9.42048883402943));
#2718=CARTESIAN_POINT('',(11.210369740119,-1.44825764223804,9.1129063185866));
#2719=CARTESIAN_POINT('',(11.1470993154655,-1.00848632743629,8.70889149583131));
#2720=CARTESIAN_POINT('',(11.1175899986687,-0.809270466135212,8.48256584252422));
#2721=CARTESIAN_POINT('',(11.3022229607126,-2.23070858063758,9.54039770034065));
#2722=CARTESIAN_POINT('',(12.0079955140858,-2.13391693826348,9.50650388259963));
#2723=CARTESIAN_POINT('',(12.0434891097449,-2.36445556248779,8.83254212002145));
#2724=CARTESIAN_POINT('',(11.3560891553967,-2.61035115552464,9.67333827169932));
#2725=CARTESIAN_POINT('',(12.0687809177255,-2.51648693004901,9.64505829999925));
#2726=CARTESIAN_POINT('',(12.0982631618628,-2.72022494521604,8.95505806851209));
#2727=CARTESIAN_POINT('',(11.4327162799827,-3.19570883024568,9.83802004689947));
#2728=CARTESIAN_POINT('',(12.1549542678453,-3.10639499285557,9.81727803136047));
#2729=CARTESIAN_POINT('',(12.1761817551808,-3.2687733757297,9.10682621334213));
#2730=CARTESIAN_POINT('',(11.5237476148936,-4.00071311655488,9.98272797262031));
#2731=CARTESIAN_POINT('',(12.2567140618399,-3.91801567965352,9.97075105262162));
#2732=CARTESIAN_POINT('',(12.2687473264382,-4.02315630583196,9.24018677131758));
#2733=CARTESIAN_POINT('',(11.5644752350782,-4.40280444253212,10.0287369143969));
#2734=CARTESIAN_POINT('',(12.3020736749056,-4.32434318157001,10.020638122887));
#2735=CARTESIAN_POINT('',(12.310161367396,-4.39996278725442,9.28258789147907));
#2736=CARTESIAN_POINT('',(11.5837178384167,-4.60442933949481,10.045389847059));
#2737=CARTESIAN_POINT('',(12.3234561318001,-4.52834240041614,10.0391055503673));
#2738=CARTESIAN_POINT('',(12.3297282843307,-4.58890883778046,9.29793497340902));
#2739=CARTESIAN_POINT('',(11.5823468607948,-4.59008507830055,10.0441942343856));
#2740=CARTESIAN_POINT('',(11.6803200094388,-4.57996059466715,10.0433426737635));
#2741=CARTESIAN_POINT('',(11.8732673999957,-4.56294106994657,10.0031706226233));
#2742=CARTESIAN_POINT('',(12.1208427223094,-4.5498534676975,9.83637028276929));
#2743=CARTESIAN_POINT('',(12.2866232516285,-4.55136792829854,9.58956550599988));
#2744=CARTESIAN_POINT('',(12.3269472212436,-4.56212577267785,9.39315804077997));
#2745=CARTESIAN_POINT('',(12.3277062287696,-4.56942421700532,9.29633129629323));
#2746=CARTESIAN_POINT('',(11.5823468607948,-4.59008507830055,10.0441942343856));
#2747=CARTESIAN_POINT('',(11.3041379238649,-2.24421772732901,9.545116896472));
#2748=CARTESIAN_POINT('',(11.3073365355411,-2.24421772732901,9.545116896472));
#2749=CARTESIAN_POINT('',(11.3105194824458,-2.24401517105637,9.54502506125354));
#2750=CARTESIAN_POINT('',(11.3136863888882,-2.24360524505802,9.54483909023248));
#2751=CARTESIAN_POINT('',(11.3041379238649,-2.24421772732901,9.545116896472));
#2752=CARTESIAN_POINT('',(11.5823468607948,-4.59008507830055,10.0441942343856));
#2753=CARTESIAN_POINT('',(11.5056236029132,-3.78851177926621,9.97677467188382));
#2754=CARTESIAN_POINT('',(11.411244272505,-3.00051399880752,9.8086818042905));
#2755=CARTESIAN_POINT('',(11.3041379238648,-2.24421772732901,9.545116896472));
#2756=CARTESIAN_POINT('',(11.580882838041,-4.58827866816131,10.0440731793091));
#2757=CARTESIAN_POINT('',(12.3216675472041,-4.51145376698632,10.038879056974));
#2758=CARTESIAN_POINT('',(12.3268455030377,-4.56115505716274,9.29578148585331));
#2759=CARTESIAN_POINT('',(11.5918456309616,-4.69350647806794,10.0511876188898));
#2760=CARTESIAN_POINT('',(12.3329320590531,-4.61843105882742,10.0461117788177));
#2761=CARTESIAN_POINT('',(12.3379930621791,-4.66815636992895,9.30289592543278));
#2762=CARTESIAN_POINT('',(11.6024331585623,-4.79877338367979,10.0583047017265));
#2763=CARTESIAN_POINT('',(12.3438142595848,-4.72544046276394,10.0533466717559));
#2764=CARTESIAN_POINT('',(12.3487590313003,-4.7751974373151,9.31001300827088));
#2765=CARTESIAN_POINT('',(11.6126451515435,-4.90407670749154,10.0654242467934));
#2766=CARTESIAN_POINT('',(12.3543140421984,-4.83247921497675,10.0605835489295));
#2767=CARTESIAN_POINT('',(12.359143136565,-4.88227553669303,9.31713255333764));
#2768=CARTESIAN_POINT('',(11.6124634757033,-4.90220372731227,10.0652976148286));
#2769=CARTESIAN_POINT('',(11.7106383720161,-4.89271107893022,10.0646558180123));
#2770=CARTESIAN_POINT('',(11.9039990830338,-4.87643937033339,10.0247534503784));
#2771=CARTESIAN_POINT('',(12.1520224852444,-4.86282514271092,9.85790362000952));
#2772=CARTESIAN_POINT('',(12.3179138811247,-4.86222956636809,9.61064702785703));
#2773=CARTESIAN_POINT('',(12.3580177961806,-4.87068265642747,9.41381545307049));
#2774=CARTESIAN_POINT('',(12.3586033986781,-4.87671347967781,9.31676273607767));
#2775=CARTESIAN_POINT('',(11.6124634757033,-4.90220372731227,10.0652976148286));
#2776=CARTESIAN_POINT('',(11.5810777888558,-4.59015031317137,10.0441997210032));
#2777=CARTESIAN_POINT('',(11.5815019385114,-4.59015031317137,10.0441997210032));
#2778=CARTESIAN_POINT('',(11.5819249680936,-4.59012867642715,10.0441979013822));
#2779=CARTESIAN_POINT('',(11.5823468607948,-4.59008507830044,10.0441942343855));
#2780=CARTESIAN_POINT('',(11.5810777888558,-4.59015031317137,10.0441997210032));
#2781=CARTESIAN_POINT('',(-32.6795575173301,-9.19939851082043,10.3558304376749));
#2782=CARTESIAN_POINT('',(12.3531615824136,-13.6789519706027,9.31357601369025));
#2783=CARTESIAN_POINT('',(12.3489134471983,-13.7221460868222,10.0580310323634));
#2784=CARTESIAN_POINT('',(11.6067627391981,-13.6494053081767,10.0622923576534));
#2785=CARTESIAN_POINT('',(12.4250213498426,-12.9482974625664,9.35567001732054));
#2786=CARTESIAN_POINT('',(12.422228945165,-12.9838915328414,10.1019857905673));
#2787=CARTESIAN_POINT('',(11.6774314604582,-12.9236251553054,10.1048102599645));
#2788=CARTESIAN_POINT('',(12.5064449280378,-11.8466183575607,9.40345725847744));
#2789=CARTESIAN_POINT('',(12.5052044666078,-11.8716650191438,10.1518279917479));
#2790=CARTESIAN_POINT('',(11.7575054762584,-11.829295591279,10.1530787319768));
#2791=CARTESIAN_POINT('',(12.5612144008589,-10.3669945195298,9.43562934440388));
#2792=CARTESIAN_POINT('',(12.5610349055173,-10.3779203604473,10.1853940526057));
#2793=CARTESIAN_POINT('',(11.8113671675367,-10.3595426457507,10.1855747999538));
#2794=CARTESIAN_POINT('',(12.5750396610061,-9.25000021057068,9.44375391066832));
#2795=CARTESIAN_POINT('',(12.5751302654522,-9.2500002105049,10.1938720714152));
#2796=CARTESIAN_POINT('',(11.8249632796687,-9.25000004882062,10.1937811828909));
#2797=CARTESIAN_POINT('',(12.5612148840237,-8.13300589364383,9.43562934578507));
#2798=CARTESIAN_POINT('',(12.5610353934033,-8.12208005221775,10.185394058789));
#2799=CARTESIAN_POINT('',(11.8113676426957,-8.14045744397533,10.1855748013447));
#2800=CARTESIAN_POINT('',(12.5064460511359,-6.65338203078874,9.40345726091639));
#2801=CARTESIAN_POINT('',(12.5052056004063,-6.62833536570954,10.1518280052595));
#2802=CARTESIAN_POINT('',(11.7575065807274,-6.67070447379087,10.1530787344645));
#2803=CARTESIAN_POINT('',(12.4250229493505,-5.55170288956788,9.35567001913577));
#2804=CARTESIAN_POINT('',(12.4222305598495,-5.51610881492129,10.1019858079785));
#2805=CARTESIAN_POINT('',(11.677433033518,-5.57637487378007,10.1048102616899));
#2806=CARTESIAN_POINT('',(12.3531634978767,-4.82104835001291,9.31357601356183));
#2807=CARTESIAN_POINT('',(12.3489153810531,-4.77785422901615,10.0580310508638));
#2808=CARTESIAN_POINT('',(11.6067646229131,-4.85059468960913,10.0622923575237));
#2809=CARTESIAN_POINT('',(11.6117632233398,-4.90223742380681,10.0652998930445));
#2810=CARTESIAN_POINT('',(11.6119971837624,-4.90223742380681,10.0652998930445));
#2811=CARTESIAN_POINT('',(11.612230603747,-4.90222624398068,10.0652991371778));
#2812=CARTESIAN_POINT('',(11.6124634757033,-4.90220372731214,10.0652976148285));
#2813=CARTESIAN_POINT('',(11.6117632233398,-4.90223742380681,10.0652998930445));
#2814=CARTESIAN_POINT('',(11.6117613617339,-13.597762576194,10.0652998930445));
#2815=CARTESIAN_POINT('',(11.8897691572821,-10.7083338351061,10.232575719182));
#2816=CARTESIAN_POINT('',(11.8897697814465,-7.79166628365199,10.2325757260572));
#2817=CARTESIAN_POINT('',(11.6117632233398,-4.90223742380681,10.0652998930445));
#2818=CARTESIAN_POINT('',(11.6117613617339,-13.597762576194,10.0652998930445));
#2819=CARTESIAN_POINT('',(11.6124616172173,-13.5977962729813,10.0652976148087));
#2820=CARTESIAN_POINT('',(11.6122287442283,-13.5977737561116,10.0652991371716));
#2821=CARTESIAN_POINT('',(11.6119953232034,-13.5977625761947,10.0652998930444));
#2822=CARTESIAN_POINT('',(11.6117613617338,-13.5977625761947,10.0652998930444));
#2823=CARTESIAN_POINT('',(11.8730200547578,-17.4055691869946,7.07533102008171));
#2824=CARTESIAN_POINT('',(12.2752647013443,-18.3184581160623,7.55143636282245));
#2825=CARTESIAN_POINT('',(11.186692823118,-18.3952935002153,7.37550785579474));
#2826=CARTESIAN_POINT('',(11.8651584875158,-17.3877274636522,7.23873842840168));
#2827=CARTESIAN_POINT('',(12.1607937198181,-18.240968396514,7.70577446607635));
#2828=CARTESIAN_POINT('',(11.1552465540084,-18.3086337011951,7.57393113732057));
#2829=CARTESIAN_POINT('',(11.8514760454352,-17.3451579828387,7.55947559917407));
#2830=CARTESIAN_POINT('',(11.9544565013905,-18.0715952625319,7.99855789091634));
#2831=CARTESIAN_POINT('',(11.100516785724,-18.1018676513788,7.96339770182352));
#2832=CARTESIAN_POINT('',(11.8503274781758,-17.2906227664675,7.85019439778753));
#2833=CARTESIAN_POINT('',(11.8119327734498,-17.8553054393429,8.28925621094509));
#2834=CARTESIAN_POINT('',(11.0959225171384,-17.8369823148846,8.31641338589553));
#2835=CARTESIAN_POINT('',(11.8557443464352,-17.2605071232333,7.98704753881859));
#2836=CARTESIAN_POINT('',(11.7691621240689,-17.7418700056875,8.42446701564135));
#2837=CARTESIAN_POINT('',(11.1175899898274,-17.6907063333749,8.48259219997523));
#2838=CARTESIAN_POINT('',(11.1855693608744,-18.3921856932295,7.38260609247995));
#2839=CARTESIAN_POINT('',(11.245320681766,-18.3466709433665,7.48630445522265));
#2840=CARTESIAN_POINT('',(11.3814207663716,-18.2310077145184,7.67010578162953));
#2841=CARTESIAN_POINT('',(11.5950906551171,-17.9718624710465,7.85850748605868));
#2842=CARTESIAN_POINT('',(11.7681931095946,-17.6418919464174,7.95482964929642));
#2843=CARTESIAN_POINT('',(11.8354449977642,-17.3916809345404,7.96439689213745));
#2844=CARTESIAN_POINT('',(11.8547140896189,-17.2666770077922,7.95870463623814));
#2845=CARTESIAN_POINT('',(11.8547140896189,-17.2666770077922,7.95870463623814));
#2846=CARTESIAN_POINT('',(11.1855693608744,-18.3921856932295,7.38260609247995));
#2847=CARTESIAN_POINT('',(11.8547140896189,-17.2666770077922,7.95870463623814));
#2848=CARTESIAN_POINT('',(11.8550278810156,-17.2646413562386,7.9681579137273));
#2849=CARTESIAN_POINT('',(11.8553706196211,-17.2625848963784,7.97760560929312));
#2850=CARTESIAN_POINT('',(11.8557443464352,-17.2605071232333,7.98704753881859));
#2851=CARTESIAN_POINT('',(11.1855693608744,-18.3921856932295,7.38260609247995));
#2852=CARTESIAN_POINT('',(11.1540765013138,-18.3047358780345,7.58184705689602));
#2853=CARTESIAN_POINT('',(11.1002248560809,-18.0981952316163,7.96856282894551));
#2854=CARTESIAN_POINT('',(11.0961217578988,-17.8356372484538,8.31794146686973));
#2855=CARTESIAN_POINT('',(11.1175899898274,-17.6907063333749,8.48259219997524));
#2856=CARTESIAN_POINT('',(12.1017957986378,-17.3047641324974,-30.));
#2857=CARTESIAN_POINT('',(11.8547140896189,-17.2666770077922,-0.847877754329821));
#2858=CARTESIAN_POINT('',(11.8550273325781,-17.2646449141045,-0.855029110119563));
#2859=CARTESIAN_POINT('',(11.8553699546918,-17.262588593122,-0.862172077664751));
#2860=CARTESIAN_POINT('',(11.8557443464352,-17.2605071232333,-0.869306276675988));
#2861=CARTESIAN_POINT('',(11.8547140896189,-17.2666770077922,-0.847877754329821));
#2862=CARTESIAN_POINT('',(11.8547140896189,-17.2666770077922,-30.));
#2863=CARTESIAN_POINT('',(11.1936951928101,-18.3902542690957,-0.459207850435556));
#2864=CARTESIAN_POINT('',(12.2786662201614,-18.2853351526517,-0.662884795575646));
#2865=CARTESIAN_POINT('',(11.8747706471808,-17.4094521480768,-0.115754301458865));
#2866=CARTESIAN_POINT('',(11.1603012878905,-18.2961113713183,-0.641965182710202));
#2867=CARTESIAN_POINT('',(12.1601566255381,-18.2014676445779,-0.795865131078806));
#2868=CARTESIAN_POINT('',(11.8664221710016,-17.3913477446403,-0.256336864758294));
#2869=CARTESIAN_POINT('',(11.1011403165861,-18.0676263078868,-0.997754979092421));
#2870=CARTESIAN_POINT('',(11.9493183377173,-18.019602151833,-1.04275129714697));
#2871=CARTESIAN_POINT('',(11.8516319281595,-17.3474083094075,-0.530021323517832));
#2872=CARTESIAN_POINT('',(11.0952613996345,-17.7771197029454,-1.30054406169861));
#2873=CARTESIAN_POINT('',(11.8160947123243,-17.7980361463356,-1.27457647223704));
#2874=CARTESIAN_POINT('',(11.8501621987669,-17.2915416545547,-0.762936002388759));
#2875=CARTESIAN_POINT('',(11.1175899898274,-17.6157401399095,-1.43882541821783));
#2876=CARTESIAN_POINT('',(11.7795007060848,-17.6843915822461,-1.38000003540776));
#2877=CARTESIAN_POINT('',(11.8557443464352,-17.2605071232333,-0.869306276675996));
#2878=CARTESIAN_POINT('',(11.1925019131824,-18.3868775349267,-0.465744836160636));
#2879=CARTESIAN_POINT('',(11.2554889128617,-18.3383995378343,-0.55933294803764));
#2880=CARTESIAN_POINT('',(11.3961441078529,-18.2166398176383,-0.718045709553384));
#2881=CARTESIAN_POINT('',(11.6099350440584,-17.9492093100691,-0.86167542216952));
#2882=CARTESIAN_POINT('',(11.7750811194929,-17.6214979553847,-0.90586409401575));
#2883=CARTESIAN_POINT('',(11.836783158038,-17.3829999188445,-0.875630495568026));
#2884=CARTESIAN_POINT('',(11.8547140896189,-17.2666770077922,-0.847877754329818));
#2885=CARTESIAN_POINT('',(11.1925019131824,-18.3868775349267,-0.465744836160636));
#2886=CARTESIAN_POINT('',(11.1175899898274,-17.6157401399095,-1.43882541821783));
#2887=CARTESIAN_POINT('',(11.0955151386352,-17.7752858043888,-1.30211547492688));
#2888=CARTESIAN_POINT('',(11.1007963306348,-18.0632822931729,-1.00252278206854));
#2889=CARTESIAN_POINT('',(11.1588607979424,-18.2913203527136,-0.650220614781887));
#2890=CARTESIAN_POINT('',(11.1925019131824,-18.3868775349267,-0.465744836160639));
#2891=CARTESIAN_POINT('',(11.874770254811,-1.09052961723868,-0.115723972021079));
#2892=CARTESIAN_POINT('',(12.2786657148021,-0.214638025846047,-0.662839554367531));
#2893=CARTESIAN_POINT('',(11.1936935962109,-0.109725420751811,-0.459168422166434));
#2894=CARTESIAN_POINT('',(11.8664220058003,-1.10863371058879,-0.256308840102395));
#2895=CARTESIAN_POINT('',(12.1601573657181,-0.298505732715721,-0.795825702296818));
#2896=CARTESIAN_POINT('',(11.1603005999619,-0.203866706080872,-0.641928750657123));
#2897=CARTESIAN_POINT('',(11.8516319664374,-1.15257264174259,-0.529997918278157));
#2898=CARTESIAN_POINT('',(11.9493194255626,-0.480371754880156,-1.0427203541974));
#2899=CARTESIAN_POINT('',(11.1011404425524,-0.432349148297867,-0.9977245522883));
#2900=CARTESIAN_POINT('',(11.8501622118449,-1.20843926251427,-0.762917541102179));
#2901=CARTESIAN_POINT('',(11.8160943620086,-0.701939518239834,-1.27455238115429));
#2902=CARTESIAN_POINT('',(11.0952614248804,-0.722855576025029,-1.30052006201156));
#2903=CARTESIAN_POINT('',(11.8557443554255,-1.23947377130928,-0.86928990490015));
#2904=CARTESIAN_POINT('',(11.7794999124606,-0.815584847347352,-1.37997864017345));
#2905=CARTESIAN_POINT('',(11.1175899986687,-0.884235021918943,-1.43880413490923));
#2906=CARTESIAN_POINT('',(11.192500348918,-0.113102097311943,-0.465705514978959));
#2907=CARTESIAN_POINT('',(11.1588601410097,-0.208657656936818,-0.650184315790036));
#2908=CARTESIAN_POINT('',(11.1007964323173,-0.436693338360551,-1.00249268111159));
#2909=CARTESIAN_POINT('',(11.0955151594681,-0.724689443081042,-1.30209148025663));
#2910=CARTESIAN_POINT('',(11.1175899986687,-0.884235021918947,-1.43880413490923));
#2911=CARTESIAN_POINT('',(11.192500348918,-0.113102097311943,-0.465705514978959));
#2912=CARTESIAN_POINT('',(11.192500348918,-0.113102097311943,-0.465705514978959));
#2913=CARTESIAN_POINT('',(11.2554866227665,-0.161579422637266,-0.559295452368808));
#2914=CARTESIAN_POINT('',(11.3961410305972,-0.283337917497991,-0.718012419548045));
#2915=CARTESIAN_POINT('',(11.609932566939,-0.55076755296628,-0.861648452917435));
#2916=CARTESIAN_POINT('',(11.7750802371244,-0.878480067471469,-0.905842753482074));
#2917=CARTESIAN_POINT('',(11.8367829956272,-1.1169798408053,-0.875612267732986));
#2918=CARTESIAN_POINT('',(11.8547140975289,-1.23330387969595,-0.847860919592877));
#2919=CARTESIAN_POINT('',(11.8547140975288,-1.23330387969594,-0.847860919592872));
#2920=CARTESIAN_POINT('',(11.8557443554255,-1.23947377130928,-0.86928990490015));
#2921=CARTESIAN_POINT('',(11.8553699632078,-1.23739229877031,-0.862155551483101));
#2922=CARTESIAN_POINT('',(11.855027340743,-1.23533597543816,-0.855012429619187));
#2923=CARTESIAN_POINT('',(11.8547140975288,-1.23330387969594,-0.847860919592872));
#2924=CARTESIAN_POINT('',(12.1017958076778,-1.19521676232136,-30.));
#2925=CARTESIAN_POINT('',(11.8547140975289,-1.23330387969594,-30.));
#2926=CARTESIAN_POINT('',(11.8547140975289,-1.23330387969594,7.95868242156864));
#2927=CARTESIAN_POINT('',(11.8547140975289,-1.23330387969594,7.95868242156864));
#2928=CARTESIAN_POINT('',(11.855027889174,-1.23533953326204,7.96813586855186));
#2929=CARTESIAN_POINT('',(11.8553706281295,-1.23739599547165,7.97758373362861));
#2930=CARTESIAN_POINT('',(11.8557443554255,-1.23947377130928,7.98702583268247));
#2931=CARTESIAN_POINT('',(11.1866916645474,-0.104686518356133,7.37546210396782));
#2932=CARTESIAN_POINT('',(12.2752640120527,-0.18151719945449,7.5513854768288));
#2933=CARTESIAN_POINT('',(11.8730197718951,-1.09441237029594,7.0752933421066));
#2934=CARTESIAN_POINT('',(11.1552461068793,-0.191345036847451,7.57388880853669));
#2935=CARTESIAN_POINT('',(12.1607941639479,-0.259006981368517,7.70572928190576));
#2936=CARTESIAN_POINT('',(11.8651583825151,-1.11225382999802,7.23870356940284));
#2937=CARTESIAN_POINT('',(11.1005169269155,-0.398109205145331,7.96336198928402));
#2938=CARTESIAN_POINT('',(11.9544573624126,-0.428380492345442,7.99852143574857));
#2939=CARTESIAN_POINT('',(11.851476087513,-1.15482292344304,7.55944618883902));
#2940=CARTESIAN_POINT('',(11.0959224918103,-0.662994252962182,8.31638399689478));
#2941=CARTESIAN_POINT('',(11.8119326032724,-0.644671528350879,8.289226863253));
#2942=CARTESIAN_POINT('',(11.8503274786221,-1.20935808037995,7.85017019509817));
#2943=CARTESIAN_POINT('',(11.1175899986687,-0.809270466135218,8.48256584252423));
#2944=CARTESIAN_POINT('',(11.7691615777068,-0.758107798215144,8.4244408309598));
#2945=CARTESIAN_POINT('',(11.8557443554255,-1.23947377130928,7.98702583268247));
#2946=CARTESIAN_POINT('',(11.1175899986687,-0.809270466135212,8.48256584252422));
#2947=CARTESIAN_POINT('',(11.0961217303723,-0.66433930460528,8.31791208652513));
#2948=CARTESIAN_POINT('',(11.1002249961407,-0.401781580541747,7.96852715839854));
#2949=CARTESIAN_POINT('',(11.1540760845947,-0.195242784268838,7.58180478933936));
#2950=CARTESIAN_POINT('',(11.1855682275828,-0.107794279676399,7.38256046309712));
#2951=CARTESIAN_POINT('',(11.1855682275828,-0.107794279676399,7.38256046309712));
#2952=CARTESIAN_POINT('',(11.1855682275828,-0.107794279676399,7.38256046309712));
#2953=CARTESIAN_POINT('',(11.2453188298692,-0.15330840528628,7.48626070741701));
#2954=CARTESIAN_POINT('',(11.3814180106822,-0.268970437440201,7.6700663918096));
#2955=CARTESIAN_POINT('',(11.5950882479146,-0.528114659051209,7.85847464938523));
#2956=CARTESIAN_POINT('',(11.7681922291612,-0.85808618034891,7.9548027671361));
#2957=CARTESIAN_POINT('',(11.8354448465434,-1.10829889599115,7.96437323580274));
#2958=CARTESIAN_POINT('',(11.8547140975289,-1.23330387969594,7.95868242156865));
#2959=CARTESIAN_POINT('',(12.3204313395546,-9.25,-65.0355107689179));
#2960=CARTESIAN_POINT('',(11.6117632233398,-4.90223742380681,10.0652998930445));
#2961=CARTESIAN_POINT('',(11.6117613617339,-13.597762576194,10.0652998930445));
#2962=CARTESIAN_POINT('',(12.3204313395545,-4.74661908749784,10.0547785560299));
#2963=CARTESIAN_POINT('',(11.5810777888558,-4.59015031317137,10.0441997210032));
#2964=CARTESIAN_POINT('',(12.3204313395545,-5.39170846065629,0.51343082782491));
#2965=CARTESIAN_POINT('',(11.3041379238649,-2.24421772732901,9.545116896472));
#2966=CARTESIAN_POINT('',(10.1251421264891,-1.49991370131768,-30.));
#2967=CARTESIAN_POINT('',(10.75,0.134727738846821,6.65990184786819));
#2968=CARTESIAN_POINT('',(10.9022745734773,0.0765192756114588,6.90411291015603));
#2969=CARTESIAN_POINT('',(11.0485067682319,-0.00338976761351637,7.14468324884892));
#2970=CARTESIAN_POINT('',(11.1855682275828,-0.1077942796764,7.38256046309711));
#2971=CARTESIAN_POINT('',(11.192500348918,-0.113102097311943,-0.465705514978959));
#2972=CARTESIAN_POINT('',(11.0531458808918,-0.0058480645000206,-0.258641735195028));
#2973=CARTESIAN_POINT('',(10.9047590425298,0.0755695627198209,-0.0477770036147717));
#2974=CARTESIAN_POINT('',(10.75,0.134727738846827,0.16734780129638));
#2975=CARTESIAN_POINT('',(12.3204313395545,-3.99945834824954,5.67450578675425));
#2976=CARTESIAN_POINT('',(12.3204313395545,-2.99894405278666,1.02909086179677));
#2977=CARTESIAN_POINT('',(11.2718405570508,-2.28410110633295,-2.14131913722628));
#2978=CARTESIAN_POINT('',(12.3204313395545,-18.5,-2.14131913722627));
#2979=CARTESIAN_POINT('',(11.8268539498241,-9.25,0.263430827824918));
#2980=CARTESIAN_POINT('',(10.75,-9.25,0.263430827824916));
#2981=CARTESIAN_POINT('',(11.8268539498241,-9.16581743618038,0.263430827824918));
#2982=CARTESIAN_POINT('',(10.75,-9.16581743618038,0.263430827824916));
#2983=CARTESIAN_POINT('',(11.8268539498241,-8.98565710077356,0.221234537290964));
#2984=CARTESIAN_POINT('',(10.75,-8.98565710077356,0.221234537290962));
#2985=CARTESIAN_POINT('',(11.8268539498241,-8.65502472392516,-0.000931174203952294));
#2986=CARTESIAN_POINT('',(10.75,-8.65502472392516,-0.000931174203954267));
#2987=CARTESIAN_POINT('',(11.8268539498241,-8.35805830445585,-0.30636148286857));
#2988=CARTESIAN_POINT('',(10.75,-8.35805830445585,-0.306361482868572));
#2989=CARTESIAN_POINT('',(11.8268539498241,-8.11315623287679,-0.606358498077804));
#2990=CARTESIAN_POINT('',(10.75,-8.11315623287679,-0.606358498077806));
#2991=CARTESIAN_POINT('',(11.8268539498241,-7.99125769630147,-0.769527400799657));
#2992=CARTESIAN_POINT('',(10.75,-7.99125769630147,-0.769527400799659));
#2993=CARTESIAN_POINT('',(11.8268539498241,-7.92774647989932,-0.85664563179303));
#2994=CARTESIAN_POINT('',(10.75,-7.92774647989932,-0.856645631793032));
#2995=CARTESIAN_POINT('',(12.3204313395545,-9.25,0.26343082782492));
#2996=CARTESIAN_POINT('',(11.8268539094135,-10.5722535200995,-0.856645631791425));
#2997=CARTESIAN_POINT('',(10.75,-10.5722535200995,-0.856645631791427));
#2998=CARTESIAN_POINT('',(11.8268539094135,-10.5087423036983,-0.769527400799288));
#2999=CARTESIAN_POINT('',(10.75,-10.5087423036983,-0.76952740079929));
#3000=CARTESIAN_POINT('',(11.8268539094135,-10.3868437671219,-0.60635849807616));
#3001=CARTESIAN_POINT('',(10.75,-10.3868437671219,-0.606358498076162));
#3002=CARTESIAN_POINT('',(11.8268539094135,-10.1419416955436,-0.306361482868016));
#3003=CARTESIAN_POINT('',(10.75,-10.1419416955436,-0.306361482868018));
#3004=CARTESIAN_POINT('',(11.8268539094135,-9.84497527607429,-0.000931174203460707));
#3005=CARTESIAN_POINT('',(10.75,-9.84497527607429,-0.000931174203462679));
#3006=CARTESIAN_POINT('',(11.8268539094135,-9.51434289922627,0.221234537291001));
#3007=CARTESIAN_POINT('',(10.75,-9.51434289922627,0.221234537290999));
#3008=CARTESIAN_POINT('',(11.8268539094135,-9.33418256381957,0.263430827824918));
#3009=CARTESIAN_POINT('',(10.75,-9.33418256381957,0.263430827824916));
#3010=CARTESIAN_POINT('',(11.8268539094135,-9.25,0.263430827824917));
#3011=CARTESIAN_POINT('',(10.75,-9.25,0.263430827824915));
#3012=CARTESIAN_POINT('',(12.3204313395545,-18.5,-2.14131913722627));
#3013=CARTESIAN_POINT('',(11.2718375210868,-16.215898893667,-2.14131913722629));
#3014=CARTESIAN_POINT('',(10.1251421264868,-17.0000671348557,-30.));
#3015=CARTESIAN_POINT('',(10.75,-18.6347085750219,6.65998224539186));
#3016=CARTESIAN_POINT('',(10.902278842198,-18.5764984800256,6.90417909781267));
#3017=CARTESIAN_POINT('',(11.0485095621513,-18.4965891166531,7.14473893718811));
#3018=CARTESIAN_POINT('',(11.1855693608744,-18.3921856932295,7.38260609247995));
#3019=CARTESIAN_POINT('',(11.1925019131824,-18.3868775349267,-0.465744836160636));
#3020=CARTESIAN_POINT('',(11.0531488485611,-18.4941307379037,-0.258689566524246));
#3021=CARTESIAN_POINT('',(10.9047632121263,-18.5755488050251,-0.0478337739018245));
#3022=CARTESIAN_POINT('',(10.75,-18.6347085750219,0.167278116341623));
#3023=CARTESIAN_POINT('',(12.3204313395545,-15.5010559472133,1.02909086179677));
#3024=CARTESIAN_POINT('',(12.3204313395545,-14.5005416517505,5.67450578675425));
#3025=CARTESIAN_POINT('',(11.3041349802504,-16.255782272671,9.545116896472));
#3026=CARTESIAN_POINT('',(12.3204313395545,-13.1082915393437,0.513430827824932));
#3027=CARTESIAN_POINT('',(11.5810757940276,-13.9098496868285,10.0441997210032));
#3028=CARTESIAN_POINT('',(12.3204313395545,-13.7533809125022,10.0547785560299));
#3029=CARTESIAN_POINT('',(12.0784081500096,-13.9108385012006,9.29592198816891));
#3030=CARTESIAN_POINT('',(12.0749576934297,-13.9439731184479,9.79132190438963));
#3031=CARTESIAN_POINT('',(11.5810972970263,-13.8927792284522,9.7947831171394));
#3032=CARTESIAN_POINT('',(12.0893735533252,-13.8055381059043,9.30296223136387));
#3033=CARTESIAN_POINT('',(12.0860005306317,-13.8386859005952,9.79844036053259));
#3034=CARTESIAN_POINT('',(11.5919408625101,-13.7886488378383,9.8018233603337));
#3035=CARTESIAN_POINT('',(12.099967350632,-13.7001990136184,9.31000506178653));
#3036=CARTESIAN_POINT('',(12.0966709892634,-13.7333676910984,9.80556091202308));
#3037=CARTESIAN_POINT('',(11.6024169509136,-13.6844801801993,9.80886619075696));
#3038=CARTESIAN_POINT('',(12.1101892780677,-13.5948238480509,9.31705030402066));
#3039=CARTESIAN_POINT('',(12.1069689703702,-13.6280211544231,9.81268337870405));
#3040=CARTESIAN_POINT('',(11.6125253013517,-13.5802758500973,9.81591143299116));
#3041=CARTESIAN_POINT('',(11.582147324214,-13.8909711614109,9.79490462390403));
#3042=CARTESIAN_POINT('',(11.7127779984201,-13.9044699638993,9.79376630925033));
#3043=CARTESIAN_POINT('',(11.9041234894402,-13.9181330761292,9.71164389617));
#3044=CARTESIAN_POINT('',(12.0516967247681,-13.9167534327687,9.49171669031625));
#3045=CARTESIAN_POINT('',(12.0785392174471,-13.9095822612019,9.36088361650765));
#3046=CARTESIAN_POINT('',(12.0790452372397,-13.904716510049,9.29633129629577));
#3047=CARTESIAN_POINT('',(11.582147324214,-13.8909711614109,9.79490462390403));
#3048=CARTESIAN_POINT('',(11.582147324214,-13.8909711614109,9.79490462390403));
#3049=CARTESIAN_POINT('',(11.5818623562439,-13.8909417140673,9.79490710711265));
#3050=CARTESIAN_POINT('',(11.581576620297,-13.890927102845,9.7949083391291));
#3051=CARTESIAN_POINT('',(11.5812901280161,-13.890927102845,9.7949083391291));
#3052=CARTESIAN_POINT('',(11.5812901280161,-13.8909271028453,9.79490833912909));
#3053=CARTESIAN_POINT('',(-32.6795575173301,-9.28371836325321,10.1064011682866));
#3054=CARTESIAN_POINT('',(11.6123454697782,-13.5821292830365,9.8157861226129));
#3055=CARTESIAN_POINT('',(11.6123454697782,-13.5821292830365,9.8157861226129));
#3056=CARTESIAN_POINT('',(11.7432476531093,-13.5947864493893,9.81493037311701));
#3057=CARTESIAN_POINT('',(11.9350133602609,-13.6082615838918,9.7329183575321));
#3058=CARTESIAN_POINT('',(12.0826865953106,-13.6087780023191,9.51257908628925));
#3059=CARTESIAN_POINT('',(12.1093814146179,-13.6031457332741,9.38146792768527));
#3060=CARTESIAN_POINT('',(12.1097718380538,-13.5991249785432,9.31676273629357));
#3061=CARTESIAN_POINT('',(11.7979936254386,-16.0871272379312,8.83612796607248));
#3062=CARTESIAN_POINT('',(11.7744437183135,-16.2403261904761,9.28573774817251));
#3063=CARTESIAN_POINT('',(11.3037984901678,-16.1758249347796,9.30823509432157));
#3064=CARTESIAN_POINT('',(11.8520936071231,-15.7351912204027,8.95751556815246));
#3065=CARTESIAN_POINT('',(11.8325957991335,-15.8701353237391,9.41789409496445));
#3066=CARTESIAN_POINT('',(11.3572973607774,-15.8080574761158,9.43650843924448));
#3067=CARTESIAN_POINT('',(11.9290706904439,-15.1925921445558,9.1079597447264));
#3068=CARTESIAN_POINT('',(11.9150570827047,-15.2998537333293,9.58184595742815));
#3069=CARTESIAN_POINT('',(11.4334191429817,-15.2410501985272,9.59548660028707));
#3070=CARTESIAN_POINT('',(12.0205429234506,-14.4467191184497,9.24029732574052));
#3071=CARTESIAN_POINT('',(12.0125600477656,-14.5164782014716,9.72739362364928));
#3072=CARTESIAN_POINT('',(11.5238750175893,-14.461624923405,9.73533106450666));
#3073=CARTESIAN_POINT('',(12.0614941857722,-14.0741548502405,9.28247119867154));
#3074=CARTESIAN_POINT('',(12.0561032838709,-14.1245422132218,9.77449749769783));
#3075=CARTESIAN_POINT('',(11.564371265768,-14.0723012756979,9.7798972611811));
#3076=CARTESIAN_POINT('',(12.080848930484,-13.8873398936932,9.297771368355));
#3077=CARTESIAN_POINT('',(12.0766543994137,-13.9278261491978,9.79186274301104));
#3078=CARTESIAN_POINT('',(11.583510957711,-13.8770826609931,9.79606533691637));
#3079=CARTESIAN_POINT('',(11.3123434256623,-16.1631636583646,9.31259430452321));
#3080=CARTESIAN_POINT('',(11.4379371819098,-16.1793951050232,9.3051764640056));
#3081=CARTESIAN_POINT('',(11.6835320038173,-16.1742378193206,9.19859794781846));
#3082=CARTESIAN_POINT('',(11.7964451724559,-16.0973493526634,8.96447320848557));
#3083=CARTESIAN_POINT('',(11.8034439036213,-16.0515770075681,8.84830657377235));
#3084=CARTESIAN_POINT('',(11.3123434256623,-16.1631636583646,9.31259430452321));
#3085=CARTESIAN_POINT('',(11.3123434256623,-16.1631636583646,9.31259430452321));
#3086=CARTESIAN_POINT('',(11.3101401488498,-16.1628789119638,9.31272443484577));
#3087=CARTESIAN_POINT('',(11.307925711106,-16.1627383741631,9.31278863117422));
#3088=CARTESIAN_POINT('',(11.3057003982658,-16.1627383741631,9.31278863117422));
#3089=CARTESIAN_POINT('',(11.3057003982658,-16.1627383741631,9.31278863117423));
#3090=CARTESIAN_POINT('',(11.3057003982658,-16.1627383741631,9.31278863117423));
#3091=CARTESIAN_POINT('',(11.4120612445656,-15.430208313424,9.5670656108628));
#3092=CARTESIAN_POINT('',(11.5058262610846,-14.6671725365637,9.729449825205));
#3093=CARTESIAN_POINT('',(11.582147324214,-13.8909711614109,9.79490462390403));
#3094=CARTESIAN_POINT('',(11.6096928942326,-17.2162501139693,7.98704753881859));
#3095=CARTESIAN_POINT('',(11.551971412655,-17.537158702272,8.27866052336709));
#3096=CARTESIAN_POINT('',(11.1175899898274,-17.503049587397,8.31741064625635));
#3097=CARTESIAN_POINT('',(11.6393009247533,-17.0516411847253,8.17197589973663));
#3098=CARTESIAN_POINT('',(11.5859150531441,-17.3553243816832,8.49076234644039));
#3099=CARTESIAN_POINT('',(11.1468690421567,-17.3170153694611,8.52875734443423));
#3100=CARTESIAN_POINT('',(11.7041021930111,-16.6807664235026,8.50921673275788));
#3101=CARTESIAN_POINT('',(11.6604818605711,-16.9433087224957,8.88006072343602));
#3102=CARTESIAN_POINT('',(11.2109502961386,-16.897868021447,8.91417543933888));
#3103=CARTESIAN_POINT('',(11.7735992421431,-16.2476809310124,8.76042291975745));
#3104=CARTESIAN_POINT('',(11.7397855684841,-16.4633620145615,9.1714016971779));
#3105=CARTESIAN_POINT('',(11.2796751556327,-16.4084126725691,9.20126822446824));
#3106=CARTESIAN_POINT('',(11.8078607150772,-16.022627612357,8.86145890345131));
#3107=CARTESIAN_POINT('',(11.7789087197892,-16.2128045680817,9.29007170778678));
#3108=CARTESIAN_POINT('',(11.3135559454498,-16.1540667004453,9.31673792012231));
#3109=CARTESIAN_POINT('',(11.1175899898274,-17.1277360954412,7.98704753881859));
#3110=CARTESIAN_POINT('',(11.1175899898274,-17.5030495873969,8.31741064625635));
#3111=CARTESIAN_POINT('',(11.1175899898274,-17.5030495873969,8.31741064625635));
#3112=CARTESIAN_POINT('',(11.1760980329363,-17.1312992341929,8.73974268048056));
#3113=CARTESIAN_POINT('',(11.244227125547,-16.673897419125,9.07918679230527));
#3114=CARTESIAN_POINT('',(11.3123434256623,-16.1631636583646,9.31259430452321));
#3115=CARTESIAN_POINT('',(11.7892430597812,-16.1438116214875,-1.40595852670856));
#3116=CARTESIAN_POINT('',(11.7726759643965,-16.2506781675609,-1.87663897053196));
#3117=CARTESIAN_POINT('',(11.2951451530418,-16.1804451175549,-1.89296840440963));
#3118=CARTESIAN_POINT('',(11.7586003320473,-16.3414734565369,-1.36051208149236));
#3119=CARTESIAN_POINT('',(11.7362856904459,-16.4822965177054,-1.81688140952404));
#3120=CARTESIAN_POINT('',(11.2648429001362,-16.4150038278291,-1.8384326701716));
#3121=CARTESIAN_POINT('',(11.6960494406279,-16.7270128252619,-1.22121581056066));
#3122=CARTESIAN_POINT('',(11.6620744154403,-16.9309701114601,-1.64115960891373));
#3123=CARTESIAN_POINT('',(11.2029870188149,-16.8725105440884,-1.67127714499963));
#3124=CARTESIAN_POINT('',(11.6374841445886,-17.0617417632621,-1.00022885471291));
#3125=CARTESIAN_POINT('',(11.5919821681753,-17.3204062969795,-1.36908889415194));
#3126=CARTESIAN_POINT('',(11.1450724484203,-17.2697222161228,-1.40609279805848));
#3127=CARTESIAN_POINT('',(11.6096928942326,-17.2162501139693,-0.869306276675998));
#3128=CARTESIAN_POINT('',(11.5588638006657,-17.4988397533111,-1.20976878249717));
#3129=CARTESIAN_POINT('',(11.1175899898274,-17.4530721250867,-1.24898570437055));
#3130=CARTESIAN_POINT('',(11.1175899898274,-17.1277360954412,-0.869306276675996));
#3131=CARTESIAN_POINT('',(11.1175899898274,-17.4530721250867,-1.24898570437055));
#3132=CARTESIAN_POINT('',(11.2940606605192,-16.1888353733192,-1.89100493475265));
#3133=CARTESIAN_POINT('',(11.4220628901661,-16.2083328979115,-1.88641262093524));
#3134=CARTESIAN_POINT('',(11.6081091425079,-16.2276269842294,-1.80123681113577));
#3135=CARTESIAN_POINT('',(11.7516254758713,-16.2237973378827,-1.58316505234456));
#3136=CARTESIAN_POINT('',(11.778621778935,-16.211983856231,-1.45467879151562));
#3137=CARTESIAN_POINT('',(11.7798524504856,-16.2041158746448,-1.39131913722628));
#3138=CARTESIAN_POINT('',(11.2940606605192,-16.1888353733192,-1.89100493475264));
#3139=CARTESIAN_POINT('',(11.2940606605192,-16.1888353733192,-1.89100493475265));
#3140=CARTESIAN_POINT('',(11.2638538057895,-16.4224103155772,-1.83599028765485));
#3141=CARTESIAN_POINT('',(11.2025040357995,-16.8758092365847,-1.66909221028134));
#3142=CARTESIAN_POINT('',(11.1449442972972,-17.2705771796167,-1.40536020522276));
#3143=CARTESIAN_POINT('',(11.1175899898274,-17.4530721250867,-1.24898570437055));
#3144=CARTESIAN_POINT('',(-32.6795575173301,-9.2499904222801,-1.39131913722637));
#3145=CARTESIAN_POINT('',(11.2763290908794,-16.1875,-1.89131913722628));
#3146=CARTESIAN_POINT('',(11.2822749925191,-16.1875,-1.89131913722628));
#3147=CARTESIAN_POINT('',(11.2881858857337,-16.1879405172985,-1.89121570302985));
#3148=CARTESIAN_POINT('',(11.2940606605192,-16.1888353733192,-1.89100493475264));
#3149=CARTESIAN_POINT('',(11.2763290908794,-16.1875,-1.89131913722627));
#3150=CARTESIAN_POINT('',(-32.6795575173301,-9.2499904222801,-1.89131913722636));
#3151=CARTESIAN_POINT('',(12.3204313214846,-9.25000010761486,1.01343082782492));
#3152=CARTESIAN_POINT('',(12.3204313214846,-9.25000010761486,0.513430827824916));
#3153=CARTESIAN_POINT('',(11.8204313214846,-9.25,0.51343082782492));
#3154=CARTESIAN_POINT('',(12.3204312987051,-9.35583820981117,1.01343082763292));
#3155=CARTESIAN_POINT('',(12.3204313077625,-9.31367868155627,0.513430818669031));
#3156=CARTESIAN_POINT('',(11.8204312989436,-9.31250259413405,0.51343082782492));
#3157=CARTESIAN_POINT('',(12.319698671756,-9.56130897322224,0.987590817286647));
#3158=CARTESIAN_POINT('',(12.3202903989051,-9.43952948449633,0.497603541194276));
#3159=CARTESIAN_POINT('',(11.8197068123172,-9.43598266731127,0.498232253843461));
#3160=CARTESIAN_POINT('',(12.3155783862175,-9.95791112578041,0.84393810435987));
#3161=CARTESIAN_POINT('',(12.3191287488739,-9.70528249851989,0.40055482270949));
#3162=CARTESIAN_POINT('',(11.81563230773,-9.69841902453878,0.404030130812727));
#3163=CARTESIAN_POINT('',(12.3069470478161,-10.3834908512489,0.541531523182803));
#3164=CARTESIAN_POINT('',(12.31537797289,-10.0400046054868,0.163349143112441));
#3165=CARTESIAN_POINT('',(11.8070968731174,-10.031943744575,0.170541804654138));
#3166=CARTESIAN_POINT('',(12.2959891752296,-10.7435041317123,0.164646153751261));
#3167=CARTESIAN_POINT('',(12.3087256307665,-10.3581687422913,-0.173886673741992));
#3168=CARTESIAN_POINT('',(11.7962607546999,-10.3503749232434,-0.165005035710052));
#3169=CARTESIAN_POINT('',(12.2874742972842,-10.9740079329426,-0.116931014153766));
#3170=CARTESIAN_POINT('',(12.3029825329341,-10.5692686633997,-0.435563708217543));
#3171=CARTESIAN_POINT('',(11.7878404865324,-10.5616426019235,-0.425865137442888));
#3172=CARTESIAN_POINT('',(12.2823807583346,-11.1009504131863,-0.281351778653024));
#3173=CARTESIAN_POINT('',(12.299356757788,-10.6884659429794,-0.592150884687725));
#3174=CARTESIAN_POINT('',(11.7828035424752,-10.6807448196521,-0.581887194898999));
#3175=CARTESIAN_POINT('',(12.2797620896831,-11.1629795192588,-0.364651387798594));
#3176=CARTESIAN_POINT('',(12.2975322843924,-10.7453402068858,-0.669689664130234));
#3177=CARTESIAN_POINT('',(11.7802139701469,-10.7376927324058,-0.659199635975398));
#3178=CARTESIAN_POINT('',(12.2784297876878,-11.1937941611858,-0.406450132472045));
#3179=CARTESIAN_POINT('',(12.296496509778,-10.7759312637568,-0.711651366485274));
#3180=CARTESIAN_POINT('',(11.7788964715124,-10.768164989338,-0.700998380649014));
#3181=CARTESIAN_POINT('',(11.8204313214846,-9.25,1.01343082782492));
#3182=CARTESIAN_POINT('',(11.8204313214846,-9.25,0.513430827824922));
#3183=CARTESIAN_POINT('',(11.8204313214846,-9.25,0.513430827824918));
#3184=CARTESIAN_POINT('',(11.8204312916631,-9.33274393788964,0.513430492933168));
#3185=CARTESIAN_POINT('',(11.8190685967535,-9.49844163682148,0.484953610206934));
#3186=CARTESIAN_POINT('',(11.8146984989579,-9.72761729303796,0.378350276350281));
#3187=CARTESIAN_POINT('',(11.8095935131656,-9.93052418778857,0.237678648629785));
#3188=CARTESIAN_POINT('',(11.8021329405076,-10.1814778966213,0.0175400476287162));
#3189=CARTESIAN_POINT('',(11.7922293670401,-10.4589046612906,-0.290134411413344));
#3190=CARTESIAN_POINT('',(11.7836706399581,-10.6619231998033,-0.555266773284064));
#3191=CARTESIAN_POINT('',(11.7792755512193,-10.7593771782904,-0.688944154700677));
#3192=CARTESIAN_POINT('',(12.2784311976173,-7.30621929372634,-0.406432173408697));
#3193=CARTESIAN_POINT('',(12.2964976062145,-7.72408196382171,-0.711633222237617));
#3194=CARTESIAN_POINT('',(11.778897865776,-7.73184810323691,-0.70098042158559));
#3195=CARTESIAN_POINT('',(12.2797614775275,-7.33698768425887,-0.364696166773335));
#3196=CARTESIAN_POINT('',(12.2975318046012,-7.75462711787961,-0.669734484694346));
#3197=CARTESIAN_POINT('',(11.7802133647927,-7.76227462267981,-0.659244414950695));
#3198=CARTESIAN_POINT('',(12.2823764388889,-7.39892590673129,-0.281514707155847));
#3199=CARTESIAN_POINT('',(12.2993537376844,-7.81141929632478,-0.592304890027865));
#3200=CARTESIAN_POINT('',(11.7827992710236,-7.81914054122165,-0.582040678368346));
#3201=CARTESIAN_POINT('',(12.2874649833066,-7.5257420772567,-0.117260015852631));
#3202=CARTESIAN_POINT('',(12.3029760187476,-7.93049449551698,-0.435874983986496));
#3203=CARTESIAN_POINT('',(11.7878312760434,-7.93811934480155,-0.426176366812564));
#3204=CARTESIAN_POINT('',(12.2935197389047,-7.68958040110694,0.0829797038035292));
#3205=CARTESIAN_POINT('',(12.3070635251856,-8.08069570514611,-0.249632123959256));
#3206=CARTESIAN_POINT('',(11.7938187565633,-8.08833273884973,-0.24065205052947));
#3207=CARTESIAN_POINT('',(12.3002867245717,-7.89789352392411,0.312384203941724));
#3208=CARTESIAN_POINT('',(12.3113396935665,-8.26699776308045,-0.04138500449176));
#3209=CARTESIAN_POINT('',(11.8005105534816,-8.27454446524422,-0.0335291807894978));
#3210=CARTESIAN_POINT('',(12.3085665551649,-8.19698226207307,0.598309821921625));
#3211=CARTESIAN_POINT('',(12.3160777701662,-8.52344336686793,0.207915496112313));
#3212=CARTESIAN_POINT('',(11.8086983859352,-8.53102829379677,0.21422481353251));
#3213=CARTESIAN_POINT('',(12.3155541182255,-8.54013451900135,0.843073629345591));
#3214=CARTESIAN_POINT('',(12.3191223869479,-8.79335705432384,0.399975153225025));
#3215=CARTESIAN_POINT('',(11.8156083093825,-8.80023510819115,0.403468428862094));
#3216=CARTESIAN_POINT('',(12.3196943184121,-8.93774704901364,0.987434958003559));
#3217=CARTESIAN_POINT('',(12.3202893637674,-9.05988581373196,0.497502751492335));
#3218=CARTESIAN_POINT('',(11.8197025073437,-9.06344347363744,0.49813497320663));
#3219=CARTESIAN_POINT('',(12.3204313442802,-9.14408714405046,1.01343082767376));
#3220=CARTESIAN_POINT('',(12.3204313351847,-9.18627649372276,0.513430836850825));
#3221=CARTESIAN_POINT('',(11.8204313440123,-9.18745319656051,0.51343082782492));
#3222=CARTESIAN_POINT('',(12.3204313214846,-9.25000010761486,1.01343082782492));
#3223=CARTESIAN_POINT('',(12.3204313214846,-9.25000010761486,0.513430827824914));
#3224=CARTESIAN_POINT('',(11.8204313214846,-9.25,0.51343082782492));
#3225=CARTESIAN_POINT('',(11.7792763756265,-7.74062282170841,-0.688944154702254));
#3226=CARTESIAN_POINT('',(11.783687882654,-7.83844183026094,-0.554766062378432));
#3227=CARTESIAN_POINT('',(11.7922110396736,-8.04052994099863,-0.290699958439562));
#3228=CARTESIAN_POINT('',(11.8040228860029,-8.37200230690166,0.0761735832428851));
#3229=CARTESIAN_POINT('',(11.81505733943,-8.76086005569195,0.396408031104572));
#3230=CARTESIAN_POINT('',(11.8204312808694,-9.08104096409655,0.513428654573574));
#3231=CARTESIAN_POINT('',(11.8204313214852,-9.24999046514736,0.513430827763597));
#3232=CARTESIAN_POINT('',(11.8204313214851,-9.24999046514736,0.513430827763595));
#3233=CARTESIAN_POINT('',(11.8204313214851,-9.24999046514736,0.513430827763595));
#3234=CARTESIAN_POINT('',(11.8204313214859,-9.24999364343157,0.513430827804477));
#3235=CARTESIAN_POINT('',(11.8204313214857,-9.24999682171579,0.513430827824921));
#3236=CARTESIAN_POINT('',(11.8204313214846,-9.25,0.513430827824921));
#3237=CARTESIAN_POINT('',(-32.6795575173301,-9.2499904222801,-1.39131913722637));
#3238=CARTESIAN_POINT('',(-32.6795575173301,-9.2499904222801,-1.89131913722636));
#3239=CARTESIAN_POINT('',(11.2763321141572,-2.3125,-1.89131913722628));
#3240=CARTESIAN_POINT('',(11.2940636341902,-2.31116463413997,-1.89100493650951));
#3241=CARTESIAN_POINT('',(11.4220658808549,-2.29166716255365,-1.88641263522936));
#3242=CARTESIAN_POINT('',(11.6081121613367,-2.27237315382851,-1.8012368327562));
#3243=CARTESIAN_POINT('',(11.7516285105736,-2.27620286255507,-1.58316506484311));
#3244=CARTESIAN_POINT('',(11.7786248120586,-2.28801635739906,-1.45467879554934));
#3245=CARTESIAN_POINT('',(11.7798554803475,-2.29588434058477,-1.39131913722592));
#3246=CARTESIAN_POINT('',(11.2940636341902,-2.31116463413997,-1.89100493650951));
#3247=CARTESIAN_POINT('',(11.2940636341902,-2.31116463413997,-1.89100493650951));
#3248=CARTESIAN_POINT('',(11.2881888756388,-2.31205948513607,-1.89121570360086));
#3249=CARTESIAN_POINT('',(11.282277998965,-2.3125,-1.89131913722628));
#3250=CARTESIAN_POINT('',(11.2763321141572,-2.3125,-1.89131913722628));
#3251=CARTESIAN_POINT('',(11.6096929031732,-1.2837307802972,-0.869289904900155));
#3252=CARTESIAN_POINT('',(11.55886327453,-1.00113816432258,-1.20974906174902));
#3253=CARTESIAN_POINT('',(11.1175899986687,-1.04690494737031,-1.24896605823954));
#3254=CARTESIAN_POINT('',(11.6372133032522,-1.43673331166696,-0.998939168582625));
#3255=CARTESIAN_POINT('',(11.5916569904888,-1.17782242077576,-1.36751047717553));
#3256=CARTESIAN_POINT('',(11.1448046164455,-1.22846795077071,-1.40454517464229));
#3257=CARTESIAN_POINT('',(11.6968164094246,-1.77738738663095,-1.22398683672146));
#3258=CARTESIAN_POINT('',(11.662999628803,-1.57419734811,-1.6446111985317));
#3259=CARTESIAN_POINT('',(11.2037454657247,-1.63271078524572,-1.67460237643401));
#3260=CARTESIAN_POINT('',(11.7589488124518,-2.16075709138234,-1.36101809096147));
#3261=CARTESIAN_POINT('',(11.736696305579,-2.02030031228393,-1.81754326252001));
#3262=CARTESIAN_POINT('',(11.2651875085413,-2.0876428336263,-1.83903988151154));
#3263=CARTESIAN_POINT('',(11.789233337819,-2.35610651155572,-1.40593965293123));
#3264=CARTESIAN_POINT('',(11.7726638048073,-2.24922523713788,-1.87661404235651));
#3265=CARTESIAN_POINT('',(11.2951355391014,-2.31945747825072,-1.89294575587684));
#3266=CARTESIAN_POINT('',(11.1175899986687,-1.37224479827303,-0.869289904900153));
#3267=CARTESIAN_POINT('',(11.1175899986687,-1.04690494737031,-1.24896605823954));
#3268=CARTESIAN_POINT('',(11.1175899986687,-1.04690494737031,-1.24896605823954));
#3269=CARTESIAN_POINT('',(11.1721032217118,-1.41059127873644,-1.56060442631016));
#3270=CARTESIAN_POINT('',(11.2338634763286,-1.84566470189935,-1.78136426206238));
#3271=CARTESIAN_POINT('',(11.2940636341902,-2.31116463413996,-1.89100493650951));
#3272=CARTESIAN_POINT('',(11.8078775011159,-2.47746349556535,8.86149970750885));
#3273=CARTESIAN_POINT('',(11.7789276318979,-2.28729733756173,9.29011996787654));
#3274=CARTESIAN_POINT('',(11.313572544977,-2.3460360227245,9.31678455333093));
#3275=CARTESIAN_POINT('',(11.7732270109367,-2.24985104796832,8.75932247857915));
#3276=CARTESIAN_POINT('',(11.7393626979873,-2.03390607973806,9.17011654408946));
#3277=CARTESIAN_POINT('',(11.2793070603421,-2.08879782869647,9.20001057741051));
#3278=CARTESIAN_POINT('',(11.7032359699154,-1.81416167520998,8.50504371417442));
#3279=CARTESIAN_POINT('',(11.6594815750492,-1.55103249937437,8.87521285241943));
#3280=CARTESIAN_POINT('',(11.210093697745,-1.59639968181999,8.90940627522709));
#3281=CARTESIAN_POINT('',(11.6393971025901,-1.4488743715984,8.17255794534452));
#3282=CARTESIAN_POINT('',(11.5860254821059,-1.14524790666171,8.4914333945187));
#3283=CARTESIAN_POINT('',(11.1469641513407,-1.18356704774445,8.52942253944431));
#3284=CARTESIAN_POINT('',(11.6096929031732,-1.2837307802972,7.98702583268247));
#3285=CARTESIAN_POINT('',(11.5519710513608,-0.962820131567771,8.27863583153402));
#3286=CARTESIAN_POINT('',(11.1175899986687,-0.996928576847818,8.31738583924364));
#3287=CARTESIAN_POINT('',(11.3123463456984,-2.33683634407016,9.3125943056359));
#3288=CARTESIAN_POINT('',(11.437940124079,-2.32060494184582,9.30517648543806));
#3289=CARTESIAN_POINT('',(11.6835349905736,-2.32576232335838,9.19859798613653));
#3290=CARTESIAN_POINT('',(11.7964481529854,-2.4026508514563,8.96447322119519));
#3291=CARTESIAN_POINT('',(11.8034468654515,-2.44842320766165,8.84830657377239));
#3292=CARTESIAN_POINT('',(11.3123463456984,-2.33683634407016,9.3125943056359));
#3293=CARTESIAN_POINT('',(11.3123463456984,-2.33683634407016,9.31259430563591));
#3294=CARTESIAN_POINT('',(11.2782110889258,-2.08089057185562,9.19562599369077));
#3295=CARTESIAN_POINT('',(11.2097382545603,-1.59416410248827,8.90706915868076));
#3296=CARTESIAN_POINT('',(11.14691081234,-1.18322814062682,8.52903751299959));
#3297=CARTESIAN_POINT('',(11.1175899986687,-0.99692857684782,8.31738583924364));
#3298=CARTESIAN_POINT('',(11.1175899986687,-0.99692857684782,8.31738583924364));
#3299=CARTESIAN_POINT('',(11.1175899986687,-1.37224479827303,7.98702583268246));
#3300=CARTESIAN_POINT('',(11.3038014347431,-2.32417506511656,9.30823509428536));
#3301=CARTESIAN_POINT('',(11.7744467579374,-2.25967398345368,9.28573780883651));
#3302=CARTESIAN_POINT('',(11.7979966030991,-2.4128729771992,8.83612796603822));
#3303=CARTESIAN_POINT('',(11.357300150638,-2.69194252670479,9.43650844023315));
#3304=CARTESIAN_POINT('',(11.8325986750681,-2.62986485829117,9.41789415026249));
#3305=CARTESIAN_POINT('',(11.8520964283209,-2.76480899753761,8.95751556908969));
#3306=CARTESIAN_POINT('',(11.4334216956585,-3.25894981068549,9.59548660244131));
#3307=CARTESIAN_POINT('',(11.9150597078643,-3.20014646306996,9.58184600402666));
#3308=CARTESIAN_POINT('',(11.9290732718003,-3.30740807948739,9.10795974676294));
#3309=CARTESIAN_POINT('',(11.5238772449978,-4.03837508195921,9.73533106518887));
#3310=CARTESIAN_POINT('',(12.0125623292979,-3.98352200550028,9.72739365403827));
#3311=CARTESIAN_POINT('',(12.020545175893,-4.05328110191382,9.24029732638901));
#3312=CARTESIAN_POINT('',(11.5643733313805,-4.42769872651033,9.7798972613688));
#3313=CARTESIAN_POINT('',(12.0561053939442,-4.37545799652646,9.77449751951427));
#3314=CARTESIAN_POINT('',(12.0614962745778,-4.42584536710243,9.28247119884294));
#3315=CARTESIAN_POINT('',(11.5835129423059,-4.62291733923367,9.79606533693515));
#3316=CARTESIAN_POINT('',(12.0766564234941,-4.57217406120393,9.79186276043784));
#3317=CARTESIAN_POINT('',(12.0808509373778,-4.61266032175353,9.29777136837277));
#3318=CARTESIAN_POINT('',(11.5821493145719,-4.60902883895594,9.79490462393496));
#3319=CARTESIAN_POINT('',(11.712779997651,-4.59553009233309,9.79376631399277));
#3320=CARTESIAN_POINT('',(11.9041255018074,-4.58186706222704,9.71164390388805));
#3321=CARTESIAN_POINT('',(12.0516987430989,-4.58324676973467,9.491716694874));
#3322=CARTESIAN_POINT('',(12.0785412339965,-4.59041795352877,9.36088361798769));
#3323=CARTESIAN_POINT('',(12.0790472517121,-4.59528370518081,9.29633129629318));
#3324=CARTESIAN_POINT('',(11.5821493145719,-4.60902883895594,9.79490462393496));
#3325=CARTESIAN_POINT('',(11.5821493145719,-4.60902883895594,9.79490462393496));
#3326=CARTESIAN_POINT('',(11.5058285733343,-3.83282746954417,9.72944982575096));
#3327=CARTESIAN_POINT('',(11.4120638753052,-3.06979169116512,9.56706561245576));
#3328=CARTESIAN_POINT('',(11.3057033373357,-2.33726162583693,9.31278863117423));
#3329=CARTESIAN_POINT('',(11.3057033373357,-2.33726162583693,9.31278863117423));
#3330=CARTESIAN_POINT('',(11.3057033373357,-2.33726162583693,9.31278863117423));
#3331=CARTESIAN_POINT('',(11.3079286437372,-2.33726162583692,9.31278863117423));
#3332=CARTESIAN_POINT('',(11.3101430751349,-2.33712108883371,9.31272443520999));
#3333=CARTESIAN_POINT('',(11.3123463456984,-2.33683634407019,9.31259430563591));
#3334=CARTESIAN_POINT('',(11.5810992917638,-4.60722077154388,9.79478311713914));
#3335=CARTESIAN_POINT('',(12.0749597246651,-4.55602709283585,9.7913219186745));
#3336=CARTESIAN_POINT('',(12.0784101671599,-4.58916171402517,9.29592198816865));
#3337=CARTESIAN_POINT('',(11.5919428117033,-4.7113511623831,9.80182336034867));
#3338=CARTESIAN_POINT('',(12.0860025158186,-4.66131431098224,9.7984403748364));
#3339=CARTESIAN_POINT('',(12.0893755244323,-4.69446210954928,9.30296223137626));
#3340=CARTESIAN_POINT('',(11.6024188546036,-4.81551982009222,9.80886619077667));
#3341=CARTESIAN_POINT('',(12.0966729284497,-4.76663252062307,9.80556092633852));
#3342=CARTESIAN_POINT('',(12.0999692757121,-4.79980120190766,9.31000506180632));
#3343=CARTESIAN_POINT('',(11.612527159542,-4.91972415010107,9.81591143300458));
#3344=CARTESIAN_POINT('',(12.1069708635683,-4.87197905726401,9.8126833930162));
#3345=CARTESIAN_POINT('',(12.1101911571365,-4.90517636737942,9.31705030403409));
#3346=CARTESIAN_POINT('',(11.6123473287777,-4.91787071716352,9.81578612262642));
#3347=CARTESIAN_POINT('',(11.7432495200152,-4.90521360695112,9.8149303769262));
#3348=CARTESIAN_POINT('',(11.935015238795,-4.8917385548652,9.73291836374085));
#3349=CARTESIAN_POINT('',(12.0826884793408,-4.89122220058199,9.51257908996682));
#3350=CARTESIAN_POINT('',(12.1093832972527,-4.89685448145708,9.38146792886347));
#3351=CARTESIAN_POINT('',(12.1097737189808,-4.90087523668647,9.31676273628666));
#3352=CARTESIAN_POINT('',(11.6123473287777,-4.91787071716351,9.81578612262642));
#3353=CARTESIAN_POINT('',(-32.6795575173301,-9.21626248130698,10.1063998731896));
#3354=CARTESIAN_POINT('',(11.5812921219437,-4.60907289715491,9.7949083391291));
#3355=CARTESIAN_POINT('',(11.5812921219437,-4.60907289715491,9.7949083391291));
#3356=CARTESIAN_POINT('',(11.5815786130252,-4.60907289715491,9.7949083391291));
#3357=CARTESIAN_POINT('',(11.5818643477821,-4.60905828605362,9.79490710712285));
#3358=CARTESIAN_POINT('',(11.5821493145719,-4.60902883895588,9.79490462393496));
#3359=CARTESIAN_POINT('',(12.1044825844987,-13.6532559890301,9.31364706098777));
#3360=CARTESIAN_POINT('',(12.1016520549184,-13.6820442935992,9.80995245408998));
#3361=CARTESIAN_POINT('',(11.6068820155048,-13.6335636995505,9.81279176727416));
#3362=CARTESIAN_POINT('',(12.1759055499653,-12.9268385379,9.35571770214436));
#3363=CARTESIAN_POINT('',(12.1740670694435,-12.9503367602056,9.85327607554051));
#3364=CARTESIAN_POINT('',(11.6775113923406,-12.9103949227814,9.85514485065852));
#3365=CARTESIAN_POINT('',(12.2568341000815,-11.8315496239403,9.40347831543184));
#3366=CARTESIAN_POINT('',(12.2560153472377,-11.8480538253986,9.90239738451063));
#3367=CARTESIAN_POINT('',(11.7575407360341,-11.8200043452244,9.90322610580853));
#3368=CARTESIAN_POINT('',(12.3112704787166,-10.3605111744462,9.4356323913831));
#3369=CARTESIAN_POINT('',(12.3111519226129,-10.3677489317398,9.93547623886198));
#3370=CARTESIAN_POINT('',(11.8113722658867,-10.3555446541397,9.93559604887047));
#3371=CARTESIAN_POINT('',(12.3250116227787,-9.25000015646347,9.44375238718028));
#3372=CARTESIAN_POINT('',(12.3250717468462,-9.2500001562207,9.94383097089926));
#3373=CARTESIAN_POINT('',(11.8249607305288,-9.25000004863039,9.94377055843406));
#3374=CARTESIAN_POINT('',(12.3112709590758,-8.1394891305635,9.435632392758));
#3375=CARTESIAN_POINT('',(12.3111524060869,-8.132251372552,9.93547624343489));
#3376=CARTESIAN_POINT('',(11.8113727409054,-8.14445543523781,9.93559605025553));
#3377=CARTESIAN_POINT('',(12.2568352166583,-6.66845065638801,9.40347831789767));
#3378=CARTESIAN_POINT('',(12.2560164708416,-6.6519464516927,9.90239739431351));
#3379=CARTESIAN_POINT('',(11.7575418402224,-6.67999571958776,9.90322610828565));
#3380=CARTESIAN_POINT('',(12.1759071401909,-5.57316170646966,9.35571770382862));
#3381=CARTESIAN_POINT('',(12.1740686695549,-5.54966348082285,9.85327608767003));
#3382=CARTESIAN_POINT('',(11.6775129648171,-5.58960510620738,9.85514485237768));
#3383=CARTESIAN_POINT('',(12.1044844888434,-4.8467442239826,9.31364706085937));
#3384=CARTESIAN_POINT('',(12.101653971521,-4.81795591623048,9.80995246637743));
#3385=CARTESIAN_POINT('',(11.6068838986901,-4.86643629824242,9.8127917671449));
#3386=CARTESIAN_POINT('',(11.6123454697782,-13.5821292830365,9.8157861226129));
#3387=CARTESIAN_POINT('',(11.612189962459,-13.5821142467555,9.81578713921405));
#3388=CARTESIAN_POINT('',(11.6120340891683,-13.582106781186,9.81578764396031));
#3389=CARTESIAN_POINT('',(11.6118778549886,-13.582106781186,9.81578764396031));
#3390=CARTESIAN_POINT('',(11.6118778549885,-13.5821067811866,9.81578764396028));
#3391=CARTESIAN_POINT('',(11.6118778549885,-13.5821067811866,9.81578764396028));
#3392=CARTESIAN_POINT('',(11.889726316179,-10.7031215616063,9.98241229386126));
#3393=CARTESIAN_POINT('',(11.8897269402605,-7.79687855747309,9.98241230075312));
#3394=CARTESIAN_POINT('',(11.611879716071,-4.91789321881345,9.81578764396028));
#3395=CARTESIAN_POINT('',(11.611879716071,-4.91789321881345,9.81578764396028));
#3396=CARTESIAN_POINT('',(11.611879716071,-4.91789321881345,9.81578764396028));
#3397=CARTESIAN_POINT('',(11.6120359495516,-4.91789321881345,9.81578764396028));
#3398=CARTESIAN_POINT('',(11.6121918221479,-4.91788575331068,9.81578713921852));
#3399=CARTESIAN_POINT('',(11.6123473287777,-4.91787071716398,9.81578612262645));
#3400=CARTESIAN_POINT('',(11.6308874351503,-17.4728275526623,7.21988798595688));
#3401=CARTESIAN_POINT('',(11.8342342668895,-18.0425989143347,7.53598890834881));
#3402=CARTESIAN_POINT('',(11.1599790716628,-18.0895123044097,7.44065687155725));
#3403=CARTESIAN_POINT('',(11.6188709772481,-17.4391578194147,7.35672756381769));
#3404=CARTESIAN_POINT('',(11.7660962056217,-17.9744845486066,7.66439666971037));
#3405=CARTESIAN_POINT('',(11.1359461557229,-18.0125529141771,7.59704496053105));
#3406=CARTESIAN_POINT('',(11.5994934483534,-17.361606047358,7.62586856171275));
#3407=CARTESIAN_POINT('',(11.6447676554098,-17.824189552112,7.91515890426845));
#3408=CARTESIAN_POINT('',(11.0971910979892,-17.8352917207875,7.90463467241803));
#3409=CARTESIAN_POINT('',(11.6004697831175,-17.2675269607657,7.87054002322972));
#3410=CARTESIAN_POINT('',(11.5697574493612,-17.6364748231276,8.1622528289027));
#3411=CARTESIAN_POINT('',(11.0991437678923,-17.6202538087368,8.18425919988521));
#3412=CARTESIAN_POINT('',(11.6096928942326,-17.2162501139693,7.98704753881859));
#3413=CARTESIAN_POINT('',(11.5519714126551,-17.537158702272,8.2786605233671));
#3414=CARTESIAN_POINT('',(11.1175899898274,-17.503049587397,8.31741064625635));
#3415=CARTESIAN_POINT('',(11.1591210749345,-18.086753627901,7.44625172286212));
#3416=CARTESIAN_POINT('',(11.1998377054965,-18.0480118756824,7.52466936331039));
#3417=CARTESIAN_POINT('',(11.2894555218735,-17.9543281966918,7.66492307319114));
#3418=CARTESIAN_POINT('',(11.4301714190119,-17.754766555539,7.82253468007519));
#3419=CARTESIAN_POINT('',(11.5458960725909,-17.5079786803027,7.91967251477877));
#3420=CARTESIAN_POINT('',(11.5932051883929,-17.32218306804,7.9497699389415));
#3421=CARTESIAN_POINT('',(11.6076323806,-17.228589883087,7.95870463623814));
#3422=CARTESIAN_POINT('',(11.6076323806,-17.228589883087,7.95870463623814));
#3423=CARTESIAN_POINT('',(11.1591210749344,-18.086753627901,7.44625172286208));
#3424=CARTESIAN_POINT('',(11.1591210749345,-18.086753627901,7.44625172286212));
#3425=CARTESIAN_POINT('',(11.1111412013616,-17.9318577767354,7.75977825349224));
#3426=CARTESIAN_POINT('',(11.0809857133388,-17.7356270586364,8.05318785346896));
#3427=CARTESIAN_POINT('',(11.1175899898274,-17.5030495873969,8.31741064625635));
#3428=CARTESIAN_POINT('',(11.6076323806,-17.228589883087,7.95870463623814));
#3429=CARTESIAN_POINT('',(11.6082609060328,-17.2245124648176,7.96817211270095));
#3430=CARTESIAN_POINT('',(11.6089465720838,-17.2203993696822,7.97761990228412));
#3431=CARTESIAN_POINT('',(11.6096928942326,-17.2162501139692,7.98704753881859));
#3432=CARTESIAN_POINT('',(12.1017957986378,-17.3047641324974,-30.));
#3433=CARTESIAN_POINT('',(11.6076323806,-17.228589883087,-0.847877754329821));
#3434=CARTESIAN_POINT('',(11.6082605419389,-17.2245148267958,-0.855048235094859));
#3435=CARTESIAN_POINT('',(11.6089461321473,-17.2204018155549,-0.862191337010501));
#3436=CARTESIAN_POINT('',(11.6096928942326,-17.2162501139692,-0.869306276675996));
#3437=CARTESIAN_POINT('',(11.6076323806,-17.228589883087,-0.847877754329821));
#3438=CARTESIAN_POINT('',(11.6076323806001,-17.228589883087,-30.));
#3439=CARTESIAN_POINT('',(11.164908002594,-18.0850619767289,-0.495019645819772));
#3440=CARTESIAN_POINT('',(11.8352136622316,-18.0204988411589,-0.604481217512658));
#3441=CARTESIAN_POINT('',(11.6333519006159,-17.4795792188202,-0.241001227883682));
#3442=CARTESIAN_POINT('',(11.1392108854019,-18.0024307263175,-0.635114244093649));
#3443=CARTESIAN_POINT('',(11.765228640426,-17.9486281963741,-0.713407625723434));
#3444=CARTESIAN_POINT('',(11.6205033421211,-17.4451495311322,-0.357746726467753));
#3445=CARTESIAN_POINT('',(11.0974495711028,-17.8107545589254,-0.906647287267305));
#3446=CARTESIAN_POINT('',(11.6425863617812,-17.790672075582,-0.922939196399348));
#3447=CARTESIAN_POINT('',(11.599622684923,-17.3652844614346,-0.584024262429234));
#3448=CARTESIAN_POINT('',(11.0986154022425,-17.5796615629314,-1.14051497327636));
#3449=CARTESIAN_POINT('',(11.5729886958828,-17.5990567508814,-1.11936088046491));
#3450=CARTESIAN_POINT('',(11.6002056002335,-17.2689957130227,-0.77891400072978));
#3451=CARTESIAN_POINT('',(11.1175899898274,-17.4530721250867,-1.24898570437055));
#3452=CARTESIAN_POINT('',(11.5588638006657,-17.4988397533111,-1.20976878249717));
#3453=CARTESIAN_POINT('',(11.6096928942326,-17.2162501139693,-0.869306276675996));
#3454=CARTESIAN_POINT('',(11.1639904381785,-18.0820995675004,-0.500031052955396));
#3455=CARTESIAN_POINT('',(11.2491471533459,-18.0003414730923,-0.638032611852162));
#3456=CARTESIAN_POINT('',(11.4545677664005,-17.7602510991763,-0.839411804809546));
#3457=CARTESIAN_POINT('',(11.580338717728,-17.4056514208115,-0.864109581428144));
#3458=CARTESIAN_POINT('',(11.6076323806,-17.228589883087,-0.847877754329823));
#3459=CARTESIAN_POINT('',(11.1639904381785,-18.0820995675004,-0.500031052955396));
#3460=CARTESIAN_POINT('',(11.1175899898274,-17.4530721250867,-1.24898570437055));
#3461=CARTESIAN_POINT('',(11.0987822280712,-17.5785485773756,-1.14146865755674));
#3462=CARTESIAN_POINT('',(11.0973751165167,-17.8082407908821,-0.909216434906503));
#3463=CARTESIAN_POINT('',(11.1382695484625,-17.9987221594513,-0.640765892372264));
#3464=CARTESIAN_POINT('',(11.1639904381785,-18.0820995675004,-0.500031052955396));
#3465=CARTESIAN_POINT('',(11.6333514506769,-1.02040290590797,-0.240973006596059));
#3466=CARTESIAN_POINT('',(11.8352136106764,-0.479477880376095,-0.604445028520249));
#3467=CARTESIAN_POINT('',(11.1649070936762,-0.414918048836162,-0.494985780274625));
#3468=CARTESIAN_POINT('',(11.6205031795434,-1.05483209952677,-0.357720326398717));
#3469=CARTESIAN_POINT('',(11.7652291700845,-0.551348342648983,-0.713374757040875));
#3470=CARTESIAN_POINT('',(11.1392105512077,-0.497548113471418,-0.635082564013411));
#3471=CARTESIAN_POINT('',(11.5996227126461,-1.13469659834715,-0.584002236013429));
#3472=CARTESIAN_POINT('',(11.6425867541058,-0.709304629372465,-0.922912357589924));
#3473=CARTESIAN_POINT('',(11.0974496174862,-0.689222910777948,-0.906620855571983));
#3474=CARTESIAN_POINT('',(11.600205617407,-1.23098522667531,-0.778895865547454));
#3475=CARTESIAN_POINT('',(11.5729884192016,-0.900920767955723,-1.11933903769416));
#3476=CARTESIAN_POINT('',(11.0986154275941,-0.920315618552147,-1.14049321104768));
#3477=CARTESIAN_POINT('',(11.6096929031732,-1.2837307802972,-0.86928990490015));
#3478=CARTESIAN_POINT('',(11.55886327453,-1.00113816432258,-1.20974906174901));
#3479=CARTESIAN_POINT('',(11.1175899986687,-1.04690494737031,-1.24896605823953));
#3480=CARTESIAN_POINT('',(11.1639895497129,-0.41788041566784,-0.499997265533683));
#3481=CARTESIAN_POINT('',(11.1382692030938,-0.501256725273572,-0.640734452013719));
#3482=CARTESIAN_POINT('',(11.0973751597577,-0.691736782451696,-0.909190160632175));
#3483=CARTESIAN_POINT('',(11.0987822525889,-0.921428598859338,-1.1414469102569));
#3484=CARTESIAN_POINT('',(11.1175899986687,-1.04690494737031,-1.24896605823954));
#3485=CARTESIAN_POINT('',(11.1639895497129,-0.41788041566784,-0.499997265533683));
#3486=CARTESIAN_POINT('',(11.6096929031732,-1.2837307802972,-0.86928990490015));
#3487=CARTESIAN_POINT('',(11.6089461400994,-1.27957907318897,-0.86217481084063));
#3488=CARTESIAN_POINT('',(11.6082605491948,-1.27546605725234,-0.855031554603457));
#3489=CARTESIAN_POINT('',(11.60763238738,-1.27139099707053,-0.847860919592872));
#3490=CARTESIAN_POINT('',(11.60763238738,-1.27139099707052,-0.847860919592872));
#3491=CARTESIAN_POINT('',(11.1639895497129,-0.41788041566784,-0.499997265533683));
#3492=CARTESIAN_POINT('',(11.2491454811896,-0.499637623288037,-0.638001447169226));
#3493=CARTESIAN_POINT('',(11.4545659826434,-0.739726434662746,-0.839387234677878));
#3494=CARTESIAN_POINT('',(11.5803385048736,-1.09432799962791,-0.864090530024545));
#3495=CARTESIAN_POINT('',(11.60763238738,-1.27139099707054,-0.847860919592883));
#3496=CARTESIAN_POINT('',(12.1017958076778,-1.19521676232136,-30.));
#3497=CARTESIAN_POINT('',(11.60763238738,-1.27139099707052,7.95868242156864));
#3498=CARTESIAN_POINT('',(11.6082609132957,-1.27546841927618,7.96815006755989));
#3499=CARTESIAN_POINT('',(11.6089465800445,-1.27958151910992,7.97759802665519));
#3500=CARTESIAN_POINT('',(11.6096929031732,-1.2837307802972,7.98702583268246));
#3501=CARTESIAN_POINT('',(11.60763238738,-1.27139099707052,7.95868242156864));
#3502=CARTESIAN_POINT('',(11.6076323873801,-1.27139099707053,-30.));
#3503=CARTESIAN_POINT('',(11.1599784249258,-0.41046796106515,7.44061676874209));
#3504=CARTESIAN_POINT('',(11.834234098954,-0.457378964905752,7.53594664526411));
#3505=CARTESIAN_POINT('',(11.6308871163018,-1.02715426089228,7.21985289599361));
#3506=CARTESIAN_POINT('',(11.1359459250406,-0.487426493271489,7.59700752510865));
#3507=CARTESIAN_POINT('',(11.7660964987808,-0.525493198612186,7.66435797823626));
#3508=CARTESIAN_POINT('',(11.6188708664289,-1.06082361874885,7.35669480782046));
#3509=CARTESIAN_POINT('',(11.0971911919494,-0.664686432725697,7.90460246231436));
#3510=CARTESIAN_POINT('',(11.6447680774532,-0.67578810757674,7.91512626417837));
#3511=CARTESIAN_POINT('',(11.5994934998543,-1.13837484222032,7.62584037786918));
#3512=CARTESIAN_POINT('',(11.0991437498635,-0.87972418400028,8.18423197986499));
#3513=CARTESIAN_POINT('',(11.5697572851312,-0.86350348865543,8.16222562764022));
#3514=CARTESIAN_POINT('',(11.6004697786195,-1.232453858457,7.87051620572037));
#3515=CARTESIAN_POINT('',(11.1175899986687,-0.996928576847825,8.31738583924364));
#3516=CARTESIAN_POINT('',(11.5519710513608,-0.962820131567777,8.27863583153402));
#3517=CARTESIAN_POINT('',(11.6096929031732,-1.2837307802972,7.98702583268247));
#3518=CARTESIAN_POINT('',(11.1175899986687,-0.99692857684782,8.31738583924364));
#3519=CARTESIAN_POINT('',(11.0809856671784,-0.764350754638788,8.05315824605695));
#3520=CARTESIAN_POINT('',(11.1111414014189,-0.568120717870718,7.75974353135598));
#3521=CARTESIAN_POINT('',(11.1591204429791,-0.413226606970196,7.44621171546829));
#3522=CARTESIAN_POINT('',(11.1591204429791,-0.413226606970197,7.4462117154683));
#3523=CARTESIAN_POINT('',(11.1591204429791,-0.413226606970196,7.44621171546829));
#3524=CARTESIAN_POINT('',(11.1998366940453,-0.451967952984362,7.52463073666372));
#3525=CARTESIAN_POINT('',(11.2894539516274,-0.545650801082076,7.66488745743904));
#3526=CARTESIAN_POINT('',(11.4301700627372,-0.745211899066881,7.82250405214306));
#3527=CARTESIAN_POINT('',(11.5458955432601,-0.99200041370221,7.91964649428785));
#3528=CARTESIAN_POINT('',(11.5932050946717,-1.17779714169652,7.94974653609883));
#3529=CARTESIAN_POINT('',(11.60763238738,-1.27139099707054,7.95868242156866));
#3530=CARTESIAN_POINT('',(12.3204313395546,-9.25,-65.0355107689179));
#3531=CARTESIAN_POINT('',(12.3204313395545,-4.91789321881345,9.81578764396028));
#3532=CARTESIAN_POINT('',(12.3204313395545,-13.5821067811866,9.81578764396028));
#3533=CARTESIAN_POINT('',(12.3204313395545,-4.7634830579844,9.8053479915447));
#3534=CARTESIAN_POINT('',(12.3204313395545,-4.60907289715491,9.7949083391291));
#3535=CARTESIAN_POINT('',(12.3204313395545,-5.39170846065629,0.51343082782491));
#3536=CARTESIAN_POINT('',(12.3204313395545,-2.33726162583693,9.31278863117423));
#3537=CARTESIAN_POINT('',(10.1251421264891,-1.49991370131768,-30.));
#3538=CARTESIAN_POINT('',(11.1639895497129,-0.417880415667839,-0.499997265533685));
#3539=CARTESIAN_POINT('',(11.0385296924456,-0.297427883228541,-0.296676315013508));
#3540=CARTESIAN_POINT('',(10.8973600260313,-0.203783324873022,-0.0835858483190517));
#3541=CARTESIAN_POINT('',(10.75,-0.136259552383917,0.131852069081088));
#3542=CARTESIAN_POINT('',(10.75,-0.136259552383919,6.71166298970008));
#3543=CARTESIAN_POINT('',(10.8949022888813,-0.20265713286138,6.9589804187459));
#3544=CARTESIAN_POINT('',(11.033904604115,-0.294084249487573,7.2050474809245));
#3545=CARTESIAN_POINT('',(11.1591204429791,-0.413226606970203,7.44621171546831));
#3546=CARTESIAN_POINT('',(12.3204313395545,-3.99945834824954,5.67450578675425));
#3547=CARTESIAN_POINT('',(12.3204313395545,-2.99894405278666,1.02909086179677));
#3548=CARTESIAN_POINT('',(12.3204313395545,-2.3125,-1.89131913722628));
#3549=CARTESIAN_POINT('',(12.3204313395545,-18.5,-1.89131913722627));
#3550=CARTESIAN_POINT('',(11.8204313214852,-9.25,0.513430827824918));
#3551=CARTESIAN_POINT('',(10.75,-9.25,0.513430827824916));
#3552=CARTESIAN_POINT('',(11.8204313214852,-8.74687427390281,0.513430827824918));
#3553=CARTESIAN_POINT('',(10.75,-8.74687427390281,0.513430827824916));
#3554=CARTESIAN_POINT('',(11.8204313214852,-8.24374854780561,0.00119257559263428));
#3555=CARTESIAN_POINT('',(10.75,-8.24374854780561,0.00119257559263232));
#3556=CARTESIAN_POINT('',(11.8204313214852,-7.74062282170841,-0.688944154702249));
#3557=CARTESIAN_POINT('',(10.75,-7.74062282170841,-0.688944154702251));
#3558=CARTESIAN_POINT('',(12.3204313395545,-9.25,0.513430827824919));
#3559=CARTESIAN_POINT('',(11.8268539094135,-10.7593771782904,-0.688944154700675));
#3560=CARTESIAN_POINT('',(10.75,-10.7593771782904,-0.688944154700677));
#3561=CARTESIAN_POINT('',(11.8268539094135,-10.2562514521936,0.00119257559341659));
#3562=CARTESIAN_POINT('',(10.75,-10.2562514521936,0.00119257559341462));
#3563=CARTESIAN_POINT('',(11.8268539094135,-9.75312572609682,0.51343082782492));
#3564=CARTESIAN_POINT('',(10.75,-9.75312572609682,0.513430827824918));
#3565=CARTESIAN_POINT('',(11.8268539094135,-9.25,0.513430827824917));
#3566=CARTESIAN_POINT('',(10.75,-9.25,0.513430827824915));
#3567=CARTESIAN_POINT('',(12.3204313395545,-18.5,-1.89131913722627));
#3568=CARTESIAN_POINT('',(12.3204313395545,-16.1875,-1.89131913722627));
#3569=CARTESIAN_POINT('',(10.1251421264868,-17.0000671348557,-30.));
#3570=CARTESIAN_POINT('',(10.75,-18.363721283791,6.71173436840212));
#3571=CARTESIAN_POINT('',(10.8953031486913,-18.2971400200762,6.95971768317899));
#3572=CARTESIAN_POINT('',(11.0349757797069,-18.2048775050593,7.20715578122547));
#3573=CARTESIAN_POINT('',(11.1591210749344,-18.086753627901,7.44625172286212));
#3574=CARTESIAN_POINT('',(11.1639904381786,-18.0820995675004,-0.500031052955406));
#3575=CARTESIAN_POINT('',(11.0385343627637,-18.2025486669952,-0.296721966334413));
#3576=CARTESIAN_POINT('',(10.8973732493417,-18.296191452075,-0.0836501981962941));
#3577=CARTESIAN_POINT('',(10.75,-18.363721283791,0.131790928242322));
#3578=CARTESIAN_POINT('',(12.3204313395545,-15.5010559472133,1.02909086179677));
#3579=CARTESIAN_POINT('',(12.3204313395545,-14.5005416517505,5.67450578675425));
#3580=CARTESIAN_POINT('',(12.3204313395545,-16.1627383741631,9.31278863117423));
#3581=CARTESIAN_POINT('',(12.3204313395545,-13.1082915393437,0.513430827824932));
#3582=CARTESIAN_POINT('',(12.3204313395545,-13.8909271028453,9.79490833912909));
#3583=CARTESIAN_POINT('',(12.3204313395545,-13.7365169420157,9.80534799154469));
#3584=CARTESIAN_POINT('',(15.0812382392241,-11.8582185009207,-4.93886839784906));
#3585=CARTESIAN_POINT('',(15.0812386397216,-6.64260138693947,-4.93886753273826));
#3586=MECHANICAL_DESIGN_GEOMETRIC_PRESENTATION_REPRESENTATION('',(#1485),
#3587);
#3587=(
GEOMETRIC_REPRESENTATION_CONTEXT(3)
GLOBAL_UNCERTAINTY_ASSIGNED_CONTEXT((#3588))
GLOBAL_UNIT_ASSIGNED_CONTEXT((#3591,#3590,#3589))
REPRESENTATION_CONTEXT('VR_Visor','TOP_LEVEL_ASSEMBLY_PART')
);
#3588=UNCERTAINTY_MEASURE_WITH_UNIT(LENGTH_MEASURE(0.002),#3591,
'DISTANCE_ACCURACY_VALUE','Maximum Tolerance applied to model');
#3589=(
NAMED_UNIT(*)
SI_UNIT($,.STERADIAN.)
SOLID_ANGLE_UNIT()
);
#3590=(
NAMED_UNIT(*)
PLANE_ANGLE_UNIT()
SI_UNIT($,.RADIAN.)
);
#3591=(
LENGTH_UNIT()
NAMED_UNIT(*)
SI_UNIT(.CENTI.,.METRE.)
);
#3592=PRODUCT_DEFINITION_SHAPE('','',#3593);
#3593=PRODUCT_DEFINITION('','',#3595,#3594);
#3594=PRODUCT_DEFINITION_CONTEXT('',#3601,'design');
#3595=PRODUCT_DEFINITION_FORMATION_WITH_SPECIFIED_SOURCE('','',#3597,
 .NOT_KNOWN.);
#3596=PRODUCT_RELATED_PRODUCT_CATEGORY('','',(#3597));
#3597=PRODUCT('VR_Visor','VR_Visor','VR_Visor',(#3599));
#3598=PRODUCT_CATEGORY('','');
#3599=PRODUCT_CONTEXT('',#3601,'mechanical');
#3600=APPLICATION_PROTOCOL_DEFINITION('international standard',
'ap242_managed_model_based_3d_engineering',2020,#3601);
#3601=APPLICATION_CONTEXT('managed model based 3d engineering');
ENDSEC;
END-ISO-10303-21;
