ISO-10303-21;
HEADER;
/* Generated by software containing ST-Developer
 * from STEP Tools, Inc. (www.steptools.com) 
 */
/* OPTION: using custom renumber hook */

FILE_DESCRIPTION(
/* description */ ('STEP AP242 Edition 2',
'CAx-IF Rec.Pracs.---Representation and Presentation of Product Manufa
cturing Information (PMI)---4.0---2014-10-13',
'CAx-IF Rec.Pracs.---3D Tessellated Geometry---0.4---2014-09-14','2;1',
'CAx-IF Rec.Pracs.---User Defined Attributes---1.5---2016-08-15'),
/* implementation_level */ '2;1');

FILE_NAME(
/* name */ 'Part Studio 1 - Eye_Panel',
/* time_stamp */ '2026-09-11T10:35:19Z',
/* author */ (''),
/* organization */ (''),
/* preprocessor_version */ 'ST-DEVELOPER v20',
/* originating_system */ 'ONSHAPE BY PTC INC, 1.220',
/* authorisation */ '  ');

FILE_SCHEMA (('AP242_MANAGED_MODEL_BASED_3D_ENGINEERING_MIM_LF { 1 0 10303 442 3 1 4 }'));
ENDSEC;

DATA;
#10=SHAPE_REPRESENTATION_RELATIONSHIP('','',#1467,#11);
#11=ADVANCED_BREP_SHAPE_REPRESENTATION('',(#1465),#4141);
#12=TOROIDAL_SURFACE('',#1519,45.5,0.75);
#13=TOROIDAL_SURFACE('',#1523,45.5,0.75);
#14=TOROIDAL_SURFACE('',#1556,45.5,0.5);
#15=TOROIDAL_SURFACE('',#1560,45.5,0.5);
#16=(
BOUNDED_SURFACE()
B_SPLINE_SURFACE(3,2,((#2449,#2450,#2451),(#2452,#2453,#2454),(#2455,#2456,
#2457),(#2458,#2459,#2460),(#2461,#2462,#2463),(#2464,#2465,#2466),(#2467,
#2468,#2469),(#2470,#2471,#2472),(#2473,#2474,#2475),(#2476,#2477,#2478)),
 .UNSPECIFIED.,.F.,.F.,.F.)
B_SPLINE_SURFACE_WITH_KNOTS((4,1,1,1,1,1,1,4),(3,3),(0.0581112969010852,
0.0620351307561751,0.065958964611265,0.0698827984663549,0.0738066323214448,
0.0777304661765347,0.0816543000316246,0.0895019677418044),(0.,1.),
 .UNSPECIFIED.)
GEOMETRIC_REPRESENTATION_ITEM()
RATIONAL_B_SPLINE_SURFACE(((1.,0.635981340941679,1.),(1.,0.636500068171691,
1.),(1.,0.63835870627761,1.),(1.,0.64326335493506,1.),(1.,0.65014381279972,
1.),(1.,0.65830010841973,1.),(1.,0.667529760124143,1.),(1.,0.680442848064453,
1.),(1.,0.689886619976106,1.),(1.,0.695807902964398,1.)))
REPRESENTATION_ITEM('')
SURFACE()
);
#17=(
BOUNDED_SURFACE()
B_SPLINE_SURFACE(3,2,((#2497,#2498,#2499),(#2500,#2501,#2502),(#2503,#2504,
#2505),(#2506,#2507,#2508),(#2509,#2510,#2511),(#2512,#2513,#2514),(#2515,
#2516,#2517),(#2518,#2519,#2520),(#2521,#2522,#2523),(#2524,#2525,#2526)),
 .UNSPECIFIED.,.F.,.F.,.F.)
B_SPLINE_SURFACE_WITH_KNOTS((4,1,1,1,1,1,1,4),(3,3),(0.100884436406345,
0.110181971208771,0.114830738609984,0.119479506011197,0.124128273412411,
0.128777040813624,0.133425808214837,0.13807457561605),(0.,1.),
 .UNSPECIFIED.)
GEOMETRIC_REPRESENTATION_ITEM()
RATIONAL_B_SPLINE_SURFACE(((1.,0.685652115562306,1.),(1.,0.680447126049847,
1.),(1.,0.672098497778119,1.),(1.,0.661267180948166,1.),(1.,0.653756133681914,
1.),(1.,0.647124616583432,1.),(1.,0.641641564151031,1.),(1.,0.63776968206955,
1.),(1.,0.636304536113267,1.),(1.,0.635890604889539,1.)))
REPRESENTATION_ITEM('')
SURFACE()
);
#18=(
BOUNDED_SURFACE()
B_SPLINE_SURFACE(3,2,((#2534,#2535,#2536),(#2537,#2538,#2539),(#2540,#2541,
#2542),(#2543,#2544,#2545),(#2546,#2547,#2548),(#2549,#2550,#2551),(#2552,
#2553,#2554),(#2555,#2556,#2557),(#2558,#2559,#2560)),.UNSPECIFIED.,.F.,
 .F.,.F.)
B_SPLINE_SURFACE_WITH_KNOTS((4,1,1,1,1,1,4),(3,3),(0.134578560176423,0.142279044732295,
0.146129287010231,0.149979529288167,0.157680013844039,0.161530256121975,
0.165380498399911),(0.,1.),.UNSPECIFIED.)
GEOMETRIC_REPRESENTATION_ITEM()
RATIONAL_B_SPLINE_SURFACE(((1.,0.707106781186548,1.),(1.,0.709356019790246,
1.),(1.,0.712098116429353,1.),(1.,0.71461705981512,1.),(1.,0.71641668358726,
1.),(1.,0.717138968710792,1.),(1.,0.717061852924215,1.),(1.,0.716795486709523,
1.),(1.,0.716621234321703,1.)))
REPRESENTATION_ITEM('')
SURFACE()
);
#19=(
BOUNDED_SURFACE()
B_SPLINE_SURFACE(3,2,((#2568,#2569,#2570),(#2571,#2572,#2573),(#2574,#2575,
#2576),(#2577,#2578,#2579),(#2580,#2581,#2582),(#2583,#2584,#2585)),
 .UNSPECIFIED.,.F.,.F.,.F.)
B_SPLINE_SURFACE_WITH_KNOTS((4,1,1,4),(3,3),(0.0496974181304075,0.0553097707641808,
0.060922123397954,0.0721468286655006),(0.,1.),.UNSPECIFIED.)
GEOMETRIC_REPRESENTATION_ITEM()
RATIONAL_B_SPLINE_SURFACE(((1.,0.689500945595651,1.),(1.,0.691033349194377,
1.),(1.,0.693959332201061,1.),(1.,0.699249654012988,1.),(1.,0.702423853663895,
1.),(1.,0.704169043853122,1.)))
REPRESENTATION_ITEM('')
SURFACE()
);
#20=(
BOUNDED_SURFACE()
B_SPLINE_SURFACE(3,2,((#2593,#2594,#2595),(#2596,#2597,#2598),(#2599,#2600,
#2601),(#2602,#2603,#2604),(#2605,#2606,#2607),(#2608,#2609,#2610),(#2611,
#2612,#2613),(#2614,#2615,#2616),(#2617,#2618,#2619),(#2620,#2621,#2622),
(#2623,#2624,#2625)),.UNSPECIFIED.,.F.,.F.,.F.)
B_SPLINE_SURFACE_WITH_KNOTS((4,1,1,1,1,1,1,1,4),(3,3),(-4.77048955893622E-17,
0.00310299049477988,0.0062059809895598,0.0124119619791196,0.0155149524738996,
0.0186179429686795,0.0217209334634594,0.0232724287108494,0.0248239239582393),
(0.,1.),.UNSPECIFIED.)
GEOMETRIC_REPRESENTATION_ITEM()
RATIONAL_B_SPLINE_SURFACE(((1.,0.707106781186538,1.),(1.,0.707106787547292,
1.),(1.,0.70752537899808,1.),(1.,0.709595322761625,1.),(1.,0.712256060991498,
1.),(1.,0.714623530071724,1.),(1.,0.716268047317081,1.),(1.,0.717541480281847,
1.),(1.,0.718498741069988,1.),(1.,0.718976827010536,1.),(1.,0.719166867613094,
1.)))
REPRESENTATION_ITEM('')
SURFACE()
);
#21=(
BOUNDED_SURFACE()
B_SPLINE_SURFACE(3,2,((#2627,#2628,#2629),(#2630,#2631,#2632),(#2633,#2634,
#2635),(#2636,#2637,#2638)),.UNSPECIFIED.,.F.,.F.,.F.)
B_SPLINE_SURFACE_WITH_KNOTS((4,4),(3,3),(4.610872015277,4.61784583930985),
(0.,1.),.PIECEWISE_BEZIER_KNOTS.)
GEOMETRIC_REPRESENTATION_ITEM()
RATIONAL_B_SPLINE_SURFACE(((1.,0.704685688663949,1.),(1.,0.704741032899553,
1.),(1.,0.70479639027584,1.),(1.,0.704851759435411,1.)))
REPRESENTATION_ITEM('')
SURFACE()
);
#22=(
BOUNDED_SURFACE()
B_SPLINE_SURFACE(3,2,((#2646,#2647,#2648),(#2649,#2650,#2651),(#2652,#2653,
#2654),(#2655,#2656,#2657),(#2658,#2659,#2660),(#2661,#2662,#2663),(#2664,
#2665,#2666),(#2667,#2668,#2669),(#2670,#2671,#2672),(#2673,#2674,#2675),
(#2676,#2677,#2678)),.UNSPECIFIED.,.F.,.F.,.F.)
B_SPLINE_SURFACE_WITH_KNOTS((4,1,1,1,1,1,1,1,4),(3,3),(4.33680868994202E-18,
0.00310299048054346,0.00620598096108692,0.0124119619221738,0.0155149524027173,
0.0186179428832608,0.0217209333638042,0.0232724286040759,0.0248239238443477),
(0.,1.),.UNSPECIFIED.)
GEOMETRIC_REPRESENTATION_ITEM()
RATIONAL_B_SPLINE_SURFACE(((1.,0.707106781186538,1.),(1.,0.707106774866751,
1.),(1.,0.707525342343608,1.),(1.,0.709595247452451,1.),(1.,0.712255965419612,
1.),(1.,0.714623423199167,1.),(1.,0.716267934883456,1.),(1.,0.717541364683513,
1.),(1.,0.718498623632209,1.),(1.,0.71897670867323,1.),(1.,0.719166749306099,
1.)))
REPRESENTATION_ITEM('')
SURFACE()
);
#23=(
BOUNDED_SURFACE()
B_SPLINE_SURFACE(3,2,((#2686,#2687,#2688),(#2689,#2690,#2691),(#2692,#2693,
#2694),(#2695,#2696,#2697),(#2698,#2699,#2700),(#2701,#2702,#2703),(#2704,
#2705,#2706),(#2707,#2708,#2709),(#2710,#2711,#2712)),.UNSPECIFIED.,.F.,
 .F.,.F.)
B_SPLINE_SURFACE_WITH_KNOTS((4,1,1,1,1,1,4),(3,3),(0.0972083986844815,0.118854282981482,
0.129677225129983,0.140500167278483,0.151323109426983,0.162146051575484,
0.183791935872484),(0.,1.),.UNSPECIFIED.)
GEOMETRIC_REPRESENTATION_ITEM()
RATIONAL_B_SPLINE_SURFACE(((1.,0.705124735961691,1.),(1.,0.705779705840576,
1.),(1.,0.70652266624535,1.),(1.,0.707022633427634,1.),(1.,0.707148855619974,
1.),(1.,0.707022631211756,1.),(1.,0.706522661103841,1.),(1.,0.705779698521096,
1.),(1.,0.705124727230772,1.)))
REPRESENTATION_ITEM('')
SURFACE()
);
#24=(
BOUNDED_SURFACE()
B_SPLINE_SURFACE(3,2,((#2720,#2721,#2722),(#2723,#2724,#2725),(#2726,#2727,
#2728),(#2729,#2730,#2731),(#2732,#2733,#2734),(#2735,#2736,#2737),(#2738,
#2739,#2740),(#2741,#2742,#2743),(#2744,#2745,#2746)),.UNSPECIFIED.,.F.,
 .F.,.F.)
B_SPLINE_SURFACE_WITH_KNOTS((4,1,1,1,1,1,4),(3,3),(0.134578555643556,0.142279039994732,
0.14612928217032,0.149979524345908,0.157680008697083,0.161530250872671,
0.165380493048259),(0.,1.),.UNSPECIFIED.)
GEOMETRIC_REPRESENTATION_ITEM()
RATIONAL_B_SPLINE_SURFACE(((1.,0.707106781186547,1.),(1.,0.709356010508406,
1.),(1.,0.712098093526828,1.),(1.,0.714617019253129,1.),(1.,0.716416625584739,
1.),(1.,0.717138894507343,1.),(1.,0.717061763650019,1.),(1.,0.716795390323509,
1.),(1.,0.716621134555884,1.)))
REPRESENTATION_ITEM('')
SURFACE()
);
#25=(
BOUNDED_SURFACE()
B_SPLINE_SURFACE(3,2,((#2748,#2749,#2750),(#2751,#2752,#2753),(#2754,#2755,
#2756),(#2757,#2758,#2759)),.UNSPECIFIED.,.F.,.F.,.F.)
B_SPLINE_SURFACE_WITH_KNOTS((4,4),(3,3),(4.61087243862888,4.61784626238223),
(0.,1.),.PIECEWISE_BEZIER_KNOTS.)
GEOMETRIC_REPRESENTATION_ITEM()
RATIONAL_B_SPLINE_SURFACE(((1.,0.704685698743105,1.),(1.,0.704741042979396,
1.),(1.,0.70479640035431,1.),(1.,0.704851769512449,1.)))
REPRESENTATION_ITEM('')
SURFACE()
);
#26=(
BOUNDED_SURFACE()
B_SPLINE_SURFACE(3,2,((#2775,#2776,#2777),(#2778,#2779,#2780),(#2781,#2782,
#2783),(#2784,#2785,#2786),(#2787,#2788,#2789),(#2790,#2791,#2792)),
 .UNSPECIFIED.,.F.,.F.,.F.)
B_SPLINE_SURFACE_WITH_KNOTS((4,1,1,4),(3,3),(0.0496974088769194,0.0553097612363155,
0.0609221135957115,0.0721468183145036),(0.,1.),.UNSPECIFIED.)
GEOMETRIC_REPRESENTATION_ITEM()
RATIONAL_B_SPLINE_SURFACE(((1.,0.689500996035712,1.),(1.,0.691033396501795,
1.),(1.,0.69395937321167,1.),(1.,0.699249682208367,1.),(1.,0.702423872312716,
1.),(1.,0.704169056160355,1.)))
REPRESENTATION_ITEM('')
SURFACE()
);
#27=(
BOUNDED_SURFACE()
B_SPLINE_SURFACE(3,2,((#2800,#2801,#2802),(#2803,#2804,#2805),(#2806,#2807,
#2808),(#2809,#2810,#2811),(#2812,#2813,#2814),(#2815,#2816,#2817),(#2818,
#2819,#2820),(#2821,#2822,#2823),(#2824,#2825,#2826),(#2827,#2828,#2829)),
 .UNSPECIFIED.,.F.,.F.,.F.)
B_SPLINE_SURFACE_WITH_KNOTS((4,1,1,1,1,1,1,4),(3,3),(0.0715195762517453,
0.0793678244600372,0.0832919485641831,0.087216072668329,0.091140196772475,
0.0950643208766209,0.0989884449807668,0.102912569084913),(0.,1.),
 .UNSPECIFIED.)
GEOMETRIC_REPRESENTATION_ITEM()
RATIONAL_B_SPLINE_SURFACE(((1.,0.695802714213642,1.),(1.,0.689958233774409,
1.),(1.,0.680352205777711,1.),(1.,0.667435654227994,1.),(1.,0.65836326747928,
1.),(1.,0.650049693406437,1.),(1.,0.643305847262246,1.),(1.,0.63831396925958,
1.),(1.,0.636496613359559,1.),(1.,0.635981528747174,1.)))
REPRESENTATION_ITEM('')
SURFACE()
);
#28=(
BOUNDED_SURFACE()
B_SPLINE_SURFACE(3,2,((#2834,#2835,#2836),(#2837,#2838,#2839),(#2840,#2841,
#2842),(#2843,#2844,#2845),(#2846,#2847,#2848),(#2849,#2850,#2851),(#2852,
#2853,#2854),(#2855,#2856,#2857),(#2858,#2859,#2860),(#2861,#2862,#2863),
(#2864,#2865,#2866)),.UNSPECIFIED.,.F.,.F.,.F.)
B_SPLINE_SURFACE_WITH_KNOTS((4,1,1,1,1,1,1,1,4),(3,3),(0.0838635600909166,
0.0885150618474284,0.0931665636039402,0.097818065360452,0.102469567116964,
0.107121068873476,0.111772570629987,0.116424072386499,0.121075574143011),
(0.,1.),.UNSPECIFIED.)
GEOMETRIC_REPRESENTATION_ITEM()
RATIONAL_B_SPLINE_SURFACE(((1.,0.635890419146201,1.),(1.,0.636303873857681,
1.),(1.,0.637748593321084,1.),(1.,0.641638982094753,1.),(1.,0.64712718428076,
1.),(1.,0.653724272474649,1.),(1.,0.661322568887739,1.),(1.,0.66941220191515,
1.),(1.,0.677712660982043,1.),(1.,0.683046645661894,1.),(1.,0.68565258086745,
1.)))
REPRESENTATION_ITEM('')
SURFACE()
);
#29=(
BOUNDED_SURFACE()
B_SPLINE_SURFACE(3,2,((#3473,#3474,#3475),(#3476,#3477,#3478),(#3479,#3480,
#3481),(#3482,#3483,#3484),(#3485,#3486,#3487),(#3488,#3489,#3490),(#3491,
#3492,#3493),(#3494,#3495,#3496),(#3497,#3498,#3499)),.UNSPECIFIED.,.F.,
 .F.,.F.)
B_SPLINE_SURFACE_WITH_KNOTS((4,1,1,1,1,1,4),(3,3),(0.0587516781884826,0.0663811562253322,
0.070195895243757,0.0740106342621818,0.0778253732806066,0.0816401122990314,
0.089269590335881),(0.,1.),.UNSPECIFIED.)
GEOMETRIC_REPRESENTATION_ITEM()
RATIONAL_B_SPLINE_SURFACE(((1.,0.636267681827343,1.),(1.,0.637533599461971,
1.),(1.,0.641661857351151,1.),(1.,0.650763909830151,1.),(1.,0.658766151008324,
1.),(1.,0.667764546876757,1.),(1.,0.680315517094431,1.),(1.,0.689504973389885,
1.),(1.,0.695281009931068,1.)))
REPRESENTATION_ITEM('')
SURFACE()
);
#30=(
BOUNDED_SURFACE()
B_SPLINE_SURFACE(3,2,((#3517,#3518,#3519),(#3520,#3521,#3522),(#3523,#3524,
#3525),(#3526,#3527,#3528),(#3529,#3530,#3531),(#3532,#3533,#3534),(#3535,
#3536,#3537),(#3538,#3539,#3540),(#3541,#3542,#3543)),.UNSPECIFIED.,.F.,
 .F.,.F.)
B_SPLINE_SURFACE_WITH_KNOTS((4,1,1,1,1,1,4),(3,3),(0.100988418185679,0.110073621111103,
0.114616222573815,0.119158824036527,0.123701425499239,0.128244026961952,
0.137329229887376),(0.,1.),.UNSPECIFIED.)
GEOMETRIC_REPRESENTATION_ITEM()
RATIONAL_B_SPLINE_SURFACE(((1.,0.685477363924153,1.),(1.,0.68038443823284,
1.),(1.,0.67223115543851,1.),(1.,0.661638323349364,1.),(1.,0.654252905733029,
1.),(1.,0.647702465382567,1.),(1.,0.640372454836936,1.),(1.,0.637123254898676,
1.),(1.,0.636114293706622,1.)))
REPRESENTATION_ITEM('')
SURFACE()
);
#31=(
BOUNDED_SURFACE()
B_SPLINE_SURFACE(3,2,((#3550,#3551,#3552),(#3553,#3554,#3555),(#3556,#3557,
#3558),(#3559,#3560,#3561),(#3562,#3563,#3564),(#3565,#3566,#3567),(#3568,
#3569,#3570),(#3571,#3572,#3573),(#3574,#3575,#3576)),.UNSPECIFIED.,.F.,
 .F.,.F.)
B_SPLINE_SURFACE_WITH_KNOTS((4,1,1,1,1,1,4),(3,3),(0.134578560176423,0.142224050904497,
0.146046796268534,0.149869541632571,0.157515032360645,0.161337777724682,
0.165160523088719),(0.,1.),.UNSPECIFIED.)
GEOMETRIC_REPRESENTATION_ITEM()
RATIONAL_B_SPLINE_SURFACE(((1.,0.707106781186547,1.),(1.,0.709339956615167,
1.),(1.,0.712066997441974,1.),(1.,0.714580954128569,1.),(1.,0.71638598031054,
1.),(1.,0.71712606484329,1.),(1.,0.717072662251716,1.),(1.,0.716818944283752,
1.),(1.,0.716650691760527,1.)))
REPRESENTATION_ITEM('')
SURFACE()
);
#32=(
BOUNDED_SURFACE()
B_SPLINE_SURFACE(3,2,((#3583,#3584,#3585),(#3586,#3587,#3588),(#3589,#3590,
#3591),(#3592,#3593,#3594),(#3595,#3596,#3597),(#3598,#3599,#3600)),
 .UNSPECIFIED.,.F.,.F.,.F.)
B_SPLINE_SURFACE_WITH_KNOTS((4,1,1,4),(3,3),(0.0498060937640552,0.0553862492102466,
0.060966404656438,0.0721267155488208),(0.,1.),.UNSPECIFIED.)
GEOMETRIC_REPRESENTATION_ITEM()
RATIONAL_B_SPLINE_SURFACE(((1.,0.68958988780009,1.),(1.,0.691110878290694,
1.),(1.,0.694015432279424,1.),(1.,0.699268821541592,1.),(1.,0.702423179824246,
1.),(1.,0.704159658919599,1.)))
REPRESENTATION_ITEM('')
SURFACE()
);
#33=(
BOUNDED_SURFACE()
B_SPLINE_SURFACE(3,2,((#3607,#3608,#3609),(#3610,#3611,#3612),(#3613,#3614,
#3615),(#3616,#3617,#3618),(#3619,#3620,#3621),(#3622,#3623,#3624),(#3625,
#3626,#3627),(#3628,#3629,#3630),(#3631,#3632,#3633),(#3634,#3635,#3636)),
 .UNSPECIFIED.,.F.,.F.,.F.)
B_SPLINE_SURFACE_WITH_KNOTS((4,1,1,1,1,1,1,4),(3,3),(-4.77048955893622E-17,
0.00307154813284098,0.00614309626568202,0.0122861925313641,0.0184292887970461,
0.0215008369298872,0.0230366109963077,0.0245723850627282),(0.,1.),
 .UNSPECIFIED.)
GEOMETRIC_REPRESENTATION_ITEM()
RATIONAL_B_SPLINE_SURFACE(((1.,0.707106781186539,1.),(1.,0.707106787482316,
1.),(1.,0.707516829452328,1.),(1.,0.709550720735087,1.),(1.,0.712843921537354,
1.),(1.,0.71566086181248,1.),(1.,0.71744322330929,1.),(1.,0.718381337476388,
1.),(1.,0.718886289456822,1.),(1.,0.719074429455443,1.)))
REPRESENTATION_ITEM('')
SURFACE()
);
#34=(
BOUNDED_SURFACE()
B_SPLINE_SURFACE(3,2,((#3638,#3639,#3640),(#3641,#3642,#3643),(#3644,#3645,
#3646),(#3647,#3648,#3649)),.UNSPECIFIED.,.F.,.F.,.F.)
B_SPLINE_SURFACE_WITH_KNOTS((4,4),(3,3),(4.6109176455691,4.61781873551886),
(0.,1.),.PIECEWISE_BEZIER_KNOTS.)
GEOMETRIC_REPRESENTATION_ITEM()
RATIONAL_B_SPLINE_SURFACE(((1.,0.704686775031032,1.),(1.,0.704741542220885,
1.),(1.,0.704796322269838,1.),(1.,0.704851113858667,1.)))
REPRESENTATION_ITEM('')
SURFACE()
);
#35=(
BOUNDED_SURFACE()
B_SPLINE_SURFACE(3,2,((#3656,#3657,#3658),(#3659,#3660,#3661),(#3662,#3663,
#3664),(#3665,#3666,#3667),(#3668,#3669,#3670),(#3671,#3672,#3673),(#3674,
#3675,#3676),(#3677,#3678,#3679),(#3680,#3681,#3682),(#3683,#3684,#3685)),
 .UNSPECIFIED.,.F.,.F.,.F.)
B_SPLINE_SURFACE_WITH_KNOTS((4,1,1,1,1,1,1,4),(3,3),(4.33680868994202E-18,
0.00307154811840138,0.00614309623680275,0.0122861924736055,0.0184292887104082,
0.0215008368288096,0.0230366108880103,0.024572384947211),(0.,1.),
 .UNSPECIFIED.)
GEOMETRIC_REPRESENTATION_ITEM()
RATIONAL_B_SPLINE_SURFACE(((1.,0.707106781186539,1.),(1.,0.707106774930266,
1.),(1.,0.707516793157535,1.),(1.,0.709550646000232,1.),(1.,0.712843821366085,
1.),(1.,0.715660751006989,1.),(1.,0.717443107892367,1.),(1.,0.718381220326695,
1.),(1.,0.718886171104232,1.),(1.,0.719074311132061,1.)))
REPRESENTATION_ITEM('')
SURFACE()
);
#36=(
BOUNDED_SURFACE()
B_SPLINE_SURFACE(3,2,((#3692,#3693,#3694),(#3695,#3696,#3697),(#3698,#3699,
#3700),(#3701,#3702,#3703),(#3704,#3705,#3706),(#3707,#3708,#3709),(#3710,
#3711,#3712),(#3713,#3714,#3715),(#3716,#3717,#3718)),.UNSPECIFIED.,.F.,
 .F.,.F.)
B_SPLINE_SURFACE_WITH_KNOTS((4,1,1,1,1,1,4),(3,3),(0.097220514008246,0.118860340643475,
0.12968025396109,0.140500167278704,0.151320080596319,0.162139993913933,
0.183779820549163),(0.,1.),.UNSPECIFIED.)
GEOMETRIC_REPRESENTATION_ITEM()
RATIONAL_B_SPLINE_SURFACE(((1.,0.705125835582577,1.),(1.,0.70578044338107,
1.),(1.,0.706522991785902,1.),(1.,0.707022680511669,1.),(1.,0.707148832077594,
1.),(1.,0.707022678297239,1.),(1.,0.706522986641048,1.),(1.,0.705780436084807,
1.),(1.,0.705125826854006,1.)))
REPRESENTATION_ITEM('')
SURFACE()
);
#37=(
BOUNDED_SURFACE()
B_SPLINE_SURFACE(3,2,((#3725,#3726,#3727),(#3728,#3729,#3730),(#3731,#3732,
#3733),(#3734,#3735,#3736),(#3737,#3738,#3739),(#3740,#3741,#3742),(#3743,
#3744,#3745),(#3746,#3747,#3748),(#3749,#3750,#3751)),.UNSPECIFIED.,.F.,
 .F.,.F.)
B_SPLINE_SURFACE_WITH_KNOTS((4,1,1,1,1,1,4),(3,3),(0.134578555643556,0.142224046167396,
0.146046791429317,0.149869536691237,0.157515027215077,0.161337772476997,
0.165160517738917),(0.,1.),.UNSPECIFIED.)
GEOMETRIC_REPRESENTATION_ITEM()
RATIONAL_B_SPLINE_SURFACE(((1.,0.707106781186547,1.),(1.,0.709339947400614,
1.),(1.,0.712066974699671,1.),(1.,0.714580913848688,1.),(1.,0.716385922703376,
1.),(1.,0.717125991117379,1.),(1.,0.717072573533087,1.),(1.,0.716818848473149,
1.),(1.,0.716650592576111,1.)))
REPRESENTATION_ITEM('')
SURFACE()
);
#38=(
BOUNDED_SURFACE()
B_SPLINE_SURFACE(3,2,((#3753,#3754,#3755),(#3756,#3757,#3758),(#3759,#3760,
#3761),(#3762,#3763,#3764)),.UNSPECIFIED.,.F.,.F.,.F.)
B_SPLINE_SURFACE_WITH_KNOTS((4,4),(3,3),(4.61091806892218,4.61781915859228),
(0.,1.),.PIECEWISE_BEZIER_KNOTS.)
GEOMETRIC_REPRESENTATION_ITEM()
RATIONAL_B_SPLINE_SURFACE(((1.,0.704686785110247,1.),(1.,0.70474155229957,
1.),(1.,0.704796332347591,1.),(1.,0.704851123935713,1.)))
REPRESENTATION_ITEM('')
SURFACE()
);
#39=(
BOUNDED_SURFACE()
B_SPLINE_SURFACE(3,2,((#3778,#3779,#3780),(#3781,#3782,#3783),(#3784,#3785,
#3786),(#3787,#3788,#3789),(#3790,#3791,#3792),(#3793,#3794,#3795)),
 .UNSPECIFIED.,.F.,.F.,.F.)
B_SPLINE_SURFACE_WITH_KNOTS((4,1,1,4),(3,3),(0.0498060845130288,0.05538623968443,
0.0609663948558312,0.0721267051986336),(0.,1.),.UNSPECIFIED.)
GEOMETRIC_REPRESENTATION_ITEM()
RATIONAL_B_SPLINE_SURFACE(((1.,0.689589938064462,1.),(1.,0.691110925431156,
1.),(1.,0.694015473167706,1.),(1.,0.699268849679399,1.),(1.,0.70242319846915,
1.),(1.,0.70415967126084,1.)))
REPRESENTATION_ITEM('')
SURFACE()
);
#40=(
BOUNDED_SURFACE()
B_SPLINE_SURFACE(3,2,((#3802,#3803,#3804),(#3805,#3806,#3807),(#3808,#3809,
#3810),(#3811,#3812,#3813),(#3814,#3815,#3816),(#3817,#3818,#3819),(#3820,
#3821,#3822),(#3823,#3824,#3825),(#3826,#3827,#3828),(#3829,#3830,#3831)),
 .UNSPECIFIED.,.F.,.F.,.F.)
B_SPLINE_SURFACE_WITH_KNOTS((4,1,1,1,1,1,1,4),(3,3),(0.0717545608299728,
0.0793822877815899,0.0831961512573985,0.087010014733207,0.0908238782090156,
0.0946377416848242,0.0984516051606327,0.102265468636441),(0.,1.),
 .UNSPECIFIED.)
GEOMETRIC_REPRESENTATION_ITEM()
RATIONAL_B_SPLINE_SURFACE(((1.,0.695276451462548,1.),(1.,0.689568221471401,
1.),(1.,0.680224827737959,1.),(1.,0.667671408965948,1.),(1.,0.658831070459763,
1.),(1.,0.650683731256373,1.),(1.,0.643973049875882,1.),(1.,0.638896031312941,
1.),(1.,0.63689438192331,1.),(1.,0.636268310465603,1.)))
REPRESENTATION_ITEM('')
SURFACE()
);
#41=(
BOUNDED_SURFACE()
B_SPLINE_SURFACE(3,2,((#3836,#3837,#3838),(#3839,#3840,#3841),(#3842,#3843,
#3844),(#3845,#3846,#3847),(#3848,#3849,#3850),(#3851,#3852,#3853),(#3854,
#3855,#3856),(#3857,#3858,#3859),(#3860,#3861,#3862),(#3863,#3864,#3865),
(#3866,#3867,#3868)),.UNSPECIFIED.,.F.,.F.,.F.)
B_SPLINE_SURFACE_WITH_KNOTS((4,1,1,1,1,1,1,1,4),(3,3),(0.0846136595884305,
0.0891583995315892,0.0937031394747479,0.0982478794179066,0.102792619361065,
0.107337359304224,0.111882099247383,0.116426839190542,0.1209715791337),
(0.,1.),.UNSPECIFIED.)
GEOMETRIC_REPRESENTATION_ITEM()
RATIONAL_B_SPLINE_SURFACE(((1.,0.636114500180583,1.),(1.,0.636615435372379,
1.),(1.,0.638197530305902,1.),(1.,0.642211262237883,1.),(1.,0.647702129198079,
1.),(1.,0.654228631454187,1.),(1.,0.661696104175988,1.),(1.,0.669607667752255,
1.),(1.,0.67771564158299,1.),(1.,0.682928741855999,1.),(1.,0.685477698490255,
1.)))
REPRESENTATION_ITEM('')
SURFACE()
);
#42=B_SPLINE_SURFACE_WITH_KNOTS('',3,1,((#2238,#2239),(#2240,#2241),(#2242,
#2243),(#2244,#2245),(#2246,#2247),(#2248,#2249),(#2250,#2251),(#2252,#2253)),
 .SURF_OF_LINEAR_EXTRUSION.,.F.,.F.,.F.,(4,1,1,1,1,4),(2,2),(0.17042828244658,
0.211624747140757,0.252821211834935,0.33521414122329,0.417607070611645,
0.5),(0.,1.),.UNSPECIFIED.);
#43=B_SPLINE_SURFACE_WITH_KNOTS('',3,1,((#2270,#2271),(#2272,#2273),(#2274,
#2275),(#2276,#2277),(#2278,#2279),(#2280,#2281),(#2282,#2283),(#2284,#2285)),
 .SURF_OF_LINEAR_EXTRUSION.,.F.,.F.,.F.,(4,1,1,1,1,4),(2,2),(0.5,0.582392929388414,
0.664785858776827,0.747178788165241,0.788375252859447,0.829571717553654),
(0.,1.),.UNSPECIFIED.);
#44=B_SPLINE_SURFACE_WITH_KNOTS('',3,1,((#3281,#3282),(#3283,#3284),(#3285,
#3286),(#3287,#3288)),.SURF_OF_LINEAR_EXTRUSION.,.F.,.F.,.F.,(4,4),(2,2),
(0.173648177666931,0.5),(0.,1.),.PIECEWISE_BEZIER_KNOTS.);
#45=B_SPLINE_SURFACE_WITH_KNOTS('',3,1,((#3303,#3304),(#3305,#3306),(#3307,
#3308),(#3309,#3310)),.SURF_OF_LINEAR_EXTRUSION.,.F.,.F.,.F.,(4,4),(2,2),
(0.5,0.826351822333318),(0.,1.),.PIECEWISE_BEZIER_KNOTS.);
#46=B_SPLINE_SURFACE_WITH_KNOTS('',1,3,((#3876,#3877,#3878,#3879,#3880,
#3881,#3882,#3883,#3884,#3885,#3886,#3887,#3888,#3889,#3890,#3891,#3892,
#3893,#3894,#3895,#3896,#3897,#3898,#3899,#3900,#3901,#3902,#3903,#3904,
#3905,#3906,#3907,#3908,#3909,#3910,#3911,#3912,#3913,#3914,#3915,#3916,
#3917,#3918,#3919,#3920,#3921,#3922,#3923,#3924,#3925,#3926,#3927,#3928,
#3929,#3930,#3931,#3932,#3933,#3934,#3935,#3936,#3937,#3938,#3939,#3940,
#3941),(#3942,#3943,#3944,#3945,#3946,#3947,#3948,#3949,#3950,#3951,#3952,
#3953,#3954,#3955,#3956,#3957,#3958,#3959,#3960,#3961,#3962,#3963,#3964,
#3965,#3966,#3967,#3968,#3969,#3970,#3971,#3972,#3973,#3974,#3975,#3976,
#3977,#3978,#3979,#3980,#3981,#3982,#3983,#3984,#3985,#3986,#3987,#3988,
#3989,#3990,#3991,#3992,#3993,#3994,#3995,#3996,#3997,#3998,#3999,#4000,
#4001,#4002,#4003,#4004,#4005,#4006,#4007)),.RULED_SURF.,.F.,.T.,.F.,(2,
2),(2,2,2,2,2,2,2,2,2,2,2,2,2,2,2,2,2,2,2,2,2,2,2,2,2,2,2,2,2,2,2,2,2,2,
2),(0.,1.),(-0.00561557274622102,-0.000903054214751065,0.00380946431671887,
0.00852198284818881,0.0132345013796587,0.0179470199111287,0.0226595384425986,
0.0273720569740686,0.0320845755055385,0.0367970940370084,0.0415096125684783,
0.0462221310999483,0.0509346496314182,0.0556471681628882,0.0603596866943581,
0.065072205225828,0.069784723757298,0.0744972422887679,0.0792097608202378,
0.0839222793517078,0.0886347978831777,0.0933473164146476,0.0980598349461176,
0.102772353477587,0.107484872009057,0.112197390540527,0.116909909071997,
0.121622427603467,0.126334946134937,0.131047464666407,0.135759983197877,
0.140472501729347,0.145185020260817,0.149897538792287,0.154610057323757),
 .UNSPECIFIED.);
#47=B_SPLINE_SURFACE_WITH_KNOTS('',1,3,((#4008,#4009,#4010,#4011,#4012,
#4013,#4014,#4015,#4016,#4017,#4018,#4019,#4020,#4021,#4022,#4023,#4024,
#4025,#4026,#4027,#4028,#4029,#4030,#4031,#4032,#4033,#4034,#4035,#4036,
#4037,#4038,#4039,#4040,#4041,#4042,#4043,#4044,#4045,#4046,#4047,#4048,
#4049,#4050,#4051,#4052,#4053,#4054,#4055,#4056,#4057,#4058,#4059,#4060,
#4061,#4062,#4063,#4064,#4065,#4066,#4067,#4068,#4069,#4070,#4071,#4072,
#4073),(#4074,#4075,#4076,#4077,#4078,#4079,#4080,#4081,#4082,#4083,#4084,
#4085,#4086,#4087,#4088,#4089,#4090,#4091,#4092,#4093,#4094,#4095,#4096,
#4097,#4098,#4099,#4100,#4101,#4102,#4103,#4104,#4105,#4106,#4107,#4108,
#4109,#4110,#4111,#4112,#4113,#4114,#4115,#4116,#4117,#4118,#4119,#4120,
#4121,#4122,#4123,#4124,#4125,#4126,#4127,#4128,#4129,#4130,#4131,#4132,
#4133,#4134,#4135,#4136,#4137,#4138,#4139)),.RULED_SURF.,.F.,.T.,.F.,(2,
2),(2,2,2,2,2,2,2,2,2,2,2,2,2,2,2,2,2,2,2,2,2,2,2,2,2,2,2,2,2,2,2,2,2,2,
2),(0.,1.),(-0.153994148744331,-0.149299673245914,-0.144605197747498,-0.139910722249081,
-0.135216246750665,-0.130521771252248,-0.125827295753832,-0.121132820255415,
-0.116438344756999,-0.111743869258582,-0.107049393760166,-0.102354918261749,
-0.0976604427633328,-0.0929659672649163,-0.0882714917664998,-0.0835770162680833,
-0.0788825407696668,-0.0741880652712502,-0.0694935897728337,-0.0647991142744172,
-0.0601046387760007,-0.0554101632775842,-0.0507156877791677,-0.0460212122807512,
-0.0413267367823347,-0.0366322612839182,-0.0319377857855017,-0.0272433102870852,
-0.0225488347886687,-0.0178543592902522,-0.0131598837918357,-0.00846540829341918,
-0.00377093279500268,0.000923542703413827,0.00561801820183033),
 .UNSPECIFIED.);
#48=ELLIPSE('',#1493,44.8556106989976,44.75);
#49=ELLIPSE('',#1496,44.8556106989976,44.75);
#50=ELLIPSE('',#1498,45.6038738615484,45.5);
#51=ELLIPSE('',#1512,45.6038738615485,45.5);
#52=ELLIPSE('',#1530,45.1050253428598,45.);
#53=ELLIPSE('',#1531,45.1050253428598,45.);
#54=ELLIPSE('',#1535,45.6038738615484,45.5);
#55=ELLIPSE('',#1549,45.6038738615485,45.5);
#56=LINE('',#1906,#114);
#57=LINE('',#1910,#115);
#58=LINE('',#1916,#116);
#59=LINE('',#1920,#117);
#60=LINE('',#1944,#118);
#61=LINE('',#1948,#119);
#62=LINE('',#1951,#120);
#63=LINE('',#1958,#121);
#64=LINE('',#1962,#122);
#65=LINE('',#1978,#123);
#66=LINE('',#1982,#124);
#67=LINE('',#1988,#125);
#68=LINE('',#2080,#126);
#69=LINE('',#2135,#127);
#70=LINE('',#2158,#128);
#71=LINE('',#2160,#129);
#72=LINE('',#2179,#130);
#73=LINE('',#2197,#131);
#74=LINE('',#2199,#132);
#75=LINE('',#2217,#133);
#76=LINE('',#2226,#134);
#77=LINE('',#2237,#135);
#78=LINE('',#2269,#136);
#79=LINE('',#2301,#137);
#80=LINE('',#2312,#138);
#81=LINE('',#2321,#139);
#82=LINE('',#2339,#140);
#83=LINE('',#2341,#141);
#84=LINE('',#2361,#142);
#85=LINE('',#2363,#143);
#86=LINE('',#2382,#144);
#87=LINE('',#2399,#145);
#88=LINE('',#2401,#146);
#89=LINE('',#2415,#147);
#90=LINE('',#2427,#148);
#91=LINE('',#3127,#149);
#92=LINE('',#3186,#150);
#93=LINE('',#3202,#151);
#94=LINE('',#3211,#152);
#95=LINE('',#3213,#153);
#96=LINE('',#3225,#154);
#97=LINE('',#3243,#155);
#98=LINE('',#3260,#156);
#99=LINE('',#3262,#157);
#100=LINE('',#3271,#158);
#101=LINE('',#3289,#159);
#102=LINE('',#3311,#160);
#103=LINE('',#3328,#161);
#104=LINE('',#3339,#162);
#105=LINE('',#3348,#163);
#106=LINE('',#3366,#164);
#107=LINE('',#3386,#165);
#108=LINE('',#3388,#166);
#109=LINE('',#3400,#167);
#110=LINE('',#3424,#168);
#111=LINE('',#3426,#169);
#112=LINE('',#3438,#170);
#113=LINE('',#3451,#171);
#114=VECTOR('',#1578,100.);
#115=VECTOR('',#1581,100.);
#116=VECTOR('',#1586,100.);
#117=VECTOR('',#1589,100.);
#118=VECTOR('',#1594,100.);
#119=VECTOR('',#1597,100.);
#120=VECTOR('',#1600,100.);
#121=VECTOR('',#1605,100.);
#122=VECTOR('',#1608,100.);
#123=VECTOR('',#1613,100.);
#124=VECTOR('',#1616,100.);
#125=VECTOR('',#1621,100.);
#126=VECTOR('',#1628,100.);
#127=VECTOR('',#1633,100.);
#128=VECTOR('',#1638,100.);
#129=VECTOR('',#1639,100.);
#130=VECTOR('',#1644,100.);
#131=VECTOR('',#1647,100.);
#132=VECTOR('',#1650,100.);
#133=VECTOR('',#1651,100.);
#134=VECTOR('',#1656,100.);
#135=VECTOR('',#1659,100.);
#136=VECTOR('',#1660,100.);
#137=VECTOR('',#1661,100.);
#138=VECTOR('',#1664,100.);
#139=VECTOR('',#1669,100.);
#140=VECTOR('',#1672,100.);
#141=VECTOR('',#1675,100.);
#142=VECTOR('',#1676,100.);
#143=VECTOR('',#1679,100.);
#144=VECTOR('',#1684,100.);
#145=VECTOR('',#1689,100.);
#146=VECTOR('',#1692,100.);
#147=VECTOR('',#1695,100.);
#148=VECTOR('',#1698,100.);
#149=VECTOR('',#1727,100.);
#150=VECTOR('',#1732,100.);
#151=VECTOR('',#1735,100.);
#152=VECTOR('',#1738,100.);
#153=VECTOR('',#1741,100.);
#154=VECTOR('',#1744,100.);
#155=VECTOR('',#1747,100.);
#156=VECTOR('',#1748,100.);
#157=VECTOR('',#1751,100.);
#158=VECTOR('',#1756,100.);
#159=VECTOR('',#1757,100.);
#160=VECTOR('',#1758,100.);
#161=VECTOR('',#1761,100.);
#162=VECTOR('',#1764,100.);
#163=VECTOR('',#1769,100.);
#164=VECTOR('',#1772,100.);
#165=VECTOR('',#1773,100.);
#166=VECTOR('',#1776,100.);
#167=VECTOR('',#1779,100.);
#168=VECTOR('',#1786,100.);
#169=VECTOR('',#1789,100.);
#170=VECTOR('',#1792,100.);
#171=VECTOR('',#1795,100.);
#172=PLANE('',#1473);
#173=PLANE('',#1497);
#174=PLANE('',#1502);
#175=PLANE('',#1506);
#176=PLANE('',#1511);
#177=PLANE('',#1514);
#178=PLANE('',#1515);
#179=PLANE('',#1534);
#180=PLANE('',#1539);
#181=PLANE('',#1543);
#182=PLANE('',#1548);
#183=PLANE('',#1551);
#184=PLANE('',#1552);
#185=PLANE('',#1562);
#186=PLANE('',#1563);
#187=CIRCLE('',#1470,2.2);
#188=CIRCLE('',#1472,2.2);
#189=CIRCLE('',#1474,9.56441588174495);
#190=CIRCLE('',#1475,75.2265564910616);
#191=CIRCLE('',#1476,9.56441588174493);
#192=CIRCLE('',#1477,4.25);
#193=CIRCLE('',#1478,3.25);
#194=CIRCLE('',#1479,4.88782568992506);
#195=CIRCLE('',#1480,4.88782568992546);
#196=CIRCLE('',#1481,3.25);
#197=CIRCLE('',#1482,4.25);
#198=CIRCLE('',#1483,9.31441588174495);
#199=CIRCLE('',#1484,4.);
#200=CIRCLE('',#1485,3.);
#201=CIRCLE('',#1486,4.63782568992546);
#202=CIRCLE('',#1487,4.63782568992506);
#203=CIRCLE('',#1488,3.);
#204=CIRCLE('',#1489,4.);
#205=CIRCLE('',#1490,9.31441588174493);
#206=CIRCLE('',#1491,74.9765564910616);
#207=CIRCLE('',#1494,44.75);
#208=CIRCLE('',#1495,44.75);
#209=CIRCLE('',#1503,45.5);
#210=CIRCLE('',#1507,45.5);
#211=CIRCLE('',#1520,0.75);
#212=CIRCLE('',#1521,0.75);
#213=CIRCLE('',#1522,0.75);
#214=CIRCLE('',#1526,1.95);
#215=CIRCLE('',#1528,1.95);
#216=CIRCLE('',#1532,45.);
#217=CIRCLE('',#1533,45.);
#218=CIRCLE('',#1540,45.5);
#219=CIRCLE('',#1544,45.5);
#220=CIRCLE('',#1557,0.5);
#221=CIRCLE('',#1558,0.5);
#222=CIRCLE('',#1559,0.5);
#223=ORIENTED_EDGE('',*,*,#663,.F.);
#224=ORIENTED_EDGE('',*,*,#664,.F.);
#225=ORIENTED_EDGE('',*,*,#665,.F.);
#226=ORIENTED_EDGE('',*,*,#666,.F.);
#227=ORIENTED_EDGE('',*,*,#667,.F.);
#228=ORIENTED_EDGE('',*,*,#668,.T.);
#229=ORIENTED_EDGE('',*,*,#669,.T.);
#230=ORIENTED_EDGE('',*,*,#670,.F.);
#231=ORIENTED_EDGE('',*,*,#671,.T.);
#232=ORIENTED_EDGE('',*,*,#672,.T.);
#233=ORIENTED_EDGE('',*,*,#673,.F.);
#234=ORIENTED_EDGE('',*,*,#674,.T.);
#235=ORIENTED_EDGE('',*,*,#675,.T.);
#236=ORIENTED_EDGE('',*,*,#676,.T.);
#237=ORIENTED_EDGE('',*,*,#677,.T.);
#238=ORIENTED_EDGE('',*,*,#678,.T.);
#239=ORIENTED_EDGE('',*,*,#679,.T.);
#240=ORIENTED_EDGE('',*,*,#680,.T.);
#241=ORIENTED_EDGE('',*,*,#681,.T.);
#242=ORIENTED_EDGE('',*,*,#682,.T.);
#243=ORIENTED_EDGE('',*,*,#683,.T.);
#244=ORIENTED_EDGE('',*,*,#684,.F.);
#245=ORIENTED_EDGE('',*,*,#685,.T.);
#246=ORIENTED_EDGE('',*,*,#686,.F.);
#247=ORIENTED_EDGE('',*,*,#687,.F.);
#248=ORIENTED_EDGE('',*,*,#688,.F.);
#249=ORIENTED_EDGE('',*,*,#689,.F.);
#250=ORIENTED_EDGE('',*,*,#690,.F.);
#251=ORIENTED_EDGE('',*,*,#691,.F.);
#252=ORIENTED_EDGE('',*,*,#692,.F.);
#253=ORIENTED_EDGE('',*,*,#693,.F.);
#254=ORIENTED_EDGE('',*,*,#694,.F.);
#255=ORIENTED_EDGE('',*,*,#695,.F.);
#256=ORIENTED_EDGE('',*,*,#696,.T.);
#257=ORIENTED_EDGE('',*,*,#697,.F.);
#258=ORIENTED_EDGE('',*,*,#698,.F.);
#259=ORIENTED_EDGE('',*,*,#699,.T.);
#260=ORIENTED_EDGE('',*,*,#700,.F.);
#261=ORIENTED_EDGE('',*,*,#701,.T.);
#262=ORIENTED_EDGE('',*,*,#702,.T.);
#263=ORIENTED_EDGE('',*,*,#703,.T.);
#264=ORIENTED_EDGE('',*,*,#704,.T.);
#265=ORIENTED_EDGE('',*,*,#705,.T.);
#266=ORIENTED_EDGE('',*,*,#706,.T.);
#267=ORIENTED_EDGE('',*,*,#707,.T.);
#268=ORIENTED_EDGE('',*,*,#708,.T.);
#269=ORIENTED_EDGE('',*,*,#709,.T.);
#270=ORIENTED_EDGE('',*,*,#710,.T.);
#271=ORIENTED_EDGE('',*,*,#711,.T.);
#272=ORIENTED_EDGE('',*,*,#712,.T.);
#273=ORIENTED_EDGE('',*,*,#713,.T.);
#274=ORIENTED_EDGE('',*,*,#714,.T.);
#275=ORIENTED_EDGE('',*,*,#715,.T.);
#276=ORIENTED_EDGE('',*,*,#716,.T.);
#277=ORIENTED_EDGE('',*,*,#717,.T.);
#278=ORIENTED_EDGE('',*,*,#718,.T.);
#279=ORIENTED_EDGE('',*,*,#719,.T.);
#280=ORIENTED_EDGE('',*,*,#720,.F.);
#281=ORIENTED_EDGE('',*,*,#670,.T.);
#282=ORIENTED_EDGE('',*,*,#721,.T.);
#283=ORIENTED_EDGE('',*,*,#722,.T.);
#284=ORIENTED_EDGE('',*,*,#723,.T.);
#285=ORIENTED_EDGE('',*,*,#671,.F.);
#286=ORIENTED_EDGE('',*,*,#720,.T.);
#287=ORIENTED_EDGE('',*,*,#724,.T.);
#288=ORIENTED_EDGE('',*,*,#725,.T.);
#289=ORIENTED_EDGE('',*,*,#726,.F.);
#290=ORIENTED_EDGE('',*,*,#672,.F.);
#291=ORIENTED_EDGE('',*,*,#726,.T.);
#292=ORIENTED_EDGE('',*,*,#727,.T.);
#293=ORIENTED_EDGE('',*,*,#728,.T.);
#294=ORIENTED_EDGE('',*,*,#729,.F.);
#295=ORIENTED_EDGE('',*,*,#674,.F.);
#296=ORIENTED_EDGE('',*,*,#730,.T.);
#297=ORIENTED_EDGE('',*,*,#731,.T.);
#298=ORIENTED_EDGE('',*,*,#732,.T.);
#299=ORIENTED_EDGE('',*,*,#733,.F.);
#300=ORIENTED_EDGE('',*,*,#675,.F.);
#301=ORIENTED_EDGE('',*,*,#733,.T.);
#302=ORIENTED_EDGE('',*,*,#734,.T.);
#303=ORIENTED_EDGE('',*,*,#735,.T.);
#304=ORIENTED_EDGE('',*,*,#736,.F.);
#305=ORIENTED_EDGE('',*,*,#676,.F.);
#306=ORIENTED_EDGE('',*,*,#736,.T.);
#307=ORIENTED_EDGE('',*,*,#737,.T.);
#308=ORIENTED_EDGE('',*,*,#738,.F.);
#309=ORIENTED_EDGE('',*,*,#677,.F.);
#310=ORIENTED_EDGE('',*,*,#738,.T.);
#311=ORIENTED_EDGE('',*,*,#739,.T.);
#312=ORIENTED_EDGE('',*,*,#740,.T.);
#313=ORIENTED_EDGE('',*,*,#741,.F.);
#314=ORIENTED_EDGE('',*,*,#678,.F.);
#315=ORIENTED_EDGE('',*,*,#741,.T.);
#316=ORIENTED_EDGE('',*,*,#742,.T.);
#317=ORIENTED_EDGE('',*,*,#743,.T.);
#318=ORIENTED_EDGE('',*,*,#744,.F.);
#319=ORIENTED_EDGE('',*,*,#679,.F.);
#320=ORIENTED_EDGE('',*,*,#744,.T.);
#321=ORIENTED_EDGE('',*,*,#745,.T.);
#322=ORIENTED_EDGE('',*,*,#746,.F.);
#323=ORIENTED_EDGE('',*,*,#680,.F.);
#324=ORIENTED_EDGE('',*,*,#746,.T.);
#325=ORIENTED_EDGE('',*,*,#747,.T.);
#326=ORIENTED_EDGE('',*,*,#748,.T.);
#327=ORIENTED_EDGE('',*,*,#749,.F.);
#328=ORIENTED_EDGE('',*,*,#681,.F.);
#329=ORIENTED_EDGE('',*,*,#749,.T.);
#330=ORIENTED_EDGE('',*,*,#750,.T.);
#331=ORIENTED_EDGE('',*,*,#751,.F.);
#332=ORIENTED_EDGE('',*,*,#752,.F.);
#333=ORIENTED_EDGE('',*,*,#683,.F.);
#334=ORIENTED_EDGE('',*,*,#753,.T.);
#335=ORIENTED_EDGE('',*,*,#754,.F.);
#336=ORIENTED_EDGE('',*,*,#755,.T.);
#337=ORIENTED_EDGE('',*,*,#756,.F.);
#338=ORIENTED_EDGE('',*,*,#757,.F.);
#339=ORIENTED_EDGE('',*,*,#667,.T.);
#340=ORIENTED_EDGE('',*,*,#756,.T.);
#341=ORIENTED_EDGE('',*,*,#758,.T.);
#342=ORIENTED_EDGE('',*,*,#759,.T.);
#343=ORIENTED_EDGE('',*,*,#668,.F.);
#344=ORIENTED_EDGE('',*,*,#757,.T.);
#345=ORIENTED_EDGE('',*,*,#760,.T.);
#346=ORIENTED_EDGE('',*,*,#761,.T.);
#347=ORIENTED_EDGE('',*,*,#762,.F.);
#348=ORIENTED_EDGE('',*,*,#669,.F.);
#349=ORIENTED_EDGE('',*,*,#762,.T.);
#350=ORIENTED_EDGE('',*,*,#763,.T.);
#351=ORIENTED_EDGE('',*,*,#764,.T.);
#352=ORIENTED_EDGE('',*,*,#765,.T.);
#353=ORIENTED_EDGE('',*,*,#721,.F.);
#354=ORIENTED_EDGE('',*,*,#730,.F.);
#355=ORIENTED_EDGE('',*,*,#673,.T.);
#356=ORIENTED_EDGE('',*,*,#729,.T.);
#357=ORIENTED_EDGE('',*,*,#766,.F.);
#358=ORIENTED_EDGE('',*,*,#682,.F.);
#359=ORIENTED_EDGE('',*,*,#752,.T.);
#360=ORIENTED_EDGE('',*,*,#767,.T.);
#361=ORIENTED_EDGE('',*,*,#753,.F.);
#362=ORIENTED_EDGE('',*,*,#728,.F.);
#363=ORIENTED_EDGE('',*,*,#768,.T.);
#364=ORIENTED_EDGE('',*,*,#769,.T.);
#365=ORIENTED_EDGE('',*,*,#770,.T.);
#366=ORIENTED_EDGE('',*,*,#731,.F.);
#367=ORIENTED_EDGE('',*,*,#766,.T.);
#368=ORIENTED_EDGE('',*,*,#771,.T.);
#369=ORIENTED_EDGE('',*,*,#772,.T.);
#370=ORIENTED_EDGE('',*,*,#754,.T.);
#371=ORIENTED_EDGE('',*,*,#767,.F.);
#372=ORIENTED_EDGE('',*,*,#751,.T.);
#373=ORIENTED_EDGE('',*,*,#773,.T.);
#374=ORIENTED_EDGE('',*,*,#732,.F.);
#375=ORIENTED_EDGE('',*,*,#770,.F.);
#376=ORIENTED_EDGE('',*,*,#774,.F.);
#377=ORIENTED_EDGE('',*,*,#714,.F.);
#378=ORIENTED_EDGE('',*,*,#775,.F.);
#379=ORIENTED_EDGE('',*,*,#734,.F.);
#380=ORIENTED_EDGE('',*,*,#774,.T.);
#381=ORIENTED_EDGE('',*,*,#769,.F.);
#382=ORIENTED_EDGE('',*,*,#776,.F.);
#383=ORIENTED_EDGE('',*,*,#715,.F.);
#384=ORIENTED_EDGE('',*,*,#775,.T.);
#385=ORIENTED_EDGE('',*,*,#713,.F.);
#386=ORIENTED_EDGE('',*,*,#777,.F.);
#387=ORIENTED_EDGE('',*,*,#735,.F.);
#388=ORIENTED_EDGE('',*,*,#727,.F.);
#389=ORIENTED_EDGE('',*,*,#725,.F.);
#390=ORIENTED_EDGE('',*,*,#778,.F.);
#391=ORIENTED_EDGE('',*,*,#716,.F.);
#392=ORIENTED_EDGE('',*,*,#776,.T.);
#393=ORIENTED_EDGE('',*,*,#768,.F.);
#394=ORIENTED_EDGE('',*,*,#777,.T.);
#395=ORIENTED_EDGE('',*,*,#712,.F.);
#396=ORIENTED_EDGE('',*,*,#779,.F.);
#397=ORIENTED_EDGE('',*,*,#739,.F.);
#398=ORIENTED_EDGE('',*,*,#737,.F.);
#399=ORIENTED_EDGE('',*,*,#724,.F.);
#400=ORIENTED_EDGE('',*,*,#723,.F.);
#401=ORIENTED_EDGE('',*,*,#780,.F.);
#402=ORIENTED_EDGE('',*,*,#717,.F.);
#403=ORIENTED_EDGE('',*,*,#778,.T.);
#404=ORIENTED_EDGE('',*,*,#779,.T.);
#405=ORIENTED_EDGE('',*,*,#711,.F.);
#406=ORIENTED_EDGE('',*,*,#781,.F.);
#407=ORIENTED_EDGE('',*,*,#740,.F.);
#408=ORIENTED_EDGE('',*,*,#722,.F.);
#409=ORIENTED_EDGE('',*,*,#765,.F.);
#410=ORIENTED_EDGE('',*,*,#782,.F.);
#411=ORIENTED_EDGE('',*,*,#718,.F.);
#412=ORIENTED_EDGE('',*,*,#780,.T.);
#413=ORIENTED_EDGE('',*,*,#781,.T.);
#414=ORIENTED_EDGE('',*,*,#710,.F.);
#415=ORIENTED_EDGE('',*,*,#783,.F.);
#416=ORIENTED_EDGE('',*,*,#742,.F.);
#417=ORIENTED_EDGE('',*,*,#782,.T.);
#418=ORIENTED_EDGE('',*,*,#764,.F.);
#419=ORIENTED_EDGE('',*,*,#784,.F.);
#420=ORIENTED_EDGE('',*,*,#719,.F.);
#421=ORIENTED_EDGE('',*,*,#783,.T.);
#422=ORIENTED_EDGE('',*,*,#709,.F.);
#423=ORIENTED_EDGE('',*,*,#785,.F.);
#424=ORIENTED_EDGE('',*,*,#745,.F.);
#425=ORIENTED_EDGE('',*,*,#743,.F.);
#426=ORIENTED_EDGE('',*,*,#763,.F.);
#427=ORIENTED_EDGE('',*,*,#761,.F.);
#428=ORIENTED_EDGE('',*,*,#786,.F.);
#429=ORIENTED_EDGE('',*,*,#703,.F.);
#430=ORIENTED_EDGE('',*,*,#784,.T.);
#431=ORIENTED_EDGE('',*,*,#785,.T.);
#432=ORIENTED_EDGE('',*,*,#708,.F.);
#433=ORIENTED_EDGE('',*,*,#787,.F.);
#434=ORIENTED_EDGE('',*,*,#747,.F.);
#435=ORIENTED_EDGE('',*,*,#760,.F.);
#436=ORIENTED_EDGE('',*,*,#759,.F.);
#437=ORIENTED_EDGE('',*,*,#788,.F.);
#438=ORIENTED_EDGE('',*,*,#704,.F.);
#439=ORIENTED_EDGE('',*,*,#786,.T.);
#440=ORIENTED_EDGE('',*,*,#787,.T.);
#441=ORIENTED_EDGE('',*,*,#707,.F.);
#442=ORIENTED_EDGE('',*,*,#789,.F.);
#443=ORIENTED_EDGE('',*,*,#773,.F.);
#444=ORIENTED_EDGE('',*,*,#750,.F.);
#445=ORIENTED_EDGE('',*,*,#748,.F.);
#446=ORIENTED_EDGE('',*,*,#755,.F.);
#447=ORIENTED_EDGE('',*,*,#772,.F.);
#448=ORIENTED_EDGE('',*,*,#790,.F.);
#449=ORIENTED_EDGE('',*,*,#705,.F.);
#450=ORIENTED_EDGE('',*,*,#788,.T.);
#451=ORIENTED_EDGE('',*,*,#758,.F.);
#452=ORIENTED_EDGE('',*,*,#789,.T.);
#453=ORIENTED_EDGE('',*,*,#706,.F.);
#454=ORIENTED_EDGE('',*,*,#790,.T.);
#455=ORIENTED_EDGE('',*,*,#771,.F.);
#456=ORIENTED_EDGE('',*,*,#791,.T.);
#457=ORIENTED_EDGE('',*,*,#792,.F.);
#458=ORIENTED_EDGE('',*,*,#793,.T.);
#459=ORIENTED_EDGE('',*,*,#794,.F.);
#460=ORIENTED_EDGE('',*,*,#795,.F.);
#461=ORIENTED_EDGE('',*,*,#796,.F.);
#462=ORIENTED_EDGE('',*,*,#797,.F.);
#463=ORIENTED_EDGE('',*,*,#798,.F.);
#464=ORIENTED_EDGE('',*,*,#799,.F.);
#465=ORIENTED_EDGE('',*,*,#800,.F.);
#466=ORIENTED_EDGE('',*,*,#801,.F.);
#467=ORIENTED_EDGE('',*,*,#802,.F.);
#468=ORIENTED_EDGE('',*,*,#803,.F.);
#469=ORIENTED_EDGE('',*,*,#804,.F.);
#470=ORIENTED_EDGE('',*,*,#805,.F.);
#471=ORIENTED_EDGE('',*,*,#806,.F.);
#472=ORIENTED_EDGE('',*,*,#807,.F.);
#473=ORIENTED_EDGE('',*,*,#808,.F.);
#474=ORIENTED_EDGE('',*,*,#809,.F.);
#475=ORIENTED_EDGE('',*,*,#810,.F.);
#476=ORIENTED_EDGE('',*,*,#811,.F.);
#477=ORIENTED_EDGE('',*,*,#663,.T.);
#478=ORIENTED_EDGE('',*,*,#665,.T.);
#479=ORIENTED_EDGE('',*,*,#812,.T.);
#480=ORIENTED_EDGE('',*,*,#813,.F.);
#481=ORIENTED_EDGE('',*,*,#814,.F.);
#482=ORIENTED_EDGE('',*,*,#815,.F.);
#483=ORIENTED_EDGE('',*,*,#699,.F.);
#484=ORIENTED_EDGE('',*,*,#698,.T.);
#485=ORIENTED_EDGE('',*,*,#816,.T.);
#486=ORIENTED_EDGE('',*,*,#817,.F.);
#487=ORIENTED_EDGE('',*,*,#818,.F.);
#488=ORIENTED_EDGE('',*,*,#812,.F.);
#489=ORIENTED_EDGE('',*,*,#697,.T.);
#490=ORIENTED_EDGE('',*,*,#819,.T.);
#491=ORIENTED_EDGE('',*,*,#820,.F.);
#492=ORIENTED_EDGE('',*,*,#821,.F.);
#493=ORIENTED_EDGE('',*,*,#816,.F.);
#494=ORIENTED_EDGE('',*,*,#695,.T.);
#495=ORIENTED_EDGE('',*,*,#822,.T.);
#496=ORIENTED_EDGE('',*,*,#823,.F.);
#497=ORIENTED_EDGE('',*,*,#824,.F.);
#498=ORIENTED_EDGE('',*,*,#825,.F.);
#499=ORIENTED_EDGE('',*,*,#694,.T.);
#500=ORIENTED_EDGE('',*,*,#826,.T.);
#501=ORIENTED_EDGE('',*,*,#827,.F.);
#502=ORIENTED_EDGE('',*,*,#828,.F.);
#503=ORIENTED_EDGE('',*,*,#822,.F.);
#504=ORIENTED_EDGE('',*,*,#693,.T.);
#505=ORIENTED_EDGE('',*,*,#829,.T.);
#506=ORIENTED_EDGE('',*,*,#830,.F.);
#507=ORIENTED_EDGE('',*,*,#826,.F.);
#508=ORIENTED_EDGE('',*,*,#692,.T.);
#509=ORIENTED_EDGE('',*,*,#831,.T.);
#510=ORIENTED_EDGE('',*,*,#832,.F.);
#511=ORIENTED_EDGE('',*,*,#833,.F.);
#512=ORIENTED_EDGE('',*,*,#829,.F.);
#513=ORIENTED_EDGE('',*,*,#691,.T.);
#514=ORIENTED_EDGE('',*,*,#834,.T.);
#515=ORIENTED_EDGE('',*,*,#835,.F.);
#516=ORIENTED_EDGE('',*,*,#836,.F.);
#517=ORIENTED_EDGE('',*,*,#831,.F.);
#518=ORIENTED_EDGE('',*,*,#690,.T.);
#519=ORIENTED_EDGE('',*,*,#837,.T.);
#520=ORIENTED_EDGE('',*,*,#838,.F.);
#521=ORIENTED_EDGE('',*,*,#834,.F.);
#522=ORIENTED_EDGE('',*,*,#689,.T.);
#523=ORIENTED_EDGE('',*,*,#839,.T.);
#524=ORIENTED_EDGE('',*,*,#840,.F.);
#525=ORIENTED_EDGE('',*,*,#841,.F.);
#526=ORIENTED_EDGE('',*,*,#837,.F.);
#527=ORIENTED_EDGE('',*,*,#688,.T.);
#528=ORIENTED_EDGE('',*,*,#842,.T.);
#529=ORIENTED_EDGE('',*,*,#843,.T.);
#530=ORIENTED_EDGE('',*,*,#844,.F.);
#531=ORIENTED_EDGE('',*,*,#839,.F.);
#532=ORIENTED_EDGE('',*,*,#686,.T.);
#533=ORIENTED_EDGE('',*,*,#845,.T.);
#534=ORIENTED_EDGE('',*,*,#846,.F.);
#535=ORIENTED_EDGE('',*,*,#847,.T.);
#536=ORIENTED_EDGE('',*,*,#848,.F.);
#537=ORIENTED_EDGE('',*,*,#849,.T.);
#538=ORIENTED_EDGE('',*,*,#850,.F.);
#539=ORIENTED_EDGE('',*,*,#851,.F.);
#540=ORIENTED_EDGE('',*,*,#845,.F.);
#541=ORIENTED_EDGE('',*,*,#685,.F.);
#542=ORIENTED_EDGE('',*,*,#684,.T.);
#543=ORIENTED_EDGE('',*,*,#852,.T.);
#544=ORIENTED_EDGE('',*,*,#853,.F.);
#545=ORIENTED_EDGE('',*,*,#854,.F.);
#546=ORIENTED_EDGE('',*,*,#849,.F.);
#547=ORIENTED_EDGE('',*,*,#700,.T.);
#548=ORIENTED_EDGE('',*,*,#815,.T.);
#549=ORIENTED_EDGE('',*,*,#855,.F.);
#550=ORIENTED_EDGE('',*,*,#856,.F.);
#551=ORIENTED_EDGE('',*,*,#857,.F.);
#552=ORIENTED_EDGE('',*,*,#852,.F.);
#553=ORIENTED_EDGE('',*,*,#825,.T.);
#554=ORIENTED_EDGE('',*,*,#858,.T.);
#555=ORIENTED_EDGE('',*,*,#819,.F.);
#556=ORIENTED_EDGE('',*,*,#696,.F.);
#557=ORIENTED_EDGE('',*,*,#687,.T.);
#558=ORIENTED_EDGE('',*,*,#848,.T.);
#559=ORIENTED_EDGE('',*,*,#859,.F.);
#560=ORIENTED_EDGE('',*,*,#842,.F.);
#561=ORIENTED_EDGE('',*,*,#820,.T.);
#562=ORIENTED_EDGE('',*,*,#858,.F.);
#563=ORIENTED_EDGE('',*,*,#824,.T.);
#564=ORIENTED_EDGE('',*,*,#860,.F.);
#565=ORIENTED_EDGE('',*,*,#861,.F.);
#566=ORIENTED_EDGE('',*,*,#862,.F.);
#567=ORIENTED_EDGE('',*,*,#863,.F.);
#568=ORIENTED_EDGE('',*,*,#864,.F.);
#569=ORIENTED_EDGE('',*,*,#843,.F.);
#570=ORIENTED_EDGE('',*,*,#859,.T.);
#571=ORIENTED_EDGE('',*,*,#847,.F.);
#572=ORIENTED_EDGE('',*,*,#865,.F.);
#573=ORIENTED_EDGE('',*,*,#823,.T.);
#574=ORIENTED_EDGE('',*,*,#828,.T.);
#575=ORIENTED_EDGE('',*,*,#866,.T.);
#576=ORIENTED_EDGE('',*,*,#801,.T.);
#577=ORIENTED_EDGE('',*,*,#867,.T.);
#578=ORIENTED_EDGE('',*,*,#860,.T.);
#579=ORIENTED_EDGE('',*,*,#867,.F.);
#580=ORIENTED_EDGE('',*,*,#800,.T.);
#581=ORIENTED_EDGE('',*,*,#868,.T.);
#582=ORIENTED_EDGE('',*,*,#861,.T.);
#583=ORIENTED_EDGE('',*,*,#866,.F.);
#584=ORIENTED_EDGE('',*,*,#827,.T.);
#585=ORIENTED_EDGE('',*,*,#869,.T.);
#586=ORIENTED_EDGE('',*,*,#802,.T.);
#587=ORIENTED_EDGE('',*,*,#821,.T.);
#588=ORIENTED_EDGE('',*,*,#862,.T.);
#589=ORIENTED_EDGE('',*,*,#868,.F.);
#590=ORIENTED_EDGE('',*,*,#799,.T.);
#591=ORIENTED_EDGE('',*,*,#870,.T.);
#592=ORIENTED_EDGE('',*,*,#817,.T.);
#593=ORIENTED_EDGE('',*,*,#869,.F.);
#594=ORIENTED_EDGE('',*,*,#830,.T.);
#595=ORIENTED_EDGE('',*,*,#833,.T.);
#596=ORIENTED_EDGE('',*,*,#871,.T.);
#597=ORIENTED_EDGE('',*,*,#803,.T.);
#598=ORIENTED_EDGE('',*,*,#818,.T.);
#599=ORIENTED_EDGE('',*,*,#870,.F.);
#600=ORIENTED_EDGE('',*,*,#798,.T.);
#601=ORIENTED_EDGE('',*,*,#872,.T.);
#602=ORIENTED_EDGE('',*,*,#813,.T.);
#603=ORIENTED_EDGE('',*,*,#871,.F.);
#604=ORIENTED_EDGE('',*,*,#832,.T.);
#605=ORIENTED_EDGE('',*,*,#873,.T.);
#606=ORIENTED_EDGE('',*,*,#804,.T.);
#607=ORIENTED_EDGE('',*,*,#814,.T.);
#608=ORIENTED_EDGE('',*,*,#872,.F.);
#609=ORIENTED_EDGE('',*,*,#797,.T.);
#610=ORIENTED_EDGE('',*,*,#874,.T.);
#611=ORIENTED_EDGE('',*,*,#855,.T.);
#612=ORIENTED_EDGE('',*,*,#873,.F.);
#613=ORIENTED_EDGE('',*,*,#836,.T.);
#614=ORIENTED_EDGE('',*,*,#875,.T.);
#615=ORIENTED_EDGE('',*,*,#805,.T.);
#616=ORIENTED_EDGE('',*,*,#874,.F.);
#617=ORIENTED_EDGE('',*,*,#796,.T.);
#618=ORIENTED_EDGE('',*,*,#876,.T.);
#619=ORIENTED_EDGE('',*,*,#856,.T.);
#620=ORIENTED_EDGE('',*,*,#875,.F.);
#621=ORIENTED_EDGE('',*,*,#835,.T.);
#622=ORIENTED_EDGE('',*,*,#838,.T.);
#623=ORIENTED_EDGE('',*,*,#877,.T.);
#624=ORIENTED_EDGE('',*,*,#806,.T.);
#625=ORIENTED_EDGE('',*,*,#857,.T.);
#626=ORIENTED_EDGE('',*,*,#876,.F.);
#627=ORIENTED_EDGE('',*,*,#795,.T.);
#628=ORIENTED_EDGE('',*,*,#878,.T.);
#629=ORIENTED_EDGE('',*,*,#853,.T.);
#630=ORIENTED_EDGE('',*,*,#877,.F.);
#631=ORIENTED_EDGE('',*,*,#841,.T.);
#632=ORIENTED_EDGE('',*,*,#879,.T.);
#633=ORIENTED_EDGE('',*,*,#807,.T.);
#634=ORIENTED_EDGE('',*,*,#854,.T.);
#635=ORIENTED_EDGE('',*,*,#878,.F.);
#636=ORIENTED_EDGE('',*,*,#811,.T.);
#637=ORIENTED_EDGE('',*,*,#880,.T.);
#638=ORIENTED_EDGE('',*,*,#850,.T.);
#639=ORIENTED_EDGE('',*,*,#879,.F.);
#640=ORIENTED_EDGE('',*,*,#840,.T.);
#641=ORIENTED_EDGE('',*,*,#844,.T.);
#642=ORIENTED_EDGE('',*,*,#864,.T.);
#643=ORIENTED_EDGE('',*,*,#881,.T.);
#644=ORIENTED_EDGE('',*,*,#808,.T.);
#645=ORIENTED_EDGE('',*,*,#846,.T.);
#646=ORIENTED_EDGE('',*,*,#851,.T.);
#647=ORIENTED_EDGE('',*,*,#880,.F.);
#648=ORIENTED_EDGE('',*,*,#810,.T.);
#649=ORIENTED_EDGE('',*,*,#882,.T.);
#650=ORIENTED_EDGE('',*,*,#865,.T.);
#651=ORIENTED_EDGE('',*,*,#881,.F.);
#652=ORIENTED_EDGE('',*,*,#863,.T.);
#653=ORIENTED_EDGE('',*,*,#882,.F.);
#654=ORIENTED_EDGE('',*,*,#809,.T.);
#655=ORIENTED_EDGE('',*,*,#794,.T.);
#656=ORIENTED_EDGE('',*,*,#666,.T.);
#657=ORIENTED_EDGE('',*,*,#792,.T.);
#658=ORIENTED_EDGE('',*,*,#664,.T.);
#659=ORIENTED_EDGE('',*,*,#701,.F.);
#660=ORIENTED_EDGE('',*,*,#791,.F.);
#661=ORIENTED_EDGE('',*,*,#702,.F.);
#662=ORIENTED_EDGE('',*,*,#793,.F.);
#663=EDGE_CURVE('',#883,#883,#1031,.T.);
#664=EDGE_CURVE('',#884,#884,#187,.T.);
#665=EDGE_CURVE('',#885,#885,#1032,.T.);
#666=EDGE_CURVE('',#886,#886,#188,.T.);
#667=EDGE_CURVE('',#887,#888,#189,.F.);
#668=EDGE_CURVE('',#887,#889,#56,.T.);
#669=EDGE_CURVE('',#889,#890,#190,.T.);
#670=EDGE_CURVE('',#891,#890,#57,.T.);
#671=EDGE_CURVE('',#891,#892,#191,.T.);
#672=EDGE_CURVE('',#892,#893,#192,.T.);
#673=EDGE_CURVE('',#894,#893,#58,.T.);
#674=EDGE_CURVE('',#894,#895,#193,.T.);
#675=EDGE_CURVE('',#895,#896,#59,.T.);
#676=EDGE_CURVE('',#896,#897,#194,.T.);
#677=EDGE_CURVE('',#897,#898,#1033,.T.);
#678=EDGE_CURVE('',#898,#899,#1034,.T.);
#679=EDGE_CURVE('',#899,#900,#195,.T.);
#680=EDGE_CURVE('',#900,#901,#60,.T.);
#681=EDGE_CURVE('',#901,#902,#196,.T.);
#682=EDGE_CURVE('',#902,#903,#61,.T.);
#683=EDGE_CURVE('',#903,#888,#197,.T.);
#684=EDGE_CURVE('',#904,#905,#62,.T.);
#685=EDGE_CURVE('',#904,#906,#198,.F.);
#686=EDGE_CURVE('',#907,#906,#199,.T.);
#687=EDGE_CURVE('',#908,#907,#63,.T.);
#688=EDGE_CURVE('',#909,#908,#200,.T.);
#689=EDGE_CURVE('',#910,#909,#64,.T.);
#690=EDGE_CURVE('',#911,#910,#201,.T.);
#691=EDGE_CURVE('',#912,#911,#1035,.T.);
#692=EDGE_CURVE('',#913,#912,#1036,.T.);
#693=EDGE_CURVE('',#914,#913,#202,.T.);
#694=EDGE_CURVE('',#915,#914,#65,.T.);
#695=EDGE_CURVE('',#916,#915,#203,.T.);
#696=EDGE_CURVE('',#916,#917,#66,.T.);
#697=EDGE_CURVE('',#918,#917,#204,.T.);
#698=EDGE_CURVE('',#919,#918,#205,.T.);
#699=EDGE_CURVE('',#919,#920,#67,.T.);
#700=EDGE_CURVE('',#905,#920,#206,.T.);
#701=EDGE_CURVE('',#921,#921,#1037,.T.);
#702=EDGE_CURVE('',#922,#922,#1038,.T.);
#703=EDGE_CURVE('',#923,#924,#48,.T.);
#704=EDGE_CURVE('',#924,#925,#1039,.T.);
#705=EDGE_CURVE('',#925,#926,#1040,.T.);
#706=EDGE_CURVE('',#926,#927,#68,.F.);
#707=EDGE_CURVE('',#927,#928,#1041,.T.);
#708=EDGE_CURVE('',#928,#929,#207,.F.);
#709=EDGE_CURVE('',#929,#930,#1042,.T.);
#710=EDGE_CURVE('',#930,#931,#1043,.T.);
#711=EDGE_CURVE('',#931,#932,#1044,.T.);
#712=EDGE_CURVE('',#932,#933,#1045,.T.);
#713=EDGE_CURVE('',#933,#934,#208,.F.);
#714=EDGE_CURVE('',#934,#935,#1046,.T.);
#715=EDGE_CURVE('',#935,#936,#69,.T.);
#716=EDGE_CURVE('',#936,#937,#1047,.T.);
#717=EDGE_CURVE('',#937,#938,#1048,.T.);
#718=EDGE_CURVE('',#938,#939,#49,.F.);
#719=EDGE_CURVE('',#939,#923,#1049,.T.);
#720=EDGE_CURVE('',#891,#940,#70,.T.);
#721=EDGE_CURVE('',#890,#941,#71,.T.);
#722=EDGE_CURVE('',#941,#942,#50,.F.);
#723=EDGE_CURVE('',#942,#940,#1050,.T.);
#724=EDGE_CURVE('',#940,#943,#1051,.T.);
#725=EDGE_CURVE('',#943,#944,#1052,.T.);
#726=EDGE_CURVE('',#892,#944,#72,.T.);
#727=EDGE_CURVE('',#944,#945,#1053,.T.);
#728=EDGE_CURVE('',#945,#946,#1054,.T.);
#729=EDGE_CURVE('',#893,#946,#73,.T.);
#730=EDGE_CURVE('',#894,#947,#74,.T.);
#731=EDGE_CURVE('',#947,#948,#1055,.T.);
#732=EDGE_CURVE('',#948,#949,#1056,.T.);
#733=EDGE_CURVE('',#895,#949,#75,.T.);
#734=EDGE_CURVE('',#949,#950,#1057,.T.);
#735=EDGE_CURVE('',#950,#951,#209,.T.);
#736=EDGE_CURVE('',#896,#951,#76,.T.);
#737=EDGE_CURVE('',#951,#952,#1058,.T.);
#738=EDGE_CURVE('',#897,#952,#77,.T.);
#739=EDGE_CURVE('',#952,#953,#1059,.T.);
#740=EDGE_CURVE('',#953,#954,#1060,.T.);
#741=EDGE_CURVE('',#898,#954,#78,.T.);
#742=EDGE_CURVE('',#954,#955,#1061,.T.);
#743=EDGE_CURVE('',#955,#956,#1062,.T.);
#744=EDGE_CURVE('',#899,#956,#79,.T.);
#745=EDGE_CURVE('',#956,#957,#1063,.T.);
#746=EDGE_CURVE('',#900,#957,#80,.F.);
#747=EDGE_CURVE('',#957,#958,#210,.T.);
#748=EDGE_CURVE('',#958,#959,#1064,.T.);
#749=EDGE_CURVE('',#901,#959,#81,.T.);
#750=EDGE_CURVE('',#959,#960,#1065,.T.);
#751=EDGE_CURVE('',#961,#960,#1066,.T.);
#752=EDGE_CURVE('',#902,#961,#82,.T.);
#753=EDGE_CURVE('',#903,#962,#83,.T.);
#754=EDGE_CURVE('',#963,#962,#1067,.T.);
#755=EDGE_CURVE('',#963,#964,#1068,.T.);
#756=EDGE_CURVE('',#888,#964,#84,.T.);
#757=EDGE_CURVE('',#887,#965,#85,.T.);
#758=EDGE_CURVE('',#964,#966,#1069,.T.);
#759=EDGE_CURVE('',#966,#965,#1070,.T.);
#760=EDGE_CURVE('',#965,#967,#1071,.T.);
#761=EDGE_CURVE('',#967,#968,#51,.T.);
#762=EDGE_CURVE('',#889,#968,#86,.T.);
#763=EDGE_CURVE('',#968,#969,#1072,.T.);
#764=EDGE_CURVE('',#969,#970,#1073,.T.);
#765=EDGE_CURVE('',#970,#941,#1074,.T.);
#766=EDGE_CURVE('',#947,#946,#87,.T.);
#767=EDGE_CURVE('',#961,#962,#88,.T.);
#768=EDGE_CURVE('',#945,#971,#1075,.T.);
#769=EDGE_CURVE('',#971,#972,#89,.F.);
#770=EDGE_CURVE('',#972,#948,#1076,.T.);
#771=EDGE_CURVE('',#973,#974,#90,.T.);
#772=EDGE_CURVE('',#974,#963,#1077,.T.);
#773=EDGE_CURVE('',#960,#973,#1078,.T.);
#774=EDGE_CURVE('',#935,#972,#1079,.F.);
#775=EDGE_CURVE('',#950,#934,#1080,.T.);
#776=EDGE_CURVE('',#936,#971,#1081,.F.);
#777=EDGE_CURVE('',#951,#933,#211,.F.);
#778=EDGE_CURVE('',#937,#943,#1082,.F.);
#779=EDGE_CURVE('',#953,#932,#1083,.T.);
#780=EDGE_CURVE('',#938,#942,#1084,.F.);
#781=EDGE_CURVE('',#954,#931,#212,.T.);
#782=EDGE_CURVE('',#939,#970,#1085,.F.);
#783=EDGE_CURVE('',#955,#930,#1086,.T.);
#784=EDGE_CURVE('',#923,#969,#1087,.F.);
#785=EDGE_CURVE('',#957,#929,#213,.F.);
#786=EDGE_CURVE('',#924,#967,#1088,.F.);
#787=EDGE_CURVE('',#958,#928,#1089,.T.);
#788=EDGE_CURVE('',#925,#966,#1090,.F.);
#789=EDGE_CURVE('',#973,#927,#1091,.T.);
#790=EDGE_CURVE('',#926,#974,#1092,.F.);
#791=EDGE_CURVE('',#975,#975,#1093,.T.);
#792=EDGE_CURVE('',#976,#976,#214,.F.);
#793=EDGE_CURVE('',#977,#977,#1094,.T.);
#794=EDGE_CURVE('',#978,#978,#215,.F.);
#795=EDGE_CURVE('',#979,#980,#52,.T.);
#796=EDGE_CURVE('',#981,#979,#1095,.T.);
#797=EDGE_CURVE('',#982,#981,#53,.F.);
#798=EDGE_CURVE('',#983,#982,#1096,.T.);
#799=EDGE_CURVE('',#984,#983,#1097,.T.);
#800=EDGE_CURVE('',#985,#984,#91,.T.);
#801=EDGE_CURVE('',#986,#985,#1098,.T.);
#802=EDGE_CURVE('',#987,#986,#216,.F.);
#803=EDGE_CURVE('',#988,#987,#1099,.T.);
#804=EDGE_CURVE('',#989,#988,#1100,.T.);
#805=EDGE_CURVE('',#990,#989,#1101,.T.);
#806=EDGE_CURVE('',#991,#990,#1102,.T.);
#807=EDGE_CURVE('',#992,#991,#217,.F.);
#808=EDGE_CURVE('',#993,#992,#1103,.T.);
#809=EDGE_CURVE('',#994,#993,#92,.F.);
#810=EDGE_CURVE('',#995,#994,#1104,.T.);
#811=EDGE_CURVE('',#980,#995,#1105,.T.);
#812=EDGE_CURVE('',#919,#996,#93,.T.);
#813=EDGE_CURVE('',#997,#996,#1106,.T.);
#814=EDGE_CURVE('',#998,#997,#54,.F.);
#815=EDGE_CURVE('',#920,#998,#94,.T.);
#816=EDGE_CURVE('',#918,#999,#95,.T.);
#817=EDGE_CURVE('',#1000,#999,#1107,.T.);
#818=EDGE_CURVE('',#996,#1000,#1108,.T.);
#819=EDGE_CURVE('',#917,#1001,#96,.T.);
#820=EDGE_CURVE('',#1002,#1001,#1109,.T.);
#821=EDGE_CURVE('',#999,#1002,#1110,.T.);
#822=EDGE_CURVE('',#915,#1003,#97,.T.);
#823=EDGE_CURVE('',#1004,#1003,#1111,.T.);
#824=EDGE_CURVE('',#1005,#1004,#1112,.T.);
#825=EDGE_CURVE('',#916,#1005,#98,.T.);
#826=EDGE_CURVE('',#914,#1006,#99,.T.);
#827=EDGE_CURVE('',#1007,#1006,#218,.T.);
#828=EDGE_CURVE('',#1003,#1007,#1113,.T.);
#829=EDGE_CURVE('',#913,#1008,#100,.T.);
#830=EDGE_CURVE('',#1006,#1008,#1114,.T.);
#831=EDGE_CURVE('',#912,#1009,#101,.T.);
#832=EDGE_CURVE('',#1010,#1009,#1115,.T.);
#833=EDGE_CURVE('',#1008,#1010,#1116,.T.);
#834=EDGE_CURVE('',#911,#1011,#102,.T.);
#835=EDGE_CURVE('',#1012,#1011,#1117,.T.);
#836=EDGE_CURVE('',#1009,#1012,#1118,.T.);
#837=EDGE_CURVE('',#910,#1013,#103,.T.);
#838=EDGE_CURVE('',#1011,#1013,#1119,.T.);
#839=EDGE_CURVE('',#909,#1014,#104,.T.);
#840=EDGE_CURVE('',#1015,#1014,#1120,.T.);
#841=EDGE_CURVE('',#1013,#1015,#219,.T.);
#842=EDGE_CURVE('',#908,#1016,#105,.T.);
#843=EDGE_CURVE('',#1016,#1017,#1121,.T.);
#844=EDGE_CURVE('',#1014,#1017,#1122,.T.);
#845=EDGE_CURVE('',#906,#1018,#106,.T.);
#846=EDGE_CURVE('',#1019,#1018,#1123,.T.);
#847=EDGE_CURVE('',#1019,#1020,#1124,.T.);
#848=EDGE_CURVE('',#907,#1020,#107,.T.);
#849=EDGE_CURVE('',#904,#1021,#108,.T.);
#850=EDGE_CURVE('',#1022,#1021,#1125,.T.);
#851=EDGE_CURVE('',#1018,#1022,#1126,.T.);
#852=EDGE_CURVE('',#905,#1023,#109,.T.);
#853=EDGE_CURVE('',#1024,#1023,#55,.T.);
#854=EDGE_CURVE('',#1021,#1024,#1127,.T.);
#855=EDGE_CURVE('',#1025,#998,#1128,.T.);
#856=EDGE_CURVE('',#1026,#1025,#1129,.T.);
#857=EDGE_CURVE('',#1023,#1026,#1130,.T.);
#858=EDGE_CURVE('',#1005,#1001,#110,.T.);
#859=EDGE_CURVE('',#1016,#1020,#111,.T.);
#860=EDGE_CURVE('',#1027,#1004,#1131,.T.);
#861=EDGE_CURVE('',#1028,#1027,#112,.F.);
#862=EDGE_CURVE('',#1002,#1028,#1132,.T.);
#863=EDGE_CURVE('',#1029,#1030,#113,.T.);
#864=EDGE_CURVE('',#1017,#1029,#1133,.T.);
#865=EDGE_CURVE('',#1030,#1019,#1134,.T.);
#866=EDGE_CURVE('',#1007,#986,#1135,.T.);
#867=EDGE_CURVE('',#985,#1027,#1136,.F.);
#868=EDGE_CURVE('',#984,#1028,#1137,.F.);
#869=EDGE_CURVE('',#1006,#987,#220,.T.);
#870=EDGE_CURVE('',#983,#1000,#1138,.F.);
#871=EDGE_CURVE('',#1010,#988,#1139,.T.);
#872=EDGE_CURVE('',#982,#997,#1140,.F.);
#873=EDGE_CURVE('',#1009,#989,#221,.T.);
#874=EDGE_CURVE('',#981,#1025,#1141,.F.);
#875=EDGE_CURVE('',#1012,#990,#1142,.T.);
#876=EDGE_CURVE('',#979,#1026,#1143,.F.);
#877=EDGE_CURVE('',#1013,#991,#222,.T.);
#878=EDGE_CURVE('',#980,#1024,#1144,.F.);
#879=EDGE_CURVE('',#1015,#992,#1145,.T.);
#880=EDGE_CURVE('',#995,#1022,#1146,.F.);
#881=EDGE_CURVE('',#1029,#993,#1147,.T.);
#882=EDGE_CURVE('',#994,#1030,#1148,.F.);
#883=VERTEX_POINT('',#1856);
#884=VERTEX_POINT('',#1858);
#885=VERTEX_POINT('',#1899);
#886=VERTEX_POINT('',#1901);
#887=VERTEX_POINT('',#1904);
#888=VERTEX_POINT('',#1905);
#889=VERTEX_POINT('',#1907);
#890=VERTEX_POINT('',#1909);
#891=VERTEX_POINT('',#1911);
#892=VERTEX_POINT('',#1913);
#893=VERTEX_POINT('',#1915);
#894=VERTEX_POINT('',#1917);
#895=VERTEX_POINT('',#1919);
#896=VERTEX_POINT('',#1921);
#897=VERTEX_POINT('',#1923);
#898=VERTEX_POINT('',#1932);
#899=VERTEX_POINT('',#1941);
#900=VERTEX_POINT('',#1943);
#901=VERTEX_POINT('',#1945);
#902=VERTEX_POINT('',#1947);
#903=VERTEX_POINT('',#1949);
#904=VERTEX_POINT('',#1952);
#905=VERTEX_POINT('',#1953);
#906=VERTEX_POINT('',#1955);
#907=VERTEX_POINT('',#1957);
#908=VERTEX_POINT('',#1959);
#909=VERTEX_POINT('',#1961);
#910=VERTEX_POINT('',#1963);
#911=VERTEX_POINT('',#1965);
#912=VERTEX_POINT('',#1970);
#913=VERTEX_POINT('',#1975);
#914=VERTEX_POINT('',#1977);
#915=VERTEX_POINT('',#1979);
#916=VERTEX_POINT('',#1981);
#917=VERTEX_POINT('',#1983);
#918=VERTEX_POINT('',#1985);
#919=VERTEX_POINT('',#1987);
#920=VERTEX_POINT('',#1989);
#921=VERTEX_POINT('',#2026);
#922=VERTEX_POINT('',#2062);
#923=VERTEX_POINT('',#2064);
#924=VERTEX_POINT('',#2065);
#925=VERTEX_POINT('',#2070);
#926=VERTEX_POINT('',#2079);
#927=VERTEX_POINT('',#2081);
#928=VERTEX_POINT('',#2087);
#929=VERTEX_POINT('',#2089);
#930=VERTEX_POINT('',#2098);
#931=VERTEX_POINT('',#2106);
#932=VERTEX_POINT('',#2115);
#933=VERTEX_POINT('',#2124);
#934=VERTEX_POINT('',#2126);
#935=VERTEX_POINT('',#2134);
#936=VERTEX_POINT('',#2136);
#937=VERTEX_POINT('',#2145);
#938=VERTEX_POINT('',#2150);
#939=VERTEX_POINT('',#2152);
#940=VERTEX_POINT('',#2159);
#941=VERTEX_POINT('',#2161);
#942=VERTEX_POINT('',#2163);
#943=VERTEX_POINT('',#2173);
#944=VERTEX_POINT('',#2178);
#945=VERTEX_POINT('',#2190);
#946=VERTEX_POINT('',#2196);
#947=VERTEX_POINT('',#2200);
#948=VERTEX_POINT('',#2206);
#949=VERTEX_POINT('',#2216);
#950=VERTEX_POINT('',#2223);
#951=VERTEX_POINT('',#2225);
#952=VERTEX_POINT('',#2236);
#953=VERTEX_POINT('',#2258);
#954=VERTEX_POINT('',#2268);
#955=VERTEX_POINT('',#2295);
#956=VERTEX_POINT('',#2300);
#957=VERTEX_POINT('',#2311);
#958=VERTEX_POINT('',#2315);
#959=VERTEX_POINT('',#2320);
#960=VERTEX_POINT('',#2332);
#961=VERTEX_POINT('',#2338);
#962=VERTEX_POINT('',#2342);
#963=VERTEX_POINT('',#2348);
#964=VERTEX_POINT('',#2360);
#965=VERTEX_POINT('',#2364);
#966=VERTEX_POINT('',#2369);
#967=VERTEX_POINT('',#2379);
#968=VERTEX_POINT('',#2381);
#969=VERTEX_POINT('',#2388);
#970=VERTEX_POINT('',#2393);
#971=VERTEX_POINT('',#2414);
#972=VERTEX_POINT('',#2416);
#973=VERTEX_POINT('',#2428);
#974=VERTEX_POINT('',#2429);
#975=VERTEX_POINT('',#2980);
#976=VERTEX_POINT('',#2982);
#977=VERTEX_POINT('',#3099);
#978=VERTEX_POINT('',#3101);
#979=VERTEX_POINT('',#3104);
#980=VERTEX_POINT('',#3105);
#981=VERTEX_POINT('',#3110);
#982=VERTEX_POINT('',#3112);
#983=VERTEX_POINT('',#3117);
#984=VERTEX_POINT('',#3126);
#985=VERTEX_POINT('',#3128);
#986=VERTEX_POINT('',#3137);
#987=VERTEX_POINT('',#3139);
#988=VERTEX_POINT('',#3148);
#989=VERTEX_POINT('',#3157);
#990=VERTEX_POINT('',#3165);
#991=VERTEX_POINT('',#3174);
#992=VERTEX_POINT('',#3176);
#993=VERTEX_POINT('',#3185);
#994=VERTEX_POINT('',#3187);
#995=VERTEX_POINT('',#3196);
#996=VERTEX_POINT('',#3203);
#997=VERTEX_POINT('',#3208);
#998=VERTEX_POINT('',#3210);
#999=VERTEX_POINT('',#3214);
#1000=VERTEX_POINT('',#3219);
#1001=VERTEX_POINT('',#3226);
#1002=VERTEX_POINT('',#3232);
#1003=VERTEX_POINT('',#3244);
#1004=VERTEX_POINT('',#3253);
#1005=VERTEX_POINT('',#3259);
#1006=VERTEX_POINT('',#3263);
#1007=VERTEX_POINT('',#3265);
#1008=VERTEX_POINT('',#3272);
#1009=VERTEX_POINT('',#3290);
#1010=VERTEX_POINT('',#3298);
#1011=VERTEX_POINT('',#3312);
#1012=VERTEX_POINT('',#3317);
#1013=VERTEX_POINT('',#3329);
#1014=VERTEX_POINT('',#3340);
#1015=VERTEX_POINT('',#3345);
#1016=VERTEX_POINT('',#3349);
#1017=VERTEX_POINT('',#3355);
#1018=VERTEX_POINT('',#3367);
#1019=VERTEX_POINT('',#3379);
#1020=VERTEX_POINT('',#3385);
#1021=VERTEX_POINT('',#3389);
#1022=VERTEX_POINT('',#3394);
#1023=VERTEX_POINT('',#3401);
#1024=VERTEX_POINT('',#3403);
#1025=VERTEX_POINT('',#3413);
#1026=VERTEX_POINT('',#3418);
#1027=VERTEX_POINT('',#3437);
#1028=VERTEX_POINT('',#3439);
#1029=VERTEX_POINT('',#3452);
#1030=VERTEX_POINT('',#3453);
#1031=B_SPLINE_CURVE_WITH_KNOTS('',3,(#1816,#1817,#1818,#1819,#1820,#1821,
#1822,#1823,#1824,#1825,#1826,#1827,#1828,#1829,#1830,#1831,#1832,#1833,
#1834,#1835,#1836,#1837,#1838,#1839,#1840,#1841,#1842,#1843,#1844,#1845,
#1846,#1847,#1848,#1849,#1850,#1851,#1852,#1853,#1854,#1855),
 .UNSPECIFIED.,.T.,.F.,(1,1,1,1,1,1,1,1,1,1,1,1,1,1,1,1,1,1,1,1,1,1,1,1,
1,1,1,1,1,1,1,1,1,1,1,1,1,1,1,1,1,1,1,1),(-0.0107734449572111,-0.00861875596576886,
-0.00430937798288444,0.,0.00430937798288443,0.00861875596576886,0.0129281339486533,
0.0172375119315377,0.0215468899144221,0.0237015789058644,0.0258562678973066,
0.030165645880191,0.0344750238630754,0.0387844018459599,0.0430937798288443,
0.0474031578117287,0.0517125357946132,0.0560219137774976,0.060331291760382,
0.0646406697432664,0.0689500477261509,0.0732594257090353,0.0754141147004775,
0.0775688036919197,0.0818781816748042,0.0861875596576886,0.090496937640573,
0.0948063156234575,0.0991156936063419,0.103425071589226,0.105579760580669,
0.107734449572111,0.109889138563553,0.112043827554995,0.11635320553788,
0.120662583520764,0.124971961503648,0.127126650495091,0.129281339486533,
0.133590717469417,0.137900095452302,0.142209473435186,0.146518851418071,
0.150828229400955),.UNSPECIFIED.);
#1032=B_SPLINE_CURVE_WITH_KNOTS('',3,(#1860,#1861,#1862,#1863,#1864,#1865,
#1866,#1867,#1868,#1869,#1870,#1871,#1872,#1873,#1874,#1875,#1876,#1877,
#1878,#1879,#1880,#1881,#1882,#1883,#1884,#1885,#1886,#1887,#1888,#1889,
#1890,#1891,#1892,#1893,#1894,#1895,#1896,#1897,#1898),.UNSPECIFIED.,.T.,
 .F.,(1,1,1,1,1,1,1,1,1,1,1,1,1,1,1,1,1,1,1,1,1,1,1,1,1,1,1,1,1,1,1,1,1,
1,1,1,1,1,1,1,1,1,1),(-0.012927175226229,-0.00861811681748598,-0.00430905840874299,
1.38777878078145E-17,0.00430905840874301,0.008618116817486,0.012927175226229,
0.017236233634972,0.021545292043715,0.0236998212480865,0.025854350452458,
0.030163408861201,0.034472467269944,0.038781525678687,0.0430905840874299,
0.0473996424961729,0.0517087009049159,0.0560177593136589,0.0603268177224019,
0.0646358761311449,0.0689449345398879,0.0732539929486309,0.0754085221530024,
0.0775630513573739,0.0818721097661169,0.0861811681748599,0.0904902265836029,
0.0947992849923459,0.0991083434010888,0.103417401809832,0.105571931014203,
0.107726460218575,0.109880989422946,0.112035518627318,0.116344577036061,
0.120653635444804,0.124962693853547,0.12927175226229,0.133580810671033,
0.137889869079776,0.142198927488519,0.146507985897262,0.150817044306005),
 .UNSPECIFIED.);
#1033=B_SPLINE_CURVE_WITH_KNOTS('',3,(#1924,#1925,#1926,#1927,#1928,#1929,
#1930,#1931),.UNSPECIFIED.,.F.,.F.,(4,1,1,1,1,4),(0.,0.004450813237941,
0.00890162647588201,0.013352439713823,0.0155778463327935,0.017803252951764),
 .UNSPECIFIED.);
#1034=B_SPLINE_CURVE_WITH_KNOTS('',3,(#1933,#1934,#1935,#1936,#1937,#1938,
#1939,#1940),.UNSPECIFIED.,.F.,.F.,(4,1,1,1,1,4),(0.,0.00221930414227372,
0.00443860828454744,0.00887721656909488,0.0133158248536423,0.0177544331381898),
 .UNSPECIFIED.);
#1035=B_SPLINE_CURVE_WITH_KNOTS('',3,(#1966,#1967,#1968,#1969),
 .UNSPECIFIED.,.F.,.F.,(4,4),(0.5,0.826351822333318),
 .PIECEWISE_BEZIER_KNOTS.);
#1036=B_SPLINE_CURVE_WITH_KNOTS('',3,(#1971,#1972,#1973,#1974),
 .UNSPECIFIED.,.F.,.F.,(4,4),(0.173648177666931,0.5),
 .PIECEWISE_BEZIER_KNOTS.);
#1037=B_SPLINE_CURVE_WITH_KNOTS('',3,(#1992,#1993,#1994,#1995,#1996,#1997,
#1998,#1999,#2000,#2001,#2002,#2003,#2004,#2005,#2006,#2007,#2008,#2009,
#2010,#2011,#2012,#2013,#2014,#2015,#2016,#2017,#2018,#2019,#2020,#2021,
#2022,#2023,#2024,#2025),.UNSPECIFIED.,.T.,.F.,(1,1,1,1,1,1,1,1,1,1,1,1,
1,1,1,1,1,1,1,1,1,1,1,1,1,1,1,1,1,1,1,1,1,1,1,1,1,1),(-0.0954728618421053,
-0.0641486430921052,-0.0328949321546053,0.,0.0296875,0.060859375,0.09210546875,
0.1233552734375,0.154605263671875,0.185855263183594,0.216324013171387,0.24679276315918,
0.279527138157959,0.310851356907898,0.342105067845395,0.37335525339227,
0.404605262669613,0.435855263133481,0.467105263156674,0.498355263157834,
0.529605263157892,0.560855263157894,0.592105263157895,0.623355263157895,
0.654605263157895,0.685855263157895,0.717105263157895,0.748355263157895,
0.779605263157895,0.810855263157895,0.871792763157895,0.904527138157895,
0.935851356907895,0.967105067845395,1.,1.0296875,1.060859375,1.09210546875),
 .UNSPECIFIED.);
#1038=B_SPLINE_CURVE_WITH_KNOTS('',3,(#2027,#2028,#2029,#2030,#2031,#2032,
#2033,#2034,#2035,#2036,#2037,#2038,#2039,#2040,#2041,#2042,#2043,#2044,
#2045,#2046,#2047,#2048,#2049,#2050,#2051,#2052,#2053,#2054,#2055,#2056,
#2057,#2058,#2059,#2060,#2061),.UNSPECIFIED.,.T.,.F.,(1,1,1,1,1,1,1,1,1,
1,1,1,1,1,1,1,1,1,1,1,1,1,1,1,1,1,1,1,1,1,1,1,1,1,1,1,1,1,1),(-0.0953949321546054,
-0.0641447466077303,-0.0328947373303865,0.,0.0296875,0.060859375,0.09210546875,
0.1233552734375,0.153824018554687,0.184292763671875,0.217027138183594,0.24835135690918,
0.279605067845459,0.310855253392273,0.342105262669614,0.373355263133481,
0.404605263156674,0.435855263157834,0.467105263157892,0.498355263157895,
0.529605263157895,0.560855263157895,0.592105263157895,0.623355263157895,
0.654605263157895,0.685855263157895,0.717105263157895,0.748355263157895,
0.778824013157895,0.809292763157895,0.842027138157895,0.873351356907895,
0.904605067845395,0.93585525339227,0.967105262669613,1.,1.0296875,1.060859375,
1.09210546875),.UNSPECIFIED.);
#1039=B_SPLINE_CURVE_WITH_KNOTS('',3,(#2066,#2067,#2068,#2069),
 .UNSPECIFIED.,.F.,.F.,(4,4),(0.,0.0215523112940456),.UNSPECIFIED.);
#1040=B_SPLINE_CURVE_WITH_KNOTS('',3,(#2071,#2072,#2073,#2074,#2075,#2076,
#2077,#2078),.UNSPECIFIED.,.F.,.F.,(4,1,1,1,1,4),(0.,0.00723995286043269,
0.0144799057208654,0.0180998821510817,0.0217198585812981,0.0289598114417308),
 .UNSPECIFIED.);
#1041=B_SPLINE_CURVE_WITH_KNOTS('',3,(#2082,#2083,#2084,#2085,#2086),
 .UNSPECIFIED.,.F.,.F.,(4,1,4),(0.,0.0118634613643861,0.0237269227287721),
 .UNSPECIFIED.);
#1042=B_SPLINE_CURVE_WITH_KNOTS('',3,(#2090,#2091,#2092,#2093,#2094,#2095,
#2096,#2097),.UNSPECIFIED.,.F.,.F.,(4,1,1,1,1,4),(0.,0.0073695203677928,
0.0110542805516892,0.0147390407355856,0.0221085611033784,0.0294780814711712),
 .UNSPECIFIED.);
#1043=B_SPLINE_CURVE_WITH_KNOTS('',3,(#2099,#2100,#2101,#2102,#2103,#2104,
#2105),.UNSPECIFIED.,.F.,.F.,(4,1,1,1,4),(0.,0.00596944862518404,0.0119388972503681,
0.0179083458755521,0.0238777945007362),.UNSPECIFIED.);
#1044=B_SPLINE_CURVE_WITH_KNOTS('',3,(#2107,#2108,#2109,#2110,#2111,#2112,
#2113,#2114),.UNSPECIFIED.,.F.,.F.,(4,1,1,1,1,4),(0.,0.00296557088415252,
0.00593114176830505,0.0118622835366101,0.0177934253049151,0.0237245670732202),
 .UNSPECIFIED.);
#1045=B_SPLINE_CURVE_WITH_KNOTS('',3,(#2116,#2117,#2118,#2119,#2120,#2121,
#2122,#2123),.UNSPECIFIED.,.F.,.F.,(4,1,1,1,1,4),(0.,0.00747530611518579,
0.0149506122303716,0.0186882652879645,0.0224259183455574,0.0299012244607431),
 .UNSPECIFIED.);
#1046=B_SPLINE_CURVE_WITH_KNOTS('',3,(#2127,#2128,#2129,#2130,#2131,#2132,
#2133),.UNSPECIFIED.,.F.,.F.,(4,1,1,1,4),(0.,0.0059196041142621,0.0118392082285242,
0.0177588123427863,0.0236784164570484),.UNSPECIFIED.);
#1047=B_SPLINE_CURVE_WITH_KNOTS('',3,(#2137,#2138,#2139,#2140,#2141,#2142,
#2143,#2144),.UNSPECIFIED.,.F.,.F.,(4,1,1,1,1,4),(0.,0.00725952601215148,
0.014519052024303,0.0181488150303787,0.0217785780364544,0.0290381040486059),
 .UNSPECIFIED.);
#1048=B_SPLINE_CURVE_WITH_KNOTS('',3,(#2146,#2147,#2148,#2149),
 .UNSPECIFIED.,.F.,.F.,(4,4),(0.,0.021564605749266),.UNSPECIFIED.);
#1049=B_SPLINE_CURVE_WITH_KNOTS('',3,(#2153,#2154,#2155,#2156),
 .UNSPECIFIED.,.F.,.F.,(4,4),(0.,0.0847294992655404),.UNSPECIFIED.);
#1050=B_SPLINE_CURVE_WITH_KNOTS('',3,(#2164,#2165,#2166,#2167),
 .UNSPECIFIED.,.F.,.F.,(4,4),(0.,1.24221770780453E-5),.UNSPECIFIED.);
#1051=B_SPLINE_CURVE_WITH_KNOTS('',3,(#2169,#2170,#2171,#2172),
 .UNSPECIFIED.,.F.,.F.,(4,4),(0.,0.0241744376854765),.UNSPECIFIED.);
#1052=B_SPLINE_CURVE_WITH_KNOTS('',3,(#2174,#2175,#2176,#2177),
 .UNSPECIFIED.,.F.,.F.,(4,4),(0.,9.34705601254281E-5),.UNSPECIFIED.);
#1053=B_SPLINE_CURVE_WITH_KNOTS('',3,(#2181,#2182,#2183,#2184,#2185,#2186,
#2187,#2188,#2189),.UNSPECIFIED.,.F.,.F.,(4,1,1,1,1,1,4),(0.,0.0112662287351243,
0.0168993431026865,0.0225324574702487,0.0281655718378108,0.033798686205373,
0.0450649149404973),.UNSPECIFIED.);
#1054=B_SPLINE_CURVE_WITH_KNOTS('',3,(#2191,#2192,#2193,#2194,#2195),
 .UNSPECIFIED.,.F.,.F.,(4,1,4),(0.,0.00176591616514387,0.00353183233028774),
 .UNSPECIFIED.);
#1055=B_SPLINE_CURVE_WITH_KNOTS('',3,(#2201,#2202,#2203,#2204,#2205),
 .UNSPECIFIED.,.F.,.F.,(4,1,4),(0.,0.0014883003485846,0.0029766006971692),
 .UNSPECIFIED.);
#1056=B_SPLINE_CURVE_WITH_KNOTS('',3,(#2207,#2208,#2209,#2210,#2211,#2212,
#2213,#2214,#2215),.UNSPECIFIED.,.F.,.F.,(4,1,1,1,1,1,4),(0.,0.0101932900832689,
0.0152899351249034,0.0203865801665379,0.0254832252081723,0.0305798702498068,
0.0407731603330757),.UNSPECIFIED.);
#1057=B_SPLINE_CURVE_WITH_KNOTS('',3,(#2219,#2220,#2221,#2222),
 .UNSPECIFIED.,.F.,.F.,(4,4),(0.,0.000250256869093712),.UNSPECIFIED.);
#1058=B_SPLINE_CURVE_WITH_KNOTS('',3,(#2228,#2229,#2230,#2231,#2232,#2233,
#2234,#2235),.UNSPECIFIED.,.F.,.F.,(4,1,1,1,1,4),(0.,0.00903088707935505,
0.0135463306190326,0.0180617741587101,0.0270926612380651,0.0361235483174202),
 .UNSPECIFIED.);
#1059=B_SPLINE_CURVE_WITH_KNOTS('',3,(#2254,#2255,#2256,#2257),
 .UNSPECIFIED.,.F.,.F.,(4,4),(0.,4.10110852328926E-5),.UNSPECIFIED.);
#1060=B_SPLINE_CURVE_WITH_KNOTS('',3,(#2259,#2260,#2261,#2262,#2263,#2264,
#2265,#2266,#2267),.UNSPECIFIED.,.F.,.F.,(4,1,1,1,1,1,4),(0.,0.00445764986365505,
0.00891529972731011,0.0111441246591376,0.0133729495909652,0.0156017745227927,
0.0178305994546202),.UNSPECIFIED.);
#1061=B_SPLINE_CURVE_WITH_KNOTS('',3,(#2286,#2287,#2288,#2289,#2290,#2291,
#2292,#2293,#2294),.UNSPECIFIED.,.F.,.F.,(4,1,1,1,1,1,4),(-5.99999999972933E-8,
0.00222203444375135,0.00444412888750269,0.00666622333125404,0.00888831777500539,
0.0133325066625081,0.0177766955500108),.UNSPECIFIED.);
#1062=B_SPLINE_CURVE_WITH_KNOTS('',3,(#2296,#2297,#2298,#2299),
 .UNSPECIFIED.,.F.,.F.,(4,4),(0.,4.10106663825289E-5),.UNSPECIFIED.);
#1063=B_SPLINE_CURVE_WITH_KNOTS('',3,(#2303,#2304,#2305,#2306,#2307,#2308,
#2309,#2310),.UNSPECIFIED.,.F.,.F.,(4,1,1,1,1,4),(0.,0.00915539878595296,
0.0183107975719059,0.0228884969648824,0.0274661963578589,0.0366215951438118),
 .UNSPECIFIED.);
#1064=B_SPLINE_CURVE_WITH_KNOTS('',3,(#2316,#2317,#2318,#2319),
 .UNSPECIFIED.,.F.,.F.,(4,4),(0.,0.000250256168339437),.UNSPECIFIED.);
#1065=B_SPLINE_CURVE_WITH_KNOTS('',3,(#2323,#2324,#2325,#2326,#2327,#2328,
#2329,#2330,#2331),.UNSPECIFIED.,.F.,.F.,(4,1,1,1,1,1,4),(0.,0.010148571487388,
0.015222857231082,0.020297142974776,0.02537142871847,0.0304457144621641,
0.0405942859495521),.UNSPECIFIED.);
#1066=B_SPLINE_CURVE_WITH_KNOTS('',3,(#2333,#2334,#2335,#2336,#2337),
 .UNSPECIFIED.,.F.,.F.,(4,1,4),(8.68445263380243E-18,0.00148702134911703,
0.00297404269823405),.UNSPECIFIED.);
#1067=B_SPLINE_CURVE_WITH_KNOTS('',3,(#2343,#2344,#2345,#2346,#2347),
 .UNSPECIFIED.,.F.,.F.,(4,1,4),(0.,0.00176455734204204,0.00352911468408407),
 .UNSPECIFIED.);
#1068=B_SPLINE_CURVE_WITH_KNOTS('',3,(#2349,#2350,#2351,#2352,#2353,#2354,
#2355,#2356,#2357,#2358,#2359),.UNSPECIFIED.,.F.,.F.,(4,1,1,1,1,1,1,1,4),
(0.,0.00557856665617874,0.0111571333123575,0.0167356999685362,0.022314266624715,
0.0278928332808937,0.0334713999370725,0.0390499665932512,0.0446285332494299),
 .UNSPECIFIED.);
#1069=B_SPLINE_CURVE_WITH_KNOTS('',3,(#2365,#2366,#2367,#2368),
 .UNSPECIFIED.,.F.,.F.,(4,4),(0.,9.34702914605439E-5),.UNSPECIFIED.);
#1070=B_SPLINE_CURVE_WITH_KNOTS('',3,(#2370,#2371,#2372,#2373),
 .UNSPECIFIED.,.F.,.F.,(4,4),(0.,0.0241854777710476),.UNSPECIFIED.);
#1071=B_SPLINE_CURVE_WITH_KNOTS('',3,(#2375,#2376,#2377,#2378),
 .UNSPECIFIED.,.F.,.F.,(4,4),(0.,1.24221252146305E-5),.UNSPECIFIED.);
#1072=B_SPLINE_CURVE_WITH_KNOTS('',3,(#2384,#2385,#2386,#2387),
 .UNSPECIFIED.,.F.,.F.,(4,4),(0.,6.85645609224432E-6),.UNSPECIFIED.);
#1073=B_SPLINE_CURVE_WITH_KNOTS('',3,(#2389,#2390,#2391,#2392),
 .UNSPECIFIED.,.F.,.F.,(4,4),(0.,0.0870866477654908),.UNSPECIFIED.);
#1074=B_SPLINE_CURVE_WITH_KNOTS('',3,(#2394,#2395,#2396,#2397),
 .UNSPECIFIED.,.F.,.F.,(4,4),(0.,6.85648671555597E-6),.UNSPECIFIED.);
#1075=B_SPLINE_CURVE_WITH_KNOTS('',3,(#2403,#2404,#2405,#2406,#2407,#2408,
#2409,#2410,#2411,#2412,#2413),.UNSPECIFIED.,.F.,.F.,(4,1,1,1,1,1,1,1,4),
(0.,0.00185104163987578,0.00370208327975157,0.00740416655950314,0.00925520819937892,
0.0111062498392547,0.0129572914791305,0.0138828122990684,0.0148083331190063),
 .UNSPECIFIED.);
#1076=B_SPLINE_CURVE_WITH_KNOTS('',3,(#2417,#2418,#2419,#2420,#2421,#2422,
#2423,#2424,#2425),.UNSPECIFIED.,.F.,.F.,(4,1,1,1,1,1,4),(0.,0.00178113612414685,
0.00356227224829371,0.00534340837244056,0.00712454449658742,0.0106868167448811,
0.0142490889931748),.UNSPECIFIED.);
#1077=B_SPLINE_CURVE_WITH_KNOTS('',3,(#2430,#2431,#2432,#2433,#2434,#2435,
#2436,#2437,#2438,#2439),.UNSPECIFIED.,.F.,.F.,(4,1,1,1,1,1,1,4),(0.,0.000929708988484708,
0.00185941797696942,0.00371883595393883,0.00557825393090825,0.00743767190787766,
0.0111565078618165,0.0148753438157553),.UNSPECIFIED.);
#1078=B_SPLINE_CURVE_WITH_KNOTS('',3,(#2440,#2441,#2442,#2443,#2444,#2445,
#2446,#2447,#2448),.UNSPECIFIED.,.F.,.F.,(4,1,1,1,1,1,4),(0.,0.00355429758950355,
0.0071085951790071,0.00888574397375887,0.0106628927685106,0.0124400415632624,
0.0142171903580142),.UNSPECIFIED.);
#1079=B_SPLINE_CURVE_WITH_KNOTS('',3,(#2479,#2480,#2481,#2482),
 .UNSPECIFIED.,.F.,.F.,(4,4),(0.,0.00151747188284187),.UNSPECIFIED.);
#1080=B_SPLINE_CURVE_WITH_KNOTS('',3,(#2483,#2484,#2485,#2486,#2487,#2488,
#2489),.UNSPECIFIED.,.F.,.F.,(4,1,1,1,4),(0.,0.0029392205694997,0.0058784411389994,
0.00881766170849909,0.0117568822779988),.UNSPECIFIED.);
#1081=B_SPLINE_CURVE_WITH_KNOTS('',3,(#2491,#2492,#2493,#2494),
 .UNSPECIFIED.,.F.,.F.,(4,4),(0.,0.00151029942655353),.UNSPECIFIED.);
#1082=B_SPLINE_CURVE_WITH_KNOTS('',3,(#2527,#2528,#2529,#2530,#2531,#2532,
#2533),.UNSPECIFIED.,.F.,.F.,(4,1,1,1,4),(0.,0.00302203589426661,0.00604407178853321,
0.00906610768279982,0.0120881435770664),.UNSPECIFIED.);
#1083=B_SPLINE_CURVE_WITH_KNOTS('',3,(#2561,#2562,#2563,#2564,#2565,#2566,
#2567),.UNSPECIFIED.,.F.,.F.,(4,1,1,1,4),(0.,0.00287443032966237,0.00574886065932474,
0.0086232909889871,0.0114977213186495),.UNSPECIFIED.);
#1084=B_SPLINE_CURVE_WITH_KNOTS('',3,(#2586,#2587,#2588,#2589,#2590,#2591,
#2592),.UNSPECIFIED.,.F.,.F.,(4,1,1,1,4),(0.,0.00294194659331923,0.00588389318663845,
0.00882583977995768,0.0117677863732769),.UNSPECIFIED.);
#1085=B_SPLINE_CURVE_WITH_KNOTS('',3,(#2639,#2640,#2641,#2642,#2643,#2644,
#2645),.UNSPECIFIED.,.F.,.F.,(4,1,1,1,4),(0.,0.00293940739222536,0.00587881478445072,
0.00881822217667608,0.0117576295689014),.UNSPECIFIED.);
#1086=B_SPLINE_CURVE_WITH_KNOTS('',3,(#2679,#2680,#2681,#2682,#2683,#2684,
#2685),.UNSPECIFIED.,.F.,.F.,(4,1,1,1,4),(0.,0.00287443096469937,0.00574886192939875,
0.00862329289409812,0.0114977238587975),.UNSPECIFIED.);
#1087=B_SPLINE_CURVE_WITH_KNOTS('',3,(#2713,#2714,#2715,#2716,#2717,#2718,
#2719),.UNSPECIFIED.,.F.,.F.,(4,1,1,1,4),(0.,0.0029394073467364,0.00587881469347281,
0.00881822204020921,0.0117576293869456),.UNSPECIFIED.);
#1088=B_SPLINE_CURVE_WITH_KNOTS('',3,(#2760,#2761,#2762,#2763,#2764,#2765,
#2766),.UNSPECIFIED.,.F.,.F.,(4,1,1,1,4),(0.,0.00294194654020151,0.00588389308040303,
0.00882583962060454,0.0117677861608061),.UNSPECIFIED.);
#1089=B_SPLINE_CURVE_WITH_KNOTS('',3,(#2768,#2769,#2770,#2771,#2772,#2773,
#2774),.UNSPECIFIED.,.F.,.F.,(4,1,1,1,4),(0.,0.00293922057064518,0.00587844114129036,
0.00881766171193553,0.0117568822825807),.UNSPECIFIED.);
#1090=B_SPLINE_CURVE_WITH_KNOTS('',3,(#2793,#2794,#2795,#2796,#2797,#2798,
#2799),.UNSPECIFIED.,.F.,.F.,(4,1,1,1,4),(0.,0.00302203563353025,0.00604407126706051,
0.00906610690059076,0.012088142534121),.UNSPECIFIED.);
#1091=B_SPLINE_CURVE_WITH_KNOTS('',3,(#2830,#2831,#2832,#2833),
 .UNSPECIFIED.,.F.,.F.,(4,4),(0.,0.00151746890265121),.UNSPECIFIED.);
#1092=B_SPLINE_CURVE_WITH_KNOTS('',3,(#2867,#2868,#2869,#2870),
 .UNSPECIFIED.,.F.,.F.,(4,4),(0.,0.001510297309715),.UNSPECIFIED.);
#1093=B_SPLINE_CURVE_WITH_KNOTS('',3,(#2873,#2874,#2875,#2876,#2877,#2878,
#2879,#2880,#2881,#2882,#2883,#2884,#2885,#2886,#2887,#2888,#2889,#2890,
#2891,#2892,#2893,#2894,#2895,#2896,#2897,#2898,#2899,#2900,#2901,#2902,
#2903,#2904,#2905,#2906,#2907,#2908,#2909,#2910,#2911,#2912,#2913,#2914,
#2915,#2916,#2917,#2918,#2919,#2920,#2921,#2922,#2923,#2924,#2925,#2926,
#2927,#2928,#2929,#2930,#2931,#2932,#2933,#2934,#2935,#2936,#2937,#2938,
#2939,#2940,#2941,#2942,#2943,#2944,#2945,#2946,#2947,#2948,#2949,#2950,
#2951,#2952,#2953,#2954,#2955,#2956,#2957,#2958,#2959,#2960,#2961,#2962,
#2963,#2964,#2965,#2966,#2967,#2968,#2969,#2970,#2971,#2972,#2973,#2974,
#2975,#2976,#2977,#2978,#2979),.UNSPECIFIED.,.T.,.F.,(1,1,1,1,1,1,1,1,1,
1,1,1,1,1,1,1,1,1,1,1,1,1,1,1,1,1,1,1,1,1,1,1,1,1,1,1,1,1,1,1,1,1,1,1,1,
1,1,1,1,1,1,1,1,1,1,1,1,1,1,1,1,1,1,1,1,1,1,1,1,1,1,1,1,1,1,1,1,1,1,1,1,
1,1,1,1,1,1,1,1,1,1,1,1,1,1,1,1,1,1,1,1,1,1,1,1,1,1,1,1,1,1),(-0.0159264932241762,
-0.00796324661208803,-0.00398162330604401,0.,0.0037109375,0.007421875,0.01484375,
0.0296875,0.04453125,0.051953125,0.059375,0.06271484375,0.0660546875,0.072734375,
0.0794140625,0.08609375,0.095333984375,0.10457421875,0.113814453125,0.1184345703125,
0.1230546875,0.124967907714844,0.126881127929688,0.130707568359375,0.13836044921875,
0.1536662109375,0.16897197265625,0.176624853515625,0.184277734375,0.188179993896484,
0.192082253417969,0.199886772460938,0.215495810546875,0.231104848632812,
0.24671388671875,0.277962290527344,0.293586492431641,0.301398593383789,
0.309210694335938,0.313116934359741,0.317023174383545,0.324835654431152,
0.340460614526367,0.356085574621582,0.363898054669189,0.367804294692993,
0.371710534716797,0.375616784217987,0.377569908968582,0.379523033719177,
0.387335532721558,0.402960530726318,0.410773029728699,0.418585528731079,
0.426398027733459,0.43030427723465,0.43421052673584,0.43616365172337,0.437140214217134,
0.438116776710899,0.440069901698429,0.442023026685959,0.445929276661018,
0.449835526636078,0.465460526536316,0.481085526436554,0.488898026386673,
0.496710526336792,0.498977910863412,0.500111603126722,0.501245295390031,
0.503512679916651,0.505780064443271,0.51031483349651,0.514849602549749,
0.522150251834941,0.529450901120133,0.544052199690517,0.5586534982609,0.573254796831284,
0.603464046923765,0.618568671970006,0.626120984493126,0.633673297016247,
0.637361340952216,0.641049384888185,0.648425472760124,0.663177648504002,
0.692681999991757,0.722186351479512,0.751690702967267,0.766802871872183,
0.781915040777098,0.812139378586929,0.84236371639676,0.857475885301675,
0.872588054206591,0.880551300818679,0.888514547430767,0.904441040654943,
0.936294027103295,0.952220520327472,0.968147013551648,0.976110260163736,
0.984073506775824,0.992036753387912,0.996018376693956,1.,1.0037109375,1.007421875,
1.01484375),.UNSPECIFIED.);
#1094=B_SPLINE_CURVE_WITH_KNOTS('',3,(#2984,#2985,#2986,#2987,#2988,#2989,
#2990,#2991,#2992,#2993,#2994,#2995,#2996,#2997,#2998,#2999,#3000,#3001,
#3002,#3003,#3004,#3005,#3006,#3007,#3008,#3009,#3010,#3011,#3012,#3013,
#3014,#3015,#3016,#3017,#3018,#3019,#3020,#3021,#3022,#3023,#3024,#3025,
#3026,#3027,#3028,#3029,#3030,#3031,#3032,#3033,#3034,#3035,#3036,#3037,
#3038,#3039,#3040,#3041,#3042,#3043,#3044,#3045,#3046,#3047,#3048,#3049,
#3050,#3051,#3052,#3053,#3054,#3055,#3056,#3057,#3058,#3059,#3060,#3061,
#3062,#3063,#3064,#3065,#3066,#3067,#3068,#3069,#3070,#3071,#3072,#3073,
#3074,#3075,#3076,#3077,#3078,#3079,#3080,#3081,#3082,#3083,#3084,#3085,
#3086,#3087,#3088,#3089,#3090,#3091,#3092,#3093,#3094,#3095,#3096,#3097,
#3098),.UNSPECIFIED.,.T.,.F.,(1,1,1,1,1,1,1,1,1,1,1,1,1,1,1,1,1,1,1,1,1,
1,1,1,1,1,1,1,1,1,1,1,1,1,1,1,1,1,1,1,1,1,1,1,1,1,1,1,1,1,1,1,1,1,1,1,1,
1,1,1,1,1,1,1,1,1,1,1,1,1,1,1,1,1,1,1,1,1,1,1,1,1,1,1,1,1,1,1,1,1,1,1,1,
1,1,1,1,1,1,1,1,1,1,1,1,1,1,1,1,1,1,1,1,1,1,1,1,1,1),(-0.00396160702946946,
-0.00198080351473473,-0.000990401757367421,0.,0.000927734375,0.00185546875,
0.0037109375,0.007421875,0.0111328125,0.01484375,0.022265625,0.0296875,
0.04453125,0.059375,0.063271484375,0.06716796875,0.0749609375,0.090546875,
0.1061328125,0.12171875,0.125527099609375,0.12933544921875,0.1369521484375,
0.152185546875,0.18265234375,0.213119140625,0.2435859375,0.259191357421875,
0.27479677734375,0.3060076171875,0.33721845703125,0.352823876953125,0.368429296875,
0.376241307373047,0.384053317871094,0.399677338867187,0.430925380859375,
0.462173422851562,0.49342146484375,0.499322655929565,0.505223847015381,
0.511125038101196,0.514075633644104,0.517026229187011,0.518850786803388,
0.520675344419765,0.524324459652519,0.531622690118027,0.538920920583534,
0.546219151049042,0.560815611980056,0.568113842445564,0.575412072911071,
0.57916987901689,0.582927685122709,0.590443297334347,0.605474521757622,
0.612990133969259,0.620505746180897,0.628021358392534,0.631779164498353,
0.635536970604172,0.637418590928908,0.638359401091276,0.639300211253644,
0.64118183157838,0.643063451903116,0.646826692552588,0.65058993320206,0.665642895799948,
0.680695858397836,0.68822233969678,0.695748820995724,0.699512333372379,
0.703275845749033,0.710802870502342,0.725856920008961,0.755965019022198,
0.786073226726308,0.801127330578363,0.808654382504391,0.816181434430419,
0.81994496107275,0.823708487715082,0.831235540999746,0.846289647569073,
0.8613437541384,0.868870807423064,0.872634334065396,0.876397860707727,0.880161387384025,
0.882043150722174,0.883924914060323,0.891451967412918,0.906506074118108,
0.914033127470704,0.921560180823299,0.929087234175894,0.932850760852192,
0.93661428752849,0.938595091043224,0.939585492800592,0.940575894557959,
0.942556698072694,0.944537501587428,0.948499108616898,0.952460715646367,
0.968307143764245,0.976230357823184,0.984153571882122,0.988115178911592,
0.992076785941061,0.996038392970531,0.998019196485265,0.999009598242633,
1.,1.000927734375,1.00185546875,1.0037109375),.UNSPECIFIED.);
#1095=B_SPLINE_CURVE_WITH_KNOTS('',3,(#3106,#3107,#3108,#3109),
 .UNSPECIFIED.,.F.,.F.,(4,4),(0.,0.0852024421778196),.UNSPECIFIED.);
#1096=B_SPLINE_CURVE_WITH_KNOTS('',3,(#3113,#3114,#3115,#3116),
 .UNSPECIFIED.,.F.,.F.,(4,4),(0.,0.021679376477009),.UNSPECIFIED.);
#1097=B_SPLINE_CURVE_WITH_KNOTS('',3,(#3118,#3119,#3120,#3121,#3122,#3123,
#3124,#3125),.UNSPECIFIED.,.F.,.F.,(4,1,1,1,1,4),(0.,0.00727769014084381,
0.0145553802816876,0.0181942253521095,0.0218330704225314,0.0291107605633752),
 .UNSPECIFIED.);
#1098=B_SPLINE_CURVE_WITH_KNOTS('',3,(#3129,#3130,#3131,#3132,#3133,#3134,
#3135,#3136),.UNSPECIFIED.,.F.,.F.,(4,1,1,1,1,4),(0.,0.00593798164978953,
0.0118759632995791,0.0148449541244738,0.0178139449493686,0.0237519265991581),
 .UNSPECIFIED.);
#1099=B_SPLINE_CURVE_WITH_KNOTS('',3,(#3140,#3141,#3142,#3143,#3144,#3145,
#3146,#3147),.UNSPECIFIED.,.F.,.F.,(4,1,1,1,1,4),(0.,0.00751009936216519,
0.0150201987243304,0.018775248405413,0.0225302980864956,0.0300403974486607),
 .UNSPECIFIED.);
#1100=B_SPLINE_CURVE_WITH_KNOTS('',3,(#3149,#3150,#3151,#3152,#3153,#3154,
#3155,#3156),.UNSPECIFIED.,.F.,.F.,(4,1,1,1,1,4),(0.,0.00297572612682551,
0.00595145225365101,0.011902904507302,0.017854356760953,0.0238058090146041),
 .UNSPECIFIED.);
#1101=B_SPLINE_CURVE_WITH_KNOTS('',3,(#3158,#3159,#3160,#3161,#3162,#3163,
#3164),.UNSPECIFIED.,.F.,.F.,(4,1,1,1,4),(0.,0.00599033612963279,0.0119806722592656,
0.0179710083888984,0.0239613445185311),.UNSPECIFIED.);
#1102=B_SPLINE_CURVE_WITH_KNOTS('',3,(#3166,#3167,#3168,#3169,#3170,#3171,
#3172,#3173),.UNSPECIFIED.,.F.,.F.,(4,1,1,1,1,4),(0.,0.00740451232253824,
0.0111067684838074,0.0148090246450765,0.0222135369676147,0.029618049290153),
 .UNSPECIFIED.);
#1103=B_SPLINE_CURVE_WITH_KNOTS('',3,(#3177,#3178,#3179,#3180,#3181,#3182,
#3183,#3184),.UNSPECIFIED.,.F.,.F.,(4,1,1,1,1,4),(0.,0.00594979315245628,
0.00892468972868442,0.0118995863049126,0.0178493794573688,0.0237991726098251),
 .UNSPECIFIED.);
#1104=B_SPLINE_CURVE_WITH_KNOTS('',3,(#3188,#3189,#3190,#3191,#3192,#3193,
#3194,#3195),.UNSPECIFIED.,.F.,.F.,(4,1,1,1,1,4),(0.,0.00725796422754709,
0.0145159284550942,0.0181449105688677,0.0217738926826413,0.0290318569101884),
 .UNSPECIFIED.);
#1105=B_SPLINE_CURVE_WITH_KNOTS('',3,(#3197,#3198,#3199,#3200),
 .UNSPECIFIED.,.F.,.F.,(4,4),(1.38777878078145E-17,0.0216671596032729),
 .UNSPECIFIED.);
#1106=B_SPLINE_CURVE_WITH_KNOTS('',3,(#3204,#3205,#3206,#3207),
 .UNSPECIFIED.,.F.,.F.,(4,4),(1.2490009027033E-16,8.39167686868789E-6),
 .UNSPECIFIED.);
#1107=B_SPLINE_CURVE_WITH_KNOTS('',3,(#3215,#3216,#3217,#3218),
 .UNSPECIFIED.,.F.,.F.,(4,4),(1.11022302462516E-16,6.50462136357314E-5),
 .UNSPECIFIED.);
#1108=B_SPLINE_CURVE_WITH_KNOTS('',3,(#3220,#3221,#3222,#3223),
 .UNSPECIFIED.,.F.,.F.,(4,4),(0.,0.0234169586406011),.UNSPECIFIED.);
#1109=B_SPLINE_CURVE_WITH_KNOTS('',3,(#3227,#3228,#3229,#3230,#3231),
 .UNSPECIFIED.,.F.,.F.,(4,1,4),(0.0205234079848494,0.0225969041045811,0.0246704002243128),
 .UNSPECIFIED.);
#1110=B_SPLINE_CURVE_WITH_KNOTS('',3,(#3233,#3234,#3235,#3236,#3237,#3238,
#3239,#3240,#3241),.UNSPECIFIED.,.F.,.F.,(4,1,1,1,1,1,4),(0.,0.0103606183277697,
0.0155409274916546,0.0207212366555395,0.0259015458194243,0.0310818549833092,
0.0414424733110789),.UNSPECIFIED.);
#1111=B_SPLINE_CURVE_WITH_KNOTS('',3,(#3245,#3246,#3247,#3248,#3249,#3250,
#3251,#3252),.UNSPECIFIED.,.F.,.F.,(4,1,1,1,1,4),(0.,0.00915424341133428,
0.0137313651170014,0.0183084868226686,0.0274627302340028,0.0366169736453371),
 .UNSPECIFIED.);
#1112=B_SPLINE_CURVE_WITH_KNOTS('',3,(#3254,#3255,#3256,#3257,#3258),
 .UNSPECIFIED.,.F.,.F.,(4,1,4),(0.,0.00174334976349604,0.00348669952699207),
 .UNSPECIFIED.);
#1113=B_SPLINE_CURVE_WITH_KNOTS('',3,(#3266,#3267,#3268,#3269),
 .UNSPECIFIED.,.F.,.F.,(4,4),(0.,0.000173489130856717),.UNSPECIFIED.);
#1114=B_SPLINE_CURVE_WITH_KNOTS('',3,(#3273,#3274,#3275,#3276,#3277,#3278,
#3279,#3280),.UNSPECIFIED.,.F.,.F.,(4,1,1,1,1,4),(0.,0.00850976756145799,
0.012764651342187,0.017019535122916,0.025529302684374,0.034039070245832),
 .UNSPECIFIED.);
#1115=B_SPLINE_CURVE_WITH_KNOTS('',3,(#3291,#3292,#3293,#3294,#3295,#3296,
#3297),.UNSPECIFIED.,.F.,.F.,(4,1,1,1,4),(3.30908485403619E-7,0.00498469599351265,
0.00996906107853991,0.0149534261635672,0.0199377912485944),
 .UNSPECIFIED.);
#1116=B_SPLINE_CURVE_WITH_KNOTS('',3,(#3299,#3300,#3301,#3302),
 .UNSPECIFIED.,.F.,.F.,(4,4),(0.,2.81608744969808E-5),.UNSPECIFIED.);
#1117=B_SPLINE_CURVE_WITH_KNOTS('',3,(#3313,#3314,#3315,#3316),
 .UNSPECIFIED.,.F.,.F.,(4,4),(0.,2.81605869987166E-5),.UNSPECIFIED.);
#1118=B_SPLINE_CURVE_WITH_KNOTS('',3,(#3318,#3319,#3320,#3321,#3322,#3323,
#3324,#3325,#3326),.UNSPECIFIED.,.F.,.F.,(4,1,1,1,1,1,4),(-5.99999999966665E-8,
0.00248218480120131,0.00496442960240261,0.00744667440360392,0.00992891920480522,
0.0148934088072078,0.0198578984096104),.UNSPECIFIED.);
#1119=B_SPLINE_CURVE_WITH_KNOTS('',3,(#3330,#3331,#3332,#3333,#3334,#3335,
#3336,#3337),.UNSPECIFIED.,.F.,.F.,(4,1,1,1,1,4),(0.,0.00862790728712872,
0.0172558145742574,0.0215697682178218,0.0258837218613861,0.0345116291485149),
 .UNSPECIFIED.);
#1120=B_SPLINE_CURVE_WITH_KNOTS('',3,(#3341,#3342,#3343,#3344),
 .UNSPECIFIED.,.F.,.F.,(4,4),(1.11238931551359E-16,0.000173488644820175),
 .UNSPECIFIED.);
#1121=B_SPLINE_CURVE_WITH_KNOTS('',3,(#3350,#3351,#3352,#3353,#3354),
 .UNSPECIFIED.,.F.,.F.,(4,1,4),(0.,0.00174527224121233,0.00349054448242466),
 .UNSPECIFIED.);
#1122=B_SPLINE_CURVE_WITH_KNOTS('',3,(#3356,#3357,#3358,#3359,#3360,#3361,
#3362,#3363,#3364),.UNSPECIFIED.,.F.,.F.,(4,1,1,1,1,1,4),(0.,0.00911508516647356,
0.0136726277497103,0.0182301703329471,0.0227877129161839,0.0273452554994207,
0.0364603406658943),.UNSPECIFIED.);
#1123=B_SPLINE_CURVE_WITH_KNOTS('',3,(#3368,#3369,#3370,#3371,#3372,#3373,
#3374,#3375,#3376,#3377,#3378),.UNSPECIFIED.,.F.,.F.,(4,1,1,1,1,1,1,1,4),
(7.05002410553633E-18,0.00513837042458712,0.0102767408491742,0.0154151112737614,
0.0205534816983485,0.0256918521229356,0.0308302225475227,0.0359685929721098,
0.0411069633966969),.UNSPECIFIED.);
#1124=B_SPLINE_CURVE_WITH_KNOTS('',3,(#3380,#3381,#3382,#3383,#3384),
 .UNSPECIFIED.,.F.,.F.,(4,1,4),(0.0205246860993237,0.0226015322509548,0.0246783784025859),
 .UNSPECIFIED.);
#1125=B_SPLINE_CURVE_WITH_KNOTS('',3,(#3390,#3391,#3392,#3393),
 .UNSPECIFIED.,.F.,.F.,(4,4),(4.50065799534805E-6,0.0234328071610807),
 .UNSPECIFIED.);
#1126=B_SPLINE_CURVE_WITH_KNOTS('',3,(#3395,#3396,#3397,#3398),
 .UNSPECIFIED.,.F.,.F.,(4,4),(0.,6.50460267408493E-5),.UNSPECIFIED.);
#1127=B_SPLINE_CURVE_WITH_KNOTS('',3,(#3404,#3405,#3406,#3407),
 .UNSPECIFIED.,.F.,.F.,(4,4),(0.,8.39164183957436E-6),.UNSPECIFIED.);
#1128=B_SPLINE_CURVE_WITH_KNOTS('',3,(#3409,#3410,#3411,#3412),
 .UNSPECIFIED.,.F.,.F.,(4,4),(0.,4.57855119977133E-6),.UNSPECIFIED.);
#1129=B_SPLINE_CURVE_WITH_KNOTS('',3,(#3414,#3415,#3416,#3417),
 .UNSPECIFIED.,.F.,.F.,(4,4),(2.16358404948628E-7,0.0867740506765743),
 .UNSPECIFIED.);
#1130=B_SPLINE_CURVE_WITH_KNOTS('',3,(#3419,#3420,#3421,#3422),
 .UNSPECIFIED.,.F.,.F.,(4,4),(0.,4.57853075046043E-6),.UNSPECIFIED.);
#1131=B_SPLINE_CURVE_WITH_KNOTS('',3,(#3428,#3429,#3430,#3431,#3432,#3433,
#3434,#3435,#3436),.UNSPECIFIED.,.F.,.F.,(4,1,1,1,1,1,4),(0.,0.00129761568123542,
0.00259523136247084,0.00389284704370626,0.00519046272494168,0.00778569408741252,
0.0103809254498834),.UNSPECIFIED.);
#1132=B_SPLINE_CURVE_WITH_KNOTS('',3,(#3440,#3441,#3442,#3443,#3444,#3445,
#3446,#3447,#3448,#3449),.UNSPECIFIED.,.F.,.F.,(4,1,1,1,1,1,1,4),(5.36139015741062E-16,
0.00274721956961868,0.00549443913923683,0.0068680489240459,0.00824165870885498,
0.00961526849366405,0.0103020733860686,0.0109888782784731),
 .UNSPECIFIED.);
#1133=B_SPLINE_CURVE_WITH_KNOTS('',3,(#3454,#3455,#3456,#3457,#3458,#3459,
#3460,#3461,#3462),.UNSPECIFIED.,.F.,.F.,(4,1,1,1,1,1,4),(3.18705650028679E-17,
0.00258356162149687,0.0051671232429937,0.00645890405374211,0.00775068486449053,
0.00904246567523895,0.0103342464859874),.UNSPECIFIED.);
#1134=B_SPLINE_CURVE_WITH_KNOTS('',3,(#3463,#3464,#3465,#3466,#3467,#3468,
#3469,#3470,#3471,#3472),.UNSPECIFIED.,.F.,.F.,(4,1,1,1,1,1,1,4),(0.,0.000687668278132904,
0.00137533655626581,0.00275067311253162,0.00412600966879742,0.00550134622506323,
0.00825201933759485,0.0110026924501265),.UNSPECIFIED.);
#1135=B_SPLINE_CURVE_WITH_KNOTS('',3,(#3500,#3501,#3502,#3503,#3504,#3505),
 .UNSPECIFIED.,.F.,.F.,(4,1,1,4),(1.02510269041998E-16,0.00391952143492044,
0.00587928215238061,0.00783904286984077),.UNSPECIFIED.);
#1136=B_SPLINE_CURVE_WITH_KNOTS('',3,(#3506,#3507,#3508,#3509),
 .UNSPECIFIED.,.F.,.F.,(4,4),(6.50521303491303E-19,0.00101182817855822),
 .UNSPECIFIED.);
#1137=B_SPLINE_CURVE_WITH_KNOTS('',3,(#3511,#3512,#3513,#3514),
 .UNSPECIFIED.,.F.,.F.,(4,4),(0.,0.00100696986665583),.UNSPECIFIED.);
#1138=B_SPLINE_CURVE_WITH_KNOTS('',3,(#3544,#3545,#3546,#3547,#3548,#3549),
 .UNSPECIFIED.,.F.,.F.,(4,1,1,4),(1.15277563368905E-16,0.00402904097123023,
0.00604356145684528,0.00805808194246034),.UNSPECIFIED.);
#1139=B_SPLINE_CURVE_WITH_KNOTS('',3,(#3577,#3578,#3579,#3580,#3581,#3582),
 .UNSPECIFIED.,.F.,.F.,(4,1,1,4),(0.,0.00383276259405656,0.00574914389108484,
0.00766552518811312),.UNSPECIFIED.);
#1140=B_SPLINE_CURVE_WITH_KNOTS('',3,(#3601,#3602,#3603,#3604,#3605,#3606),
 .UNSPECIFIED.,.F.,.F.,(4,1,1,4),(1.30922788333607E-16,0.00392263002505011,
0.00588394503757509,0.00784526005010008),.UNSPECIFIED.);
#1141=B_SPLINE_CURVE_WITH_KNOTS('',3,(#3650,#3651,#3652,#3653,#3654,#3655),
 .UNSPECIFIED.,.F.,.F.,(4,1,1,4),(9.81307786677359E-17,0.00391926064210131,
0.00587889096315191,0.00783852128420251),.UNSPECIFIED.);
#1142=B_SPLINE_CURVE_WITH_KNOTS('',3,(#3686,#3687,#3688,#3689,#3690,#3691),
 .UNSPECIFIED.,.F.,.F.,(4,1,1,4),(0.,0.00383276344067584,0.00574914516101376,
0.00766552688135168),.UNSPECIFIED.);
#1143=B_SPLINE_CURVE_WITH_KNOTS('',3,(#3719,#3720,#3721,#3722,#3723,#3724),
 .UNSPECIFIED.,.F.,.F.,(4,1,1,4),(1.38777878078145E-17,0.00391926058191747,
0.0058788908728762,0.00783852116383493),.UNSPECIFIED.);
#1144=B_SPLINE_CURVE_WITH_KNOTS('',3,(#3765,#3766,#3767,#3768,#3769,#3770),
 .UNSPECIFIED.,.F.,.F.,(4,1,1,4),(1.12743681122073E-16,0.0039226299542204,
0.00588394493133054,0.00784525990844068),.UNSPECIFIED.);
#1145=B_SPLINE_CURVE_WITH_KNOTS('',3,(#3772,#3773,#3774,#3775,#3776,#3777),
 .UNSPECIFIED.,.F.,.F.,(4,1,1,4),(1.13700504623767E-16,0.00391952143656359,
0.00587928215484532,0.00783904287312706),.UNSPECIFIED.);
#1146=B_SPLINE_CURVE_WITH_KNOTS('',3,(#3796,#3797,#3798,#3799,#3800,#3801),
 .UNSPECIFIED.,.F.,.F.,(4,1,1,4),(9.96522768216898E-17,0.0040290406248463,
0.0060435609372694,0.0080580812496925),.UNSPECIFIED.);
#1147=B_SPLINE_CURVE_WITH_KNOTS('',3,(#3832,#3833,#3834,#3835),
 .UNSPECIFIED.,.F.,.F.,(4,4),(4.38532639371947E-18,0.00101182617354306),
 .UNSPECIFIED.);
#1148=B_SPLINE_CURVE_WITH_KNOTS('',3,(#3869,#3870,#3871,#3872),
 .UNSPECIFIED.,.F.,.F.,(4,4),(0.,0.00100696844661513),.UNSPECIFIED.);
#1149=EDGE_LOOP('',(#223));
#1150=EDGE_LOOP('',(#224));
#1151=EDGE_LOOP('',(#225));
#1152=EDGE_LOOP('',(#226));
#1153=EDGE_LOOP('',(#227,#228,#229,#230,#231,#232,#233,#234,#235,#236,#237,
#238,#239,#240,#241,#242,#243));
#1154=EDGE_LOOP('',(#244,#245,#246,#247,#248,#249,#250,#251,#252,#253,#254,
#255,#256,#257,#258,#259,#260));
#1155=EDGE_LOOP('',(#261));
#1156=EDGE_LOOP('',(#262));
#1157=EDGE_LOOP('',(#263,#264,#265,#266,#267,#268,#269,#270,#271,#272,#273,
#274,#275,#276,#277,#278,#279));
#1158=EDGE_LOOP('',(#280,#281,#282,#283,#284));
#1159=EDGE_LOOP('',(#285,#286,#287,#288,#289));
#1160=EDGE_LOOP('',(#290,#291,#292,#293,#294));
#1161=EDGE_LOOP('',(#295,#296,#297,#298,#299));
#1162=EDGE_LOOP('',(#300,#301,#302,#303,#304));
#1163=EDGE_LOOP('',(#305,#306,#307,#308));
#1164=EDGE_LOOP('',(#309,#310,#311,#312,#313));
#1165=EDGE_LOOP('',(#314,#315,#316,#317,#318));
#1166=EDGE_LOOP('',(#319,#320,#321,#322));
#1167=EDGE_LOOP('',(#323,#324,#325,#326,#327));
#1168=EDGE_LOOP('',(#328,#329,#330,#331,#332));
#1169=EDGE_LOOP('',(#333,#334,#335,#336,#337));
#1170=EDGE_LOOP('',(#338,#339,#340,#341,#342));
#1171=EDGE_LOOP('',(#343,#344,#345,#346,#347));
#1172=EDGE_LOOP('',(#348,#349,#350,#351,#352,#353));
#1173=EDGE_LOOP('',(#354,#355,#356,#357));
#1174=EDGE_LOOP('',(#358,#359,#360,#361));
#1175=EDGE_LOOP('',(#362,#363,#364,#365,#366,#367));
#1176=EDGE_LOOP('',(#368,#369,#370,#371,#372,#373));
#1177=EDGE_LOOP('',(#374,#375,#376,#377,#378,#379));
#1178=EDGE_LOOP('',(#380,#381,#382,#383));
#1179=EDGE_LOOP('',(#384,#385,#386,#387));
#1180=EDGE_LOOP('',(#388,#389,#390,#391,#392,#393));
#1181=EDGE_LOOP('',(#394,#395,#396,#397,#398));
#1182=EDGE_LOOP('',(#399,#400,#401,#402,#403));
#1183=EDGE_LOOP('',(#404,#405,#406,#407));
#1184=EDGE_LOOP('',(#408,#409,#410,#411,#412));
#1185=EDGE_LOOP('',(#413,#414,#415,#416));
#1186=EDGE_LOOP('',(#417,#418,#419,#420));
#1187=EDGE_LOOP('',(#421,#422,#423,#424,#425));
#1188=EDGE_LOOP('',(#426,#427,#428,#429,#430));
#1189=EDGE_LOOP('',(#431,#432,#433,#434));
#1190=EDGE_LOOP('',(#435,#436,#437,#438,#439));
#1191=EDGE_LOOP('',(#440,#441,#442,#443,#444,#445));
#1192=EDGE_LOOP('',(#446,#447,#448,#449,#450,#451));
#1193=EDGE_LOOP('',(#452,#453,#454,#455));
#1194=EDGE_LOOP('',(#456));
#1195=EDGE_LOOP('',(#457));
#1196=EDGE_LOOP('',(#458));
#1197=EDGE_LOOP('',(#459));
#1198=EDGE_LOOP('',(#460,#461,#462,#463,#464,#465,#466,#467,#468,#469,#470,
#471,#472,#473,#474,#475,#476));
#1199=EDGE_LOOP('',(#477));
#1200=EDGE_LOOP('',(#478));
#1201=EDGE_LOOP('',(#479,#480,#481,#482,#483));
#1202=EDGE_LOOP('',(#484,#485,#486,#487,#488));
#1203=EDGE_LOOP('',(#489,#490,#491,#492,#493));
#1204=EDGE_LOOP('',(#494,#495,#496,#497,#498));
#1205=EDGE_LOOP('',(#499,#500,#501,#502,#503));
#1206=EDGE_LOOP('',(#504,#505,#506,#507));
#1207=EDGE_LOOP('',(#508,#509,#510,#511,#512));
#1208=EDGE_LOOP('',(#513,#514,#515,#516,#517));
#1209=EDGE_LOOP('',(#518,#519,#520,#521));
#1210=EDGE_LOOP('',(#522,#523,#524,#525,#526));
#1211=EDGE_LOOP('',(#527,#528,#529,#530,#531));
#1212=EDGE_LOOP('',(#532,#533,#534,#535,#536));
#1213=EDGE_LOOP('',(#537,#538,#539,#540,#541));
#1214=EDGE_LOOP('',(#542,#543,#544,#545,#546));
#1215=EDGE_LOOP('',(#547,#548,#549,#550,#551,#552));
#1216=EDGE_LOOP('',(#553,#554,#555,#556));
#1217=EDGE_LOOP('',(#557,#558,#559,#560));
#1218=EDGE_LOOP('',(#561,#562,#563,#564,#565,#566));
#1219=EDGE_LOOP('',(#567,#568,#569,#570,#571,#572));
#1220=EDGE_LOOP('',(#573,#574,#575,#576,#577,#578));
#1221=EDGE_LOOP('',(#579,#580,#581,#582));
#1222=EDGE_LOOP('',(#583,#584,#585,#586));
#1223=EDGE_LOOP('',(#587,#588,#589,#590,#591,#592));
#1224=EDGE_LOOP('',(#593,#594,#595,#596,#597));
#1225=EDGE_LOOP('',(#598,#599,#600,#601,#602));
#1226=EDGE_LOOP('',(#603,#604,#605,#606));
#1227=EDGE_LOOP('',(#607,#608,#609,#610,#611));
#1228=EDGE_LOOP('',(#612,#613,#614,#615));
#1229=EDGE_LOOP('',(#616,#617,#618,#619));
#1230=EDGE_LOOP('',(#620,#621,#622,#623,#624));
#1231=EDGE_LOOP('',(#625,#626,#627,#628,#629));
#1232=EDGE_LOOP('',(#630,#631,#632,#633));
#1233=EDGE_LOOP('',(#634,#635,#636,#637,#638));
#1234=EDGE_LOOP('',(#639,#640,#641,#642,#643,#644));
#1235=EDGE_LOOP('',(#645,#646,#647,#648,#649,#650));
#1236=EDGE_LOOP('',(#651,#652,#653,#654));
#1237=EDGE_LOOP('',(#655));
#1238=EDGE_LOOP('',(#656));
#1239=EDGE_LOOP('',(#657));
#1240=EDGE_LOOP('',(#658));
#1241=EDGE_LOOP('',(#659));
#1242=EDGE_LOOP('',(#660));
#1243=EDGE_LOOP('',(#661));
#1244=EDGE_LOOP('',(#662));
#1245=FACE_BOUND('',#1149,.T.);
#1246=FACE_BOUND('',#1150,.T.);
#1247=FACE_BOUND('',#1151,.T.);
#1248=FACE_BOUND('',#1152,.T.);
#1249=FACE_BOUND('',#1153,.T.);
#1250=FACE_BOUND('',#1154,.T.);
#1251=FACE_BOUND('',#1155,.T.);
#1252=FACE_BOUND('',#1156,.T.);
#1253=FACE_BOUND('',#1157,.T.);
#1254=FACE_BOUND('',#1158,.T.);
#1255=FACE_BOUND('',#1159,.T.);
#1256=FACE_BOUND('',#1160,.T.);
#1257=FACE_BOUND('',#1161,.T.);
#1258=FACE_BOUND('',#1162,.T.);
#1259=FACE_BOUND('',#1163,.T.);
#1260=FACE_BOUND('',#1164,.T.);
#1261=FACE_BOUND('',#1165,.T.);
#1262=FACE_BOUND('',#1166,.T.);
#1263=FACE_BOUND('',#1167,.T.);
#1264=FACE_BOUND('',#1168,.T.);
#1265=FACE_BOUND('',#1169,.T.);
#1266=FACE_BOUND('',#1170,.T.);
#1267=FACE_BOUND('',#1171,.T.);
#1268=FACE_BOUND('',#1172,.T.);
#1269=FACE_BOUND('',#1173,.T.);
#1270=FACE_BOUND('',#1174,.T.);
#1271=FACE_BOUND('',#1175,.T.);
#1272=FACE_BOUND('',#1176,.T.);
#1273=FACE_BOUND('',#1177,.T.);
#1274=FACE_BOUND('',#1178,.T.);
#1275=FACE_BOUND('',#1179,.T.);
#1276=FACE_BOUND('',#1180,.T.);
#1277=FACE_BOUND('',#1181,.T.);
#1278=FACE_BOUND('',#1182,.T.);
#1279=FACE_BOUND('',#1183,.T.);
#1280=FACE_BOUND('',#1184,.T.);
#1281=FACE_BOUND('',#1185,.T.);
#1282=FACE_BOUND('',#1186,.T.);
#1283=FACE_BOUND('',#1187,.T.);
#1284=FACE_BOUND('',#1188,.T.);
#1285=FACE_BOUND('',#1189,.T.);
#1286=FACE_BOUND('',#1190,.T.);
#1287=FACE_BOUND('',#1191,.T.);
#1288=FACE_BOUND('',#1192,.T.);
#1289=FACE_BOUND('',#1193,.T.);
#1290=FACE_BOUND('',#1194,.T.);
#1291=FACE_BOUND('',#1195,.T.);
#1292=FACE_BOUND('',#1196,.T.);
#1293=FACE_BOUND('',#1197,.T.);
#1294=FACE_BOUND('',#1198,.T.);
#1295=FACE_BOUND('',#1199,.T.);
#1296=FACE_BOUND('',#1200,.T.);
#1297=FACE_BOUND('',#1201,.T.);
#1298=FACE_BOUND('',#1202,.T.);
#1299=FACE_BOUND('',#1203,.T.);
#1300=FACE_BOUND('',#1204,.T.);
#1301=FACE_BOUND('',#1205,.T.);
#1302=FACE_BOUND('',#1206,.T.);
#1303=FACE_BOUND('',#1207,.T.);
#1304=FACE_BOUND('',#1208,.T.);
#1305=FACE_BOUND('',#1209,.T.);
#1306=FACE_BOUND('',#1210,.T.);
#1307=FACE_BOUND('',#1211,.T.);
#1308=FACE_BOUND('',#1212,.T.);
#1309=FACE_BOUND('',#1213,.T.);
#1310=FACE_BOUND('',#1214,.T.);
#1311=FACE_BOUND('',#1215,.T.);
#1312=FACE_BOUND('',#1216,.T.);
#1313=FACE_BOUND('',#1217,.T.);
#1314=FACE_BOUND('',#1218,.T.);
#1315=FACE_BOUND('',#1219,.T.);
#1316=FACE_BOUND('',#1220,.T.);
#1317=FACE_BOUND('',#1221,.T.);
#1318=FACE_BOUND('',#1222,.T.);
#1319=FACE_BOUND('',#1223,.T.);
#1320=FACE_BOUND('',#1224,.T.);
#1321=FACE_BOUND('',#1225,.T.);
#1322=FACE_BOUND('',#1226,.T.);
#1323=FACE_BOUND('',#1227,.T.);
#1324=FACE_BOUND('',#1228,.T.);
#1325=FACE_BOUND('',#1229,.T.);
#1326=FACE_BOUND('',#1230,.T.);
#1327=FACE_BOUND('',#1231,.T.);
#1328=FACE_BOUND('',#1232,.T.);
#1329=FACE_BOUND('',#1233,.T.);
#1330=FACE_BOUND('',#1234,.T.);
#1331=FACE_BOUND('',#1235,.T.);
#1332=FACE_BOUND('',#1236,.T.);
#1333=FACE_BOUND('',#1237,.T.);
#1334=FACE_BOUND('',#1238,.T.);
#1335=FACE_BOUND('',#1239,.T.);
#1336=FACE_BOUND('',#1240,.T.);
#1337=FACE_BOUND('',#1241,.T.);
#1338=FACE_BOUND('',#1242,.T.);
#1339=FACE_BOUND('',#1243,.T.);
#1340=FACE_BOUND('',#1244,.T.);
#1341=CYLINDRICAL_SURFACE('',#1469,2.2);
#1342=CYLINDRICAL_SURFACE('',#1471,2.2);
#1343=CYLINDRICAL_SURFACE('',#1492,44.75);
#1344=CYLINDRICAL_SURFACE('',#1499,9.56441588174493);
#1345=CYLINDRICAL_SURFACE('',#1500,4.25);
#1346=CYLINDRICAL_SURFACE('',#1501,3.25);
#1347=CYLINDRICAL_SURFACE('',#1504,4.88782568992506);
#1348=CYLINDRICAL_SURFACE('',#1505,4.88782568992546);
#1349=CYLINDRICAL_SURFACE('',#1508,3.25);
#1350=CYLINDRICAL_SURFACE('',#1509,4.25);
#1351=CYLINDRICAL_SURFACE('',#1510,9.56441588174495);
#1352=CYLINDRICAL_SURFACE('',#1513,75.2265564910616);
#1353=CYLINDRICAL_SURFACE('',#1516,0.91838332976458);
#1354=CYLINDRICAL_SURFACE('',#1517,0.918383329764579);
#1355=CYLINDRICAL_SURFACE('',#1518,0.75);
#1356=CYLINDRICAL_SURFACE('',#1524,0.75);
#1357=CYLINDRICAL_SURFACE('',#1525,1.95);
#1358=CYLINDRICAL_SURFACE('',#1527,1.95);
#1359=CYLINDRICAL_SURFACE('',#1529,45.);
#1360=CYLINDRICAL_SURFACE('',#1536,9.31441588174493);
#1361=CYLINDRICAL_SURFACE('',#1537,4.);
#1362=CYLINDRICAL_SURFACE('',#1538,3.);
#1363=CYLINDRICAL_SURFACE('',#1541,4.63782568992506);
#1364=CYLINDRICAL_SURFACE('',#1542,4.63782568992546);
#1365=CYLINDRICAL_SURFACE('',#1545,3.);
#1366=CYLINDRICAL_SURFACE('',#1546,4.);
#1367=CYLINDRICAL_SURFACE('',#1547,9.31441588174495);
#1368=CYLINDRICAL_SURFACE('',#1550,74.9765564910616);
#1369=CYLINDRICAL_SURFACE('',#1553,0.66838332976458);
#1370=CYLINDRICAL_SURFACE('',#1554,0.668383329764579);
#1371=CYLINDRICAL_SURFACE('',#1555,0.5);
#1372=CYLINDRICAL_SURFACE('',#1561,0.5);
#1373=ADVANCED_FACE('',(#1245,#1246),#1341,.T.);
#1374=ADVANCED_FACE('',(#1247,#1248),#1342,.T.);
#1375=ADVANCED_FACE('',(#1249,#1250),#172,.T.);
#1376=ADVANCED_FACE('',(#1251,#1252,#1253),#1343,.F.);
#1377=ADVANCED_FACE('',(#1254),#173,.T.);
#1378=ADVANCED_FACE('',(#1255),#1344,.T.);
#1379=ADVANCED_FACE('',(#1256),#1345,.T.);
#1380=ADVANCED_FACE('',(#1257),#1346,.T.);
#1381=ADVANCED_FACE('',(#1258),#174,.F.);
#1382=ADVANCED_FACE('',(#1259),#1347,.T.);
#1383=ADVANCED_FACE('',(#1260),#42,.F.);
#1384=ADVANCED_FACE('',(#1261),#43,.F.);
#1385=ADVANCED_FACE('',(#1262),#1348,.T.);
#1386=ADVANCED_FACE('',(#1263),#175,.F.);
#1387=ADVANCED_FACE('',(#1264),#1349,.T.);
#1388=ADVANCED_FACE('',(#1265),#1350,.T.);
#1389=ADVANCED_FACE('',(#1266),#1351,.T.);
#1390=ADVANCED_FACE('',(#1267),#176,.F.);
#1391=ADVANCED_FACE('',(#1268),#1352,.T.);
#1392=ADVANCED_FACE('',(#1269),#177,.T.);
#1393=ADVANCED_FACE('',(#1270),#178,.F.);
#1394=ADVANCED_FACE('',(#1271),#1353,.T.);
#1395=ADVANCED_FACE('',(#1272),#1354,.T.);
#1396=ADVANCED_FACE('',(#1273),#16,.T.);
#1397=ADVANCED_FACE('',(#1274),#1355,.T.);
#1398=ADVANCED_FACE('',(#1275),#12,.T.);
#1399=ADVANCED_FACE('',(#1276),#17,.T.);
#1400=ADVANCED_FACE('',(#1277),#18,.T.);
#1401=ADVANCED_FACE('',(#1278),#19,.T.);
#1402=ADVANCED_FACE('',(#1279),#20,.T.);
#1403=ADVANCED_FACE('',(#1280),#21,.T.);
#1404=ADVANCED_FACE('',(#1281),#22,.T.);
#1405=ADVANCED_FACE('',(#1282),#23,.T.);
#1406=ADVANCED_FACE('',(#1283),#24,.T.);
#1407=ADVANCED_FACE('',(#1284),#25,.T.);
#1408=ADVANCED_FACE('',(#1285),#13,.T.);
#1409=ADVANCED_FACE('',(#1286),#26,.T.);
#1410=ADVANCED_FACE('',(#1287),#27,.T.);
#1411=ADVANCED_FACE('',(#1288),#28,.T.);
#1412=ADVANCED_FACE('',(#1289),#1356,.T.);
#1413=ADVANCED_FACE('',(#1290,#1291),#1357,.F.);
#1414=ADVANCED_FACE('',(#1292,#1293),#1358,.F.);
#1415=ADVANCED_FACE('',(#1294,#1295,#1296),#1359,.T.);
#1416=ADVANCED_FACE('',(#1297),#179,.F.);
#1417=ADVANCED_FACE('',(#1298),#1360,.F.);
#1418=ADVANCED_FACE('',(#1299),#1361,.F.);
#1419=ADVANCED_FACE('',(#1300),#1362,.F.);
#1420=ADVANCED_FACE('',(#1301),#180,.T.);
#1421=ADVANCED_FACE('',(#1302),#1363,.F.);
#1422=ADVANCED_FACE('',(#1303),#44,.T.);
#1423=ADVANCED_FACE('',(#1304),#45,.T.);
#1424=ADVANCED_FACE('',(#1305),#1364,.F.);
#1425=ADVANCED_FACE('',(#1306),#181,.T.);
#1426=ADVANCED_FACE('',(#1307),#1365,.F.);
#1427=ADVANCED_FACE('',(#1308),#1366,.F.);
#1428=ADVANCED_FACE('',(#1309),#1367,.F.);
#1429=ADVANCED_FACE('',(#1310),#182,.T.);
#1430=ADVANCED_FACE('',(#1311),#1368,.F.);
#1431=ADVANCED_FACE('',(#1312),#183,.F.);
#1432=ADVANCED_FACE('',(#1313),#184,.T.);
#1433=ADVANCED_FACE('',(#1314),#1369,.F.);
#1434=ADVANCED_FACE('',(#1315),#1370,.F.);
#1435=ADVANCED_FACE('',(#1316),#29,.F.);
#1436=ADVANCED_FACE('',(#1317),#1371,.F.);
#1437=ADVANCED_FACE('',(#1318),#14,.F.);
#1438=ADVANCED_FACE('',(#1319),#30,.F.);
#1439=ADVANCED_FACE('',(#1320),#31,.F.);
#1440=ADVANCED_FACE('',(#1321),#32,.F.);
#1441=ADVANCED_FACE('',(#1322),#33,.F.);
#1442=ADVANCED_FACE('',(#1323),#34,.F.);
#1443=ADVANCED_FACE('',(#1324),#35,.F.);
#1444=ADVANCED_FACE('',(#1325),#36,.F.);
#1445=ADVANCED_FACE('',(#1326),#37,.F.);
#1446=ADVANCED_FACE('',(#1327),#38,.F.);
#1447=ADVANCED_FACE('',(#1328),#15,.F.);
#1448=ADVANCED_FACE('',(#1329),#39,.F.);
#1449=ADVANCED_FACE('',(#1330),#40,.F.);
#1450=ADVANCED_FACE('',(#1331),#41,.F.);
#1451=ADVANCED_FACE('',(#1332),#1372,.F.);
#1452=ADVANCED_FACE('',(#1333,#1334),#185,.T.);
#1453=ADVANCED_FACE('',(#1335,#1336),#186,.T.);
#1454=ADVANCED_FACE('',(#1337,#1338),#46,.T.);
#1455=ADVANCED_FACE('',(#1339,#1340),#47,.T.);
#1456=CLOSED_SHELL('',(#1373,#1374,#1375,#1376,#1377,#1378,#1379,#1380,
#1381,#1382,#1383,#1384,#1385,#1386,#1387,#1388,#1389,#1390,#1391,#1392,
#1393,#1394,#1395,#1396,#1397,#1398,#1399,#1400,#1401,#1402,#1403,#1404,
#1405,#1406,#1407,#1408,#1409,#1410,#1411,#1412,#1413,#1414,#1415,#1416,
#1417,#1418,#1419,#1420,#1421,#1422,#1423,#1424,#1425,#1426,#1427,#1428,
#1429,#1430,#1431,#1432,#1433,#1434,#1435,#1436,#1437,#1438,#1439,#1440,
#1441,#1442,#1443,#1444,#1445,#1446,#1447,#1448,#1449,#1450,#1451,#1452,
#1453,#1454,#1455));
#1457=STYLED_ITEM('',(#1458),#1465);
#1458=PRESENTATION_STYLE_ASSIGNMENT((#1459));
#1459=SURFACE_STYLE_USAGE(.BOTH.,#1460);
#1460=SURFACE_SIDE_STYLE('',(#1461));
#1461=SURFACE_STYLE_FILL_AREA(#1462);
#1462=FILL_AREA_STYLE('',(#1463));
#1463=FILL_AREA_STYLE_COLOUR('',#1464);
#1464=COLOUR_RGB('',0.901960784313726,0.901960784313726,0.901960784313726);
#1465=MANIFOLD_SOLID_BREP('Eye_Panel',#1456);
#1466=SHAPE_DEFINITION_REPRESENTATION(#4146,#1467);
#1467=SHAPE_REPRESENTATION('Eye_Panel',(#1468),#4141);
#1468=AXIS2_PLACEMENT_3D('',#1814,#1564,#1565);
#1469=AXIS2_PLACEMENT_3D('',#1815,#1566,#1567);
#1470=AXIS2_PLACEMENT_3D('',#1857,#1568,#1569);
#1471=AXIS2_PLACEMENT_3D('',#1859,#1570,#1571);
#1472=AXIS2_PLACEMENT_3D('',#1900,#1572,#1573);
#1473=AXIS2_PLACEMENT_3D('',#1902,#1574,#1575);
#1474=AXIS2_PLACEMENT_3D('',#1903,#1576,#1577);
#1475=AXIS2_PLACEMENT_3D('',#1908,#1579,#1580);
#1476=AXIS2_PLACEMENT_3D('',#1912,#1582,#1583);
#1477=AXIS2_PLACEMENT_3D('',#1914,#1584,#1585);
#1478=AXIS2_PLACEMENT_3D('',#1918,#1587,#1588);
#1479=AXIS2_PLACEMENT_3D('',#1922,#1590,#1591);
#1480=AXIS2_PLACEMENT_3D('',#1942,#1592,#1593);
#1481=AXIS2_PLACEMENT_3D('',#1946,#1595,#1596);
#1482=AXIS2_PLACEMENT_3D('',#1950,#1598,#1599);
#1483=AXIS2_PLACEMENT_3D('',#1954,#1601,#1602);
#1484=AXIS2_PLACEMENT_3D('',#1956,#1603,#1604);
#1485=AXIS2_PLACEMENT_3D('',#1960,#1606,#1607);
#1486=AXIS2_PLACEMENT_3D('',#1964,#1609,#1610);
#1487=AXIS2_PLACEMENT_3D('',#1976,#1611,#1612);
#1488=AXIS2_PLACEMENT_3D('',#1980,#1614,#1615);
#1489=AXIS2_PLACEMENT_3D('',#1984,#1617,#1618);
#1490=AXIS2_PLACEMENT_3D('',#1986,#1619,#1620);
#1491=AXIS2_PLACEMENT_3D('',#1990,#1622,#1623);
#1492=AXIS2_PLACEMENT_3D('',#1991,#1624,#1625);
#1493=AXIS2_PLACEMENT_3D('',#2063,#1626,#1627);
#1494=AXIS2_PLACEMENT_3D('',#2088,#1629,#1630);
#1495=AXIS2_PLACEMENT_3D('',#2125,#1631,#1632);
#1496=AXIS2_PLACEMENT_3D('',#2151,#1634,#1635);
#1497=AXIS2_PLACEMENT_3D('',#2157,#1636,#1637);
#1498=AXIS2_PLACEMENT_3D('',#2162,#1640,#1641);
#1499=AXIS2_PLACEMENT_3D('',#2168,#1642,#1643);
#1500=AXIS2_PLACEMENT_3D('',#2180,#1645,#1646);
#1501=AXIS2_PLACEMENT_3D('',#2198,#1648,#1649);
#1502=AXIS2_PLACEMENT_3D('',#2218,#1652,#1653);
#1503=AXIS2_PLACEMENT_3D('',#2224,#1654,#1655);
#1504=AXIS2_PLACEMENT_3D('',#2227,#1657,#1658);
#1505=AXIS2_PLACEMENT_3D('',#2302,#1662,#1663);
#1506=AXIS2_PLACEMENT_3D('',#2313,#1665,#1666);
#1507=AXIS2_PLACEMENT_3D('',#2314,#1667,#1668);
#1508=AXIS2_PLACEMENT_3D('',#2322,#1670,#1671);
#1509=AXIS2_PLACEMENT_3D('',#2340,#1673,#1674);
#1510=AXIS2_PLACEMENT_3D('',#2362,#1677,#1678);
#1511=AXIS2_PLACEMENT_3D('',#2374,#1680,#1681);
#1512=AXIS2_PLACEMENT_3D('',#2380,#1682,#1683);
#1513=AXIS2_PLACEMENT_3D('',#2383,#1685,#1686);
#1514=AXIS2_PLACEMENT_3D('',#2398,#1687,#1688);
#1515=AXIS2_PLACEMENT_3D('',#2400,#1690,#1691);
#1516=AXIS2_PLACEMENT_3D('',#2402,#1693,#1694);
#1517=AXIS2_PLACEMENT_3D('',#2426,#1696,#1697);
#1518=AXIS2_PLACEMENT_3D('',#2490,#1699,#1700);
#1519=AXIS2_PLACEMENT_3D('',#2495,#1701,#1702);
#1520=AXIS2_PLACEMENT_3D('',#2496,#1703,#1704);
#1521=AXIS2_PLACEMENT_3D('',#2626,#1705,#1706);
#1522=AXIS2_PLACEMENT_3D('',#2747,#1707,#1708);
#1523=AXIS2_PLACEMENT_3D('',#2767,#1709,#1710);
#1524=AXIS2_PLACEMENT_3D('',#2871,#1711,#1712);
#1525=AXIS2_PLACEMENT_3D('',#2872,#1713,#1714);
#1526=AXIS2_PLACEMENT_3D('',#2981,#1715,#1716);
#1527=AXIS2_PLACEMENT_3D('',#2983,#1717,#1718);
#1528=AXIS2_PLACEMENT_3D('',#3100,#1719,#1720);
#1529=AXIS2_PLACEMENT_3D('',#3102,#1721,#1722);
#1530=AXIS2_PLACEMENT_3D('',#3103,#1723,#1724);
#1531=AXIS2_PLACEMENT_3D('',#3111,#1725,#1726);
#1532=AXIS2_PLACEMENT_3D('',#3138,#1728,#1729);
#1533=AXIS2_PLACEMENT_3D('',#3175,#1730,#1731);
#1534=AXIS2_PLACEMENT_3D('',#3201,#1733,#1734);
#1535=AXIS2_PLACEMENT_3D('',#3209,#1736,#1737);
#1536=AXIS2_PLACEMENT_3D('',#3212,#1739,#1740);
#1537=AXIS2_PLACEMENT_3D('',#3224,#1742,#1743);
#1538=AXIS2_PLACEMENT_3D('',#3242,#1745,#1746);
#1539=AXIS2_PLACEMENT_3D('',#3261,#1749,#1750);
#1540=AXIS2_PLACEMENT_3D('',#3264,#1752,#1753);
#1541=AXIS2_PLACEMENT_3D('',#3270,#1754,#1755);
#1542=AXIS2_PLACEMENT_3D('',#3327,#1759,#1760);
#1543=AXIS2_PLACEMENT_3D('',#3338,#1762,#1763);
#1544=AXIS2_PLACEMENT_3D('',#3346,#1765,#1766);
#1545=AXIS2_PLACEMENT_3D('',#3347,#1767,#1768);
#1546=AXIS2_PLACEMENT_3D('',#3365,#1770,#1771);
#1547=AXIS2_PLACEMENT_3D('',#3387,#1774,#1775);
#1548=AXIS2_PLACEMENT_3D('',#3399,#1777,#1778);
#1549=AXIS2_PLACEMENT_3D('',#3402,#1780,#1781);
#1550=AXIS2_PLACEMENT_3D('',#3408,#1782,#1783);
#1551=AXIS2_PLACEMENT_3D('',#3423,#1784,#1785);
#1552=AXIS2_PLACEMENT_3D('',#3425,#1787,#1788);
#1553=AXIS2_PLACEMENT_3D('',#3427,#1790,#1791);
#1554=AXIS2_PLACEMENT_3D('',#3450,#1793,#1794);
#1555=AXIS2_PLACEMENT_3D('',#3510,#1796,#1797);
#1556=AXIS2_PLACEMENT_3D('',#3515,#1798,#1799);
#1557=AXIS2_PLACEMENT_3D('',#3516,#1800,#1801);
#1558=AXIS2_PLACEMENT_3D('',#3637,#1802,#1803);
#1559=AXIS2_PLACEMENT_3D('',#3752,#1804,#1805);
#1560=AXIS2_PLACEMENT_3D('',#3771,#1806,#1807);
#1561=AXIS2_PLACEMENT_3D('',#3873,#1808,#1809);
#1562=AXIS2_PLACEMENT_3D('',#3874,#1810,#1811);
#1563=AXIS2_PLACEMENT_3D('',#3875,#1812,#1813);
#1564=DIRECTION('',(0.,0.,1.));
#1565=DIRECTION('',(1.,0.,0.));
#1566=DIRECTION('',(-1.,0.,0.));
#1567=DIRECTION('',(0.,0.,1.));
#1568=DIRECTION('',(1.,0.,0.));
#1569=DIRECTION('',(0.,0.,-1.));
#1570=DIRECTION('',(-1.,0.,0.));
#1571=DIRECTION('',(0.,0.,1.));
#1572=DIRECTION('',(1.,0.,0.));
#1573=DIRECTION('',(0.,0.,-1.));
#1574=DIRECTION('',(1.,0.,0.));
#1575=DIRECTION('',(0.,1.,0.));
#1576=DIRECTION('',(1.,0.,0.));
#1577=DIRECTION('',(0.,0.,-1.));
#1578=DIRECTION('',(0.,-0.997722257940985,0.067455881946229));
#1579=DIRECTION('',(1.,0.,0.));
#1580=DIRECTION('',(0.,0.,-1.));
#1581=DIRECTION('',(0.,0.997722257940985,0.0674558819462254));
#1582=DIRECTION('',(1.,0.,0.));
#1583=DIRECTION('',(0.,0.,-1.));
#1584=DIRECTION('',(1.,0.,0.));
#1585=DIRECTION('',(0.,0.,-1.));
#1586=DIRECTION('',(0.,0.,1.));
#1587=DIRECTION('',(1.,0.,0.));
#1588=DIRECTION('',(0.,0.,-1.));
#1589=DIRECTION('',(0.,1.,0.));
#1590=DIRECTION('',(1.,0.,0.));
#1591=DIRECTION('',(0.,0.,-1.));
#1592=DIRECTION('',(1.,0.,0.));
#1593=DIRECTION('',(0.,0.,-1.));
#1594=DIRECTION('',(0.,1.,0.));
#1595=DIRECTION('',(1.,0.,0.));
#1596=DIRECTION('',(0.,0.,-1.));
#1597=DIRECTION('',(0.,0.,1.));
#1598=DIRECTION('',(1.,0.,0.));
#1599=DIRECTION('',(0.,0.,-1.));
#1600=DIRECTION('',(0.,-0.997722257940985,0.067455881946229));
#1601=DIRECTION('',(1.,0.,0.));
#1602=DIRECTION('',(0.,0.,-1.));
#1603=DIRECTION('',(1.,0.,0.));
#1604=DIRECTION('',(0.,0.,-1.));
#1605=DIRECTION('',(0.,0.,1.));
#1606=DIRECTION('',(1.,0.,0.));
#1607=DIRECTION('',(0.,0.,-1.));
#1608=DIRECTION('',(0.,1.,0.));
#1609=DIRECTION('',(1.,0.,0.));
#1610=DIRECTION('',(0.,0.,-1.));
#1611=DIRECTION('',(1.,0.,0.));
#1612=DIRECTION('',(0.,0.,-1.));
#1613=DIRECTION('',(0.,1.,0.));
#1614=DIRECTION('',(1.,0.,0.));
#1615=DIRECTION('',(0.,0.,-1.));
#1616=DIRECTION('',(0.,0.,1.));
#1617=DIRECTION('',(1.,0.,0.));
#1618=DIRECTION('',(0.,0.,-1.));
#1619=DIRECTION('',(1.,0.,0.));
#1620=DIRECTION('',(0.,0.,-1.));
#1621=DIRECTION('',(0.,0.997722257940985,0.0674558819462254));
#1622=DIRECTION('',(1.,0.,0.));
#1623=DIRECTION('',(0.,0.,-1.));
#1624=DIRECTION('',(0.,0.,1.));
#1625=DIRECTION('',(1.,0.,0.));
#1626=DIRECTION('',(0.,0.0685811536964334,0.997645540940101));
#1627=DIRECTION('',(0.,-0.997645540940101,0.0685811536964334));
#1628=DIRECTION('',(0.,0.,1.));
#1629=DIRECTION('',(0.,0.,1.));
#1630=DIRECTION('',(1.,0.,0.));
#1631=DIRECTION('',(0.,0.,1.));
#1632=DIRECTION('',(1.,0.,0.));
#1633=DIRECTION('',(0.,0.,1.));
#1634=DIRECTION('',(0.,0.0685811536964297,-0.997645540940101));
#1635=DIRECTION('',(0.,0.997645540940101,0.0685811536964297));
#1636=DIRECTION('',(0.,-0.0674558819462254,0.997722257940985));
#1637=DIRECTION('',(0.,-0.997722257940985,-0.0674558819462254));
#1638=DIRECTION('',(-1.,0.,0.));
#1639=DIRECTION('',(-1.,0.,0.));
#1640=DIRECTION('',(0.,-0.0674558819462254,0.997722257940985));
#1641=DIRECTION('',(0.,0.997722257940985,0.0674558819462254));
#1642=DIRECTION('',(-1.,0.,0.));
#1643=DIRECTION('',(0.,0.,1.));
#1644=DIRECTION('',(-1.,0.,0.));
#1645=DIRECTION('',(-1.,0.,0.));
#1646=DIRECTION('',(0.,0.,1.));
#1647=DIRECTION('',(-1.,0.,0.));
#1648=DIRECTION('',(-1.,0.,0.));
#1649=DIRECTION('',(0.,0.,1.));
#1650=DIRECTION('',(-1.,0.,0.));
#1651=DIRECTION('',(-1.,0.,0.));
#1652=DIRECTION('',(0.,0.,1.));
#1653=DIRECTION('',(1.,0.,0.));
#1654=DIRECTION('',(0.,0.,1.));
#1655=DIRECTION('',(1.,0.,0.));
#1656=DIRECTION('',(-1.,0.,0.));
#1657=DIRECTION('',(-1.,0.,0.));
#1658=DIRECTION('',(0.,0.,1.));
#1659=DIRECTION('',(-1.,0.,0.));
#1660=DIRECTION('',(-1.,0.,0.));
#1661=DIRECTION('',(-1.,0.,0.));
#1662=DIRECTION('',(-1.,0.,0.));
#1663=DIRECTION('',(0.,0.,1.));
#1664=DIRECTION('',(1.,0.,0.));
#1665=DIRECTION('',(0.,0.,1.));
#1666=DIRECTION('',(1.,0.,0.));
#1667=DIRECTION('',(0.,0.,1.));
#1668=DIRECTION('',(1.,0.,0.));
#1669=DIRECTION('',(-1.,0.,0.));
#1670=DIRECTION('',(-1.,0.,0.));
#1671=DIRECTION('',(0.,0.,1.));
#1672=DIRECTION('',(-1.,0.,0.));
#1673=DIRECTION('',(-1.,0.,0.));
#1674=DIRECTION('',(0.,0.,1.));
#1675=DIRECTION('',(-1.,0.,0.));
#1676=DIRECTION('',(-1.,0.,0.));
#1677=DIRECTION('',(-1.,0.,0.));
#1678=DIRECTION('',(0.,0.,1.));
#1679=DIRECTION('',(-1.,0.,0.));
#1680=DIRECTION('',(0.,-0.067455881946229,-0.997722257940985));
#1681=DIRECTION('',(0.,0.997722257940985,-0.067455881946229));
#1682=DIRECTION('',(0.,-0.067455881946229,-0.997722257940985));
#1683=DIRECTION('',(0.,-0.997722257940985,0.067455881946229));
#1684=DIRECTION('',(-1.,0.,0.));
#1685=DIRECTION('',(-1.,0.,0.));
#1686=DIRECTION('',(0.,0.,1.));
#1687=DIRECTION('',(0.,-1.,0.));
#1688=DIRECTION('',(0.,0.,-1.));
#1689=DIRECTION('',(0.,0.,1.));
#1690=DIRECTION('',(0.,-1.,0.));
#1691=DIRECTION('',(0.,0.,-1.));
#1692=DIRECTION('',(0.,0.,1.));
#1693=DIRECTION('',(0.,0.,1.));
#1694=DIRECTION('',(1.,0.,0.));
#1695=DIRECTION('',(0.,0.,1.));
#1696=DIRECTION('',(0.,0.,1.));
#1697=DIRECTION('',(1.,0.,0.));
#1698=DIRECTION('',(0.,0.,1.));
#1699=DIRECTION('',(0.,0.,-1.));
#1700=DIRECTION('',(-1.,0.,0.));
#1701=DIRECTION('',(0.,0.,1.));
#1702=DIRECTION('',(1.,0.,0.));
#1703=DIRECTION('',(-0.101648562239848,-0.994820370617013,0.));
#1704=DIRECTION('',(0.994820370617013,-0.101648562239848,0.));
#1705=DIRECTION('',(2.10591488691847E-7,0.999999999999978,0.));
#1706=DIRECTION('',(-0.999999999999978,2.10591488691847E-7,0.));
#1707=DIRECTION('',(0.101648141056855,-0.994820413652477,0.));
#1708=DIRECTION('',(0.994820413652477,0.101648141056855,0.));
#1709=DIRECTION('',(0.,0.,1.));
#1710=DIRECTION('',(1.,0.,0.));
#1711=DIRECTION('',(0.,0.,-1.));
#1712=DIRECTION('',(-1.,0.,0.));
#1713=DIRECTION('',(-1.,0.,0.));
#1714=DIRECTION('',(0.,0.,1.));
#1715=DIRECTION('',(1.,0.,0.));
#1716=DIRECTION('',(0.,0.,-1.));
#1717=DIRECTION('',(-1.,0.,0.));
#1718=DIRECTION('',(0.,0.,1.));
#1719=DIRECTION('',(1.,0.,0.));
#1720=DIRECTION('',(0.,0.,-1.));
#1721=DIRECTION('',(0.,0.,1.));
#1722=DIRECTION('',(1.,0.,0.));
#1723=DIRECTION('',(0.,0.0682019244665453,0.997671537881612));
#1724=DIRECTION('',(0.,-0.997671537881611,0.0682019244665452));
#1725=DIRECTION('',(0.,0.0682019244665416,-0.997671537881612));
#1726=DIRECTION('',(0.,0.997671537881612,0.0682019244665416));
#1727=DIRECTION('',(0.,0.,1.));
#1728=DIRECTION('',(0.,0.,1.));
#1729=DIRECTION('',(1.,0.,0.));
#1730=DIRECTION('',(0.,0.,1.));
#1731=DIRECTION('',(1.,0.,0.));
#1732=DIRECTION('',(0.,0.,1.));
#1733=DIRECTION('',(0.,-0.0674558819462254,0.997722257940985));
#1734=DIRECTION('',(0.,-0.997722257940985,-0.0674558819462254));
#1735=DIRECTION('',(-1.,0.,0.));
#1736=DIRECTION('',(0.,-0.0674558819462254,0.997722257940985));
#1737=DIRECTION('',(0.,0.997722257940985,0.0674558819462254));
#1738=DIRECTION('',(-1.,0.,0.));
#1739=DIRECTION('',(-1.,0.,0.));
#1740=DIRECTION('',(0.,0.,1.));
#1741=DIRECTION('',(-1.,0.,0.));
#1742=DIRECTION('',(-1.,0.,0.));
#1743=DIRECTION('',(0.,0.,1.));
#1744=DIRECTION('',(-1.,0.,0.));
#1745=DIRECTION('',(-1.,0.,0.));
#1746=DIRECTION('',(0.,0.,1.));
#1747=DIRECTION('',(-1.,0.,0.));
#1748=DIRECTION('',(-1.,0.,0.));
#1749=DIRECTION('',(0.,0.,1.));
#1750=DIRECTION('',(1.,0.,0.));
#1751=DIRECTION('',(-1.,0.,0.));
#1752=DIRECTION('',(0.,0.,1.));
#1753=DIRECTION('',(1.,0.,0.));
#1754=DIRECTION('',(-1.,0.,0.));
#1755=DIRECTION('',(0.,0.,1.));
#1756=DIRECTION('',(-1.,0.,0.));
#1757=DIRECTION('',(-1.,0.,0.));
#1758=DIRECTION('',(-1.,0.,0.));
#1759=DIRECTION('',(-1.,0.,0.));
#1760=DIRECTION('',(0.,0.,1.));
#1761=DIRECTION('',(-1.,0.,0.));
#1762=DIRECTION('',(0.,0.,1.));
#1763=DIRECTION('',(1.,0.,0.));
#1764=DIRECTION('',(-1.,0.,0.));
#1765=DIRECTION('',(0.,0.,1.));
#1766=DIRECTION('',(1.,0.,0.));
#1767=DIRECTION('',(-1.,0.,0.));
#1768=DIRECTION('',(0.,0.,1.));
#1769=DIRECTION('',(-1.,0.,0.));
#1770=DIRECTION('',(-1.,0.,0.));
#1771=DIRECTION('',(0.,0.,1.));
#1772=DIRECTION('',(-1.,0.,0.));
#1773=DIRECTION('',(-1.,0.,0.));
#1774=DIRECTION('',(-1.,0.,0.));
#1775=DIRECTION('',(0.,0.,1.));
#1776=DIRECTION('',(-1.,0.,0.));
#1777=DIRECTION('',(0.,-0.067455881946229,-0.997722257940985));
#1778=DIRECTION('',(0.,0.997722257940985,-0.067455881946229));
#1779=DIRECTION('',(-1.,0.,0.));
#1780=DIRECTION('',(0.,-0.067455881946229,-0.997722257940985));
#1781=DIRECTION('',(0.,-0.997722257940985,0.067455881946229));
#1782=DIRECTION('',(-1.,0.,0.));
#1783=DIRECTION('',(0.,0.,1.));
#1784=DIRECTION('',(0.,-1.,0.));
#1785=DIRECTION('',(0.,0.,-1.));
#1786=DIRECTION('',(0.,0.,1.));
#1787=DIRECTION('',(0.,-1.,0.));
#1788=DIRECTION('',(0.,0.,-1.));
#1789=DIRECTION('',(0.,0.,1.));
#1790=DIRECTION('',(0.,0.,1.));
#1791=DIRECTION('',(1.,0.,0.));
#1792=DIRECTION('',(0.,0.,1.));
#1793=DIRECTION('',(0.,0.,1.));
#1794=DIRECTION('',(1.,0.,0.));
#1795=DIRECTION('',(0.,0.,1.));
#1796=DIRECTION('',(0.,0.,-1.));
#1797=DIRECTION('',(-1.,0.,0.));
#1798=DIRECTION('',(0.,0.,1.));
#1799=DIRECTION('',(1.,0.,0.));
#1800=DIRECTION('',(0.101648562239848,0.994820370617013,0.));
#1801=DIRECTION('',(-0.994820370617013,0.101648562239848,0.));
#1802=DIRECTION('',(2.10591488691847E-7,0.999999999999978,0.));
#1803=DIRECTION('',(-0.999999999999978,2.10591488691847E-7,0.));
#1804=DIRECTION('',(-0.101648141056855,0.994820413652477,0.));
#1805=DIRECTION('',(-0.994820413652477,-0.101648141056855,0.));
#1806=DIRECTION('',(0.,0.,1.));
#1807=DIRECTION('',(1.,0.,0.));
#1808=DIRECTION('',(0.,0.,-1.));
#1809=DIRECTION('',(-1.,0.,0.));
#1810=DIRECTION('',(1.,0.,0.));
#1811=DIRECTION('',(0.,1.,0.));
#1812=DIRECTION('',(1.,0.,0.));
#1813=DIRECTION('',(0.,1.,0.));
#1814=CARTESIAN_POINT('',(0.,0.,0.));
#1815=CARTESIAN_POINT('',(7.25,-13.6499999904326,3.70422573583363));
#1816=CARTESIAN_POINT('',(6.31077123440755,-14.0836163294137,5.87570296802659));
#1817=CARTESIAN_POINT('',(6.35559873926519,-13.6490981682046,5.91834841061517));
#1818=CARTESIAN_POINT('',(6.39564828430785,-13.2199909403635,5.8762578045145));
#1819=CARTESIAN_POINT('',(6.4306013268552,-12.8023279826055,5.74964803336728));
#1820=CARTESIAN_POINT('',(6.45895085587389,-12.4224377998444,5.54702358383767));
#1821=CARTESIAN_POINT('',(6.4814831265852,-12.08355528467,5.26912698616457));
#1822=CARTESIAN_POINT('',(6.4950330564101,-11.8559360570994,4.99194869290237));
#1823=CARTESIAN_POINT('',(6.50340773044978,-11.7058300664442,4.74149242544048));
#1824=CARTESIAN_POINT('',(6.50995603866164,-11.5833559744034,4.4821598939785));
#1825=CARTESIAN_POINT('',(6.5152784571597,-11.4777127766898,4.13318167476947));
#1826=CARTESIAN_POINT('',(6.5173127131767,-11.4357226626616,3.70288069726777));
#1827=CARTESIAN_POINT('',(6.51519429013894,-11.4794038910557,3.26669570566118));
#1828=CARTESIAN_POINT('',(6.5088345128938,-11.6056108426008,2.85392182394392));
#1829=CARTESIAN_POINT('',(6.49762695226334,-11.8125414537298,2.46843901988608));
#1830=CARTESIAN_POINT('',(6.48113860363006,-12.0889558559102,2.13410974292448));
#1831=CARTESIAN_POINT('',(6.45878100836268,-12.4249581095737,1.85961299939812));
#1832=CARTESIAN_POINT('',(6.42993127599928,-12.8107478085303,1.65537353530081));
#1833=CARTESIAN_POINT('',(6.39539613013673,-13.2228608319233,1.53163011515032));
#1834=CARTESIAN_POINT('',(6.35474606679647,-13.6577485964481,1.490156048015));
#1835=CARTESIAN_POINT('',(6.3180436863584,-14.0130338304409,1.52598821630895));
#1836=CARTESIAN_POINT('',(6.28694196656892,-14.2945979568538,1.59708537882878));
#1837=CARTESIAN_POINT('',(6.25604019139711,-14.5629605621309,1.693681529009));
#1838=CARTESIAN_POINT('',(6.21704460296462,-14.882384943477,1.86484161328732));
#1839=CARTESIAN_POINT('',(6.17370235157148,-15.2148706224138,2.13780054063782));
#1840=CARTESIAN_POINT('',(6.13565447347036,-15.4918282968643,2.47538740462483));
#1841=CARTESIAN_POINT('',(6.10663540778708,-15.6947912490527,2.85483672978012));
#1842=CARTESIAN_POINT('',(6.08795504343701,-15.8220661903862,3.27401065083981));
#1843=CARTESIAN_POINT('',(6.08273259879177,-15.8571728891718,3.63211343554137));
#1844=CARTESIAN_POINT('',(6.08488573885916,-15.842674779955,3.9232230961946));
#1845=CARTESIAN_POINT('',(6.08960893241986,-15.8107344975957,4.13609970266665));
#1846=CARTESIAN_POINT('',(6.09731866165092,-15.7582671415149,4.34539000894326));
#1847=CARTESIAN_POINT('',(6.11167895751354,-15.6595339810842,4.61990181616583));
#1848=CARTESIAN_POINT('',(6.13586264570255,-15.4903508869345,4.93532803317417));
#1849=CARTESIAN_POINT('',(6.17403801688069,-15.2123614641232,5.27310450065941));
#1850=CARTESIAN_POINT('',(6.21004078398323,-14.9360671473473,5.499353803376));
#1851=CARTESIAN_POINT('',(6.24091603626083,-14.6869094483586,5.64856242728743));
#1852=CARTESIAN_POINT('',(6.27178377022624,-14.4287524046097,5.77039617962754));
#1853=CARTESIAN_POINT('',(6.31077123440755,-14.0836163294137,5.87570296802659));
#1854=CARTESIAN_POINT('',(6.35559873926519,-13.6490981682046,5.91834841061517));
#1855=CARTESIAN_POINT('',(6.39564828430785,-13.2199909403635,5.8762578045145));
#1856=CARTESIAN_POINT('',(6.35480241262936,-13.6499999904326,5.90422573583363));
#1857=CARTESIAN_POINT('',(7.1,-13.6499999904326,3.70422573583363));
#1858=CARTESIAN_POINT('',(7.1,-13.6499999904326,1.50422573583363));
#1859=CARTESIAN_POINT('',(7.25,-4.8499999904326,3.70422573583363));
#1860=CARTESIAN_POINT('',(6.39604829209663,-5.28444678308932,5.8754561519719));
#1861=CARTESIAN_POINT('',(6.3553979224159,-4.84880933131897,5.91841492945738));
#1862=CARTESIAN_POINT('',(6.31118577964584,-4.42031583423039,5.87623854520034));
#1863=CARTESIAN_POINT('',(6.26417763498254,-4.00374459258752,5.75013986220009));
#1864=CARTESIAN_POINT('',(6.21798164158501,-3.62503796541949,5.54862809053895));
#1865=CARTESIAN_POINT('',(6.17394842599776,-3.2869155786665,5.27232500537286));
#1866=CARTESIAN_POINT('',(6.14271782668054,-3.05949033597924,4.99680913340124));
#1867=CARTESIAN_POINT('',(6.12146562969539,-2.90893752832017,4.74728148354694));
#1868=CARTESIAN_POINT('',(6.10379185316202,-2.78582423360614,4.48860227830508));
#1869=CARTESIAN_POINT('',(6.08815111027729,-2.67923872857962,4.1407686695505));
#1870=CARTESIAN_POINT('',(6.0816752353333,-2.63570798653597,3.71012974304087));
#1871=CARTESIAN_POINT('',(6.08796064398536,-2.67796323681426,3.27401304048141));
#1872=CARTESIAN_POINT('',(6.10627566573254,-2.80269641231862,2.8610156178943));
#1873=CARTESIAN_POINT('',(6.1356261275695,-3.0079567630675,2.47541956590773));
#1874=CARTESIAN_POINT('',(6.17329560224862,-3.28209228869255,2.14109842215649));
#1875=CARTESIAN_POINT('',(6.21680805880752,-3.61569709705871,1.86592060171125));
#1876=CARTESIAN_POINT('',(6.26359874760996,-3.99887029318277,1.66039105764762));
#1877=CARTESIAN_POINT('',(6.30997400813111,-4.40908355734356,1.5344275124836));
#1878=CARTESIAN_POINT('',(6.35485856244024,-4.84338265672714,1.49016727058952));
#1879=CARTESIAN_POINT('',(6.38810551867718,-5.19887337943441,1.52364702518345));
#1880=CARTESIAN_POINT('',(6.41253106650292,-5.48162727216989,1.59313307330074));
#1881=CARTESIAN_POINT('',(6.43458434122704,-5.75153775516182,1.68848292285698));
#1882=CARTESIAN_POINT('',(6.45860770387379,-6.07261529899493,1.85820523119323));
#1883=CARTESIAN_POINT('',(6.48096043035708,-6.40814562765854,2.13094107487171));
#1884=CARTESIAN_POINT('',(6.49761151289745,-6.68715998219965,2.46830698588293));
#1885=CARTESIAN_POINT('',(6.50870787112812,-6.89197048677763,2.8479405309563));
#1886=CARTESIAN_POINT('',(6.51520091451361,-7.02068175849331,3.2670747093707));
#1887=CARTESIAN_POINT('',(6.5169585060998,-7.05692881373469,3.62497128988774));
#1888=CARTESIAN_POINT('',(6.51629808375453,-7.04336695004571,3.91621910606394));
#1889=CARTESIAN_POINT('',(6.51475572870776,-7.01208684914567,4.12927822373095));
#1890=CARTESIAN_POINT('',(6.51215547874103,-6.96028783792859,4.33871397842229));
#1891=CARTESIAN_POINT('',(6.50709658500292,-6.86232339794169,4.61381912390559));
#1892=CARTESIAN_POINT('',(6.49798080462054,-6.69370117993243,4.93038926715177));
#1893=CARTESIAN_POINT('',(6.48144894997995,-6.4159395565116,5.26973931916257));
#1894=CARTESIAN_POINT('',(6.45931206831406,-6.08265443386191,5.54350873619505));
#1895=CARTESIAN_POINT('',(6.43062732342717,-5.69798811750404,5.74960877452245));
#1896=CARTESIAN_POINT('',(6.39604829209663,-5.28444678308932,5.8754561519719));
#1897=CARTESIAN_POINT('',(6.3553979224159,-4.84880933131897,5.91841492945738));
#1898=CARTESIAN_POINT('',(6.31118577964584,-4.42031583423039,5.87623854520034));
#1899=CARTESIAN_POINT('',(6.35480429356769,-4.8499999904326,5.90422573583363));
#1900=CARTESIAN_POINT('',(7.1,-4.8499999904326,3.70422573583363));
#1901=CARTESIAN_POINT('',(7.1,-4.8499999904326,1.50422573583363));
#1902=CARTESIAN_POINT('',(7.5,0.,0.));
#1903=CARTESIAN_POINT('',(7.5,-5.39170846065629,0.513430827824905));
#1904=CARTESIAN_POINT('',(7.5,-4.59015031317137,10.0441997210032));
#1905=CARTESIAN_POINT('',(7.5,-2.24421772732901,9.545116896472));
#1906=CARTESIAN_POINT('',(7.5,-4.74661908749784,10.0547785560299));
#1907=CARTESIAN_POINT('',(7.5,-4.90223742380565,10.0652998930444));
#1908=CARTESIAN_POINT('',(7.5,-9.25,-65.0355107689179));
#1909=CARTESIAN_POINT('',(7.5,-13.5977625761941,10.0652998930444));
#1910=CARTESIAN_POINT('',(7.5,-13.7533809125022,10.0547785560299));
#1911=CARTESIAN_POINT('',(7.5,-13.9098496868288,10.0441997210032));
#1912=CARTESIAN_POINT('',(7.5,-13.1082915393437,0.51343082782493));
#1913=CARTESIAN_POINT('',(7.5,-16.255782272671,9.545116896472));
#1914=CARTESIAN_POINT('',(7.5,-14.5005416517505,5.67450578675424));
#1915=CARTESIAN_POINT('',(7.5,-18.75,5.74235670047154));
#1916=CARTESIAN_POINT('',(7.5,-18.75,4.10868086277372));
#1917=CARTESIAN_POINT('',(7.5,-18.75,0.946250401499999));
#1918=CARTESIAN_POINT('',(7.5,-15.5010559472133,1.02909086179677));
#1919=CARTESIAN_POINT('',(7.5,-16.2158988936671,-2.14131913722628));
#1920=CARTESIAN_POINT('',(7.5,-18.5,-2.14131913722628));
#1921=CARTESIAN_POINT('',(7.5,-13.875,-2.14131913722628));
#1922=CARTESIAN_POINT('',(7.5,-13.875,2.74650655269878));
#1923=CARTESIAN_POINT('',(7.5,-10.5722535200995,-0.856645631791422));
#1924=CARTESIAN_POINT('',(7.5,-10.5722535200995,-0.856645631791422));
#1925=CARTESIAN_POINT('',(7.5,-10.4847734254631,-0.736649329979096));
#1926=CARTESIAN_POINT('',(7.5,-10.3062270356865,-0.49984689284263));
#1927=CARTESIAN_POINT('',(7.5,-10.0115830948363,-0.164045851783458));
#1928=CARTESIAN_POINT('',(7.5,-9.73636732953395,0.0811760521951575));
#1929=CARTESIAN_POINT('',(7.50000000000001,-9.47335677877004,0.228064284061318));
#1930=CARTESIAN_POINT('',(7.5,-9.32556112725783,0.263430827824916));
#1931=CARTESIAN_POINT('',(7.5,-9.25,0.263430827824916));
#1932=CARTESIAN_POINT('',(7.5,-9.25,0.263430827824916));
#1933=CARTESIAN_POINT('',(7.5,-9.25,0.263430827824916));
#1934=CARTESIAN_POINT('',(7.5,-9.17451035945227,0.263430827824916));
#1935=CARTESIAN_POINT('',(7.49999999999999,-9.02878221351386,0.228628618961494));
#1936=CARTESIAN_POINT('',(7.5,-8.76717146632206,0.0839474612088397));
#1937=CARTESIAN_POINT('',(7.5,-8.48824593898239,-0.163984651117623));
#1938=CARTESIAN_POINT('',(7.5,-8.19438796834184,-0.499175094440733));
#1939=CARTESIAN_POINT('',(7.5,-8.01532036625338,-0.736520676036092));
#1940=CARTESIAN_POINT('',(7.5,-7.92774647989932,-0.856645631793033));
#1941=CARTESIAN_POINT('',(7.5,-7.92774647989933,-0.856645631793046));
#1942=CARTESIAN_POINT('',(7.5,-4.625,2.74650655269878));
#1943=CARTESIAN_POINT('',(7.5,-4.625,-2.14131913722628));
#1944=CARTESIAN_POINT('',(7.5,-18.5,-2.14131913722628));
#1945=CARTESIAN_POINT('',(7.5,-2.2841011063329,-2.14131913722628));
#1946=CARTESIAN_POINT('',(7.5,-2.99894405278666,1.02909086179677));
#1947=CARTESIAN_POINT('',(7.5,0.25,0.94625040149999));
#1948=CARTESIAN_POINT('',(7.5,0.25,4.10868086277372));
#1949=CARTESIAN_POINT('',(7.5,0.25,5.7423567004716));
#1950=CARTESIAN_POINT('',(7.5,-3.99945834824954,5.67450578675424));
#1951=CARTESIAN_POINT('',(7.5,-4.7634830579844,9.8053479915447));
#1952=CARTESIAN_POINT('',(7.5,-4.60907289715491,9.7949083391291));
#1953=CARTESIAN_POINT('',(7.5,-4.91789321881345,9.81578764396027));
#1954=CARTESIAN_POINT('',(7.5,-5.39170846065629,0.513430827824905));
#1955=CARTESIAN_POINT('',(7.5,-2.33726162583693,9.31278863117422));
#1956=CARTESIAN_POINT('',(7.5,-3.99945834824954,5.67450578675424));
#1957=CARTESIAN_POINT('',(7.5,0.,5.74033071073485));
#1958=CARTESIAN_POINT('',(7.5,0.,4.10868086277372));
#1959=CARTESIAN_POINT('',(7.5,0.,0.949500860819814));
#1960=CARTESIAN_POINT('',(7.5,-2.99894405278666,1.02909086179677));
#1961=CARTESIAN_POINT('',(7.5,-2.3125,-1.89131913722628));
#1962=CARTESIAN_POINT('',(7.5,-18.5,-1.89131913722628));
#1963=CARTESIAN_POINT('',(7.5,-4.625,-1.89131913722628));
#1964=CARTESIAN_POINT('',(7.5,-4.625,2.74650655269878));
#1965=CARTESIAN_POINT('',(7.5,-7.74062282170982,-0.688944154700974));
#1966=CARTESIAN_POINT('',(7.5,-9.25,0.513430827824917));
#1967=CARTESIAN_POINT('',(7.5,-8.74687427390281,0.513430827824917));
#1968=CARTESIAN_POINT('',(7.5,-8.24374854780561,0.00119257559263361));
#1969=CARTESIAN_POINT('',(7.5,-7.74062282170841,-0.688944154702255));
#1970=CARTESIAN_POINT('',(7.5,-9.25,0.513430827824917));
#1971=CARTESIAN_POINT('',(7.5,-10.7593771782904,-0.688944154700677));
#1972=CARTESIAN_POINT('',(7.5,-10.2562514521936,0.00119257559341358));
#1973=CARTESIAN_POINT('',(7.5,-9.75312572609681,0.513430827824916));
#1974=CARTESIAN_POINT('',(7.5,-9.25,0.513430827824916));
#1975=CARTESIAN_POINT('',(7.5,-10.7593771782904,-0.688944154700682));
#1976=CARTESIAN_POINT('',(7.5,-13.875,2.74650655269878));
#1977=CARTESIAN_POINT('',(7.5,-13.875,-1.89131913722628));
#1978=CARTESIAN_POINT('',(7.5,-18.5,-1.89131913722628));
#1979=CARTESIAN_POINT('',(7.5,-16.1875,-1.89131913722628));
#1980=CARTESIAN_POINT('',(7.5,-15.5010559472133,1.02909086179677));
#1981=CARTESIAN_POINT('',(7.5,-18.5,0.949500860819814));
#1982=CARTESIAN_POINT('',(7.5,-18.5,4.10868086277372));
#1983=CARTESIAN_POINT('',(7.5,-18.5,5.74033071073476));
#1984=CARTESIAN_POINT('',(7.5,-14.5005416517505,5.67450578675424));
#1985=CARTESIAN_POINT('',(7.5,-16.1627383741631,9.31278863117422));
#1986=CARTESIAN_POINT('',(7.5,-13.1082915393437,0.51343082782493));
#1987=CARTESIAN_POINT('',(7.5,-13.8909271028453,9.79490833912908));
#1988=CARTESIAN_POINT('',(7.5,-13.7365169420157,9.80534799154469));
#1989=CARTESIAN_POINT('',(7.5,-13.5821067811866,9.81578764396027));
#1990=CARTESIAN_POINT('',(7.5,-9.25,-65.0355107689179));
#1991=CARTESIAN_POINT('',(-38.4295689211659,-9.2499904180869,-30.));
#1992=CARTESIAN_POINT('',(6.08333553096276,-13.8588187527231,1.29526373853869));
#1993=CARTESIAN_POINT('',(6.12910385588167,-13.3925091490282,1.29222801892532));
#1994=CARTESIAN_POINT('',(6.16960019556186,-12.9299525292481,1.38139036194029));
#1995=CARTESIAN_POINT('',(6.20279828236314,-12.5014705451442,1.55485360297893));
#1996=CARTESIAN_POINT('',(6.22952822613358,-12.1088123678085,1.81240960699761));
#1997=CARTESIAN_POINT('',(6.24976030587064,-11.7700343718494,2.1464718103789));
#1998=CARTESIAN_POINT('',(6.26373293059149,-11.5056441888991,2.53607430314141));
#1999=CARTESIAN_POINT('',(6.27256145260546,-11.3208195169579,2.97198279481056));
#2000=CARTESIAN_POINT('',(6.27687795323104,-11.2239624714045,3.42976475738079));
#2001=CARTESIAN_POINT('',(6.27722102679234,-11.2160588270621,3.90269048285039));
#2002=CARTESIAN_POINT('',(6.27342059314795,-11.3020121107017,4.37785527111144));
#2003=CARTESIAN_POINT('',(6.26502561404206,-11.4796745018889,4.82355951058609));
#2004=CARTESIAN_POINT('',(6.25144891817393,-11.7395770406618,5.22474432847784));
#2005=CARTESIAN_POINT('',(6.23213537646807,-12.0674497629033,5.56163247279001));
#2006=CARTESIAN_POINT('',(6.20597271811158,-12.4575559852755,5.83036784506532));
#2007=CARTESIAN_POINT('',(6.17287508947586,-12.890288824182,6.01550953915284));
#2008=CARTESIAN_POINT('',(6.13316975311349,-13.3485166818283,6.1118381163212));
#2009=CARTESIAN_POINT('',(6.08744657143854,-13.8186682746117,6.11654138133226));
#2010=CARTESIAN_POINT('',(6.03726536852531,-14.2830186624425,6.02705608074893));
#2011=CARTESIAN_POINT('',(5.98628769050072,-14.7137207505735,5.8514474539662));
#2012=CARTESIAN_POINT('',(5.9357799821173,-15.1086443744739,5.59072179212522));
#2013=CARTESIAN_POINT('',(5.89041013902019,-15.4413016566119,5.26131431141293));
#2014=CARTESIAN_POINT('',(5.85224462362553,-15.7076073885706,4.86869765939543));
#2015=CARTESIAN_POINT('',(5.82483512173059,-15.8920179588004,4.43146333169755));
#2016=CARTESIAN_POINT('',(5.81015640703647,-15.9886586430422,3.96782326707537));
#2017=CARTESIAN_POINT('',(5.80943842637624,-15.9933405538342,3.48898748161009));
#2018=CARTESIAN_POINT('',(5.82265682326364,-15.9064696574797,3.02478554886445));
#2019=CARTESIAN_POINT('',(5.85734466479477,-15.6736701505939,2.44111835140987));
#2020=CARTESIAN_POINT('',(5.91333793823513,-15.2810984326011,1.94380502150203));
#2021=CARTESIAN_POINT('',(5.9801624122228,-14.7634461105465,1.58303241391205));
#2022=CARTESIAN_POINT('',(6.03205051194827,-14.3288317273728,1.39550160510607));
#2023=CARTESIAN_POINT('',(6.08333553096276,-13.8588187527231,1.29526373853869));
#2024=CARTESIAN_POINT('',(6.12910385588167,-13.3925091490282,1.29222801892532));
#2025=CARTESIAN_POINT('',(6.16960019556186,-12.9299525292481,1.38139036194029));
#2026=CARTESIAN_POINT('',(6.12970335987992,-13.3771872614199,1.30912717973612));
#2027=CARTESIAN_POINT('',(6.12802936882918,-5.09539048817263,1.30002171231086));
#2028=CARTESIAN_POINT('',(6.08165523832039,-4.62551528777736,1.30771522304852));
#2029=CARTESIAN_POINT('',(6.03219680277255,-4.17284712431537,1.40573096314841));
#2030=CARTESIAN_POINT('',(5.98155797331371,-3.7480539887211,1.58801304523114));
#2031=CARTESIAN_POINT('',(5.93228038817208,-3.36510405439173,1.85128249078132));
#2032=CARTESIAN_POINT('',(5.88763254772975,-3.03895188690796,2.18538823910464));
#2033=CARTESIAN_POINT('',(5.85105286981503,-2.78437078421854,2.57369024986257));
#2034=CARTESIAN_POINT('',(5.82468970532464,-2.60700715946056,3.00745228690056));
#2035=CARTESIAN_POINT('',(5.81069615748461,-2.51488856297216,3.48011309506036));
#2036=CARTESIAN_POINT('',(5.81128365310065,-2.518731852373,3.95835468396147));
#2037=CARTESIAN_POINT('',(5.82582948165858,-2.61459181827414,4.42557492122284));
#2038=CARTESIAN_POINT('',(5.85296957930521,-2.79739780251557,4.85948700624819));
#2039=CARTESIAN_POINT('',(5.89066473341835,-3.06047452630336,5.25028379898826));
#2040=CARTESIAN_POINT('',(5.93627428521104,-3.39518130224807,5.58205483618828));
#2041=CARTESIAN_POINT('',(5.98582859646168,-3.78253615753435,5.83913426896136));
#2042=CARTESIAN_POINT('',(6.03736787871805,-4.2179269176849,6.01748922300822));
#2043=CARTESIAN_POINT('',(6.08653516401028,-4.67268360871319,6.10563182427013));
#2044=CARTESIAN_POINT('',(6.13244119599209,-5.14341596276005,6.10312180423958));
#2045=CARTESIAN_POINT('',(6.17233229103526,-5.60308650536867,6.00715419157573));
#2046=CARTESIAN_POINT('',(6.20528922383782,-6.03308810510146,5.82368798984327));
#2047=CARTESIAN_POINT('',(6.23140371431815,-6.42090846694155,5.55849584877828));
#2048=CARTESIAN_POINT('',(6.250937773415,-6.75126658489167,5.21966250393851));
#2049=CARTESIAN_POINT('',(6.26437477576208,-7.00736316073036,4.82653115150626));
#2050=CARTESIAN_POINT('',(6.27281349709541,-7.18478664412725,4.38429361573429));
#2051=CARTESIAN_POINT('',(6.27668963826159,-7.27185841709921,3.92144140394086));
#2052=CARTESIAN_POINT('',(6.27651933923915,-7.26792216430603,3.44994048950764));
#2053=CARTESIAN_POINT('',(6.27237084597405,-7.1752260437257,2.99320821207737));
#2054=CARTESIAN_POINT('',(6.26378538143727,-6.99541550333466,2.55870271839781));
#2055=CARTESIAN_POINT('',(6.24969438420263,-6.7285833291547,2.15939954892941));
#2056=CARTESIAN_POINT('',(6.22948076075147,-6.3905310732423,1.82509509085474));
#2057=CARTESIAN_POINT('',(6.20260442213473,-5.9957862931208,1.56446913045729));
#2058=CARTESIAN_POINT('',(6.16900588968411,-5.56259648837134,1.3891142279178));
#2059=CARTESIAN_POINT('',(6.12802936882918,-5.09539048817263,1.30002171231086));
#2060=CARTESIAN_POINT('',(6.08165523832039,-4.62551528777736,1.30771522304852));
#2061=CARTESIAN_POINT('',(6.03219680277255,-4.17284712431537,1.40573096314841));
#2062=CARTESIAN_POINT('',(6.07949421166866,-4.61255588622083,1.32463672949529));
#2063=CARTESIAN_POINT('',(-38.4295689211659,-9.2499904180869,9.60753874393572));
#2064=CARTESIAN_POINT('',(6.12007137194112,-5.02009092108088,9.31676273620529));
#2065=CARTESIAN_POINT('',(6.09085039405543,-4.7228761057612,9.29633129628616));
#2066=CARTESIAN_POINT('',(6.09085039405543,-4.7228761057612,9.29633129628616));
#2067=CARTESIAN_POINT('',(6.01827226100029,-4.00913028583936,9.23479821008541));
#2068=CARTESIAN_POINT('',(5.9293816780966,-3.30785023452571,9.08373604775633));
#2069=CARTESIAN_POINT('',(5.82879306324768,-2.63486423209381,8.84830657377238));
#2070=CARTESIAN_POINT('',(5.82879306324768,-2.63486423209381,8.84830657377238));
#2071=CARTESIAN_POINT('',(5.82879306324768,-2.63486423209381,8.84830657377238));
#2072=CARTESIAN_POINT('',(5.79630458881857,-2.41750078033539,8.74556332610065));
#2073=CARTESIAN_POINT('',(5.73166448156086,-2.00701843683466,8.4955682838636));
#2074=CARTESIAN_POINT('',(5.65657252882782,-1.56768698407088,8.08215159814382));
#2075=CARTESIAN_POINT('',(5.60387168208711,-1.2729589777506,7.70241372528249));
#2076=CARTESIAN_POINT('',(5.55762169220584,-1.02108634356902,7.29901858269297));
#2077=CARTESIAN_POINT('',(5.53025987414891,-0.877335039150028,6.96496285468014));
#2078=CARTESIAN_POINT('',(5.5163849812127,-0.805131887003546,6.73376749708741));
#2079=CARTESIAN_POINT('',(5.5163849812127,-0.805131887003546,6.73376749708741));
#2080=CARTESIAN_POINT('',(5.5163849812127,-0.805131887003546,-30.));
#2081=CARTESIAN_POINT('',(5.51638498121271,-0.805131887003546,0.136813686526632));
#2082=CARTESIAN_POINT('',(5.51638498121271,-0.805131887003546,0.136813686526632));
#2083=CARTESIAN_POINT('',(5.54329128873916,-0.945148838843376,-0.235792829964856));
#2084=CARTESIAN_POINT('',(5.62898543613923,-1.39654331021491,-0.901517251712942));
#2085=CARTESIAN_POINT('',(5.74800304636643,-2.10480037193433,-1.2909757728443));
#2086=CARTESIAN_POINT('',(5.80636429765574,-2.48650668113971,-1.39131913722628));
#2087=CARTESIAN_POINT('',(5.80636429765574,-2.48650668113971,-1.39131913722628));
#2088=CARTESIAN_POINT('',(-38.4295689211659,-9.2499904180869,-1.39131913722628));
#2089=CARTESIAN_POINT('',(6.08864458978241,-4.70123610579264,-1.39131913722668));
#2090=CARTESIAN_POINT('',(6.08864458978241,-4.70123610579264,-1.39131913722668));
#2091=CARTESIAN_POINT('',(6.11398409522619,-4.94923136694776,-1.39131913722668));
#2092=CARTESIAN_POINT('',(6.14829673020574,-5.31583833982509,-1.35697470715734));
#2093=CARTESIAN_POINT('',(6.18718535961323,-5.79302872317614,-1.24558234860532));
#2094=CARTESIAN_POINT('',(6.22187148935775,-6.26555819655229,-1.08790583533607));
#2095=CARTESIAN_POINT('',(6.25563967123791,-6.81548227452143,-0.815228908211723));
#2096=CARTESIAN_POINT('',(6.27447417590875,-7.21397168169764,-0.518088489502778));
#2097=CARTESIAN_POINT('',(6.28213880089722,-7.39912776062204,-0.35138974933751));
#2098=CARTESIAN_POINT('',(6.28213880089721,-7.39912776062204,-0.35138974933751));
#2099=CARTESIAN_POINT('',(6.28213880089721,-7.39912776062204,-0.351389749337511));
#2100=CARTESIAN_POINT('',(6.28697200722057,-7.51588461863025,-0.190252213703104));
#2101=CARTESIAN_POINT('',(6.29611315242119,-7.75833898751519,0.125513604355432));
#2102=CARTESIAN_POINT('',(6.3081021369791,-8.16936365409105,0.559917186401627));
#2103=CARTESIAN_POINT('',(6.31757499010248,-8.6556262550512,0.90853175194565));
#2104=CARTESIAN_POINT('',(6.32043112116201,-9.0489995605036,1.01343082782492));
#2105=CARTESIAN_POINT('',(6.32043107883306,-9.24999984205641,1.01343082782492));
#2106=CARTESIAN_POINT('',(6.32043107883307,-9.24999984205641,1.01343082782492));
#2107=CARTESIAN_POINT('',(6.32043107883307,-9.24999984205641,1.01343082782492));
#2108=CARTESIAN_POINT('',(6.32043105766281,-9.35052745273815,1.01343082782492));
#2109=CARTESIAN_POINT('',(6.31976598895827,-9.54649816654607,0.988764766762621));
#2110=CARTESIAN_POINT('',(6.31597971225588,-9.9260746343358,0.849974432590101));
#2111=CARTESIAN_POINT('',(6.30811874344425,-10.3299048542058,0.560495733002363));
#2112=CARTESIAN_POINT('',(6.29611505881604,-10.7416416328612,0.125611594690553));
#2113=CARTESIAN_POINT('',(6.28697307237826,-10.9840716776455,-0.190192333630615));
#2114=CARTESIAN_POINT('',(6.28213802067378,-11.1008719234896,-0.351389749335995));
#2115=CARTESIAN_POINT('',(6.28213802067378,-11.1008719234896,-0.351389749335989));
#2116=CARTESIAN_POINT('',(6.28213802067378,-11.1008719234896,-0.351389749335989));
#2117=CARTESIAN_POINT('',(6.2744733173696,-11.2860280055686,-0.518088492341481));
#2118=CARTESIAN_POINT('',(6.2556386440427,-11.6845174174794,-0.815228913500237));
#2119=CARTESIAN_POINT('',(6.22187022883158,-12.2344414998695,-1.0879058405412));
#2120=CARTESIAN_POINT('',(6.18718389836221,-12.7069709727164,-1.24558235187535));
#2121=CARTESIAN_POINT('',(6.14829506608769,-13.1841613531442,-1.3569747083199));
#2122=CARTESIAN_POINT('',(6.11398227503945,-13.5507683214823,-1.39131913722628));
#2123=CARTESIAN_POINT('',(6.0886426639454,-13.7987635783201,-1.39131913722628));
#2124=CARTESIAN_POINT('',(6.0886426639454,-13.7987635783201,-1.39131913722628));
#2125=CARTESIAN_POINT('',(-38.4295689211659,-9.2499904180869,-1.39131913722628));
#2126=CARTESIAN_POINT('',(5.80636141588291,-16.013493002973,-1.39131913722628));
#2127=CARTESIAN_POINT('',(5.80636141588291,-16.013493002973,-1.39131913722628));
#2128=CARTESIAN_POINT('',(5.77717146453653,-16.2044066069962,-1.34113156402675));
#2129=CARTESIAN_POINT('',(5.71912011659876,-16.5676607358917,-1.19688704066466));
#2130=CARTESIAN_POINT('',(5.63533419242728,-17.0547086080928,-0.850407353975006));
#2131=CARTESIAN_POINT('',(5.56476373815119,-17.4413517847351,-0.403108027564765));
#2132=CARTESIAN_POINT('',(5.52984276051944,-17.6248164025188,-0.049591778732118));
#2133=CARTESIAN_POINT('',(5.51638498121347,-17.6948489491663,0.136763530884147));
#2134=CARTESIAN_POINT('',(5.51638498121347,-17.6948489491662,0.136763530884143));
#2135=CARTESIAN_POINT('',(5.51638498121347,-17.6948489491662,-30.));
#2136=CARTESIAN_POINT('',(5.51638498121347,-17.6948489491662,6.7338278465339));
#2137=CARTESIAN_POINT('',(5.51638498121347,-17.6948489491662,6.7338278465339));
#2138=CARTESIAN_POINT('',(5.53025903150317,-17.6226501820435,6.96499466484394));
#2139=CARTESIAN_POINT('',(5.56692615537988,-17.4299672844442,7.41221090979742));
#2140=CARTESIAN_POINT('',(5.62885637656306,-17.0898537176803,7.89931737839514));
#2141=CARTESIAN_POINT('',(5.68663926950209,-16.7564063170146,8.24779674136082));
#2142=CARTESIAN_POINT('',(5.74760498941342,-16.3916663293902,8.55698586499014));
#2143=CARTESIAN_POINT('',(5.79630548715494,-16.0824734124331,8.74557537533652));
#2144=CARTESIAN_POINT('',(5.82879024611504,-15.8651354520189,8.84830657377238));
#2145=CARTESIAN_POINT('',(5.82879024611504,-15.8651354520189,8.84830657377239));
#2146=CARTESIAN_POINT('',(5.82879024611504,-15.8651354520189,8.84830657377239));
#2147=CARTESIAN_POINT('',(5.92937915333659,-15.1921494537952,9.0837360462842));
#2148=CARTESIAN_POINT('',(6.01827003855361,-14.4908694039202,9.23479820959858));
#2149=CARTESIAN_POINT('',(6.09084847747522,-13.7771235783517,9.29633129628615));
#2150=CARTESIAN_POINT('',(6.09084847747523,-13.7771235783517,9.29633129628615));
#2151=CARTESIAN_POINT('',(-38.4295689211659,-9.2499904180869,9.60754003959969));
#2152=CARTESIAN_POINT('',(6.1200695823629,-13.4799087630318,9.31676273620529));
#2153=CARTESIAN_POINT('',(6.1200695823629,-13.4799087630318,9.31676273620529));
#2154=CARTESIAN_POINT('',(6.38698857696109,-10.6687091725513,9.48209787275028));
#2155=CARTESIAN_POINT('',(6.38698917715685,-7.83129062419513,9.4820978793746));
#2156=CARTESIAN_POINT('',(6.12007137194112,-5.02009092108088,9.31676273620527));
#2157=CARTESIAN_POINT('',(12.3204313395545,-13.7533809125022,10.0547785560299));
#2158=CARTESIAN_POINT('',(7.5,-13.9098496868288,10.0441997210032));
#2159=CARTESIAN_POINT('',(6.83761068072688,-13.9098496868288,10.0441997210032));
#2160=CARTESIAN_POINT('',(7.5,-13.5977625761941,10.0652998930444));
#2161=CARTESIAN_POINT('',(6.86705613995542,-13.5977625761957,10.0652998930443));
#2162=CARTESIAN_POINT('',(-38.4295689211659,-9.30058232954657,10.3558317330554));
#2163=CARTESIAN_POINT('',(6.83637004098437,-13.909787236565,10.0442039432577));
#2164=CARTESIAN_POINT('',(6.83637004098437,-13.909787236565,10.0442039432577));
#2165=CARTESIAN_POINT('',(6.83678252995035,-13.9098289683392,10.0442011217775));
#2166=CARTESIAN_POINT('',(6.83719608150019,-13.9098496868288,10.0441997210032));
#2167=CARTESIAN_POINT('',(6.83761068072689,-13.9098496868288,10.0441997210032));
#2168=CARTESIAN_POINT('',(12.3204313395545,-13.1082915393437,0.51343082782493));
#2169=CARTESIAN_POINT('',(6.83761068072688,-13.9098496868288,10.0441997210032));
#2170=CARTESIAN_POINT('',(6.76261716956578,-14.7111533056744,9.97680836449317));
#2171=CARTESIAN_POINT('',(6.67037241172237,-15.4989691599744,9.80880492711058));
#2172=CARTESIAN_POINT('',(6.56569480333989,-16.2551755157867,9.54532832490608));
#2173=CARTESIAN_POINT('',(6.56569480333988,-16.2551755157867,9.54532832490608));
#2174=CARTESIAN_POINT('',(6.56569480333988,-16.2551755157867,9.54532832490608));
#2175=CARTESIAN_POINT('',(6.56878825964821,-16.2555814036784,9.54518690588501));
#2176=CARTESIAN_POINT('',(6.57189667525648,-16.255782272671,9.54511689647197));
#2177=CARTESIAN_POINT('',(6.57501974839077,-16.255782272671,9.54511689647197));
#2178=CARTESIAN_POINT('',(6.57501974839078,-16.255782272671,9.545116896472));
#2179=CARTESIAN_POINT('',(7.5,-16.255782272671,9.545116896472));
#2180=CARTESIAN_POINT('',(12.3204313395545,-14.5005416517505,5.67450578675424));
#2181=CARTESIAN_POINT('',(6.57501974839078,-16.255782272671,9.545116896472));
#2182=CARTESIAN_POINT('',(6.53327629328453,-16.596463190201,9.39062527531176));
#2183=CARTESIAN_POINT('',(6.47072300457534,-17.0738362810694,9.0930098090856));
#2184=CARTESIAN_POINT('',(6.39389055322878,-17.6197227805302,8.57926765244185));
#2185=CARTESIAN_POINT('',(6.34231597318499,-17.9712526537149,8.14810602865101));
#2186=CARTESIAN_POINT('',(6.2978677034584,-18.2641686531607,7.6752649560308));
#2187=CARTESIAN_POINT('',(6.24981317658922,-18.572324125714,6.98873001921888));
#2188=CARTESIAN_POINT('',(6.22977668662712,-18.6963945038873,6.44847189872856));
#2189=CARTESIAN_POINT('',(6.22408061321712,-18.7317524189426,6.07369927818051));
#2190=CARTESIAN_POINT('',(6.22408061321712,-18.7317524189426,6.07369927818052));
#2191=CARTESIAN_POINT('',(6.22408061321712,-18.7317524189426,6.07369927818052));
#2192=CARTESIAN_POINT('',(6.24725588246013,-18.7368477024132,6.01969233982774));
#2193=CARTESIAN_POINT('',(6.29264733755146,-18.7449828796756,5.91121531141453));
#2194=CARTESIAN_POINT('',(6.33376110708206,-18.7490643768874,5.8009541640689));
#2195=CARTESIAN_POINT('',(6.34498354153307,-18.75,5.74235670047153));
#2196=CARTESIAN_POINT('',(6.34498354153308,-18.75,5.74235670047153));
#2197=CARTESIAN_POINT('',(7.5,-18.75,5.74235670047154));
#2198=CARTESIAN_POINT('',(12.3204313395545,-15.5010559472133,1.02909086179677));
#2199=CARTESIAN_POINT('',(7.5,-18.75,0.946250401499999));
#2200=CARTESIAN_POINT('',(6.34498354153308,-18.75,0.946250401500005));
#2201=CARTESIAN_POINT('',(6.34498354153308,-18.75,0.946250401500005));
#2202=CARTESIAN_POINT('',(6.33035827282923,-18.7487806799419,0.898429534292149));
#2203=CARTESIAN_POINT('',(6.28935607903364,-18.7444526820921,0.808161833370881));
#2204=CARTESIAN_POINT('',(6.24590841834612,-18.7365569804154,0.719226528101812));
#2205=CARTESIAN_POINT('',(6.22386494571487,-18.7317049753936,0.674962556351058));
#2206=CARTESIAN_POINT('',(6.22386494571489,-18.7317049753936,0.674962556351052));
#2207=CARTESIAN_POINT('',(6.22386494571489,-18.7317049753936,0.674962556351052));
#2208=CARTESIAN_POINT('',(6.22943704110299,-18.694679966221,0.337190037006259));
#2209=CARTESIAN_POINT('',(6.24939918335946,-18.5623517950817,-0.150586891869406));
#2210=CARTESIAN_POINT('',(6.29667856902324,-18.2378916730604,-0.747750379542667));
#2211=CARTESIAN_POINT('',(6.33977542065106,-17.9342072459961,-1.14486832857503));
#2212=CARTESIAN_POINT('',(6.39012114051648,-17.5676149572426,-1.49648894193522));
#2213=CARTESIAN_POINT('',(6.46342089643438,-17.011970055715,-1.88239413111834));
#2214=CARTESIAN_POINT('',(6.52098949527889,-16.5452421367562,-2.06706101466264));
#2215=CARTESIAN_POINT('',(6.55928693151275,-16.2158988936671,-2.14131913722627));
#2216=CARTESIAN_POINT('',(6.55928693151275,-16.2158988936671,-2.14131913722628));
#2217=CARTESIAN_POINT('',(7.5,-16.2158988936671,-2.14131913722628));
#2218=CARTESIAN_POINT('',(12.3204313395545,-18.5,-2.14131913722628));
#2219=CARTESIAN_POINT('',(6.55928693151275,-16.2158988936671,-2.14131913722628));
#2220=CARTESIAN_POINT('',(6.55092113084752,-16.2158988936671,-2.14131913722628));
#2221=CARTESIAN_POINT('',(6.54260267198607,-16.2152739992719,-2.14131913722628));
#2222=CARTESIAN_POINT('',(6.53433275476619,-16.2140083730575,-2.14131913722628));
#2223=CARTESIAN_POINT('',(6.53433275476619,-16.2140083730543,-2.14131913722628));
#2224=CARTESIAN_POINT('',(-38.4295689211659,-9.2499904180869,-2.14131913722628));
#2225=CARTESIAN_POINT('',(6.83475794190817,-13.875,-2.14131913722628));
#2226=CARTESIAN_POINT('',(12.3204313395545,-13.875,-2.14131913722628));
#2227=CARTESIAN_POINT('',(12.3204313395545,-13.875,2.74650655269878));
#2228=CARTESIAN_POINT('',(6.83475794190817,-13.875,-2.14131913722628));
#2229=CARTESIAN_POINT('',(6.86107147895916,-13.5707951196855,-2.14131913722628));
#2230=CARTESIAN_POINT('',(6.89662938752855,-13.1211497924836,-2.09902645545365));
#2231=CARTESIAN_POINT('',(6.93679743354598,-12.535770318616,-1.96163934920751));
#2232=CARTESIAN_POINT('',(6.97248278035039,-11.9566781560711,-1.76709120206977));
#2233=CARTESIAN_POINT('',(7.00694729056752,-11.2845013078588,-1.43110788874375));
#2234=CARTESIAN_POINT('',(7.02598944180665,-10.7972832711036,-1.06291397127507));
#2235=CARTESIAN_POINT('',(7.03365353034339,-10.5722535200995,-0.856645631791407));
#2236=CARTESIAN_POINT('',(7.03365353034338,-10.5722535200995,-0.856645631791422));
#2237=CARTESIAN_POINT('',(7.5,-10.5722535200995,-0.856645631791422));
#2238=CARTESIAN_POINT('',(7.5,-10.5722535200995,-0.856645631791434));
#2239=CARTESIAN_POINT('',(7.02673013103903,-10.5722535200995,-0.856645631791434));
#2240=CARTESIAN_POINT('',(7.50000000000002,-10.5087423036986,-0.76952740079968));
#2241=CARTESIAN_POINT('',(7.02673013103905,-10.5087423036986,-0.76952740079968));
#2242=CARTESIAN_POINT('',(7.5,-10.3868437671218,-0.60635849807601));
#2243=CARTESIAN_POINT('',(7.02673013103903,-10.3868437671218,-0.60635849807601));
#2244=CARTESIAN_POINT('',(7.50000000000001,-10.1419416955437,-0.306361482868129));
#2245=CARTESIAN_POINT('',(7.02673013103904,-10.1419416955437,-0.306361482868129));
#2246=CARTESIAN_POINT('',(7.50000000000001,-9.84497527607426,-0.000931174203437225));
#2247=CARTESIAN_POINT('',(7.02673013103904,-9.84497527607426,-0.000931174203437225));
#2248=CARTESIAN_POINT('',(7.5,-9.51434289922627,0.221234537290989));
#2249=CARTESIAN_POINT('',(7.02673013103904,-9.51434289922627,0.221234537290989));
#2250=CARTESIAN_POINT('',(7.50000000000001,-9.33418256381956,0.263430827824916));
#2251=CARTESIAN_POINT('',(7.02673013103904,-9.33418256381956,0.263430827824916));
#2252=CARTESIAN_POINT('',(7.50000000000001,-9.25,0.263430827824916));
#2253=CARTESIAN_POINT('',(7.02673013103904,-9.25,0.263430827824916));
#2254=CARTESIAN_POINT('',(7.03365353034338,-10.5722535200995,-0.856645631791422));
#2255=CARTESIAN_POINT('',(7.03228636337844,-10.5722535200995,-0.856645631791422));
#2256=CARTESIAN_POINT('',(7.03091945788533,-10.5722423851602,-0.856630358013541));
#2257=CARTESIAN_POINT('',(7.02955281415409,-10.5722201029305,-0.85659979351571));
#2258=CARTESIAN_POINT('',(7.02955281415409,-10.5722201029306,-0.856599793515794));
#2259=CARTESIAN_POINT('',(7.02955281415409,-10.5722201029306,-0.856599793515794));
#2260=CARTESIAN_POINT('',(7.03326592540765,-10.4846835082073,-0.736525990627257));
#2261=CARTESIAN_POINT('',(7.04130608770631,-10.3054643698629,-0.499222418186777));
#2262=CARTESIAN_POINT('',(7.05042378287527,-10.0613091963194,-0.219930938750448));
#2263=CARTESIAN_POINT('',(7.05767997206978,-9.84420255520491,-0.0158892324619301));
#2264=CARTESIAN_POINT('',(7.06295627036884,-9.66847839778033,0.119529735814178));
#2265=CARTESIAN_POINT('',(7.06803813377676,-9.47244673877929,0.228207759048905));
#2266=CARTESIAN_POINT('',(7.07043103868179,-9.3254585747765,0.263430827824916));
#2267=CARTESIAN_POINT('',(7.07043107883305,-9.25,0.263430827824916));
#2268=CARTESIAN_POINT('',(7.07043107883305,-9.25,0.263430827824916));
#2269=CARTESIAN_POINT('',(12.3204313395545,-9.25,0.263430827824916));
#2270=CARTESIAN_POINT('',(7.5,-9.25,0.263430827824917));
#2271=CARTESIAN_POINT('',(7.02673094877078,-9.25,0.263430827824917));
#2272=CARTESIAN_POINT('',(7.5,-9.16581743618038,0.263430827824917));
#2273=CARTESIAN_POINT('',(7.02673094877078,-9.16581743618038,0.263430827824917));
#2274=CARTESIAN_POINT('',(7.5,-8.98565710077356,0.221234537290964));
#2275=CARTESIAN_POINT('',(7.02673094877079,-8.98565710077356,0.221234537290964));
#2276=CARTESIAN_POINT('',(7.5,-8.65502472392515,-0.000931174203954757));
#2277=CARTESIAN_POINT('',(7.02673094877079,-8.65502472392515,-0.000931174203954757));
#2278=CARTESIAN_POINT('',(7.5,-8.35805830445586,-0.306361482868568));
#2279=CARTESIAN_POINT('',(7.02673094877079,-8.35805830445586,-0.306361482868568));
#2280=CARTESIAN_POINT('',(7.5,-8.11315623287678,-0.606358498077807));
#2281=CARTESIAN_POINT('',(7.02673094877078,-8.11315623287678,-0.606358498077807));
#2282=CARTESIAN_POINT('',(7.5,-7.99125769630147,-0.76952740079965));
#2283=CARTESIAN_POINT('',(7.02673094877078,-7.99125769630147,-0.76952740079965));
#2284=CARTESIAN_POINT('',(7.5,-7.92774647989933,-0.856645631793012));
#2285=CARTESIAN_POINT('',(7.02673094877078,-7.92774647989933,-0.856645631793012));
#2286=CARTESIAN_POINT('',(7.07043107883305,-9.25,0.263430827824916));
#2287=CARTESIAN_POINT('',(7.07043108722777,-9.17593018520691,0.263430827824916));
#2288=CARTESIAN_POINT('',(7.06805786355432,-9.02790359138667,0.228551318873614));
#2289=CARTESIAN_POINT('',(7.06296758679854,-8.83202497472647,0.119808610636588));
#2290=CARTESIAN_POINT('',(7.05769176029513,-8.65612193432097,-0.0155854109856325));
#2291=CARTESIAN_POINT('',(7.0504321909252,-8.43892066701207,-0.21969203998741));
#2292=CARTESIAN_POINT('',(7.04131156799466,-8.19464240740393,-0.499077916654138));
#2293=CARTESIAN_POINT('',(7.03326819846607,-8.01535178726425,-0.736477575887224));
#2294=CARTESIAN_POINT('',(7.02955362700872,-7.92777989638584,-0.856599794453484));
#2295=CARTESIAN_POINT('',(7.02955362700872,-7.92777989638584,-0.856599794453484));
#2296=CARTESIAN_POINT('',(7.02955362700872,-7.92777989638584,-0.856599794453484));
#2297=CARTESIAN_POINT('',(7.0309202567903,-7.92775761461124,-0.856630358327026));
#2298=CARTESIAN_POINT('',(7.03228714832574,-7.92774647989938,-0.856645631792946));
#2299=CARTESIAN_POINT('',(7.033654301325,-7.92774647989938,-0.856645631792946));
#2300=CARTESIAN_POINT('',(7.03365430132499,-7.92774647989933,-0.856645631793046));
#2301=CARTESIAN_POINT('',(7.5,-7.92774647989933,-0.856645631793046));
#2302=CARTESIAN_POINT('',(12.3204313395545,-4.625,2.74650655269878));
#2303=CARTESIAN_POINT('',(7.03365430132499,-7.92774647989933,-0.856645631793046));
#2304=CARTESIAN_POINT('',(7.02599029331454,-7.70271673170795,-1.06291396869832));
#2305=CARTESIAN_POINT('',(7.00694831653743,-7.21549869913574,-1.43110788402049));
#2306=CARTESIAN_POINT('',(6.97248404759363,-6.54332185471218,-1.76709119746618));
#2307=CARTESIAN_POINT('',(6.93679890899435,-5.96422969190897,-1.96163934626617));
#2308=CARTESIAN_POINT('',(6.89663107366049,-5.37885021534967,-2.0990264544285));
#2309=CARTESIAN_POINT('',(6.86107332723463,-4.92920488413977,-2.14131913722667));
#2310=CARTESIAN_POINT('',(6.83475990002178,-4.62500000000014,-2.14131913722668));
#2311=CARTESIAN_POINT('',(6.83475990002177,-4.625,-2.14131913722628));
#2312=CARTESIAN_POINT('',(12.3204313395545,-4.625,-2.14131913722628));
#2313=CARTESIAN_POINT('',(12.3204313395545,-18.5,-2.14131913722628));
#2314=CARTESIAN_POINT('',(-38.4295689211659,-9.2499904180869,-2.14131913722628));
#2315=CARTESIAN_POINT('',(6.5343357212264,-2.28599161640337,-2.14131913722628));
#2316=CARTESIAN_POINT('',(6.5343357212264,-2.28599161640337,-2.14131913722628));
#2317=CARTESIAN_POINT('',(6.54260561569213,-2.28472599727722,-2.14131913722628));
#2318=CARTESIAN_POINT('',(6.55092405138828,-2.28410110633001,-2.14131913722628));
#2319=CARTESIAN_POINT('',(6.55928982849495,-2.28410110633,-2.14131913722628));
#2320=CARTESIAN_POINT('',(6.5592898284954,-2.2841011063329,-2.14131913722628));
#2321=CARTESIAN_POINT('',(7.5,-2.2841011063329,-2.14131913722628));
#2322=CARTESIAN_POINT('',(12.3204313395545,-2.99894405278666,1.02909086179677));
#2323=CARTESIAN_POINT('',(6.5592898284954,-2.2841011063329,-2.14131913722628));
#2324=CARTESIAN_POINT('',(6.52104105643961,-1.95517540845189,-2.06715515997726));
#2325=CARTESIAN_POINT('',(6.46274579238055,-1.48259681487161,-1.88014910226635));
#2326=CARTESIAN_POINT('',(6.38958375858054,-0.928458043005757,-1.4926532096357));
#2327=CARTESIAN_POINT('',(6.34017340581835,-0.568618735891897,-1.14815696168434));
#2328=CARTESIAN_POINT('',(6.29632125486635,-0.259583056526048,-0.743855168899253));
#2329=CARTESIAN_POINT('',(6.24990290247137,0.0589069068404231,-0.1573255794311));
#2330=CARTESIAN_POINT('',(6.22942806877225,0.194764479008954,0.337790868723686));
#2331=CARTESIAN_POINT('',(6.2238657831933,0.231724323557403,0.675139110719859));
#2332=CARTESIAN_POINT('',(6.2238657831933,0.231724323557407,0.675139110719858));
#2333=CARTESIAN_POINT('',(6.34475402650619,0.25,0.946250401500013));
#2334=CARTESIAN_POINT('',(6.33018102511397,0.248781357387586,0.898456103232094));
#2335=CARTESIAN_POINT('',(6.28927145075757,0.24445681051758,0.808240091812203));
#2336=CARTESIAN_POINT('',(6.24588179549477,0.236570262712699,0.719370061223917));
#2337=CARTESIAN_POINT('',(6.22386578319328,0.231724323557403,0.675139110719865));
#2338=CARTESIAN_POINT('',(6.34475402650619,0.25,0.946250401500012));
#2339=CARTESIAN_POINT('',(7.5,0.25,0.94625040149999));
#2340=CARTESIAN_POINT('',(12.3204313395545,-3.99945834824954,5.67450578675424));
#2341=CARTESIAN_POINT('',(7.5,0.25,5.7423567004716));
#2342=CARTESIAN_POINT('',(6.34475402650619,0.25,5.74235670047161));
#2343=CARTESIAN_POINT('',(6.22408125213981,0.231771723241286,6.07349461129927));
#2344=CARTESIAN_POINT('',(6.24722898807582,0.236860935990402,6.0195241021031));
#2345=CARTESIAN_POINT('',(6.29256375846037,0.244986995196062,5.91112000893254));
#2346=CARTESIAN_POINT('',(6.33357264547685,0.249064975908445,5.8009166477735));
#2347=CARTESIAN_POINT('',(6.34475402650619,0.25,5.74235670047162));
#2348=CARTESIAN_POINT('',(6.22408125213981,0.231771723241286,6.07349461129927));
#2349=CARTESIAN_POINT('',(6.22408125213981,0.231771723241286,6.07349461129927));
#2350=CARTESIAN_POINT('',(6.2269243641811,0.214123328313819,6.26065378653631));
#2351=CARTESIAN_POINT('',(6.23652163947811,0.154493701351571,6.62866762923209));
#2352=CARTESIAN_POINT('',(6.26200719205272,-0.00578676197671863,7.1640043733582));
#2353=CARTESIAN_POINT('',(6.29809557023029,-0.237320627996712,7.67755103280092));
#2354=CARTESIAN_POINT('',(6.34224989088924,-0.528257973559975,8.14762441628814));
#2355=CARTESIAN_POINT('',(6.39436586158013,-0.883551153820275,8.58284392556089));
#2356=CARTESIAN_POINT('',(6.451632043134,-1.29055149381749,8.9651926373542));
#2357=CARTESIAN_POINT('',(6.51272068116454,-1.74659723563115,9.29269547839637));
#2358=CARTESIAN_POINT('',(6.55417547636535,-2.07407757335941,9.46796191989806));
#2359=CARTESIAN_POINT('',(6.57502259969174,-2.24421772732901,9.545116896472));
#2360=CARTESIAN_POINT('',(6.57502259969173,-2.24421772732901,9.545116896472));
#2361=CARTESIAN_POINT('',(7.5,-2.24421772732901,9.545116896472));
#2362=CARTESIAN_POINT('',(12.3204313395545,-5.39170846065629,0.513430827824905));
#2363=CARTESIAN_POINT('',(7.5,-4.59015031317137,10.0441997210032));
#2364=CARTESIAN_POINT('',(6.8376126268612,-4.59015031317137,10.0441997210032));
#2365=CARTESIAN_POINT('',(6.57502259969173,-2.24421772732901,9.545116896472));
#2366=CARTESIAN_POINT('',(6.57189953557645,-2.24421772732901,9.545116896472));
#2367=CARTESIAN_POINT('',(6.56879112886186,-2.24441859517957,9.54518690548692));
#2368=CARTESIAN_POINT('',(6.56569768131754,-2.24482448073926,9.54532832369567));
#2369=CARTESIAN_POINT('',(6.56569768131754,-2.24482448073937,9.54532832369571));
#2370=CARTESIAN_POINT('',(6.56569768131754,-2.24482448073937,9.54532832369571));
#2371=CARTESIAN_POINT('',(6.67037498695968,-3.00103084178081,9.80880492804828));
#2372=CARTESIAN_POINT('',(6.76261943195851,-3.78884669864311,9.97680836485629));
#2373=CARTESIAN_POINT('',(6.8376126268612,-4.59015031317137,10.0441997210032));
#2374=CARTESIAN_POINT('',(12.3204313395545,-4.74661908749784,10.0547785560299));
#2375=CARTESIAN_POINT('',(6.8376126268612,-4.59015031317137,10.0441997210032));
#2376=CARTESIAN_POINT('',(6.83719802936949,-4.59015031317137,10.0441997210032));
#2377=CARTESIAN_POINT('',(6.83678447954308,-4.59017103151102,10.0442011217677));
#2378=CARTESIAN_POINT('',(6.83637199228642,-4.59021276293675,10.0442039432244));
#2379=CARTESIAN_POINT('',(6.83637199228642,-4.59021276293666,10.0442039432243));
#2380=CARTESIAN_POINT('',(-38.4295689211659,-9.19939850662723,10.3558304373915));
#2381=CARTESIAN_POINT('',(6.86705795797686,-4.90223742380559,10.0652998930444));
#2382=CARTESIAN_POINT('',(7.5,-4.90223742380565,10.0652998930444));
#2383=CARTESIAN_POINT('',(12.3204313395545,-9.25,-65.0355107689179));
#2384=CARTESIAN_POINT('',(6.86705795797686,-4.90223742380559,10.0652998930444));
#2385=CARTESIAN_POINT('',(6.86682915531196,-4.90223742380559,10.0652998930444));
#2386=CARTESIAN_POINT('',(6.86660085836899,-4.90224812696763,10.065300512678));
#2387=CARTESIAN_POINT('',(6.86637307390631,-4.90226967632618,10.0653017602117));
#2388=CARTESIAN_POINT('',(6.86637307390631,-4.90226967632552,10.0653017602117));
#2389=CARTESIAN_POINT('',(6.86637307390631,-4.90226967632552,10.0653017602117));
#2390=CARTESIAN_POINT('',(7.13823703180822,-7.79196787787449,10.2325919408908));
#2391=CARTESIAN_POINT('',(7.13823642134495,-10.7080322354374,10.2325919343198));
#2392=CARTESIAN_POINT('',(6.86637125283281,-13.5977303233863,10.0653017602284));
#2393=CARTESIAN_POINT('',(6.86637125283281,-13.5977303233863,10.0653017602284));
#2394=CARTESIAN_POINT('',(6.86637125283281,-13.5977303233863,10.0653017602284));
#2395=CARTESIAN_POINT('',(6.86659903830603,-13.5977518729373,10.0653005126835));
#2396=CARTESIAN_POINT('',(6.86682733626647,-13.5977625761943,10.0652998930444));
#2397=CARTESIAN_POINT('',(6.86705613995555,-13.5977625761943,10.0652998930444));
#2398=CARTESIAN_POINT('',(12.3204313395545,-18.75,4.10868086277372));
#2399=CARTESIAN_POINT('',(6.34498354153308,-18.75,0.946250401500005));
#2400=CARTESIAN_POINT('',(12.3204313395545,0.25,4.10868086277372));
#2401=CARTESIAN_POINT('',(6.34475402650619,0.25,0.946250401500012));
#2402=CARTESIAN_POINT('',(6.42128516084212,-17.8347918251674,-30.));
#2403=CARTESIAN_POINT('',(6.22408061321712,-18.7317524189427,6.07369927818052));
#2404=CARTESIAN_POINT('',(6.19949421681544,-18.7263468869563,6.13099466408775));
#2405=CARTESIAN_POINT('',(6.14065206899217,-18.7114001731585,6.23844557970182));
#2406=CARTESIAN_POINT('',(5.98742857592202,-18.6527815616633,6.42836317790632));
#2407=CARTESIAN_POINT('',(5.8108343490678,-18.5372640028313,6.56683455804312));
#2408=CARTESIAN_POINT('',(5.66201352066102,-18.3612384179494,6.66331919531784));
#2409=CARTESIAN_POINT('',(5.57470943995724,-18.2059121088001,6.71671965661509));
#2410=CARTESIAN_POINT('',(5.52708382551482,-18.0594942906138,6.7476959989628));
#2411=CARTESIAN_POINT('',(5.50707266608494,-17.9375820373561,6.7609675843569));
#2412=CARTESIAN_POINT('',(5.50323687895775,-17.8745875650924,6.76170408957737));
#2413=CARTESIAN_POINT('',(5.50294283088509,-17.8434696934864,6.75699564689367));
#2414=CARTESIAN_POINT('',(5.50294283088514,-17.8434696934864,6.75699564689445));
#2415=CARTESIAN_POINT('',(5.50294283088509,-17.8434696934864,-30.));
#2416=CARTESIAN_POINT('',(5.50294283088509,-17.8434696934864,0.109299449170958));
#2417=CARTESIAN_POINT('',(5.50294283088509,-17.8434696934864,0.109299449170958));
#2418=CARTESIAN_POINT('',(5.50350928621086,-17.9034152797253,0.0985928522121457));
#2419=CARTESIAN_POINT('',(5.51623840637653,-18.0217488819048,0.103816359430152));
#2420=CARTESIAN_POINT('',(5.56937455573554,-18.1928636943302,0.125741085581565));
#2421=CARTESIAN_POINT('',(5.6526601762444,-18.3471317415702,0.165168316534507));
#2422=CARTESIAN_POINT('',(5.79550461778996,-18.5234048623276,0.240055448674446));
#2423=CARTESIAN_POINT('',(6.01699835291741,-18.6759925397837,0.384194419097599));
#2424=CARTESIAN_POINT('',(6.17044591236809,-18.7199468725577,0.567695492646146));
#2425=CARTESIAN_POINT('',(6.22386494571487,-18.7317049753936,0.674962556351063));
#2426=CARTESIAN_POINT('',(6.42128516084212,-0.665189011006323,-30.));
#2427=CARTESIAN_POINT('',(5.50294283088529,-0.656511142665279,-30.));
#2428=CARTESIAN_POINT('',(5.50294283088529,-0.656511142665279,0.10935125379381));
#2429=CARTESIAN_POINT('',(5.50294283088512,-0.656511142665279,6.75693391451985));
#2430=CARTESIAN_POINT('',(5.50294283088512,-0.656511142665279,6.75693391451985));
#2431=CARTESIAN_POINT('',(5.5032391791763,-0.625149848681528,6.76167890629316));
#2432=CARTESIAN_POINT('',(5.50698958138446,-0.563286485795026,6.76092486289153));
#2433=CARTESIAN_POINT('',(5.52704078005071,-0.44059511240075,6.74768151466697));
#2434=CARTESIAN_POINT('',(5.57398406209586,-0.295740061787729,6.71709647233313));
#2435=CARTESIAN_POINT('',(5.66205799029805,-0.138596536421888,6.66320809586868));
#2436=CARTESIAN_POINT('',(5.81007438763477,0.0365522395707685,6.56727748757565));
#2437=CARTESIAN_POINT('',(6.03263548220056,0.182035735013241,6.39291547989843));
#2438=CARTESIAN_POINT('',(6.17494345455369,0.22096838996387,6.18806270400863));
#2439=CARTESIAN_POINT('',(6.22408125214322,0.231771723242034,6.07349461130137));
#2440=CARTESIAN_POINT('',(6.2238657831933,0.231724323557407,0.675139110719858));
#2441=CARTESIAN_POINT('',(6.17051805416603,0.219981967793833,0.567961628722017));
#2442=CARTESIAN_POINT('',(6.01718532797192,0.175926292987642,0.384529174127803));
#2443=CARTESIAN_POINT('',(5.79635976168248,0.0243673311112819,0.240603887361458));
#2444=CARTESIAN_POINT('',(5.6524958200088,-0.153077686330931,0.165144025708956));
#2445=CARTESIAN_POINT('',(5.56990939223655,-0.306135151510915,0.126066804612496));
#2446=CARTESIAN_POINT('',(5.51637311954793,-0.476909131675671,0.103859093011163));
#2447=CARTESIAN_POINT('',(5.50350430887996,-0.597092286607713,0.0987393702558534));
#2448=CARTESIAN_POINT('',(5.50294283088529,-0.656511142665279,0.109351253793844));
#2449=CARTESIAN_POINT('',(5.4874395289143,-17.8441086855757,0.775334903847527));
#2450=CARTESIAN_POINT('',(5.31360273623151,-18.7324362202415,0.681228590783429));
#2451=CARTESIAN_POINT('',(6.22347877668101,-18.734270659281,0.699208116462756));
#2452=CARTESIAN_POINT('',(5.49001317795274,-17.8309570203261,0.644273730973828));
#2453=CARTESIAN_POINT('',(5.31764714868291,-18.7131790963367,0.501862717912659));
#2454=CARTESIAN_POINT('',(6.22609555950326,-18.7168869497619,0.528828591730073));
#2455=CARTESIAN_POINT('',(5.49924215030571,-17.7837592916049,0.383085369858961));
#2456=CARTESIAN_POINT('',(5.33209756004796,-18.6443114351615,0.145781793073135));
#2457=CARTESIAN_POINT('',(6.23547920736899,-18.6545015720702,0.189283722276147));
#2458=CARTESIAN_POINT('',(5.52389031456618,-17.6562027715181,0.0141493502178459));
#2459=CARTESIAN_POINT('',(5.37033943954501,-18.4594750223062,-0.353045423049845));
#2460=CARTESIAN_POINT('',(6.26054046935513,-18.4858989315338,-0.290333103255369));
#2461=CARTESIAN_POINT('',(5.55915600607589,-17.470067293747,-0.335874892038101));
#2462=CARTESIAN_POINT('',(5.42419017130835,-18.1930273355029,-0.81940779192985));
#2463=CARTESIAN_POINT('',(6.2963972059737,-18.2398673447198,-0.745364618188934));
#2464=CARTESIAN_POINT('',(5.60206992738383,-17.2374755230466,-0.645058089762768));
#2465=CARTESIAN_POINT('',(5.48842408364645,-17.8650062820682,-1.22365680372088));
#2466=CARTESIAN_POINT('',(6.3400303550134,-17.9324304008761,-1.1473027752296));
#2467=CARTESIAN_POINT('',(5.6522337843811,-16.956390282093,-0.918192956671099));
#2468=CARTESIAN_POINT('',(5.56182653459169,-17.4749788712207,-1.57286105937475));
#2469=CARTESIAN_POINT('',(6.39103494704299,-17.5608953840645,-1.5023781022152));
#2470=CARTESIAN_POINT('',(5.72525041209584,-16.5302021721693,-1.21677660457634));
#2471=CARTESIAN_POINT('',(5.66560301919932,-16.8959348685317,-1.94273455862329));
#2472=CARTESIAN_POINT('',(6.46527531712736,-16.9975651784254,-1.89053684446841));
#2473=CARTESIAN_POINT('',(5.7824150377263,-16.172992450823,-1.35793864707257));
#2474=CARTESIAN_POINT('',(5.74468133452423,-16.4170119447123,-2.10985812959935));
#2475=CARTESIAN_POINT('',(6.52339800908319,-16.5254097590736,-2.0740474998214));
#2476=CARTESIAN_POINT('',(5.82041581859458,-15.9209236759575,-1.41372019583595));
#2477=CARTESIAN_POINT('',(5.79613467017714,-16.0819866645084,-2.17055731157994));
#2478=CARTESIAN_POINT('',(6.56203567456822,-16.1922283504785,-2.14656351312577));
#2479=CARTESIAN_POINT('',(5.50294283088509,-17.8434696934864,0.109299449170958));
#2480=CARTESIAN_POINT('',(5.50247012763462,-17.7934454953244,0.118234034042214));
#2481=CARTESIAN_POINT('',(5.50700336808345,-17.743669653104,0.127430161080488));
#2482=CARTESIAN_POINT('',(5.51638498121351,-17.6948489491661,0.136763530884145));
#2483=CARTESIAN_POINT('',(6.53433275476619,-16.2140083730543,-2.14131913722628));
#2484=CARTESIAN_POINT('',(6.43608892694219,-16.1989731604166,-2.14131913722628));
#2485=CARTESIAN_POINT('',(6.24323496087473,-16.1650857042708,-2.10197732308892));
#2486=CARTESIAN_POINT('',(5.99896050767421,-16.1087405336858,-1.93430523321269));
#2487=CARTESIAN_POINT('',(5.83950452869781,-16.0552603031073,-1.68590917369175));
#2488=CARTESIAN_POINT('',(5.80451473313674,-16.0255710244256,-1.48852854481648));
#2489=CARTESIAN_POINT('',(5.80636141588291,-16.013493002973,-1.39131913722636));
#2490=CARTESIAN_POINT('',(6.25290934829246,-17.8363828910279,-30.));
#2491=CARTESIAN_POINT('',(5.50294283088514,-17.8434696934864,6.75699564689445));
#2492=CARTESIAN_POINT('',(5.50247028633495,-17.7934622899076,6.74942903062685));
#2493=CARTESIAN_POINT('',(5.50700054139371,-17.7436843628326,6.74166968450612));
#2494=CARTESIAN_POINT('',(5.5163849812135,-17.6948489491662,6.7338278465339));
#2495=CARTESIAN_POINT('',(-38.4295689211659,-9.2499904180869,-1.39131913722628));
#2496=CARTESIAN_POINT('',(6.83475794190817,-13.875,-1.39131913722628));
#2497=CARTESIAN_POINT('',(5.83609895180174,-15.8160507102347,8.87103415693672));
#2498=CARTESIAN_POINT('',(5.78894421817512,-16.1339484578156,9.59954185615005));
#2499=CARTESIAN_POINT('',(6.57798165358332,-16.2315724338203,9.55600452197582));
#2500=CARTESIAN_POINT('',(5.79516265565721,-16.0920263194216,8.74589466152538));
#2501=CARTESIAN_POINT('',(5.73566745376675,-16.4793585262566,9.45585217731508));
#2502=CARTESIAN_POINT('',(6.53635927429025,-16.5723020965426,9.4040494204104));
#2503=CARTESIAN_POINT('',(5.73273129469449,-16.4855451356032,8.50022261114598));
#2504=CARTESIAN_POINT('',(5.65312409592854,-16.9748160044487,9.1681582030889));
#2505=CARTESIAN_POINT('',(6.47288157763578,-17.0581549366534,9.10573335922868));
#2506=CARTESIAN_POINT('',(5.65616507386688,-16.9340037415671,8.07393244828607));
#2507=CARTESIAN_POINT('',(5.54999298993405,-17.5442911868335,8.66080221846));
#2508=CARTESIAN_POINT('',(6.39503212406408,-17.6118384669172,8.58809530432884));
#2509=CARTESIAN_POINT('',(5.60470597478727,-17.223016447915,7.71501844877554));
#2510=CARTESIAN_POINT('',(5.47919333126491,-17.91702999574,8.22550462004809));
#2511=CARTESIAN_POINT('',(6.34271058198179,-17.9686642105094,8.15227116206573));
#2512=CARTESIAN_POINT('',(5.56042785190326,-17.4633098565799,7.32089671613208));
#2513=CARTESIAN_POINT('',(5.41731447763863,-18.230361051928,7.74113996925587));
#2514=CARTESIAN_POINT('',(6.29769036765282,-18.2653393128282,7.67369477242742));
#2515=CARTESIAN_POINT('',(5.52456955281362,-17.6526607597058,6.89070012897841));
#2516=CARTESIAN_POINT('',(5.36652064714942,-18.4797082463787,7.20640176152761));
#2517=CARTESIAN_POINT('',(6.26123109148471,-18.4991189194775,7.15131320231189));
#2518=CARTESIAN_POINT('',(5.49963096705699,-17.7817626488392,6.44695966155475));
#2519=CARTESIAN_POINT('',(5.33081914438161,-18.6510690519457,6.64989903084394));
#2520=CARTESIAN_POINT('',(6.23587454059866,-18.6585128719958,6.61248549187018));
#2521=CARTESIAN_POINT('',(5.49028174384599,-17.8295828633374,6.1370598850626));
#2522=CARTESIAN_POINT('',(5.31735642767896,-18.7148125927344,6.25938926695532));
#2523=CARTESIAN_POINT('',(6.22636862650838,-18.7175534719867,6.23617862041217));
#2524=CARTESIAN_POINT('',(5.48764210213216,-17.8430734466109,5.98105019269993));
#2525=CARTESIAN_POINT('',(5.31354482510372,-18.732843373011,6.06227558202939));
#2526=CARTESIAN_POINT('',(6.22368474498073,-18.7342094435362,6.04673827968829));
#2527=CARTESIAN_POINT('',(6.56569480333988,-16.2551755157867,9.54532832490608));
#2528=CARTESIAN_POINT('',(6.46448182065512,-16.2418955079073,9.54995533091632));
#2529=CARTESIAN_POINT('',(6.26535486340887,-16.2002971694193,9.52038093693842));
#2530=CARTESIAN_POINT('',(6.01416752957921,-16.1014756827921,9.3673315151348));
#2531=CARTESIAN_POINT('',(5.85352940823704,-15.9829452717429,9.13169717594855));
#2532=CARTESIAN_POINT('',(5.82327446791408,-15.9020385420423,8.94187640572485));
#2533=CARTESIAN_POINT('',(5.82879024611504,-15.8651354520189,8.84830657377228));
#2534=CARTESIAN_POINT('',(6.08864266394541,-13.7987635783201,-1.39131913722628));
#2535=CARTESIAN_POINT('',(6.08864266394541,-13.7987635783201,-2.14131913722628));
#2536=CARTESIAN_POINT('',(6.83475794190817,-13.875,-2.14131913722628));
#2537=CARTESIAN_POINT('',(6.11466760096786,-13.5440611317388,-1.39131913719986));
#2538=CARTESIAN_POINT('',(6.11931667179268,-13.4985613221727,-2.1365629106967));
#2539=CARTESIAN_POINT('',(6.86121905119435,-13.5690890718619,-2.14131913722628));
#2540=CARTESIAN_POINT('',(6.14982247924442,-13.1675373776357,-1.35512502623437));
#2541=CARTESIAN_POINT('',(6.16019276198701,-13.0544642929886,-2.08832376251852));
#2542=CARTESIAN_POINT('',(6.89696311720985,-13.11686439698,-2.09856467659496));
#2543=CARTESIAN_POINT('',(6.18950735515053,-12.6771925682876,-1.23739131161701));
#2544=CARTESIAN_POINT('',(6.20512199317906,-12.4762566229829,-1.94445805281554));
#2545=CARTESIAN_POINT('',(6.93731310280379,-12.5279346958451,-1.95949118293761));
#2546=CARTESIAN_POINT('',(6.22472516586281,-12.1922702337735,-1.07071389277309));
#2547=CARTESIAN_POINT('',(6.24402010189707,-11.9054993471002,-1.74488146416198));
#2548=CARTESIAN_POINT('',(6.97312115614548,-11.9455176699123,-1.76260271280551));
#2549=CARTESIAN_POINT('',(6.25187692451283,-11.7419540451227,-0.840008536943659));
#2550=CARTESIAN_POINT('',(6.27268175450627,-11.3746047651355,-1.47203771449508));
#2551=CARTESIAN_POINT('',(7.00072797220283,-11.4046644308365,-1.49008094665723));
#2552=CARTESIAN_POINT('',(6.27265686542739,-11.3247309682523,-0.546603295295619));
#2553=CARTESIAN_POINT('',(6.2933164581239,-10.8822885044068,-1.12701454119214));
#2554=CARTESIAN_POINT('',(7.02185618029232,-10.9035577457315,-1.14349465106807));
#2555=CARTESIAN_POINT('',(6.28107940066314,-11.1285795856525,-0.378766272663648));
#2556=CARTESIAN_POINT('',(6.30120068392892,-10.650524153558,-0.930008732614065));
#2557=CARTESIAN_POINT('',(7.03041987531758,-10.6679697004852,-0.945236393601469));
#2558=CARTESIAN_POINT('',(6.28479478145903,-11.0355375805496,-0.29127273751461));
#2559=CARTESIAN_POINT('',(6.30456205607201,-10.5405178325215,-0.827360566994825));
#2560=CARTESIAN_POINT('',(7.03419752507844,-10.5562213976273,-0.841884251481335));
#2561=CARTESIAN_POINT('',(7.02955281415409,-10.5722201029306,-0.856599793515794));
#2562=CARTESIAN_POINT('',(6.93239323502659,-10.5706359797152,-0.854426854308912));
#2563=CARTESIAN_POINT('',(6.74114458649267,-10.595686150326,-0.824981857557982));
#2564=CARTESIAN_POINT('',(6.49511237434399,-10.711976891055,-0.71172451464213));
#2565=CARTESIAN_POINT('',(6.32848163182048,-10.8881585153802,-0.546894677322773));
#2566=CARTESIAN_POINT('',(6.28506190235748,-11.0302397730282,-0.416065834299186));
#2567=CARTESIAN_POINT('',(6.28213802067377,-11.1008719234898,-0.351389749335833));
#2568=CARTESIAN_POINT('',(6.56379104085728,-16.2689154120765,9.54052935914086));
#2569=CARTESIAN_POINT('',(5.7837839245197,-16.1643500823537,9.57714042262218));
#2570=CARTESIAN_POINT('',(5.82214225027448,-15.9094617484117,8.83266345470972));
#2571=CARTESIAN_POINT('',(6.59013214383193,-16.0789873285878,9.60702816079836));
#2572=CARTESIAN_POINT('',(5.81307039208606,-15.9764668271866,9.6404590243064));
#2573=CARTESIAN_POINT('',(5.84804915923836,-15.7373121893929,8.89394770883614));
#2574=CARTESIAN_POINT('',(6.64136597531129,-15.6945974597758,9.72824213608204));
#2575=CARTESIAN_POINT('',(5.86987747496797,-15.5965419977766,9.75559350136859));
#2576=CARTESIAN_POINT('',(5.89843847702113,-15.3889037540229,9.00565661003892));
#2577=CARTESIAN_POINT('',(6.73809800161008,-14.9017425647332,9.92372320436619));
#2578=CARTESIAN_POINT('',(5.9764662841028,-14.8141882634492,9.93991744844887));
#2579=CARTESIAN_POINT('',(5.99357601936082,-14.6702653197572,9.18580890101045));
#2580=CARTESIAN_POINT('',(6.80135100694112,-14.2984320687355,10.0121183223507));
#2581=CARTESIAN_POINT('',(6.04572184960304,-14.2177688198932,10.0220086312873));
#2582=CARTESIAN_POINT('',(6.05578639275978,-14.1234286754678,9.26727245731776));
#2583=CARTESIAN_POINT('',(6.83895007479421,-13.8955174961177,10.0453942379496));
#2584=CARTESIAN_POINT('',(6.08652666450849,-13.8198448107759,10.0516438949779));
#2585=CARTESIAN_POINT('',(6.09276569573992,-13.7582295710456,9.29793901998505));
#2586=CARTESIAN_POINT('',(6.83637004098437,-13.909787236565,10.0442039432577));
#2587=CARTESIAN_POINT('',(6.7374007244888,-13.8997744471114,10.0448809067492));
#2588=CARTESIAN_POINT('',(6.54248277348037,-13.8770756028262,10.006936367473));
#2589=CARTESIAN_POINT('',(6.29329359312289,-13.8391317033315,9.84085094347498));
#2590=CARTESIAN_POINT('',(6.12817225208972,-13.803471514323,9.59251514866942));
#2591=CARTESIAN_POINT('',(6.09009860399875,-13.7844979318241,9.39411944317658));
#2592=CARTESIAN_POINT('',(6.09084847747527,-13.7771235783513,9.2963312962813));
#2593=CARTESIAN_POINT('',(7.07043107883307,-9.25,0.263430827824916));
#2594=CARTESIAN_POINT('',(6.32043107883306,-9.24999984205638,0.263430827824897));
#2595=CARTESIAN_POINT('',(6.32043107883307,-9.24999984205638,1.01343082782492));
#2596=CARTESIAN_POINT('',(7.07043105660574,-9.29184401860041,0.263430827824916));
#2597=CARTESIAN_POINT('',(6.32043107046805,-9.29010111853287,0.263430841296035));
#2598=CARTESIAN_POINT('',(6.32043105693501,-9.35398343174385,1.01343082763573));
#2599=CARTESIAN_POINT('',(7.06970829154661,-9.37633023959719,0.253372078559269));
#2600=CARTESIAN_POINT('',(6.32060898900367,-9.37116310522851,0.25429783788936));
#2601=CARTESIAN_POINT('',(6.3197202056396,-9.55580580915533,0.987076860261931));
#2602=CARTESIAN_POINT('',(7.06564436625618,-9.57644999577675,0.18226953190423));
#2603=CARTESIAN_POINT('',(6.3209849211745,-9.56672869368822,0.187263923558143));
#2604=CARTESIAN_POINT('',(6.31572326810202,-9.9451448631522,0.840572372991868));
#2605=CARTESIAN_POINT('',(7.05886513816141,-9.8108745086592,0.0199239893237889));
#2606=CARTESIAN_POINT('',(6.31987466599634,-9.8002901243894,0.0287555678721633));
#2607=CARTESIAN_POINT('',(6.3090557855367,-10.278377151117,0.595015477290972));
#2608=CARTESIAN_POINT('',(7.05069620756594,-10.0518422631122,-0.213856058454278));
#2609=CARTESIAN_POINT('',(6.31671587037466,-10.041307101391,-0.202824679465288));
#2610=CARTESIAN_POINT('',(6.30102150764149,-10.5736158466089,0.303451146484926));
#2611=CARTESIAN_POINT('',(7.04402671965066,-10.2306213732879,-0.413747609635554));
#2612=CARTESIAN_POINT('',(6.31352005915606,-10.2200636256247,-0.401253288614035));
#2613=CARTESIAN_POINT('',(6.2944619563406,-10.7786077514887,0.0699202707222517));
#2614=CARTESIAN_POINT('',(7.03805590681644,-10.3773718359466,-0.596052855223768));
#2615=CARTESIAN_POINT('',(6.31023250296774,-10.3668450569072,-0.582604549294007));
#2616=CARTESIAN_POINT('',(6.28858956349792,-10.939870833677,-0.133921063584633));
#2617=CARTESIAN_POINT('',(7.03305721343126,-10.4935579883124,-0.748979246602629));
#2618=CARTESIAN_POINT('',(6.30724975400338,-10.4829819542927,-0.734817193014822));
#2619=CARTESIAN_POINT('',(6.28367326615787,-11.0641839704233,-0.300292226431398));
#2620=CARTESIAN_POINT('',(7.03048985292134,-10.550250175616,-0.826463680382993));
#2621=CARTESIAN_POINT('',(6.3056870962952,-10.5396943437979,-0.811984263261771));
#2622=CARTESIAN_POINT('',(6.28114822477662,-11.1248745571681,-0.384641308117415));
#2623=CARTESIAN_POINT('',(7.02917815282834,-10.5810325699363,-0.868687840001455));
#2624=CARTESIAN_POINT('',(6.30477890508973,-10.570320262646,-0.853993785724792));
#2625=CARTESIAN_POINT('',(6.27985814611415,-11.1551495493844,-0.426865467736004));
#2626=CARTESIAN_POINT('',(7.07043107883305,-9.25,1.01343082782492));
#2627=CARTESIAN_POINT('',(6.83617781792381,-13.9116746245012,10.0440763371865));
#2628=CARTESIAN_POINT('',(6.08490330233,-13.8354926710188,10.0492269899054));
#2629=CARTESIAN_POINT('',(6.09003913541134,-13.7850756971907,9.29578464373078));
#2630=CARTESIAN_POINT('',(6.84689680001274,-13.8064495070078,10.0511905947336));
#2631=CARTESIAN_POINT('',(6.0955615510659,-13.7320261178415,10.0562223511339));
#2632=CARTESIAN_POINT('',(6.10058143098153,-13.6815850596576,9.30289890127805));
#2633=CARTESIAN_POINT('',(6.85724886988427,-13.7011870132241,10.0583073792871));
#2634=CARTESIAN_POINT('',(6.1058599408299,-13.6285138679903,10.0632208019007));
#2635=CARTESIAN_POINT('',(6.11076286234105,-13.5780576619239,9.31001568583055));
#2636=CARTESIAN_POINT('',(6.8672337758153,-13.5958897028038,10.0654265177893));
#2637=CARTESIAN_POINT('',(6.11579804334139,-13.5249584118594,10.070222173845));
#2638=CARTESIAN_POINT('',(6.12058318190901,-13.4744960214553,9.31713482433353));
#2639=CARTESIAN_POINT('',(6.86637125283281,-13.5977303233863,10.0653017602284));
#2640=CARTESIAN_POINT('',(6.76742357508906,-13.5883694190159,10.0658436809669));
#2641=CARTESIAN_POINT('',(6.57253429852414,-13.5674694289236,10.0276672102019));
#2642=CARTESIAN_POINT('',(6.32325576359074,-13.5333664054269,9.86137268664202));
#2643=CARTESIAN_POINT('',(6.15786594923902,-13.5020760631421,9.61293680480289));
#2644=CARTESIAN_POINT('',(6.11949234133011,-13.4859882844415,9.41455913973136));
#2645=CARTESIAN_POINT('',(6.12006958236315,-13.4799087630291,9.31676273617113));
#2646=CARTESIAN_POINT('',(6.32043107883306,-9.24999984205638,1.01343082782492));
#2647=CARTESIAN_POINT('',(6.32043107883306,-9.24999984205638,0.263430827824897));
#2648=CARTESIAN_POINT('',(7.07043107883307,-9.25,0.263430827824916));
#2649=CARTESIAN_POINT('',(6.32043110073112,-9.14601625285794,1.01343082763738));
#2650=CARTESIAN_POINT('',(6.32043108736052,-9.20989856505125,0.26343081439791));
#2651=CARTESIAN_POINT('',(7.0704311011301,-9.20815598160226,0.263430827824916));
#2652=CARTESIAN_POINT('',(6.3197203344465,-8.94419387606332,0.987076860502019));
#2653=CARTESIAN_POINT('',(6.32060904005159,-9.12883659194419,0.254297760067609));
#2654=CARTESIAN_POINT('',(7.06970842251489,-9.12366976088777,0.253372078652644));
#2655=CARTESIAN_POINT('',(6.31572356092825,-8.5548548221741,0.84057237371627));
#2656=CARTESIAN_POINT('',(6.32098505552415,-8.93327106475506,0.187263779727347));
#2657=CARTESIAN_POINT('',(7.06564466398859,-8.92355000498234,0.182269532318915));
#2658=CARTESIAN_POINT('',(6.30905621878657,-8.22162253356498,0.595015477823635));
#2659=CARTESIAN_POINT('',(6.3198749007227,-8.69970969507971,0.0287554134627573));
#2660=CARTESIAN_POINT('',(7.05886557867266,-8.6891254917974,0.0199239897378529));
#2661=CARTESIAN_POINT('',(6.30102206537078,-7.92638383772788,0.303451146736356));
#2662=CARTESIAN_POINT('',(6.31671620866027,-8.45869275446734,-0.202824831544079));
#2663=CARTESIAN_POINT('',(7.05069677464262,-8.44815773708038,-0.213856058241804));
#2664=CARTESIAN_POINT('',(6.29446260052958,-7.72139193248385,0.069920270568615));
#2665=CARTESIAN_POINT('',(6.3135204741953,-8.2799362493227,-0.40125343726238));
#2666=CARTESIAN_POINT('',(7.04402737463607,-8.26937862659577,-0.413747609759254));
#2667=CARTESIAN_POINT('',(6.28859027573352,-7.56012885007117,-0.133921064053687));
#2668=CARTESIAN_POINT('',(6.31023298099843,-8.13315482957001,-0.582604694524297));
#2669=CARTESIAN_POINT('',(7.03805663098903,-8.1226281637073,-0.596052855662733));
#2670=CARTESIAN_POINT('',(6.28367403086647,-7.43581571314518,-0.300292227170189));
#2671=CARTESIAN_POINT('',(6.30725028183206,-8.01701793913265,-0.734817335819841));
#2672=CARTESIAN_POINT('',(7.03305799095605,-8.00644201119757,-0.748979247255701));
#2673=CARTESIAN_POINT('',(6.28114901510878,-7.37512512630954,-0.384641309002537));
#2674=CARTESIAN_POINT('',(6.30568764846665,-7.96030555299564,-0.811984404820772));
#2675=CARTESIAN_POINT('',(7.03049065649961,-7.94974982373849,-0.82646368126844));
#2676=CARTESIAN_POINT('',(6.27985894922967,-7.34485013404077,-0.426865468694924));
#2677=CARTESIAN_POINT('',(6.30477947031734,-7.92967963420532,-0.853993927213657));
#2678=CARTESIAN_POINT('',(7.0291789694039,-7.91896742936468,-0.86868784096026));
#2679=CARTESIAN_POINT('',(7.02955362700872,-7.92777989638584,-0.856599794453484));
#2680=CARTESIAN_POINT('',(6.93239402565967,-7.9293640037767,-0.854426876953025));
#2681=CARTESIAN_POINT('',(6.74114533210311,-7.90431378934636,-0.824981911585204));
#2682=CARTESIAN_POINT('',(6.49511307861915,-7.78802295693379,-0.711724578295204));
#2683=CARTESIAN_POINT('',(6.32848234166502,-7.61184123763703,-0.546894719438397));
#2684=CARTESIAN_POINT('',(6.28506265347206,-7.46975992839585,-0.416065848069819));
#2685=CARTESIAN_POINT('',(6.28213880089722,-7.39912776062212,-0.35138974933754));
#2686=CARTESIAN_POINT('',(6.11492812200083,-4.96626736782905,9.31357700237088));
#2687=CARTESIAN_POINT('',(6.11072521439967,-4.92256323406121,10.0665084271344));
#2688=CARTESIAN_POINT('',(6.86148393836676,-4.85061173857839,10.0622933562904));
#2689=CARTESIAN_POINT('',(6.182898079853,-5.67305619405524,9.35567612897506));
#2690=CARTESIAN_POINT('',(6.18001910996312,-5.63584823254744,10.107596972411));
#2691=CARTESIAN_POINT('',(6.93059305756381,-5.57648303986861,10.1048164329555));
#2692=CARTESIAN_POINT('',(6.25991414525738,-6.73868054698571,9.40346307127988));
#2693=CARTESIAN_POINT('',(6.25865272863259,-6.71243408288081,10.1543108776655));
#2694=CARTESIAN_POINT('',(7.0088998949649,-6.67087800909697,10.1530846033633));
#2695=CARTESIAN_POINT('',(6.31171497152519,-8.16974968121514,9.43563078791041));
#2696=CARTESIAN_POINT('',(6.31153345046718,-8.15856009342468,10.1857529393546));
#2697=CARTESIAN_POINT('',(7.06156889151618,-8.14058434307124,10.1855762579876));
#2698=CARTESIAN_POINT('',(6.32478924673463,-9.24999988394925,9.44375318957154));
#2699=CARTESIAN_POINT('',(6.32487921434305,-9.24999988497676,10.1936916403114));
#2700=CARTESIAN_POINT('',(7.07486228865409,-9.25000004302388,10.1937804545365));
#2701=CARTESIAN_POINT('',(6.31171451453486,-10.3302500828838,9.43563078666564));
#2702=CARTESIAN_POINT('',(6.31153298869314,-10.3414396725188,10.1857529427806));
#2703=CARTESIAN_POINT('',(7.06156842686592,-10.3594157390747,10.1855762567285));
#2704=CARTESIAN_POINT('',(6.25991308280789,-11.7613191957584,9.40346306899176));
#2705=CARTESIAN_POINT('',(6.25865165494216,-11.7875656623389,10.1543108862155));
#2706=CARTESIAN_POINT('',(7.00889881471391,-11.8291220511164,10.1530846010621));
#2707=CARTESIAN_POINT('',(6.18289656654493,-12.8269435164569,9.35567612742372));
#2708=CARTESIAN_POINT('',(6.18001758073058,-12.8641514780161,10.1075969863224));
#2709=CARTESIAN_POINT('',(6.93059151887102,-12.9235169872477,10.1048164313441));
#2710=CARTESIAN_POINT('',(6.11492630966309,-13.5337323139827,9.31357700250794));
#2711=CARTESIAN_POINT('',(6.110723383641,-13.5774364452531,10.0665084459186));
#2712=CARTESIAN_POINT('',(6.86148209565464,-13.6493882590585,10.0622933564288));
#2713=CARTESIAN_POINT('',(6.86637307390631,-4.90226967632552,10.0653017602117));
#2714=CARTESIAN_POINT('',(6.76742539373446,-4.911630538839,10.065843678527));
#2715=CARTESIAN_POINT('',(6.57253611231894,-4.9325304464169,10.0276672042271));
#2716=CARTESIAN_POINT('',(6.32325756950138,-4.96663336432522,9.8613726795298));
#2717=CARTESIAN_POINT('',(6.15786774689573,-4.99792363662181,9.6129368001287));
#2718=CARTESIAN_POINT('',(6.11949413347232,-5.01401139932762,9.41455913821559));
#2719=CARTESIAN_POINT('',(6.12007137194137,-5.02009092108347,9.3167627361811));
#2720=CARTESIAN_POINT('',(6.83475990002177,-4.625,-2.14131913722667));
#2721=CARTESIAN_POINT('',(6.08864458978241,-4.70123610579264,-2.14131913722667));
#2722=CARTESIAN_POINT('',(6.08864458978241,-4.70123610579264,-1.39131913722667));
#2723=CARTESIAN_POINT('',(6.86122089899704,-4.93091093340695,-2.14131913722667));
#2724=CARTESIAN_POINT('',(6.11931847056146,-5.0014383750461,-2.13656293026413));
#2725=CARTESIAN_POINT('',(6.11466941829255,-4.95593855676226,-1.39131913720342));
#2726=CARTESIAN_POINT('',(6.89696480204968,-5.38313561426964,-2.09856467511515));
#2727=CARTESIAN_POINT('',(6.16019437282351,-5.44553542272351,-2.08832380735348));
#2728=CARTESIAN_POINT('',(6.14982413631666,-5.3324623158432,-1.35512502498098));
#2729=CARTESIAN_POINT('',(6.93731457572424,-5.97206531914373,-1.95949117872357));
#2730=CARTESIAN_POINT('',(6.20512335949221,-6.02374311375605,-1.94445812835652));
#2731=CARTESIAN_POINT('',(6.18950880379115,-5.82280712830504,-1.23739130804977));
#2732=CARTESIAN_POINT('',(6.97312241964203,-6.55448234560474,-1.76260270613699));
#2733=CARTESIAN_POINT('',(6.24402122756811,-6.59450041917426,-1.74488156511092));
#2734=CARTESIAN_POINT('',(6.22472640853353,-6.30772946325878,-1.07071388712781));
#2735=CARTESIAN_POINT('',(7.00072904146582,-7.09533558015886,-1.49008093996356));
#2736=CARTESIAN_POINT('',(6.27268265618822,-7.12539502660281,-1.47203783647169));
#2737=CARTESIAN_POINT('',(6.25187797614705,-6.75804564814492,-0.840008531277056));
#2738=CARTESIAN_POINT('',(7.02185706994319,-7.59644226047284,-1.1434946461048));
#2739=CARTESIAN_POINT('',(6.29331715216939,-7.61771131466565,-1.12701467977537));
#2740=CARTESIAN_POINT('',(6.27265774041964,-7.17526872102608,-0.546603291094127));
#2741=CARTESIAN_POINT('',(7.0304206805806,-7.8320303012562,-0.945236391974483));
#2742=CARTESIAN_POINT('',(6.30120128017508,-7.84947567814701,-0.930008878904269));
#2743=CARTESIAN_POINT('',(6.2810801926395,-7.3714200999106,-0.378766271286015));
#2744=CARTESIAN_POINT('',(7.03419829032002,-7.94377860207892,-0.841884251753594));
#2745=CARTESIAN_POINT('',(6.30456260587716,-7.95948200579742,-0.827360716531035));
#2746=CARTESIAN_POINT('',(6.28479553408674,-7.46446210331854,-0.291272737745138));
#2747=CARTESIAN_POINT('',(6.83475990002177,-4.625,-1.39131913722628));
#2748=CARTESIAN_POINT('',(6.09004105534429,-4.71492398644356,9.29578464369789));
#2749=CARTESIAN_POINT('',(6.0849052435325,-4.66450700970911,10.0492269683194));
#2750=CARTESIAN_POINT('',(6.8361797700344,-4.58832537501221,10.0440763371536));
#2751=CARTESIAN_POINT('',(6.10058330667901,-4.8184146242921,9.30289890126817));
#2752=CARTESIAN_POINT('',(6.09556344804875,-4.76797356330377,10.0562223295766));
#2753=CARTESIAN_POINT('',(6.84689870714528,-4.69355049282389,10.0511905947222));
#2754=CARTESIAN_POINT('',(6.11076469381642,-4.9219420221855,9.31001568583055));
#2755=CARTESIAN_POINT('',(6.1058617935974,-4.87148581341093,10.0632207803621));
#2756=CARTESIAN_POINT('',(6.85725073205816,-4.79881298677167,10.0583073792868));
#2757=CARTESIAN_POINT('',(6.1205849691767,-5.02550366265778,9.31713482433355));
#2758=CARTESIAN_POINT('',(6.11579985190317,-4.97504126964759,10.0702221523117));
#2759=CARTESIAN_POINT('',(6.86723559303719,-4.9041102971965,10.0654265177893));
#2760=CARTESIAN_POINT('',(6.83637199228642,-4.59021276293666,10.0442039432243));
#2761=CARTESIAN_POINT('',(6.73740267334088,-4.60022551052141,10.0448809038851));
#2762=CARTESIAN_POINT('',(6.54248471738171,-4.62292427221038,10.0069363604769));
#2763=CARTESIAN_POINT('',(6.29329552861051,-4.66086806611426,9.8408509351548));
#2764=CARTESIAN_POINT('',(6.12817417829642,-4.69652818509487,9.59251514320845));
#2765=CARTESIAN_POINT('',(6.09010052370243,-4.71550175197747,9.39411944140799));
#2766=CARTESIAN_POINT('',(6.0908503940554,-4.72287610576098,9.29633129628809));
#2767=CARTESIAN_POINT('',(-38.4295689211659,-9.2499904180869,-1.39131913722628));
#2768=CARTESIAN_POINT('',(6.5343357212264,-2.28599161640337,-2.14131913722628));
#2769=CARTESIAN_POINT('',(6.43609188695803,-2.3010267871896,-2.14131913722628));
#2770=CARTESIAN_POINT('',(6.24323790640972,-2.33491416139092,-2.10197732305505));
#2771=CARTESIAN_POINT('',(5.99896342933151,-2.39125922883177,-1.93430523308348));
#2772=CARTESIAN_POINT('',(5.83950742789117,-2.44473939299994,-1.68590917354665));
#2773=CARTESIAN_POINT('',(5.80451761993487,-2.47442865810981,-1.48852854475436));
#2774=CARTESIAN_POINT('',(5.80636429765574,-2.48650668113971,-1.39131913722629));
#2775=CARTESIAN_POINT('',(5.82214508628836,-2.59053793289896,8.83266345371219));
#2776=CARTESIAN_POINT('',(5.78378687219724,-2.33564960332945,9.5771403126118));
#2777=CARTESIAN_POINT('',(6.56379392440212,-2.23108458483204,9.54052935805846));
#2778=CARTESIAN_POINT('',(5.84805192045278,-2.76268749306662,8.89394770831975));
#2779=CARTESIAN_POINT('',(5.81307325779374,-2.52353285883597,9.64045892180557));
#2780=CARTESIAN_POINT('',(6.59013495132538,-2.42101266959917,9.60702816023659));
#2781=CARTESIAN_POINT('',(5.89844108711856,-3.11109593014813,9.00565661005872));
#2782=CARTESIAN_POINT('',(5.86988017535114,-2.90345768892106,9.75559341340279));
#2783=CARTESIAN_POINT('',(6.64136862915209,-2.80540254028356,9.72824213610415));
#2784=CARTESIAN_POINT('',(5.99357831877962,-3.82973436413181,9.1858089010204));
#2785=CARTESIAN_POINT('',(5.97646864576397,-3.68581142295085,9.93991738891519));
#2786=CARTESIAN_POINT('',(6.7381003395697,-3.5982574350225,9.92372320437673));
#2787=CARTESIAN_POINT('',(6.05578845768297,-4.37657101098968,9.26727245751168));
#2788=CARTESIAN_POINT('',(6.04572395488556,-4.28223086630033,10.0220085916971));
#2789=CARTESIAN_POINT('',(6.80135310646041,-4.20156793385313,10.0121183225605));
#2790=CARTESIAN_POINT('',(6.09276760423038,-4.74177011298157,9.29793901997786));
#2791=CARTESIAN_POINT('',(6.08652859903272,-4.68015487011522,10.0516438686241));
#2792=CARTESIAN_POINT('',(6.83895201527055,-4.6044825037879,10.0453942379418));
#2793=CARTESIAN_POINT('',(6.56569768131754,-2.24482448073937,9.54532832369571));
#2794=CARTESIAN_POINT('',(6.4644847017825,-2.25810444953077,9.54995531609266));
#2795=CARTESIAN_POINT('',(6.26535775000536,-2.29970270846643,9.52038090218889));
#2796=CARTESIAN_POINT('',(6.01417041214411,-2.39852408885175,9.36733147402837));
#2797=CARTESIAN_POINT('',(5.85353226903504,-2.51705442717499,9.13169714980595));
#2798=CARTESIAN_POINT('',(5.82327730093805,-2.59796114089696,8.94187639684217));
#2799=CARTESIAN_POINT('',(5.82879306324767,-2.63486423209374,8.84830657377249));
#2800=CARTESIAN_POINT('',(5.82038515444375,-2.57885376033228,-1.41367100256638));
#2801=CARTESIAN_POINT('',(5.79609259984025,-2.41772013637413,-2.17050416475262));
#2802=CARTESIAN_POINT('',(6.56200449649307,-2.30747788508064,-2.14649956187533));
#2803=CARTESIAN_POINT('',(5.78287859548653,-2.33007104210363,-1.35859213306958));
#2804=CARTESIAN_POINT('',(5.74531336265779,-2.08709683400641,-2.11057119579494));
#2805=CARTESIAN_POINT('',(6.52386933595253,-1.97863994579604,-2.07489703153058));
#2806=CARTESIAN_POINT('',(5.72469857284148,-1.96629494447113,-1.21563566917799));
#2807=CARTESIAN_POINT('',(5.66482746576074,-1.59929160804256,-1.94137647240691));
#2808=CARTESIAN_POINT('',(6.46471422917387,-1.49780517092999,-1.88905362847018));
#2809=CARTESIAN_POINT('',(5.65172700021397,-1.54076589985273,-0.915348667432676));
#2810=CARTESIAN_POINT('',(5.5610938669436,-1.0211335079041,-1.56927095002433));
#2811=CARTESIAN_POINT('',(6.39051966928583,-0.935346109720766,-1.49868052620156));
#2812=CARTESIAN_POINT('',(5.60240897897454,-1.26436555338078,-0.647340752612498));
#2813=CARTESIAN_POINT('',(5.48892466439738,-0.637568077839902,-1.22660947194954));
#2814=CARTESIAN_POINT('',(6.34037508903315,-0.570003528853011,-1.15027023693527));
#2815=CARTESIAN_POINT('',(5.55866805749122,-1.02729200329812,-0.331723756495678));
#2816=CARTESIAN_POINT('',(5.42344988224066,-0.30321181939792,-0.813920303419593));
#2817=CARTESIAN_POINT('',(6.29590107947986,-0.256642624107235,-0.739968141983396));
#2818=CARTESIAN_POINT('',(5.52411179413942,-0.844952155823813,0.0117265782114933));
#2819=CARTESIAN_POINT('',(5.37067979915444,-0.0421982058705206,-0.356308896477861));
#2820=CARTESIAN_POINT('',(6.26076566087608,-0.0156280547630238,-0.293482706864167));
#2821=CARTESIAN_POINT('',(5.49901937184487,-0.715063850045906,0.386778500206433));
#2822=CARTESIAN_POINT('',(5.3317474848573,0.146031447469041,0.150815069411671));
#2823=CARTESIAN_POINT('',(6.23525269519262,0.156056711417668,0.194084791729621));
#2824=CARTESIAN_POINT('',(5.4899989075555,-0.668950923035025,0.645190985469203));
#2825=CARTESIAN_POINT('',(5.31762309442064,0.213313327220832,0.50311709927064));
#2826=CARTESIAN_POINT('',(6.22608104993368,0.217008211599433,0.530021022570308));
#2827=CARTESIAN_POINT('',(5.48744333185482,-0.655891584117883,0.775329068387924));
#2828=CARTESIAN_POINT('',(5.31360706149202,0.232435367088092,0.681220646803066));
#2829=CARTESIAN_POINT('',(6.22348264335796,0.23426988526755,0.69920053036527));
#2830=CARTESIAN_POINT('',(5.50294283088529,-0.656511142665279,0.10935125379381));
#2831=CARTESIAN_POINT('',(5.50247012768034,-0.706535335882792,0.118285301800242));
#2832=CARTESIAN_POINT('',(5.50700336730925,-0.75631117904096,0.12748087691415));
#2833=CARTESIAN_POINT('',(5.51638498121271,-0.805131887003545,0.136813686526634));
#2834=CARTESIAN_POINT('',(5.48764355363877,-0.656914807872536,5.98091798785177));
#2835=CARTESIAN_POINT('',(5.31354573915314,0.23285866288293,6.06210839415678));
#2836=CARTESIAN_POINT('',(6.22368622081427,0.234223554977976,6.04657774522981));
#2837=CARTESIAN_POINT('',(5.4902801526132,-0.670389852504189,6.136815739829));
#2838=CARTESIAN_POINT('',(5.31735295374051,0.214848629603886,6.2590809085274));
#2839=CARTESIAN_POINT('',(6.2263670085943,0.217586768051941,6.23588215834706));
#2840=CARTESIAN_POINT('',(5.49949856494285,-0.717538197594775,6.4436741197981));
#2841=CARTESIAN_POINT('',(5.33062757266336,0.151999922047928,6.64576319397075));
#2842=CARTESIAN_POINT('',(6.23573991946051,0.159375682741135,6.60849590544941));
#2843=CARTESIAN_POINT('',(5.52455430917261,-0.847232588159654,6.89084406424381));
#2844=CARTESIAN_POINT('',(5.36649742302133,-0.0201477061134007,7.20657547200265));
#2845=CARTESIAN_POINT('',(6.26121559236214,-0.000749793865466183,7.15148798084897));
#2846=CARTESIAN_POINT('',(5.56044935040762,-1.03680072788245,7.32081986256027));
#2847=CARTESIAN_POINT('',(5.41734431367066,-0.269790037262237,7.74105197675475));
#2848=CARTESIAN_POINT('',(6.29771222646766,-0.234797608833861,7.67360145023291));
#2849=CARTESIAN_POINT('',(5.60449071110583,-1.27575806033841,7.71348015514043));
#2850=CARTESIAN_POINT('',(5.47889303184679,-0.581373484615745,8.22361934465703));
#2851=CARTESIAN_POINT('',(6.3424917105293,-0.529823142200368,8.15040323408039));
#2852=CARTESIAN_POINT('',(5.65654937654937,-1.5681557722002,8.07641880212722));
#2853=CARTESIAN_POINT('',(5.55051509554495,-0.958467567096215,8.66378686454909));
#2854=CARTESIAN_POINT('',(6.39542286757269,-0.890828138409889,8.59111444827841));
#2855=CARTESIAN_POINT('',(5.71375376969276,-1.90334797997957,8.39437821508848));
#2856=CARTESIAN_POINT('',(5.62787655447298,-1.38584598698579,9.04373673314421));
#2857=CARTESIAN_POINT('',(6.45358599356137,-1.30466879717638,8.97720802116072));
#2858=CARTESIAN_POINT('',(5.77469514318995,-2.278814227287,8.66541498994732));
#2859=CARTESIAN_POINT('',(5.70881836434071,-1.85928704663768,9.3623370916044));
#2860=CARTESIAN_POINT('',(6.5155487308627,-1.76823327010962,9.306324104915));
#2861=CARTESIAN_POINT('',(5.81560966461112,-2.54579894565155,8.80839199385623));
#2862=CARTESIAN_POINT('',(5.76237911089817,-2.19380109108167,9.52788746441918));
#2863=CARTESIAN_POINT('',(6.55714897051373,-2.09786244753033,9.4799390382401));
#2864=CARTESIAN_POINT('',(5.83610491517306,-2.68397032865248,8.8710438400435));
#2865=CARTESIAN_POINT('',(5.78895124612428,-2.36607776879588,9.5995527573155));
#2866=CARTESIAN_POINT('',(6.57798771689941,-2.26845393157156,9.55601628003406));
#2867=CARTESIAN_POINT('',(5.50294283088512,-0.656511142665279,6.75693391451985));
#2868=CARTESIAN_POINT('',(5.50247028636218,-0.706518543232735,6.74936775017663));
#2869=CARTESIAN_POINT('',(5.5070005409443,-0.756296471002582,6.74160886701878));
#2870=CARTESIAN_POINT('',(5.5163849812127,-0.805131887003536,6.73376749708741));
#2871=CARTESIAN_POINT('',(6.25290934829168,-0.663597945141813,-30.));
#2872=CARTESIAN_POINT('',(7.25,-13.6499999904326,3.70422573583363));
#2873=CARTESIAN_POINT('',(6.59020024024934,-13.4135971921403,1.76837505070481));
#2874=CARTESIAN_POINT('',(6.58442604677423,-13.4644946177439,1.76290943664712));
#2875=CARTESIAN_POINT('',(6.58036957600953,-13.4997058600656,1.75992235830111));
#2876=CARTESIAN_POINT('',(6.57427352095135,-13.5520430863592,1.75636382684183));
#2877=CARTESIAN_POINT('',(6.56326349507174,-13.644799319974,1.75293472988814));
#2878=CARTESIAN_POINT('',(6.54562527212321,-13.7885666304707,1.75638990208313));
#2879=CARTESIAN_POINT('',(6.52574382081652,-13.9436038821972,1.77448112953466));
#2880=CARTESIAN_POINT('',(6.50832371475546,-14.0745123618497,1.80012393891525));
#2881=CARTESIAN_POINT('',(6.4973035363394,-14.1553047190405,1.82023205222973));
#2882=CARTESIAN_POINT('',(6.48795848441976,-14.2223155712614,1.83992656983186));
#2883=CARTESIAN_POINT('',(6.4810826039165,-14.2711163354054,1.85549311209997));
#2884=CARTESIAN_POINT('',(6.47180818942097,-14.3362179059181,1.8783056298668));
#2885=CARTESIAN_POINT('',(6.46082019536441,-14.4118253323494,1.90864549934899));
#2886=CARTESIAN_POINT('',(6.44878448735847,-14.4929868480875,1.94486311824166));
#2887=CARTESIAN_POINT('',(6.43297443642615,-14.5970450840466,1.99808885274159));
#2888=CARTESIAN_POINT('',(6.41741094737408,-14.6975879466323,2.05822641773054));
#2889=CARTESIAN_POINT('',(6.40527477789112,-14.774382950856,2.11035661362937));
#2890=CARTESIAN_POINT('',(6.39631989268844,-14.8302495090246,2.15165852635216));
#2891=CARTESIAN_POINT('',(6.39091482059197,-14.8636377594124,2.17781873860026));
#2892=CARTESIAN_POINT('',(6.38745353625602,-14.8848997957751,2.19501795420283));
#2893=CARTESIAN_POINT('',(6.38274613356644,-14.9137140209833,2.21891403987866));
#2894=CARTESIAN_POINT('',(6.37539212144251,-14.958478227113,2.25773526029161));
#2895=CARTESIAN_POINT('',(6.36086039742684,-15.0460143790126,2.3397635216222));
#2896=CARTESIAN_POINT('',(6.3423188345887,-15.1551144268739,2.45965181361742));
#2897=CARTESIAN_POINT('',(6.32627634114933,-15.2468069883764,2.58228408291212));
#2898=CARTESIAN_POINT('',(6.31503578628919,-15.3099941960752,2.67981496711068));
#2899=CARTESIAN_POINT('',(6.30860544832483,-15.3458318038925,2.74096022192046));
#2900=CARTESIAN_POINT('',(6.30389235902797,-15.3720348260197,2.78889382177342));
#2901=CARTESIAN_POINT('',(6.29819333936498,-15.4036502083221,2.85022813261403));
#2902=CARTESIAN_POINT('',(6.28952849911658,-15.4514811082933,2.95298520196167));
#2903=CARTESIAN_POINT('',(6.27896635825235,-15.5091621926717,3.10536443087999));
#2904=CARTESIAN_POINT('',(6.26979542150068,-15.5584348764222,3.28957189352497));
#2905=CARTESIAN_POINT('',(6.26204693217615,-15.5993959609933,3.53298498666612));
#2906=CARTESIAN_POINT('',(6.26096502402425,-15.6055801078564,3.78830380013414));
#2907=CARTESIAN_POINT('',(6.26620438815706,-15.5775870732461,4.01109492922077));
#2908=CARTESIAN_POINT('',(6.27094468557788,-15.5520571217332,4.13756113008276));
#2909=CARTESIAN_POINT('',(6.27461974751402,-15.5322160460046,4.21576104225457));
#2910=CARTESIAN_POINT('',(6.27803412752961,-15.5137581222407,4.27834214534094));
#2911=CARTESIAN_POINT('',(6.28129804262535,-15.4961217204945,4.33334496560665));
#2912=CARTESIAN_POINT('',(6.28792393073319,-15.460272240762,4.43362384739157));
#2913=CARTESIAN_POINT('',(6.29932961841941,-15.3979892393569,4.57543791107311));
#2914=CARTESIAN_POINT('',(6.3135139899739,-15.3188534574187,4.716663566244));
#2915=CARTESIAN_POINT('',(6.32484588805107,-15.2545001425799,4.81331837180495));
#2916=CARTESIAN_POINT('',(6.33176685983275,-15.2148631695117,4.8680625847512));
#2917=CARTESIAN_POINT('',(6.33706201361,-15.1843873278846,4.9080309058555));
#2918=CARTESIAN_POINT('',(6.34196426304583,-15.156003601848,4.94308549732216));
#2919=CARTESIAN_POINT('',(6.3445060470193,-15.1412624642622,4.96070132104532));
#2920=CARTESIAN_POINT('',(6.3488243954278,-15.1162032590363,4.99017069752286));
#2921=CARTESIAN_POINT('',(6.35860594377828,-15.0592501079591,5.05387992804301));
#2922=CARTESIAN_POINT('',(6.37269423841988,-14.9758804890101,5.13650422802498));
#2923=CARTESIAN_POINT('',(6.38866012008714,-14.8786740892831,5.21951441422508));
#2924=CARTESIAN_POINT('',(6.40160616867099,-14.798314782621,5.28139922523007));
#2925=CARTESIAN_POINT('',(6.41318112584823,-14.7250292779445,5.33185706677497));
#2926=CARTESIAN_POINT('',(6.42295209430328,-14.6622320554268,5.37123369551643));
#2927=CARTESIAN_POINT('',(6.42919103967577,-14.6217585599693,5.39504431830938));
#2928=CARTESIAN_POINT('',(6.43380014180883,-14.5916419500749,5.41184199046934));
#2929=CARTESIAN_POINT('',(6.43625013764002,-14.575583369875,5.42058156270114));
#2930=CARTESIAN_POINT('',(6.43952340071684,-14.5540762970828,5.43206709272172));
#2931=CARTESIAN_POINT('',(6.44390138732566,-14.5250629032355,5.44699749767164));
#2932=CARTESIAN_POINT('',(6.4505291249594,-14.4806872194427,5.46873740306458));
#2933=CARTESIAN_POINT('',(6.45856158604784,-14.4261378273052,5.49356892754575));
#2934=CARTESIAN_POINT('',(6.47674931194405,-14.3005424733004,5.54535767452948));
#2935=CARTESIAN_POINT('',(6.50019749950876,-14.1323793138868,5.5972156473155));
#2936=CARTESIAN_POINT('',(6.51931352205587,-13.9907122252671,5.6252064166995));
#2937=CARTESIAN_POINT('',(6.53058519448876,-13.9056100198905,5.63766016612121));
#2938=CARTESIAN_POINT('',(6.53524930524175,-13.8698522030886,5.64187555226439));
#2939=CARTESIAN_POINT('',(6.53786597185138,-13.849455356663,5.64399617511349));
#2940=CARTESIAN_POINT('',(6.53847714546944,-13.844672848698,5.64449598963767));
#2941=CARTESIAN_POINT('',(6.54133659347878,-13.8221682704812,5.6466685008083));
#2942=CARTESIAN_POINT('',(6.54410216135944,-13.8002477268309,5.64848636683483));
#2943=CARTESIAN_POINT('',(6.54888378238458,-13.7620937686413,5.65117234647727));
#2944=CARTESIAN_POINT('',(6.55461371296976,-13.7158046003458,5.65335832398074));
#2945=CARTESIAN_POINT('',(6.56250602773429,-13.6511374300686,5.65468522810347));
#2946=CARTESIAN_POINT('',(6.57241630103319,-13.5682049455142,5.65327801431451));
#2947=CARTESIAN_POINT('',(6.58666501381107,-13.4454727781525,5.64514250493214));
#2948=CARTESIAN_POINT('',(6.60340740332306,-13.2952793486027,5.62453205623932));
#2949=CARTESIAN_POINT('',(6.62168799403714,-13.1221481358764,5.58406489770144));
#2950=CARTESIAN_POINT('',(6.64370025177331,-12.9022206317472,5.51186533573638));
#2951=CARTESIAN_POINT('',(6.66382728980326,-12.6812508090127,5.40453318500996));
#2952=CARTESIAN_POINT('',(6.67873124550751,-12.5022796141153,5.28282572403351));
#2953=CARTESIAN_POINT('',(6.68650733628234,-12.4046317608929,5.20570313745299));
#2954=CARTESIAN_POINT('',(6.69100690794237,-12.3463472650952,5.15499949903419));
#2955=CARTESIAN_POINT('',(6.69443563866596,-12.3008484293244,5.11238493816177));
#2956=CARTESIAN_POINT('',(6.69729480331872,-12.2623448116262,5.0746905848238));
#2957=CARTESIAN_POINT('',(6.70227822934704,-12.193866094962,5.0033923317913));
#2958=CARTESIAN_POINT('',(6.71119443391409,-12.066051113394,4.85158106237999));
#2959=CARTESIAN_POINT('',(6.72142457092806,-11.9069701470507,4.60299847060401));
#2960=CARTESIAN_POINT('',(6.72953280714019,-11.7687760577585,4.26146192950456));
#2961=CARTESIAN_POINT('',(6.73287044026292,-11.7071672045609,3.94550554330524));
#2962=CARTESIAN_POINT('',(6.73344368113689,-11.6967650958265,3.6810623577252));
#2963=CARTESIAN_POINT('',(6.73261859455244,-11.7131324903247,3.42072183693693));
#2964=CARTESIAN_POINT('',(6.72894743722636,-11.7805418554026,3.10869164612667));
#2965=CARTESIAN_POINT('',(6.72175357648026,-11.9015813794512,2.8263878389124));
#2966=CARTESIAN_POINT('',(6.71389405806196,-12.024277643174,2.62256238753123));
#2967=CARTESIAN_POINT('',(6.7080224580554,-12.1115236433985,2.503642186737));
#2968=CARTESIAN_POINT('',(6.70273857724662,-12.1871899315924,2.41360880516255));
#2969=CARTESIAN_POINT('',(6.69624451840992,-12.2768716825588,2.31690026315469));
#2970=CARTESIAN_POINT('',(6.68357234814633,-12.4427745940161,2.16337073620458));
#2971=CARTESIAN_POINT('',(6.66548443776304,-12.6592172684713,2.01581436157661));
#2972=CARTESIAN_POINT('',(6.64392092093698,-12.8942863157256,1.90308527571494));
#2973=CARTESIAN_POINT('',(6.62898204799872,-13.0477178562321,1.8475532233138));
#2974=CARTESIAN_POINT('',(6.61614578463261,-13.1735127392475,1.81249852914743));
#2975=CARTESIAN_POINT('',(6.60610452227854,-13.2689022993988,1.79097595236231));
#2976=CARTESIAN_POINT('',(6.59729330248868,-13.3499182397714,1.77699772903537));
#2977=CARTESIAN_POINT('',(6.59020024024934,-13.4135971921403,1.76837505070481));
#2978=CARTESIAN_POINT('',(6.58442604677423,-13.4644946177439,1.76290943664712));
#2979=CARTESIAN_POINT('',(6.58036957600953,-13.4997058600656,1.75992235830111));
#2980=CARTESIAN_POINT('',(6.58457839687362,-13.4630531988762,1.76320773047491));
#2981=CARTESIAN_POINT('',(7.1,-13.6499999904326,3.70422573583363));
#2982=CARTESIAN_POINT('',(7.1,-13.6499999904326,1.75422573583363));
#2983=CARTESIAN_POINT('',(7.25,-4.8499999904326,3.70422573583363));
#2984=CARTESIAN_POINT('',(6.52370767982972,-4.61619417160387,1.76829493918216));
#2985=CARTESIAN_POINT('',(6.52372131314215,-4.61628883750655,1.7682721216962));
#2986=CARTESIAN_POINT('',(6.52573152012206,-4.63200637627505,1.76643000992383));
#2987=CARTESIAN_POINT('',(6.5276800987465,-4.6473108844261,1.76476446850688));
#2988=CARTESIAN_POINT('',(6.53136986130544,-4.67642471215888,1.76183765722243));
#2989=CARTESIAN_POINT('',(6.53639806837518,-4.71653422464819,1.75860202723216));
#2990=CARTESIAN_POINT('',(6.54237022408297,-4.76481221227517,1.75588842414127));
#2991=CARTESIAN_POINT('',(6.55013476549824,-4.82843103772267,1.75389484997801));
#2992=CARTESIAN_POINT('',(6.55952183959488,-4.90688446263918,1.75431241182268));
#2993=CARTESIAN_POINT('',(6.57384035125581,-5.02967630387469,1.76084660407301));
#2994=CARTESIAN_POINT('',(6.59042762892235,-5.17755261554556,1.77926354299342));
#2995=CARTESIAN_POINT('',(6.60388082462845,-5.30392907077785,1.80674381870285));
#2996=CARTESIAN_POINT('',(6.61224798352197,-5.38525737548129,1.82893496898753));
#2997=CARTESIAN_POINT('',(6.61857771317251,-5.44775122850544,1.84759749232025));
#2998=CARTESIAN_POINT('',(6.62894337441687,-5.55262433240576,1.88329588491099));
#2999=CARTESIAN_POINT('',(6.64283790840127,-5.69994231201867,1.9456941263885));
#3000=CARTESIAN_POINT('',(6.65771723734673,-5.86788149118592,2.03735908255858));
#3001=CARTESIAN_POINT('',(6.66752547404685,-5.98572373131359,2.11738136893229));
#3002=CARTESIAN_POINT('',(6.6735565574461,-6.06118057007868,2.17576390948976));
#3003=CARTESIAN_POINT('',(6.67696022481412,-6.10444263000922,2.21083273425488));
#3004=CARTESIAN_POINT('',(6.68288171580065,-6.18138417801832,2.27737439710141));
#3005=CARTESIAN_POINT('',(6.69357517690341,-6.32682653853577,2.42134383431742));
#3006=CARTESIAN_POINT('',(6.70608286361287,-6.51255295931737,2.66276604109014));
#3007=CARTESIAN_POINT('',(6.71649517070591,-6.68330317111068,3.00282987101384));
#3008=CARTESIAN_POINT('',(6.7214172249172,-6.77117312437998,3.32488703505526));
#3009=CARTESIAN_POINT('',(6.72302786832664,-6.80053127393141,3.59566489245128));
#3010=CARTESIAN_POINT('',(6.72317089710926,-6.80144005874435,3.86329101679691));
#3011=CARTESIAN_POINT('',(6.72056487653887,-6.75213866520475,4.18848701252327));
#3012=CARTESIAN_POINT('',(6.71423691439079,-6.64352115956496,4.48694711987466));
#3013=CARTESIAN_POINT('',(6.70695907099209,-6.52731298496445,4.70444198053181));
#3014=CARTESIAN_POINT('',(6.70144877386597,-6.44335651976105,4.83107270925731));
#3015=CARTESIAN_POINT('',(6.69655314783774,-6.37122383569276,4.92541457345135));
#3016=CARTESIAN_POINT('',(6.69064415734231,-6.28711100380281,5.02509585882166));
#3017=CARTESIAN_POINT('',(6.67907371570494,-6.13088088836235,5.18412591129038));
#3018=CARTESIAN_POINT('',(6.65832075505253,-5.87418862325707,5.37852781286413));
#3019=CARTESIAN_POINT('',(6.62681672904455,-5.52744293212565,5.54606143859218));
#3020=CARTESIAN_POINT('',(6.59914639241157,-5.2568690483164,5.61659920813202));
#3021=CARTESIAN_POINT('',(6.57973798511905,-5.08189076143495,5.64082559441004));
#3022=CARTESIAN_POINT('',(6.5718030483278,-5.01204395950706,5.64791344549966));
#3023=CARTESIAN_POINT('',(6.56480570140137,-4.95168890802944,5.65183769334672));
#3024=CARTESIAN_POINT('',(6.55907391932522,-4.90303162850116,5.65362258781574));
#3025=CARTESIAN_POINT('',(6.55514445810873,-4.87002496117271,5.65420388102949));
#3026=CARTESIAN_POINT('',(6.55198259813399,-4.84369415706851,5.65424322316692));
#3027=CARTESIAN_POINT('',(6.54955370458684,-4.8235997637616,5.65409183387422));
#3028=CARTESIAN_POINT('',(6.54457121095925,-4.78270638209758,5.65332022183096));
#3029=CARTESIAN_POINT('',(6.53716282628244,-4.72293734263507,5.65055872573045));
#3030=CARTESIAN_POINT('',(6.527243292775,-4.64448273290945,5.6439407096671));
#3031=CARTESIAN_POINT('',(6.51284396671426,-4.532821530712,5.62976490808865));
#3032=CARTESIAN_POINT('',(6.49661785827087,-4.41047026484363,5.60609756478714));
#3033=CARTESIAN_POINT('',(6.47855799715505,-4.27892799046233,5.56972126367777));
#3034=CARTESIAN_POINT('',(6.46647736075139,-4.19308326552973,5.54090299715735));
#3035=CARTESIAN_POINT('',(6.45617262452911,-4.12152056909199,5.51339184865158));
#3036=CARTESIAN_POINT('',(6.44484979311672,-4.04378839363471,5.4806186133651));
#3037=CARTESIAN_POINT('',(6.42674644730915,-3.9215250369839,5.42187023503724));
#3038=CARTESIAN_POINT('',(6.40833278296196,-3.80152444564784,5.3504756382684));
#3039=CARTESIAN_POINT('',(6.39254735163449,-3.70187175688721,5.28118389141642));
#3040=CARTESIAN_POINT('',(6.3819596842956,-3.63633027972494,5.23115981764443));
#3041=CARTESIAN_POINT('',(6.37421016552952,-3.58911711509141,5.19204432938681));
#3042=CARTESIAN_POINT('',(6.36861235077729,-3.55525799834744,5.16247179542502));
#3043=CARTESIAN_POINT('',(6.36544902814646,-3.5361810896284,5.14525958505404));
#3044=CARTESIAN_POINT('',(6.36322836883975,-3.52279356559644,5.13287961368283));
#3045=CARTESIAN_POINT('',(6.36222428201144,-3.51673865286203,5.12722880041402));
#3046=CARTESIAN_POINT('',(6.3603971332856,-3.50571582190275,5.1168552045436));
#3047=CARTESIAN_POINT('',(6.3577561164317,-3.48982246672837,5.10159511988482));
#3048=CARTESIAN_POINT('',(6.35380886391593,-3.46614357900632,5.078241220657));
#3049=CARTESIAN_POINT('',(6.34891815291273,-3.4369424432982,5.04832351253136));
#3050=CARTESIAN_POINT('',(6.33761593275584,-3.36989639117838,4.97600602833865));
#3051=CARTESIAN_POINT('',(6.3220441238638,-3.27912065129985,4.86460042234657));
#3052=CARTESIAN_POINT('',(6.30724739848831,-3.1950982178231,4.73852893389115));
#3053=CARTESIAN_POINT('',(6.29692005480112,-3.13731507256248,4.63788384929844));
#3054=CARTESIAN_POINT('',(6.29106036046093,-3.10478099244956,4.57483392700907));
#3055=CARTESIAN_POINT('',(6.28681615433285,-3.08126530568019,4.52566659823443));
#3056=CARTESIAN_POINT('',(6.28194333484764,-3.05431403069286,4.46574442764873));
#3057=CARTESIAN_POINT('',(6.27452196751869,-3.01343954421267,4.36473542599743));
#3058=CARTESIAN_POINT('',(6.26214882596019,-2.94590302333992,4.15578662773375));
#3059=CARTESIAN_POINT('',(6.25253594069488,-2.89504103645754,3.85866085404187));
#3060=CARTESIAN_POINT('',(6.25336874596645,-2.89898644288904,3.55378434923365));
#3061=CARTESIAN_POINT('',(6.25960823197022,-2.9325487612224,3.34002380107182));
#3062=CARTESIAN_POINT('',(6.26478281513935,-2.960603768485,3.21888065709245));
#3063=CARTESIAN_POINT('',(6.26866903318135,-2.98173676754049,3.14398409745051));
#3064=CARTESIAN_POINT('',(6.272219389285,-3.00107864395742,3.08402978747406));
#3065=CARTESIAN_POINT('',(6.27556485174091,-3.01930632471996,3.03161556247628));
#3066=CARTESIAN_POINT('',(6.28229046434287,-3.05601753680891,2.93595141610109));
#3067=CARTESIAN_POINT('',(6.29366521494637,-3.11869203595479,2.8008141837933));
#3068=CARTESIAN_POINT('',(6.30759995452746,-3.19708641688955,2.66623920983973));
#3069=CARTESIAN_POINT('',(6.31864183053256,-3.26028945338268,2.57410263672734));
#3070=CARTESIAN_POINT('',(6.32536205503294,-3.29907580424924,2.52190268311147));
#3071=CARTESIAN_POINT('',(6.33049551669713,-3.32884916967082,2.48376835103457));
#3072=CARTESIAN_POINT('',(6.33523185411947,-3.35648159212088,2.45035067044649));
#3073=CARTESIAN_POINT('',(6.33771278173968,-3.37098170733885,2.43336201371007));
#3074=CARTESIAN_POINT('',(6.34191093649777,-3.39553554001898,2.40504008594787));
#3075=CARTESIAN_POINT('',(6.35139909711379,-3.45122408733247,2.34383704909782));
#3076=CARTESIAN_POINT('',(6.36498693419755,-3.53224267804281,2.26464165014266));
#3077=CARTESIAN_POINT('',(6.38032099428813,-3.62618291492368,2.1850896311155));
#3078=CARTESIAN_POINT('',(6.39272848336987,-3.70361038074218,2.12574123765089));
#3079=CARTESIAN_POINT('',(6.40379271462535,-3.77397293757617,2.07730743966619));
#3080=CARTESIAN_POINT('',(6.41313668876488,-3.83425919490481,2.03938180522385));
#3081=CARTESIAN_POINT('',(6.41912350769651,-3.8732295390505,2.01630125444072));
#3082=CARTESIAN_POINT('',(6.42367866091647,-3.90309811730065,1.99952459585682));
#3083=CARTESIAN_POINT('',(6.42604614484962,-3.91866475103295,1.99098001148824));
#3084=CARTESIAN_POINT('',(6.42972007686621,-3.94290027405004,1.97795111540742));
#3085=CARTESIAN_POINT('',(6.43418105492932,-3.97260506356169,1.96261985631569));
#3086=CARTESIAN_POINT('',(6.44113800974519,-4.0194061998718,1.93963394663375));
#3087=CARTESIAN_POINT('',(6.44944963632209,-4.07615842114617,1.91385507387533));
#3088=CARTESIAN_POINT('',(6.46819547602609,-4.20633448852049,1.86048542090183));
#3089=CARTESIAN_POINT('',(6.48654001757838,-4.33865441765293,1.82051464521109));
#3090=CARTESIAN_POINT('',(6.50267593649022,-4.45749037288243,1.79354681194716));
#3091=CARTESIAN_POINT('',(6.51074420369359,-4.51770560908074,1.78254594155013));
#3092=CARTESIAN_POINT('',(6.51599852307683,-4.55726856135091,1.77625740768744));
#3093=CARTESIAN_POINT('',(6.51931441803442,-4.58240941612193,1.77262451677909));
#3094=CARTESIAN_POINT('',(6.52164074787437,-4.60021295219859,1.77027693417318));
#3095=CARTESIAN_POINT('',(6.52287464848969,-4.60972313569169,1.76907925228898));
#3096=CARTESIAN_POINT('',(6.52370767982972,-4.61619417160387,1.76829493918216));
#3097=CARTESIAN_POINT('',(6.52372131314215,-4.61628883750655,1.7682721216962));
#3098=CARTESIAN_POINT('',(6.52573152012206,-4.63200637627505,1.76643000992383));
#3099=CARTESIAN_POINT('',(6.524080427572,-4.61909854573561,1.76794462947618));
#3100=CARTESIAN_POINT('',(7.1,-4.8499999904326,3.70422573583363));
#3101=CARTESIAN_POINT('',(7.1,-4.8499999904326,1.75422573583363));
#3102=CARTESIAN_POINT('',(-38.4295689211659,-9.2499904180869,-30.));
#3103=CARTESIAN_POINT('',(-38.4295689211659,-9.2499904180869,9.60753874393572));
#3104=CARTESIAN_POINT('',(6.36895204396965,-4.99646019763392,9.31676273620529));
#3105=CARTESIAN_POINT('',(6.33956782039744,-4.69758496435156,9.29633129628616));
#3106=CARTESIAN_POINT('',(6.36895024439379,-13.5035395917744,9.31676273620529));
#3107=CARTESIAN_POINT('',(6.637362954551,-10.6766081401197,9.48209944226057));
#3108=CARTESIAN_POINT('',(6.63736355808876,-7.82339176255605,9.48209944888517));
#3109=CARTESIAN_POINT('',(6.36895204396965,-4.99646019763392,9.3167627362053));
#3110=CARTESIAN_POINT('',(6.36895024439379,-13.5035395917744,9.31676273620529));
#3111=CARTESIAN_POINT('',(-38.4295689211659,-9.2499904180869,9.60754003959969));
#3112=CARTESIAN_POINT('',(6.33956589311009,-13.8024148250571,9.29633129628615));
#3113=CARTESIAN_POINT('',(6.07604364928421,-15.9020915695269,8.84830657377238));
#3114=CARTESIAN_POINT('',(6.17722635014977,-15.2251328190456,9.08381016449107));
#3115=CARTESIAN_POINT('',(6.26659948456549,-14.5199759944518,9.23481296099685));
#3116=CARTESIAN_POINT('',(6.33956589311009,-13.8024148250571,9.29633129628615));
#3117=CARTESIAN_POINT('',(6.07604364928421,-15.9020915695269,8.84830657377238));
#3118=CARTESIAN_POINT('',(5.76189310357313,-17.7420269297868,6.7338278465339));
#3119=CARTESIAN_POINT('',(5.77587267441929,-17.6692790473066,6.9654588008456));
#3120=CARTESIAN_POINT('',(5.81282639902625,-17.4750850091671,7.41335939472777));
#3121=CARTESIAN_POINT('',(5.87517420585325,-17.1326358033679,7.90057178958746));
#3122=CARTESIAN_POINT('',(5.933286343634,-16.7972373512022,8.24882098999053));
#3123=CARTESIAN_POINT('',(5.99455318002986,-16.4306398461264,8.55760038346967));
#3124=CARTESIAN_POINT('',(6.04344679220485,-16.120179517855,8.7457935697708));
#3125=CARTESIAN_POINT('',(6.07604364928421,-15.9020915695269,8.84830657377238));
#3126=CARTESIAN_POINT('',(5.76189310357313,-17.7420269297868,6.7338278465339));
#3127=CARTESIAN_POINT('',(5.76189310357314,-17.7420269297868,-30.));
#3128=CARTESIAN_POINT('',(5.76189310357313,-17.7420269297868,0.136763530884142));
#3129=CARTESIAN_POINT('',(6.05348951832452,-16.0512779336148,-1.39131913722628));
#3130=CARTESIAN_POINT('',(6.02420156054856,-16.2428325377022,-1.34124281324156));
#3131=CARTESIAN_POINT('',(5.9658907985748,-16.6077157972479,-1.19708530041319));
#3132=CARTESIAN_POINT('',(5.89585686878489,-17.0149755039242,-0.909908224606139));
#3133=CARTESIAN_POINT('',(5.84601017417897,-17.2927490288134,-0.626455318744292));
#3134=CARTESIAN_POINT('',(5.80196876597362,-17.5321516721462,-0.316428834699694));
#3135=CARTESIAN_POINT('',(5.7754582506147,-17.6714356553002,-0.0500349760863717));
#3136=CARTESIAN_POINT('',(5.76189310357313,-17.7420269297868,0.13676353088414));
#3137=CARTESIAN_POINT('',(6.05348951832452,-16.0512779336148,-1.39131913722628));
#3138=CARTESIAN_POINT('',(-38.4295689211659,-9.2499904180869,-1.39131913722628));
#3139=CARTESIAN_POINT('',(6.33734775659966,-13.8241757188801,-1.39131913722628));
#3140=CARTESIAN_POINT('',(6.53192409297456,-11.1112120436315,-0.351389749335992));
#3141=CARTESIAN_POINT('',(6.52420456668757,-11.2976924833929,-0.518348102803087));
#3142=CARTESIAN_POINT('',(6.50523785013166,-11.6988770479081,-0.815725831174978));
#3143=CARTESIAN_POINT('',(6.47125388565265,-12.2520911633479,-1.08830657561016));
#3144=CARTESIAN_POINT('',(6.43637712532631,-12.727082464648,-1.24580026230526));
#3145=CARTESIAN_POINT('',(6.39728410212287,-13.2066837087497,-1.35704243016256));
#3146=CARTESIAN_POINT('',(6.36280363161575,-13.5750426031737,-1.39131913722628));
#3147=CARTESIAN_POINT('',(6.33734775659966,-13.8241757188801,-1.39131913722628));
#3148=CARTESIAN_POINT('',(6.53192409297456,-11.1112120436315,-0.351389749335992));
#3149=CARTESIAN_POINT('',(6.57043107883306,-9.24999989470426,1.01343082782492));
#3150=CARTESIAN_POINT('',(6.57043105759033,-9.35087163563174,1.01343082782492));
#3151=CARTESIAN_POINT('',(6.56976514183738,-9.54753719828485,0.988869874114317));
#3152=CARTESIAN_POINT('',(6.56597152832375,-9.92866203926942,0.85058317589677));
#3153=CARTESIAN_POINT('',(6.55807602299858,-10.3349274992972,0.561448294890469));
#3154=CARTESIAN_POINT('',(6.54599891127597,-10.7494256069025,0.126299459785581));
#3155=CARTESIAN_POINT('',(6.53679377284135,-10.9935752859736,-0.189939808651268));
#3156=CARTESIAN_POINT('',(6.53192409297456,-11.1112120436315,-0.351389749335992));
#3157=CARTESIAN_POINT('',(6.57043107883306,-9.24999989470426,1.01343082782492));
#3158=CARTESIAN_POINT('',(6.53192487755679,-7.38878774577587,-0.35138974933751));
#3159=CARTESIAN_POINT('',(6.53679270666776,-7.5063809942931,-0.189999522540799));
#3160=CARTESIAN_POINT('',(6.54599697126146,-7.75055479106632,0.126200620953561));
#3161=CARTESIAN_POINT('',(6.55805949330205,-8.16434026282375,0.560875843660728));
#3162=CARTESIAN_POINT('',(6.5675734070211,-8.65352600703821,0.909056199555814));
#3163=CARTESIAN_POINT('',(6.57043112130646,-9.04831368519509,1.01343082782492));
#3164=CARTESIAN_POINT('',(6.57043107883306,-9.24999989470425,1.01343082782492));
#3165=CARTESIAN_POINT('',(6.53192487755679,-7.38878774577587,-0.35138974933751));
#3166=CARTESIAN_POINT('',(6.33734969319553,-4.67582407052843,-1.39131913722667));
#3167=CARTESIAN_POINT('',(6.36280546207556,-4.9249571905617,-1.39131913722667));
#3168=CARTESIAN_POINT('',(6.39728577576735,-5.29331608953996,-1.35704242900446));
#3169=CARTESIAN_POINT('',(6.43637859507812,-5.77291733657593,-1.24580025904628));
#3170=CARTESIAN_POINT('',(6.47125515363413,-6.24790863841988,-1.08830657041747));
#3171=CARTESIAN_POINT('',(6.50523888338655,-6.80112274943436,-0.815725825889065));
#3172=CARTESIAN_POINT('',(6.5242054301456,-7.20230730918965,-0.518348099961686));
#3173=CARTESIAN_POINT('',(6.53192487755679,-7.38878774577587,-0.35138974933751));
#3174=CARTESIAN_POINT('',(6.33734969319553,-4.67582407052843,-1.39131913722667));
#3175=CARTESIAN_POINT('',(-38.4295689211659,-9.2499904180869,-1.39131913722628));
#3176=CARTESIAN_POINT('',(6.05349241619664,-2.44872185579364,-1.39131913722628));
#3177=CARTESIAN_POINT('',(5.76189310357236,-0.75795390638297,0.136813686526632));
#3178=CARTESIAN_POINT('',(5.77545377763308,-0.828521904054446,-0.0499352544739231));
#3179=CARTESIAN_POINT('',(5.80155748965601,-0.96559570462046,-0.313409819444762));
#3180=CARTESIAN_POINT('',(5.84630456098111,-1.20884859834538,-0.628336422147701));
#3181=CARTESIAN_POINT('',(5.89539879667201,-1.48247912378324,-0.907137751262062));
#3182=CARTESIAN_POINT('',(5.9652167461451,-1.88810318779104,-1.19533603183544));
#3183=CARTESIAN_POINT('',(6.02421341397466,-2.25722527838194,-1.34125798261128));
#3184=CARTESIAN_POINT('',(6.05349241619664,-2.44872185579364,-1.39131913722628));
#3185=CARTESIAN_POINT('',(5.76189310357236,-0.75795390638297,0.136813686526632));
#3186=CARTESIAN_POINT('',(5.76189310357236,-0.757953906382969,-30.));
#3187=CARTESIAN_POINT('',(5.76189310357236,-0.757953906382969,6.73376749708741));
#3188=CARTESIAN_POINT('',(6.07604648215502,-2.59790821988155,8.84830657377238));
#3189=CARTESIAN_POINT('',(6.0434458410722,-2.37979431949636,8.74578137091546));
#3190=CARTESIAN_POINT('',(5.9785498735668,-1.96763139847171,8.49631250896924));
#3191=CARTESIAN_POINT('',(5.90305927878133,-1.52588632286033,8.08335999484846));
#3192=CARTESIAN_POINT('',(5.85001899416751,-1.22922282897416,7.70360750658669));
#3193=CARTESIAN_POINT('',(5.8034484359304,-0.975581376600713,7.2999850437752));
#3194=CARTESIAN_POINT('',(5.77587353963493,-0.830706291337623,6.96542731577612));
#3195=CARTESIAN_POINT('',(5.76189310357236,-0.757953906382969,6.73376749708741));
#3196=CARTESIAN_POINT('',(6.07604648215502,-2.59790821988155,8.84830657377238));
#3197=CARTESIAN_POINT('',(6.33956782039745,-4.69758496435156,9.29633129628616));
#3198=CARTESIAN_POINT('',(6.26660171935609,-3.98002380065094,9.23481296148504));
#3199=CARTESIAN_POINT('',(6.17722888892606,-3.27486697462297,9.08381016597308));
#3200=CARTESIAN_POINT('',(6.07604648215501,-2.59790821988155,8.84830657377238));
#3201=CARTESIAN_POINT('',(12.3204313395545,-13.7365169420157,9.80534799154469));
#3202=CARTESIAN_POINT('',(12.3204313395545,-13.8909271028453,9.79490833912908));
#3203=CARTESIAN_POINT('',(6.83741565124476,-13.8909271028453,9.79490833912908));
#3204=CARTESIAN_POINT('',(6.83657754935191,-13.8908849188475,9.7949111911841));
#3205=CARTESIAN_POINT('',(6.83685620222011,-13.8909131097108,9.79490928520322));
#3206=CARTESIAN_POINT('',(6.83713557296602,-13.8909271028452,9.79490833912909));
#3207=CARTESIAN_POINT('',(6.83741565124476,-13.8909271028452,9.79490833912909));
#3208=CARTESIAN_POINT('',(6.83657754935192,-13.8908849188475,9.7949111911841));
#3209=CARTESIAN_POINT('',(-38.4295689211659,-9.28371835906002,10.1064011685702));
#3210=CARTESIAN_POINT('',(6.86694150703954,-13.5821067811866,9.81578764396027));
#3211=CARTESIAN_POINT('',(12.3204313395545,-13.5821067811866,9.81578764396027));
#3212=CARTESIAN_POINT('',(12.3204313395545,-13.1082915393437,0.51343082782493));
#3213=CARTESIAN_POINT('',(12.3204313395545,-16.1627383741631,9.31278863117422));
#3214=CARTESIAN_POINT('',(6.57369020708224,-16.1627383741631,9.31278863117422));
#3215=CARTESIAN_POINT('',(6.56720095239694,-16.1623162323922,9.3129351543397));
#3216=CARTESIAN_POINT('',(6.56935370352804,-16.1625987214843,9.31283711146924));
#3217=CARTESIAN_POINT('',(6.57151686560543,-16.1627383741631,9.31278863117422));
#3218=CARTESIAN_POINT('',(6.57369020708224,-16.1627383741631,9.31278863117422));
#3219=CARTESIAN_POINT('',(6.56720095239695,-16.1623162323922,9.3129351543397));
#3220=CARTESIAN_POINT('',(6.83741565124476,-13.8909271028453,9.79490833912908));
#3221=CARTESIAN_POINT('',(6.7628102795282,-14.6669194877541,9.7294748737464));
#3222=CARTESIAN_POINT('',(6.67115922896456,-15.4298246439337,9.5671594055696));
#3223=CARTESIAN_POINT('',(6.56720095239698,-16.1623162323922,9.3129351543397));
#3224=CARTESIAN_POINT('',(12.3204313395545,-14.5005416517505,5.67450578675424));
#3225=CARTESIAN_POINT('',(12.3204313395545,-18.5,5.74033071073476));
#3226=CARTESIAN_POINT('',(6.35610715513697,-18.4999938909475,5.74051506124493));
#3227=CARTESIAN_POINT('',(6.22561448592583,-18.4738921791691,6.13546737546015));
#3228=CARTESIAN_POINT('',(6.25005026515852,-18.48137357921,6.07097995280573));
#3229=CARTESIAN_POINT('',(6.29819284185883,-18.4931894390106,5.94146457973156));
#3230=CARTESIAN_POINT('',(6.34424970437409,-18.4988270057881,5.81066087508087));
#3231=CARTESIAN_POINT('',(6.35606348514556,-18.4999853372574,5.74121565453075));
#3232=CARTESIAN_POINT('',(6.22561448592577,-18.473892179169,6.13546737546013));
#3233=CARTESIAN_POINT('',(6.57369020708224,-16.1627383741631,9.31278863117422));
#3234=CARTESIAN_POINT('',(6.53293571515848,-16.4753566328165,9.16996492363951));
#3235=CARTESIAN_POINT('',(6.47189131420311,-16.9140061784088,8.89665108922111));
#3236=CARTESIAN_POINT('',(6.39669782186604,-17.4177511772021,8.42736015333704));
#3237=CARTESIAN_POINT('',(6.34590670261353,-17.7443710498902,8.03325627936777));
#3238=CARTESIAN_POINT('',(6.30192273218488,-18.017918769203,7.60244264635199));
#3239=CARTESIAN_POINT('',(6.25357060612108,-18.3105403408738,6.97491224956371));
#3240=CARTESIAN_POINT('',(6.23243545036413,-18.4340050259432,6.4792826633064));
#3241=CARTESIAN_POINT('',(6.22561448592583,-18.473892179169,6.1354673754601));
#3242=CARTESIAN_POINT('',(12.3204313395545,-15.5010559472133,1.02909086179677));
#3243=CARTESIAN_POINT('',(12.3204313395545,-16.1875,-1.89131913722628));
#3244=CARTESIAN_POINT('',(6.55593180768537,-16.1875,-1.89131913722628));
#3245=CARTESIAN_POINT('',(6.22539181756584,-18.4738239633008,0.625791565333816));
#3246=CARTESIAN_POINT('',(6.23207210425293,-18.4328117883954,0.323485851195246));
#3247=CARTESIAN_POINT('',(6.25291542030023,-18.3049693148694,-0.110890809113235));
#3248=CARTESIAN_POINT('',(6.29998236307502,-18.0060859783572,-0.642087186350851));
#3249=CARTESIAN_POINT('',(6.3564590350539,-17.6380530887158,-1.11383800676345));
#3250=CARTESIAN_POINT('',(6.44407784490603,-17.0399311593141,-1.599268834514));
#3251=CARTESIAN_POINT('',(6.51867539582506,-16.4822629891502,-1.82203492680669));
#3252=CARTESIAN_POINT('',(6.55593180768537,-16.1875,-1.89131913722628));
#3253=CARTESIAN_POINT('',(6.22539181756584,-18.4738239633008,0.625791565333816));
#3254=CARTESIAN_POINT('',(6.35606348514557,-18.4999853372574,0.948950275761733));
#3255=CARTESIAN_POINT('',(6.34054369629444,-18.4984636347499,0.892006864208895));
#3256=CARTESIAN_POINT('',(6.29505294885097,-18.492491805339,0.784666224972695));
#3257=CARTESIAN_POINT('',(6.24873966787444,-18.4809811752504,0.678548242458773));
#3258=CARTESIAN_POINT('',(6.22539181756592,-18.4738239633008,0.625791565333786));
#3259=CARTESIAN_POINT('',(6.35606483544437,-18.4999856017419,0.949229599613228));
#3260=CARTESIAN_POINT('',(12.3204313395545,-18.5,0.949500860819814));
#3261=CARTESIAN_POINT('',(12.3204313395545,-18.5,-1.89131913722628));
#3262=CARTESIAN_POINT('',(12.3204313395545,-13.875,-1.89131913722628));
#3263=CARTESIAN_POINT('',(6.83475794190817,-13.875,-1.89131913722628));
#3264=CARTESIAN_POINT('',(-38.4295689211659,-9.2499904180869,-1.89131913722628));
#3265=CARTESIAN_POINT('',(6.53863238980459,-16.1861904480765,-1.89131913722628));
#3266=CARTESIAN_POINT('',(6.55593180768537,-16.1875,-1.89131913722628));
#3267=CARTESIAN_POINT('',(6.55013229105176,-16.1875,-1.89131913722628));
#3268=CARTESIAN_POINT('',(6.5443655178896,-16.1870674528174,-1.89131913722628));
#3269=CARTESIAN_POINT('',(6.5386323898046,-16.1861904480767,-1.89131913722628));
#3270=CARTESIAN_POINT('',(12.3204313395545,-13.875,2.74650655269878));
#3271=CARTESIAN_POINT('',(12.3204313395545,-10.7593771782904,-0.688944154700682));
#3272=CARTESIAN_POINT('',(7.03299748261221,-10.7593771782904,-0.688944154700682));
#3273=CARTESIAN_POINT('',(6.83475794190817,-13.875,-1.89131913722628));
#3274=CARTESIAN_POINT('',(6.8608789296096,-13.5884665991749,-1.89131913722628));
#3275=CARTESIAN_POINT('',(6.89620864425555,-13.1648528471222,-1.85176628530736));
#3276=CARTESIAN_POINT('',(6.93617182142946,-12.613268872642,-1.72327640203478));
#3277=CARTESIAN_POINT('',(6.9717280659476,-12.0673406914772,-1.54130818723955));
#3278=CARTESIAN_POINT('',(7.00617824353355,-11.4327521208116,-1.22671666603351));
#3279=CARTESIAN_POINT('',(7.02528171278899,-10.9724427666828,-0.882174116721775));
#3280=CARTESIAN_POINT('',(7.03299748261221,-10.7593771782904,-0.688944154700683));
#3281=CARTESIAN_POINT('',(7.5,-10.7593771782904,-0.688944154700677));
#3282=CARTESIAN_POINT('',(7.02736275648863,-10.7593771782904,-0.688944154700677));
#3283=CARTESIAN_POINT('',(7.5,-10.2562514521936,0.00119257559341372));
#3284=CARTESIAN_POINT('',(7.02736275648863,-10.2562514521936,0.00119257559341372));
#3285=CARTESIAN_POINT('',(7.5,-9.75312572609681,0.513430827824916));
#3286=CARTESIAN_POINT('',(7.02736275648863,-9.75312572609681,0.513430827824916));
#3287=CARTESIAN_POINT('',(7.5,-9.25,0.513430827824916));
#3288=CARTESIAN_POINT('',(7.02736275648863,-9.25,0.513430827824916));
#3289=CARTESIAN_POINT('',(12.3204313395545,-9.25,0.513430827824917));
#3290=CARTESIAN_POINT('',(7.07043107883305,-9.25,0.513430827824917));
#3291=CARTESIAN_POINT('',(7.03018166648974,-10.7593541499942,-0.688912566948817));
#3292=CARTESIAN_POINT('',(7.03449881812261,-10.6614721553129,-0.554649052052428));
#3293=CARTESIAN_POINT('',(7.0428354255037,-10.4595205808512,-0.290525622027459));
#3294=CARTESIAN_POINT('',(7.05447442864548,-10.1249501345978,0.0789928231962781));
#3295=CARTESIAN_POINT('',(7.06515971152092,-9.73977310486578,0.395896797203443));
#3296=CARTESIAN_POINT('',(7.07043101947918,-9.41831265811777,0.513430827824916));
#3297=CARTESIAN_POINT('',(7.07043107883306,-9.25,0.513430827824916));
#3298=CARTESIAN_POINT('',(7.03018166648969,-10.7593541499942,-0.688912566948823));
#3299=CARTESIAN_POINT('',(7.03299748261221,-10.7593771782904,-0.688944154700682));
#3300=CARTESIAN_POINT('',(7.03205869634454,-10.7593771782904,-0.688944154700682));
#3301=CARTESIAN_POINT('',(7.03112009089481,-10.7593695054373,-0.68893362981924));
#3302=CARTESIAN_POINT('',(7.03018166648969,-10.7593541499942,-0.688912566948832));
#3303=CARTESIAN_POINT('',(7.5,-9.25,0.513430827824917));
#3304=CARTESIAN_POINT('',(7.02736356790578,-9.25,0.513430827824917));
#3305=CARTESIAN_POINT('',(7.5,-8.74687427390281,0.513430827824917));
#3306=CARTESIAN_POINT('',(7.02736356790578,-8.74687427390281,0.513430827824917));
#3307=CARTESIAN_POINT('',(7.5,-8.24374854780561,0.00119257559263413));
#3308=CARTESIAN_POINT('',(7.02736356790578,-8.24374854780561,0.00119257559263413));
#3309=CARTESIAN_POINT('',(7.5,-7.74062282170841,-0.688944154702255));
#3310=CARTESIAN_POINT('',(7.02736356790578,-7.74062282170841,-0.688944154702255));
#3311=CARTESIAN_POINT('',(12.3204313395545,-7.74062282170982,-0.688944154700974));
#3312=CARTESIAN_POINT('',(7.03299826044841,-7.74062282170982,-0.688944154700974));
#3313=CARTESIAN_POINT('',(7.03018247306738,-7.74064584953459,-0.688912567595214));
#3314=CARTESIAN_POINT('',(7.03112088789753,-7.74063049440497,-0.68893363003557));
#3315=CARTESIAN_POINT('',(7.03205948376673,-7.74062282170841,-0.688944154702255));
#3316=CARTESIAN_POINT('',(7.03299826044836,-7.74062282170841,-0.688944154702255));
#3317=CARTESIAN_POINT('',(7.03018247306738,-7.74064584953459,-0.688912567595214));
#3318=CARTESIAN_POINT('',(7.07043107883305,-9.25,0.513430827824917));
#3319=CARTESIAN_POINT('',(7.07043109289934,-9.16725850662595,0.513430827824917));
#3320=CARTESIAN_POINT('',(7.06909854869956,-9.00156525967524,0.48495472363735));
#3321=CARTESIAN_POINT('',(7.06482487588746,-8.77239543722961,0.378358574992889));
#3322=CARTESIAN_POINT('',(7.05983209401492,-8.56948508648418,0.2376827904324));
#3323=CARTESIAN_POINT('',(7.05253730314267,-8.31856650023428,0.0175944464322182));
#3324=CARTESIAN_POINT('',(7.0428411426265,-8.04089786743495,-0.290408713879306));
#3325=CARTESIAN_POINT('',(7.03450083980993,-7.83855637652625,-0.554609915261788));
#3326=CARTESIAN_POINT('',(7.03018247306743,-7.74064584953459,-0.688912567595215));
#3327=CARTESIAN_POINT('',(12.3204313395545,-4.625,2.74650655269878));
#3328=CARTESIAN_POINT('',(12.3204313395545,-4.625,-1.89131913722628));
#3329=CARTESIAN_POINT('',(6.83475990002177,-4.625,-1.89131913722628));
#3330=CARTESIAN_POINT('',(7.03299826044841,-7.74062282170982,-0.688944154700974));
#3331=CARTESIAN_POINT('',(7.02528257099423,-7.52755723625179,-0.88217411406093));
#3332=CARTESIAN_POINT('',(7.00617927548046,-7.06724788649193,-1.22671666113977));
#3333=CARTESIAN_POINT('',(6.9717293380023,-6.43265931982216,-1.5413081824583));
#3334=CARTESIAN_POINT('',(6.93617330035838,-5.88673113830081,-1.72327639900085));
#3335=CARTESIAN_POINT('',(6.89621033240497,-5.33514716104987,-1.85176628424291));
#3336=CARTESIAN_POINT('',(6.86088077872374,-4.91153340481138,-1.89131913722668));
#3337=CARTESIAN_POINT('',(6.83475990002177,-4.625,-1.89131913722668));
#3338=CARTESIAN_POINT('',(12.3204313395545,-18.5,-1.89131913722628));
#3339=CARTESIAN_POINT('',(12.3204313395545,-2.3125,-1.89131913722628));
#3340=CARTESIAN_POINT('',(6.55593471432319,-2.3125,-1.89131913722628));
#3341=CARTESIAN_POINT('',(6.53863534463224,-2.3138095446198,-1.89131913722628));
#3342=CARTESIAN_POINT('',(6.54436845693471,-2.31293254479319,-1.89131913722628));
#3343=CARTESIAN_POINT('',(6.55013521402926,-2.31249999999919,-1.89131913722628));
#3344=CARTESIAN_POINT('',(6.55593471432307,-2.31249999999919,-1.89131913722628));
#3345=CARTESIAN_POINT('',(6.53863534463223,-2.3138095446198,-1.89131913722628));
#3346=CARTESIAN_POINT('',(-38.4295689211659,-9.2499904180869,-1.89131913722628));
#3347=CARTESIAN_POINT('',(12.3204313395545,-2.99894405278666,1.02909086179677));
#3348=CARTESIAN_POINT('',(12.3204313395545,0.,0.949500860819814));
#3349=CARTESIAN_POINT('',(6.35604901704964,1.66389472170691E-6,0.949532242016036));
#3350=CARTESIAN_POINT('',(6.35601759505622,-3.46944695195362E-16,0.949500860819814));
#3351=CARTESIAN_POINT('',(6.34058877366239,-0.00151385786394332,0.892458833151659));
#3352=CARTESIAN_POINT('',(6.29509825881868,-0.00747870010030103,0.784991077791503));
#3353=CARTESIAN_POINT('',(6.24875859564239,-0.0189938824594443,0.678751143276785));
#3354=CARTESIAN_POINT('',(6.22539241217733,-0.0261566905969818,0.625934193483652));
#3355=CARTESIAN_POINT('',(6.22539241217733,-0.0261566905969831,0.625934193483655));
#3356=CARTESIAN_POINT('',(6.55593471432319,-2.3125,-1.89131913722628));
#3357=CARTESIAN_POINT('',(6.51872718305637,-2.01812289549674,-1.82212562921528));
#3358=CARTESIAN_POINT('',(6.46215212824515,-1.59533065228759,-1.6525354139778));
#3359=CARTESIAN_POINT('',(6.39101049312653,-1.09762891844176,-1.30592683721511));
#3360=CARTESIAN_POINT('',(6.34278747730732,-0.772941641193543,-0.998896223864959));
#3361=CARTESIAN_POINT('',(6.29970258736469,-0.492060533674952,-0.639433601759712));
#3362=CARTESIAN_POINT('',(6.2534108974034,-0.198168998265443,-0.116889026042702));
#3363=CARTESIAN_POINT('',(6.23206161606733,-0.0671008398826203,0.324021167807454));
#3364=CARTESIAN_POINT('',(6.22539241217732,-0.0261566905969831,0.625934193483657));
#3365=CARTESIAN_POINT('',(12.3204313395545,-3.99945834824954,5.67450578675424));
#3366=CARTESIAN_POINT('',(12.3204313395545,-2.33726162583693,9.31278863117422));
#3367=CARTESIAN_POINT('',(6.57369306227005,-2.33726162583693,9.31278863117422));
#3368=CARTESIAN_POINT('',(6.2256149307968,-0.0260885208006008,6.13530098455732));
#3369=CARTESIAN_POINT('',(6.22902054733562,-0.0460036496251545,6.30702623768171));
#3370=CARTESIAN_POINT('',(6.23952753876135,-0.107536704843789,6.64442663848957));
#3371=CARTESIAN_POINT('',(6.26588016060303,-0.263879402480566,7.13556594341943));
#3372=CARTESIAN_POINT('',(6.30205452215304,-0.48289751472875,7.60344542527724));
#3373=CARTESIAN_POINT('',(6.34582944581937,-0.755093678850245,8.03276466122197));
#3374=CARTESIAN_POINT('',(6.39713395078982,-1.08508164949229,8.43039722291657));
#3375=CARTESIAN_POINT('',(6.45318675767423,-1.46070477939265,8.77978517192934));
#3376=CARTESIAN_POINT('',(6.51286355231267,-1.88034446852276,9.07999718800814));
#3377=CARTESIAN_POINT('',(6.55333677547252,-2.18111281319709,9.24145002016529));
#3378=CARTESIAN_POINT('',(6.57369306227004,-2.33726162583693,9.31278863117422));
#3379=CARTESIAN_POINT('',(6.22561493079679,-0.0260885208006006,6.13530098455732));
#3380=CARTESIAN_POINT('',(6.22561493079679,-0.0260885208005989,6.13530098455732));
#3381=CARTESIAN_POINT('',(6.25008235414666,-0.0185974510410635,6.07070658188177));
#3382=CARTESIAN_POINT('',(6.29827816275786,-0.00677266795053468,5.94097359308741));
#3383=CARTESIAN_POINT('',(6.34434194340589,-0.00114560124952787,5.80993632824439));
#3384=CARTESIAN_POINT('',(6.35601759505622,-1.54132527602182E-16,5.74033071073485));
#3385=CARTESIAN_POINT('',(6.35606332151079,4.46899486781663E-6,5.74019466155796));
#3386=CARTESIAN_POINT('',(12.3204313395545,0.,5.74033071073485));
#3387=CARTESIAN_POINT('',(12.3204313395545,-5.39170846065629,0.513430827824905));
#3388=CARTESIAN_POINT('',(12.3204313395545,-4.60907289715491,9.7949083391291));
#3389=CARTESIAN_POINT('',(6.83741759820032,-4.60907289715491,9.7949083391291));
#3390=CARTESIAN_POINT('',(6.56720382614245,-2.33768376519204,9.31293515350127));
#3391=CARTESIAN_POINT('',(6.67116180159559,-3.07017535863022,9.56715940668478));
#3392=CARTESIAN_POINT('',(6.76281254103401,-3.83308051702167,9.72947487414913));
#3393=CARTESIAN_POINT('',(6.83741759820032,-4.60907289715491,9.7949083391291));
#3394=CARTESIAN_POINT('',(6.56720382614241,-2.33768376519205,9.31293515350127));
#3395=CARTESIAN_POINT('',(6.57369306227005,-2.33726162583693,9.31278863117422));
#3396=CARTESIAN_POINT('',(6.57151972706718,-2.33726162583693,9.31278863117422));
#3397=CARTESIAN_POINT('',(6.56935657117679,-2.33740127772271,9.31283711119394));
#3398=CARTESIAN_POINT('',(6.5672038261424,-2.33768376519203,9.31293515350127));
#3399=CARTESIAN_POINT('',(12.3204313395545,-4.7634830579844,9.8053479915447));
#3400=CARTESIAN_POINT('',(12.3204313395545,-4.91789321881345,9.81578764396027));
#3401=CARTESIAN_POINT('',(6.86694332557662,-4.91789321881345,9.81578764396027));
#3402=CARTESIAN_POINT('',(-38.4295689211659,-9.21626247711379,10.1063998729062));
#3403=CARTESIAN_POINT('',(6.83657949979707,-4.60911508080132,9.79491119116036));
#3404=CARTESIAN_POINT('',(6.83741759820032,-4.60907289715491,9.7949083391291));
#3405=CARTESIAN_POINT('',(6.83713752109366,-4.60907289715491,9.7949083391291));
#3406=CARTESIAN_POINT('',(6.83685815151101,-4.60908689017339,9.79490928519539));
#3407=CARTESIAN_POINT('',(6.83657949979706,-4.6091150808013,9.79491119116036));
#3408=CARTESIAN_POINT('',(12.3204313395545,-9.25,-65.0355107689179));
#3409=CARTESIAN_POINT('',(6.86648416045143,-13.582085243882,9.81578889045396));
#3410=CARTESIAN_POINT('',(6.86663626859424,-13.5820996340469,9.81578805761043));
#3411=CARTESIAN_POINT('',(6.8667887189672,-13.5821067811858,9.81578764396032));
#3412=CARTESIAN_POINT('',(6.86694150703962,-13.5821067811858,9.81578764396032));
#3413=CARTESIAN_POINT('',(6.86648416045143,-13.582085243882,9.81578889045396));
#3414=CARTESIAN_POINT('',(6.86648598102669,-4.91791475592613,9.81578889044292));
#3415=CARTESIAN_POINT('',(7.13819565018999,-7.79717717892316,9.98242875258621));
#3416=CARTESIAN_POINT('',(7.13819503980695,-10.7028229347956,9.98242874599723));
#3417=CARTESIAN_POINT('',(6.86648416045147,-13.582085243882,9.81578889045402));
#3418=CARTESIAN_POINT('',(6.86648598102665,-4.91791475592613,9.81578889044284));
#3419=CARTESIAN_POINT('',(6.86694332557662,-4.91789321881345,9.81578764396027));
#3420=CARTESIAN_POINT('',(6.86679053818811,-4.91789321881345,9.81578764396027));
#3421=CARTESIAN_POINT('',(6.86663808849464,-4.91790036588923,9.81578805760672));
#3422=CARTESIAN_POINT('',(6.86648598102665,-4.91791475592558,9.81578889044282));
#3423=CARTESIAN_POINT('',(12.3204313395545,-18.5,4.10868086277372));
#3424=CARTESIAN_POINT('',(6.35606348514557,-18.4999853372574,-30.));
#3425=CARTESIAN_POINT('',(12.3204313395545,0.,4.10868086277372));
#3426=CARTESIAN_POINT('',(6.35606348514557,4.50108359516602E-6,-30.));
#3427=CARTESIAN_POINT('',(6.42128516084212,-17.8347918251674,-30.));
#3428=CARTESIAN_POINT('',(5.7529316700206,-17.8411074260002,0.118365659865205));
#3429=CARTESIAN_POINT('',(5.75334448054235,-17.8847934284191,0.110486992489766));
#3430=CARTESIAN_POINT('',(5.76284542512992,-17.971504230508,0.122338529759204));
#3431=CARTESIAN_POINT('',(5.80031261942531,-18.0923800599698,0.150598274696039));
#3432=CARTESIAN_POINT('',(5.85829832075558,-18.2017192327745,0.194111417111737));
#3433=CARTESIAN_POINT('',(5.9553048584741,-18.3246531326745,0.269552889430108));
#3434=CARTESIAN_POINT('',(6.09775346386075,-18.4290345978872,0.401900668567535));
#3435=CARTESIAN_POINT('',(6.19039113529299,-18.4630946114291,0.546704211704308));
#3436=CARTESIAN_POINT('',(6.22539181756607,-18.4738239633009,0.625791565333675));
#3437=CARTESIAN_POINT('',(5.7529316700206,-17.8411074260002,0.118365659865205));
#3438=CARTESIAN_POINT('',(5.7529316700206,-17.8411074260002,-30.));
#3439=CARTESIAN_POINT('',(5.7529316700206,-17.8411074260002,6.74932641198754));
#3440=CARTESIAN_POINT('',(6.22561448592583,-18.473892179169,6.1354673754601));
#3441=CARTESIAN_POINT('',(6.19306215934809,-18.4639257698693,6.22137483199806));
#3442=CARTESIAN_POINT('',(6.10705177478063,-18.43314740496,6.38272390495852));
#3443=CARTESIAN_POINT('',(5.96587738786234,-18.3342670310509,6.541263096261));
#3444=CARTESIAN_POINT('',(5.86634507299142,-18.2139782666681,6.63612200009163));
#3445=CARTESIAN_POINT('',(5.80456108328623,-18.1028630105489,6.69394131804957));
#3446=CARTESIAN_POINT('',(5.77101508449298,-18.0003300272826,6.72966588056845));
#3447=CARTESIAN_POINT('',(5.75599896182593,-17.9103931691248,6.74879295668566));
#3448=CARTESIAN_POINT('',(5.75315251312707,-17.8644783237254,6.75288739603503));
#3449=CARTESIAN_POINT('',(5.7529316700206,-17.8411074260002,6.74932641198744));
#3450=CARTESIAN_POINT('',(6.42128516084212,-0.665189011006323,-30.));
#3451=CARTESIAN_POINT('',(5.75293167002076,-0.658873410157457,-30.));
#3452=CARTESIAN_POINT('',(5.75293167002076,-0.658873410157457,0.118416920071646));
#3453=CARTESIAN_POINT('',(5.75293167002076,-0.658873410157457,6.74926513750859));
#3454=CARTESIAN_POINT('',(6.22539241217732,-0.0261566905969832,0.625934193483657));
#3455=CARTESIAN_POINT('',(6.19033518157842,-0.0369033414990773,0.546690786395109));
#3456=CARTESIAN_POINT('',(6.09792503566205,-0.0708453338502471,0.402239117849771));
#3457=CARTESIAN_POINT('',(5.95542006730002,-0.175291612073982,0.26972225383677));
#3458=CARTESIAN_POINT('',(5.85861591433091,-0.297747250346602,0.194416237634626));
#3459=CARTESIAN_POINT('',(5.80038299310649,-0.407496098455713,0.15070929918298));
#3460=CARTESIAN_POINT('',(5.76301667655003,-0.527550255945291,0.122527206590684));
#3461=CARTESIAN_POINT('',(5.75334375079439,-0.615264634025352,0.110552652190515));
#3462=CARTESIAN_POINT('',(5.75293167002076,-0.658873410157453,0.1184169200716));
#3463=CARTESIAN_POINT('',(5.75293167002076,-0.658873410157457,6.74926513750859));
#3464=CARTESIAN_POINT('',(5.75315215048127,-0.635540889790073,6.75282006193112));
#3465=CARTESIAN_POINT('',(5.75597602277439,-0.589966864177098,6.7487659163359));
#3466=CARTESIAN_POINT('',(5.77083471173831,-0.500290357236758,6.72980773842579));
#3467=CARTESIAN_POINT('',(5.80470072360231,-0.39680962069672,6.69372615241912));
#3468=CARTESIAN_POINT('',(5.86599203839333,-0.286495812127097,6.63639097735927));
#3469=CARTESIAN_POINT('',(5.96672187212051,-0.164757211971192,6.54033909896361));
#3470=CARTESIAN_POINT('',(6.10699947551511,-0.0670347385731482,6.38258998430302));
#3471=CARTESIAN_POINT('',(6.19312705898599,-0.0360351715202719,6.22106950394471));
#3472=CARTESIAN_POINT('',(6.22561493079837,-0.0260885208001188,6.13530098455823));
#3473=CARTESIAN_POINT('',(5.73421518805252,-17.8848137025755,0.711149455104867));
#3474=CARTESIAN_POINT('',(5.61886610168981,-18.4747797018183,0.632613711103741));
#3475=CARTESIAN_POINT('',(6.22492390037717,-18.4766962307744,0.647561173766487));
#3476=CARTESIAN_POINT('',(5.74053670546993,-17.8524815839823,0.456181771190818));
#3477=CARTESIAN_POINT('',(5.62756542427595,-18.4325749821833,0.315608849819416));
#3478=CARTESIAN_POINT('',(6.23131565689944,-18.4374665934682,0.341599953079821));
#3479=CARTESIAN_POINT('',(5.76113540776874,-17.7472645759201,0.0873742394549786));
#3480=CARTESIAN_POINT('',(5.65566971745025,-18.2964411989309,-0.139306895616168));
#3481=CARTESIAN_POINT('',(6.25214323364072,-18.3098032904505,-0.100969085015547));
#3482=CARTESIAN_POINT('',(5.80814884660347,-17.4985905679426,-0.361572781198872));
#3483=CARTESIAN_POINT('',(5.71922347704236,-17.9759672179926,-0.68900631770592));
#3484=CARTESIAN_POINT('',(6.29967904402409,-18.0080788274165,-0.639705509797783));
#3485=CARTESIAN_POINT('',(5.85057578999013,-17.2681449890498,-0.659887298322593));
#3486=CARTESIAN_POINT('',(5.7755483030522,-17.6831547516413,-1.0481149137391));
#3487=CARTESIAN_POINT('',(6.34257739789157,-17.7284715250306,-0.997682930345762));
#3488=CARTESIAN_POINT('',(5.89982793358914,-16.9917467165632,-0.923752024778892));
#3489=CARTESIAN_POINT('',(5.83986912504155,-17.3359867703524,-1.36079342773349));
#3490=CARTESIAN_POINT('',(6.39237678753107,-17.3931082877469,-1.31432060209705));
#3491=CARTESIAN_POINT('',(5.97122898515423,-16.5747656654825,-1.21330628532346));
#3492=CARTESIAN_POINT('',(5.93108570230962,-16.8205769859969,-1.69605691477253));
#3493=CARTESIAN_POINT('',(6.46457118411257,-16.8871712790967,-1.66178571473128));
#3494=CARTESIAN_POINT('',(6.02708380383303,-16.2262144058643,-1.35219993422623));
#3495=CARTESIAN_POINT('',(6.0012596092023,-16.3927088566442,-1.85267475571941));
#3496=CARTESIAN_POINT('',(6.52104661189183,-16.4642624174539,-1.82845809350288));
#3497=CARTESIAN_POINT('',(6.06422813579797,-15.9806682036976,-1.40866288698214));
#3498=CARTESIAN_POINT('',(6.047267824427,-16.0927859838379,-1.91293981378902));
#3499=CARTESIAN_POINT('',(6.55860365865312,-16.1663330254693,-1.89621363673792));
#3500=CARTESIAN_POINT('',(6.5386323898046,-16.1861904480765,-1.89131913722628));
#3501=CARTESIAN_POINT('',(6.40762000023441,-16.1661492968861,-1.89131913722627));
#3502=CARTESIAN_POINT('',(6.21732734245659,-16.1275689156432,-1.808952431918));
#3503=CARTESIAN_POINT('',(6.07553776870967,-16.079280941371,-1.58762189965166));
#3504=CARTESIAN_POINT('',(6.05225803442077,-16.0593323160141,-1.45613461186966));
#3505=CARTESIAN_POINT('',(6.05348951832452,-16.0512779336148,-1.39131913722628));
#3506=CARTESIAN_POINT('',(5.7529316700206,-17.8411074260002,0.118365659865203));
#3507=CARTESIAN_POINT('',(5.75261658838801,-17.8077636611535,0.124379129116846));
#3508=CARTESIAN_POINT('',(5.75563754680818,-17.7745800398496,0.13054096710774));
#3509=CARTESIAN_POINT('',(5.76189310357314,-17.7420269297868,0.136763530884135));
#3510=CARTESIAN_POINT('',(6.25290934829246,-17.8363828910279,-30.));
#3511=CARTESIAN_POINT('',(5.7529316700206,-17.8411074260002,6.74932641198754));
#3512=CARTESIAN_POINT('',(5.75261667219515,-17.8077725301114,6.74424723043943));
#3513=CARTESIAN_POINT('',(5.75563614643745,-17.7745873271981,6.73905581640496));
#3514=CARTESIAN_POINT('',(5.76189310357314,-17.7420269297868,6.73382784653391));
#3515=CARTESIAN_POINT('',(-38.4295689211659,-9.2499904180869,-1.39131913722628));
#3516=CARTESIAN_POINT('',(6.83475794190817,-13.875,-1.39131913722628));
#3517=CARTESIAN_POINT('',(6.08201190275043,-15.8620379493713,8.8668215254371));
#3518=CARTESIAN_POINT('',(6.05030815978335,-16.0754640796014,9.35210060307887));
#3519=CARTESIAN_POINT('',(6.57658502301617,-16.1404999287937,9.32286663096322));
#3520=CARTESIAN_POINT('',(6.04177890900057,-16.1328820630307,8.74372287340621));
#3521=CARTESIAN_POINT('',(6.00192412958532,-16.3921778767723,9.21649261155775));
#3522=CARTESIAN_POINT('',(6.53590499596512,-16.4534753490277,9.18218245720928));
#3523=CARTESIAN_POINT('',(5.98045779832403,-16.5195195606893,8.50366934695281));
#3524=CARTESIAN_POINT('',(5.92743048980372,-16.8456062944054,8.94848183587776));
#3525=CARTESIAN_POINT('',(6.47390253966004,-16.9002564574269,8.90783556983932));
#3526=CARTESIAN_POINT('',(5.90506316657602,-16.9618781626993,8.08942480568803));
#3527=CARTESIAN_POINT('',(5.83484344046965,-17.3662994157096,8.48236309716043));
#3528=CARTESIAN_POINT('',(6.39767018977169,-17.4114263975284,8.43441323696407));
#3529=CARTESIAN_POINT('',(5.8540951242353,-17.2487929066612,7.7405303264304));
#3530=CARTESIAN_POINT('',(5.77123310316854,-17.7080739318409,8.08418885774512));
#3531=CARTESIAN_POINT('',(6.34613583585082,-17.7429723238849,8.03567668924145));
#3532=CARTESIAN_POINT('',(5.81002668201904,-17.4885810676983,7.35856317606305));
#3533=CARTESIAN_POINT('',(5.71561363179615,-17.9959251337173,7.64424447895678));
#3534=CARTESIAN_POINT('',(6.30157774427828,-18.0200608655248,7.59914280310671));
#3535=CARTESIAN_POINT('',(5.76173283223732,-17.7442136268539,6.80159773745416));
#3536=CARTESIAN_POINT('',(5.65389102651644,-18.3057885511794,6.99574991650801));
#3537=CARTESIAN_POINT('',(6.25274729615483,-18.3154584894533,6.96261087327078));
#3538=CARTESIAN_POINT('',(5.74089909944142,-17.8506237450795,6.36142011527869));
#3539=CARTESIAN_POINT('',(5.62715043447951,-18.434831264792,6.48189423411045));
#3540=CARTESIAN_POINT('',(6.23168207748921,-18.4384212926654,6.459550733629));
#3541=CARTESIAN_POINT('',(5.73442457441114,-17.883742703312,6.05613791810463));
#3542=CARTESIAN_POINT('',(5.61878262351951,-18.4752827658794,6.12350482201877));
#3543=CARTESIAN_POINT('',(6.22513561325088,-18.476692088903,6.11065679401183));
#3544=CARTESIAN_POINT('',(6.56720095239694,-16.1623162323922,9.3129351543397));
#3545=CARTESIAN_POINT('',(6.43226081820033,-16.1446090690116,9.3190807407502));
#3546=CARTESIAN_POINT('',(6.23540408308015,-16.086326544718,9.2470692880506));
#3547=CARTESIAN_POINT('',(6.09250181223347,-15.9806153020912,9.03711625721338));
#3548=CARTESIAN_POINT('',(6.07236669487519,-15.9266920836565,8.91068121364904));
#3549=CARTESIAN_POINT('',(6.0760436492842,-15.9020915695269,8.84830657377242));
#3550=CARTESIAN_POINT('',(6.33734775659966,-13.8241757188801,-1.39131913722628));
#3551=CARTESIAN_POINT('',(6.33734775659966,-13.8241757188801,-1.89131913722628));
#3552=CARTESIAN_POINT('',(6.83475794190817,-13.875,-1.89131913722628));
#3553=CARTESIAN_POINT('',(6.36333118615848,-13.5698795000844,-1.39131913720005));
#3554=CARTESIAN_POINT('',(6.36638132161743,-13.5400282491185,-1.8881708929714));
#3555=CARTESIAN_POINT('',(6.86103007637376,-13.5868086007019,-1.89131913722628));
#3556=CARTESIAN_POINT('',(6.39845859802624,-13.1939053449937,-1.35563305438479));
#3557=CARTESIAN_POINT('',(6.4053061956361,-13.1193298259799,-1.84459321168104));
#3558=CARTESIAN_POINT('',(6.89654779265379,-13.1607207950087,-1.85132087625428));
#3559=CARTESIAN_POINT('',(6.43816136516965,-12.7042400747171,-1.2395752319257));
#3560=CARTESIAN_POINT('',(6.44851447281909,-12.571305289068,-1.71128490008172));
#3561=CARTESIAN_POINT('',(6.93669170169009,-12.6057879686324,-1.72123904322877));
#3562=CARTESIAN_POINT('',(6.47344602460408,-12.219780160931,-1.07527312457292));
#3563=CARTESIAN_POINT('',(6.48625717729716,-12.0300504985704,-1.52535098805958));
#3564=CARTESIAN_POINT('',(6.97236841288694,-12.0567543214772,-1.53708325912906));
#3565=CARTESIAN_POINT('',(6.50073920342073,-11.7692123149544,-0.84759258218206));
#3566=CARTESIAN_POINT('',(6.51459100636359,-11.5259022169455,-1.2698616744184));
#3567=CARTESIAN_POINT('',(6.99996484925134,-11.5461302208518,-1.28189061745421));
#3568=CARTESIAN_POINT('',(6.52166756559766,-11.3517687418541,-0.558359854528676));
#3569=CARTESIAN_POINT('',(6.53545541189611,-11.0586480455003,-0.946663767603482));
#3570=CARTESIAN_POINT('',(7.02112574878151,-11.0730455323147,-0.957708045451844));
#3571=CARTESIAN_POINT('',(6.53018760550628,-11.1549918971599,-0.392640077608528));
#3572=CARTESIAN_POINT('',(6.543633689409,-10.8382007722892,-0.761736120591588));
#3573=CARTESIAN_POINT('',(7.02974045580772,-10.8500402729734,-0.771963285675469));
#3574=CARTESIAN_POINT('',(6.53395070541814,-11.0615926895008,-0.306229472666527));
#3575=CARTESIAN_POINT('',(6.54716868628862,-10.7335256785063,-0.665351480107355));
#3576=CARTESIAN_POINT('',(7.03354536793574,-10.7441918711435,-0.675111133486391));
#3577=CARTESIAN_POINT('',(7.03018166648969,-10.7593541499942,-0.688912566948823));
#3578=CARTESIAN_POINT('',(6.90062914231977,-10.7572342814058,-0.686004769567725));
#3579=CARTESIAN_POINT('',(6.71109325329222,-10.8129001209119,-0.62903093662831));
#3580=CARTESIAN_POINT('',(6.56278341316683,-10.9695364255971,-0.481751321270199));
#3581=CARTESIAN_POINT('',(6.53387349009259,-11.0641204970358,-0.394508178555579));
#3582=CARTESIAN_POINT('',(6.53192409297456,-11.1112120436315,-0.351389749335991));
#3583=CARTESIAN_POINT('',(6.5653204348541,-16.1755538241151,9.30832965012646));
#3584=CARTESIAN_POINT('',(6.04543214953705,-16.1059067982392,9.33261937761874));
#3585=CARTESIAN_POINT('',(6.07087110127147,-15.9366067379795,8.83621744609988));
#3586=CARTESIAN_POINT('',(6.59148351798906,-15.9915576003687,9.37249919761537));
#3587=CARTESIAN_POINT('',(6.07352435090664,-15.9233977139015,9.39463958096423));
#3588=CARTESIAN_POINT('',(6.09674667798954,-15.7644008726058,8.8969423574291));
#3589=CARTESIAN_POINT('',(6.64237500078057,-15.6192012189927,9.48949132729572));
#3590=CARTESIAN_POINT('',(6.12807270208747,-15.5542376794756,9.50755186804157));
#3591=CARTESIAN_POINT('',(6.1470789137282,-15.4159048460247,9.00765432251553));
#3592=CARTESIAN_POINT('',(6.73848151486446,-14.8512843152862,9.67826164404295));
#3593=CARTESIAN_POINT('',(6.23065556000397,-14.7936951127901,9.6888683679404));
#3594=CARTESIAN_POINT('',(6.24212931227838,-14.6971955581664,9.18629140497887));
#3595=CARTESIAN_POINT('',(6.80134868385532,-14.2671756707951,9.7637590834981));
#3596=CARTESIAN_POINT('',(6.29756477325732,-14.2136997272474,9.77032873905382));
#3597=CARTESIAN_POINT('',(6.30430563320644,-14.1505162158021,9.26719932208357));
#3598=CARTESIAN_POINT('',(6.83874791494992,-13.8770498193366,9.79606805681566));
#3599=CARTESIAN_POINT('',(6.33712117726093,-13.8265799458908,9.80024781006298));
#3600=CARTESIAN_POINT('',(6.34129388378381,-13.7853893752207,9.29777394224947));
#3601=CARTESIAN_POINT('',(6.83657754935191,-13.8908849188475,9.7949111911841));
#3602=CARTESIAN_POINT('',(6.70461726666098,-13.8775347089293,9.79581379727214));
#3603=CARTESIAN_POINT('',(6.51138916107036,-13.8517482528617,9.71498894086817));
#3604=CARTESIAN_POINT('',(6.36441146752453,-13.8199721572373,9.493686844179));
#3605=CARTESIAN_POINT('',(6.3390659591238,-13.8073312410113,9.36152524459128));
#3606=CARTESIAN_POINT('',(6.33956589311016,-13.8024148250565,9.29633129627834));
#3607=CARTESIAN_POINT('',(7.07043107883306,-9.25,0.513430827824916));
#3608=CARTESIAN_POINT('',(6.57043107883306,-9.24999989470425,0.513430827824903));
#3609=CARTESIAN_POINT('',(6.57043107883306,-9.24999989470425,1.01343082782492));
#3610=CARTESIAN_POINT('',(7.07043105684257,-9.31249834917109,0.513430827824916));
#3611=CARTESIAN_POINT('',(6.57043106598903,-9.3113481881974,0.513430836651521));
#3612=CARTESIAN_POINT('',(6.57043105703579,-9.35350485430016,1.01343082763765));
#3613=CARTESIAN_POINT('',(7.06972258859139,-9.43597011644437,0.498234272846606));
#3614=CARTESIAN_POINT('',(6.57031108625,-9.4325062287452,0.498849217748434));
#3615=CARTESIAN_POINT('',(6.56973037422037,-9.55444653536226,0.987594297142219));
#3616=CARTESIAN_POINT('',(7.06573814738376,-9.69838775025842,0.404044968435955));
#3617=CARTESIAN_POINT('',(6.56923722617185,-9.69176145853482,0.40740498312428));
#3618=CARTESIAN_POINT('',(6.56578971804635,-9.94230880565804,0.843959812771627));
#3619=CARTESIAN_POINT('',(7.0573912269568,-10.0318915476926,0.170586106064911));
#3620=CARTESIAN_POINT('',(6.56557363803819,-10.0242627978099,0.177403458417532));
#3621=CARTESIAN_POINT('',(6.55753452203698,-10.3585178520207,0.541584712839988));
#3622=CARTESIAN_POINT('',(7.04679436047204,-10.3503090530011,-0.164931060686977));
#3623=CARTESIAN_POINT('',(6.55894283114152,-10.3430536995373,-0.15666054157589));
#3624=CARTESIAN_POINT('',(6.54705410462871,-10.710607088824,0.164728942532859));
#3625=CARTESIAN_POINT('',(7.0385600665486,-10.5615658015508,-0.425767474683208));
#3626=CARTESIAN_POINT('',(6.55320701915608,-10.5545388713969,-0.416830616302497));
#3627=CARTESIAN_POINT('',(6.53891029745371,-10.9360373529445,-0.11682813242607));
#3628=CARTESIAN_POINT('',(7.03363440899079,-10.6806656621174,-0.581782122676097));
#3629=CARTESIAN_POINT('',(6.5495988998416,-10.6735898328942,-0.572376343189737));
#3630=CARTESIAN_POINT('',(6.5340387679986,-11.0601853865094,-0.2812381568244));
#3631=CARTESIAN_POINT('',(7.03110203061872,-10.7376056372527,-0.659080167697296));
#3632=CARTESIAN_POINT('',(6.54777207160366,-10.7306181856807,-0.649495491874361));
#3633=CARTESIAN_POINT('',(6.53153421796496,-11.1208496595183,-0.364531919520479));
#3634=CARTESIAN_POINT('',(7.02981366940031,-10.7680762589484,-0.700876669319673));
#3635=CARTESIAN_POINT('',(6.54674991286004,-10.7609880964856,-0.691153848537283));
#3636=CARTESIAN_POINT('',(6.53026001455892,-11.1509854392168,-0.406328421142706));
#3637=CARTESIAN_POINT('',(7.07043107883305,-9.25,1.01343082782492));
#3638=CARTESIAN_POINT('',(6.83638817628763,-13.892745159969,9.79478542050546));
#3639=CARTESIAN_POINT('',(6.33553771594018,-13.841980097481,9.79821764027898));
#3640=CARTESIAN_POINT('',(6.33896007631561,-13.8083685728321,9.29592429153496));
#3641=CARTESIAN_POINT('',(6.84699061245415,-13.7886170127694,9.80182551202279));
#3642=CARTESIAN_POINT('',(6.34609987002162,-13.7390147388179,9.8051791157998));
#3643=CARTESIAN_POINT('',(6.34944600220582,-13.7053846909897,9.3029643830503));
#3644=CARTESIAN_POINT('',(6.85723374835349,-13.6844522812483,9.80886807700168));
#3645=CARTESIAN_POINT('',(6.35630762094202,-13.6360046692109,9.81214361423347));
#3646=CARTESIAN_POINT('',(6.35957657616936,-13.6023646268488,9.31000694803231));
#3647=CARTESIAN_POINT('',(6.86711734006417,-13.5802534458121,9.81591294774219));
#3648=CARTESIAN_POINT('',(6.36616055513896,-13.5329523158318,9.81911097145518));
#3649=CARTESIAN_POINT('',(6.36935155697373,-13.499310833556,9.3170518187717));
#3650=CARTESIAN_POINT('',(6.86648416045144,-13.582085243882,9.81578889045396));
#3651=CARTESIAN_POINT('',(6.73455221558708,-13.5696038447521,9.81651126248009));
#3652=CARTESIAN_POINT('',(6.54132838424563,-13.5461748268923,9.73550300218817));
#3653=CARTESIAN_POINT('',(6.39410936140562,-13.5183073039128,9.51410680843022));
#3654=CARTESIAN_POINT('',(6.36856539909006,-13.5075927951878,9.38196342879916));
#3655=CARTESIAN_POINT('',(6.36895024439341,-13.5035395917785,9.31676273625859));
#3656=CARTESIAN_POINT('',(6.57043107883306,-9.24999989470425,1.01343082782492));
#3657=CARTESIAN_POINT('',(6.57043107883306,-9.24999989470425,0.513430827824903));
#3658=CARTESIAN_POINT('',(7.07043107883306,-9.25,0.513430827824916));
#3659=CARTESIAN_POINT('',(6.57043110063032,-9.14649493561194,1.01343082763928));
#3660=CARTESIAN_POINT('',(6.57043109182864,-9.18865160042567,0.513430818901628));
#3661=CARTESIAN_POINT('',(7.07043110091795,-9.18750165113357,0.513430827824916));
#3662=CARTESIAN_POINT('',(6.56973050245482,-8.94555325518407,0.987594297384404));
#3663=CARTESIAN_POINT('',(6.57031116312057,-9.06749356802349,0.498849166063186));
#3664=CARTESIAN_POINT('',(7.06972271825229,-9.0640298842707,0.498234272990377));
#3665=CARTESIAN_POINT('',(6.56579000967831,-8.55769098504437,0.843959813522205));
#3666=CARTESIAN_POINT('',(6.56923741282964,-8.80823837752786,0.407404886795302));
#3667=CARTESIAN_POINT('',(7.06573844225508,-8.80161225070757,0.404044968969714));
#3668=CARTESIAN_POINT('',(6.55753498906008,-8.1414819379591,0.541584713456592));
#3669=CARTESIAN_POINT('',(6.56557396641191,-8.4757370886447,0.177403351936489));
#3670=CARTESIAN_POINT('',(7.05739169916993,-8.46810845283104,0.170586106606884));
#3671=CARTESIAN_POINT('',(6.54705472012654,-7.78939270071249,0.164728942702875));
#3672=CARTESIAN_POINT('',(6.5589432955473,-8.15694621277954,-0.156660642172067));
#3673=CARTESIAN_POINT('',(7.04679498280703,-8.14969094712412,-0.164931060520572));
#3674=CARTESIAN_POINT('',(6.53891100807189,-7.56396243626042,-0.116828132683382));
#3675=CARTESIAN_POINT('',(6.55320757380419,-7.94546105245665,-0.416830713280912));
#3676=CARTESIAN_POINT('',(7.03856078506485,-7.93843419825186,-0.425767474930397));
#3677=CARTESIAN_POINT('',(6.53403953101911,-7.43981440252843,-0.281238157319744));
#3678=CARTESIAN_POINT('',(6.54959950523631,-7.8264100952947,-0.572376438712898));
#3679=CARTESIAN_POINT('',(7.03363518048524,-7.81933433753807,-0.581782123131251));
#3680=CARTESIAN_POINT('',(6.53153500659755,-7.3791501294369,-0.364531920150168));
#3681=CARTESIAN_POINT('',(6.54777270138286,-7.76938174545366,-0.649495586333035));
#3682=CARTESIAN_POINT('',(7.0311028280229,-7.762394362288,-0.65908016832725));
#3683=CARTESIAN_POINT('',(6.53026081591585,-7.34901434968967,-0.406328421839011));
#3684=CARTESIAN_POINT('',(6.54675055553498,-7.73901183467122,-0.691153942969336));
#3685=CARTESIAN_POINT('',(7.0298144796612,-7.73192374054405,-0.700876670015902));
#3686=CARTESIAN_POINT('',(7.03018247306738,-7.74064584953459,-0.688912567595215));
#3687=CARTESIAN_POINT('',(6.90062991926535,-7.74276569695424,-0.686004799250477));
#3688=CARTESIAN_POINT('',(6.71109398599755,-7.68709979902782,-0.629030984192106));
#3689=CARTESIAN_POINT('',(6.56278415089858,-7.53046340960438,-0.481751349428648));
#3690=CARTESIAN_POINT('',(6.53387425527286,-7.43587930404473,-0.394508187589828));
#3691=CARTESIAN_POINT('',(6.53192487755678,-7.38878774577582,-0.351389749337461));
#3692=CARTESIAN_POINT('',(6.36389481216918,-4.94352936864095,9.31364768210003));
#3693=CARTESIAN_POINT('',(6.36109442763839,-4.91440129306354,9.81560087689385));
#3694=CARTESIAN_POINT('',(6.86159996476179,-4.86644697700518,9.81279239255628));
#3695=CARTESIAN_POINT('',(6.43220663909314,-5.65407180864977,9.35572356242199));
#3696=CARTESIAN_POINT('',(6.43026706159864,-5.62905148482114,9.85699041720521));
#3697=CARTESIAN_POINT('',(6.93067081191329,-5.58970757802021,9.85515075019536));
#3698=CARTESIAN_POINT('',(6.50960998232602,-6.72535397454646,9.40348401471137));
#3699=CARTESIAN_POINT('',(6.50876208339096,-6.70767607816761,9.90404436573871));
#3700=CARTESIAN_POINT('',(7.00893419238101,-6.68016486741613,9.90323184336927));
#3701=CARTESIAN_POINT('',(6.56167118222713,-8.16401836375265,9.43563381794645));
#3702=CARTESIAN_POINT('',(6.56154923803269,-8.15651757801869,9.93571459800034));
#3703=CARTESIAN_POINT('',(7.06157385003949,-8.14458023824715,9.93559748500743));
#3704=CARTESIAN_POINT('',(6.57481114199007,-9.249999936853,9.44375167455482));
#3705=CARTESIAN_POINT('',(6.57487132262635,-9.24999993772861,9.94371080822518));
#3706=CARTESIAN_POINT('',(7.07485980935958,-9.25000004290297,9.94376984102565));
#3707=CARTESIAN_POINT('',(6.56167072281112,-10.3359815061351,9.43563381669654));
#3708=CARTESIAN_POINT('',(6.56154877540438,-10.3434822934813,9.9357145998568));
#3709=CARTESIAN_POINT('',(7.06157338552066,-10.3554198436735,9.93559748375221));
#3710=CARTESIAN_POINT('',(6.50960891423612,-11.7746458738782,9.40348401244947));
#3711=CARTESIAN_POINT('',(6.50876100767213,-11.7923237727727,9.9040443706817));
#3712=CARTESIAN_POINT('',(7.0089331124132,-11.8198351926522,9.90323184107467));
#3713=CARTESIAN_POINT('',(6.43220511774945,-12.8459280073851,9.35572356074462));
#3714=CARTESIAN_POINT('',(6.43026552958974,-12.8709483317301,9.85699042578148));
#3715=CARTESIAN_POINT('',(6.93066927371161,-12.9102924491012,9.85515074858503));
#3716=CARTESIAN_POINT('',(6.36389299020737,-13.5564704185458,9.31364768223159));
#3717=CARTESIAN_POINT('',(6.36109259339923,-13.5855984924597,9.81560088945339));
#3718=CARTESIAN_POINT('',(6.86159812255596,-13.6335530207333,9.81279239268871));
#3719=CARTESIAN_POINT('',(6.86648598102665,-4.91791475592613,9.81578889044285));
#3720=CARTESIAN_POINT('',(6.73455403290903,-4.93039609924797,9.81651125923906));
#3721=CARTESIAN_POINT('',(6.54133019653268,-4.95382503526378,9.73550299686923));
#3722=CARTESIAN_POINT('',(6.39411116632946,-4.98169249588258,9.51410680525118));
#3723=CARTESIAN_POINT('',(6.36856720037241,-4.99240699407784,9.38196342771699));
#3724=CARTESIAN_POINT('',(6.3689520439699,-4.99646019763653,9.31676273618096));
#3725=CARTESIAN_POINT('',(6.83475990002177,-4.625,-1.89131913722667));
#3726=CARTESIAN_POINT('',(6.33734969319553,-4.67582407052843,-1.89131913722667));
#3727=CARTESIAN_POINT('',(6.33734969319553,-4.67582407052843,-1.39131913722667));
#3728=CARTESIAN_POINT('',(6.86103192497695,-4.91319140441273,-1.89131913722667));
#3729=CARTESIAN_POINT('',(6.36638313783063,-4.95997155167923,-1.88817090592208));
#3730=CARTESIAN_POINT('',(6.36333301442926,-4.93012029384397,-1.39131913720134));
#3731=CARTESIAN_POINT('',(6.89654947941168,-5.33927921547624,-1.85132087487804));
#3732=CARTESIAN_POINT('',(6.40530783351811,-5.38066998912049,-1.84459324062414));
#3733=CARTESIAN_POINT('',(6.39846026625239,-5.30609445366505,-1.35563305315678));
#3734=CARTESIAN_POINT('',(6.9366931779939,-5.89421204538452,-1.72123903932018));
#3735=CARTESIAN_POINT('',(6.44851587848681,-5.92869453993367,-1.71128494880292));
#3736=CARTESIAN_POINT('',(6.4381628252496,-5.79575972706002,-1.23957522843856));
#3737=CARTESIAN_POINT('',(6.9723696811248,-6.44324569307785,-1.53708325292584));
#3738=CARTESIAN_POINT('',(6.48625835430471,-6.46994935100662,-1.52535105259641));
#3739=CARTESIAN_POINT('',(6.47344727890561,-6.28021964132038,-1.07527311903855));
#3740=CARTESIAN_POINT('',(6.99996592421327,-6.95386978945711,-1.28189061122337));
#3741=CARTESIAN_POINT('',(6.51459197025827,-6.9740976478366,-1.26986175276916));
#3742=CARTESIAN_POINT('',(6.50074026657035,-6.73078748355118,-0.847592576622534));
#3743=CARTESIAN_POINT('',(7.02112664503494,-7.42695447342372,-0.957708040907496));
#3744=CARTESIAN_POINT('',(6.53545617845862,-7.44135183509962,-0.946663858109051));
#3745=CARTESIAN_POINT('',(6.52166845200125,-7.14823105261688,-0.558359850475085));
#3746=CARTESIAN_POINT('',(7.02974126785301,-7.64995972868675,-0.771963284141179));
#3747=CARTESIAN_POINT('',(6.54363436283166,-7.66179911516382,-0.761736217370196));
#3748=CARTESIAN_POINT('',(6.53018840863,-7.34500789371586,-0.39264007623791));
#3749=CARTESIAN_POINT('',(7.03354614004166,-7.75580812857839,-0.675111133741366));
#3750=CARTESIAN_POINT('',(6.5471693155053,-7.76647421257988,-0.665351579766556));
#3751=CARTESIAN_POINT('',(6.53395146903938,-7.43840709966236,-0.306229472894045));
#3752=CARTESIAN_POINT('',(6.83475990002177,-4.625,-1.39131913722667));
#3753=CARTESIAN_POINT('',(6.33896200611503,-4.69163121623653,9.29592429151173));
#3754=CARTESIAN_POINT('',(6.33553965991952,-4.65801968965142,9.79821762588703));
#3755=CARTESIAN_POINT('',(6.83639012752926,-4.6072548396873,9.79478542048222));
#3756=CARTESIAN_POINT('',(6.34944788798202,-4.7946150983473,9.30296438304678));
#3757=CARTESIAN_POINT('',(6.34610176999464,-4.76098504864527,9.80517910143143));
#3758=CARTESIAN_POINT('',(6.84699251919259,-4.71138298715544,9.8018255120177));
#3759=CARTESIAN_POINT('',(6.35957841793552,-4.89763516260048,9.31000694803305));
#3760=CARTESIAN_POINT('',(6.35630947691215,-4.86399511843221,9.81214359986968));
#3761=CARTESIAN_POINT('',(6.85723561059384,-4.81554771878846,9.80886807700417));
#3762=CARTESIAN_POINT('',(6.36935335474427,-5.00068895585065,9.31705181877157));
#3763=CARTESIAN_POINT('',(6.36616236710551,-4.9670474718367,9.81911095709948));
#3764=CARTESIAN_POINT('',(6.86711915780994,-4.91974655418602,9.81591294774206));
#3765=CARTESIAN_POINT('',(6.83657949979706,-4.60911508080134,9.79491119116036));
#3766=CARTESIAN_POINT('',(6.70461921383983,-4.62246523489433,9.79581379347405));
#3767=CARTESIAN_POINT('',(6.51139110305475,-4.64825160902666,9.71498893466086));
#3768=CARTESIAN_POINT('',(6.36441340123073,-4.68002764240947,9.49368684054519));
#3769=CARTESIAN_POINT('',(6.33906788848292,-4.69266854807629,9.36152524341029));
#3770=CARTESIAN_POINT('',(6.33956782039743,-4.69758496435134,9.29633129628974));
#3771=CARTESIAN_POINT('',(-38.4295689211659,-9.2499904180869,-1.39131913722628));
#3772=CARTESIAN_POINT('',(6.53863534463224,-2.3138095446198,-1.89131913722628));
#3773=CARTESIAN_POINT('',(6.40762294646785,-2.33385063999884,-1.89131913722627));
#3774=CARTESIAN_POINT('',(6.21733027226545,-2.37243094062974,-1.80895243182836));
#3775=CARTESIAN_POINT('',(6.07554067826566,-2.42071885602013,-1.58762189955969));
#3776=CARTESIAN_POINT('',(6.05226093563131,-2.44066747225891,-1.45613461181958));
#3777=CARTESIAN_POINT('',(6.05349241619664,-2.44872185579365,-1.39131913722629));
#3778=CARTESIAN_POINT('',(6.07087394886676,-2.56339304939784,8.83621744538364));
#3779=CARTESIAN_POINT('',(6.04543507129405,-2.39409299203192,9.33261930449408));
#3780=CARTESIAN_POINT('',(6.56532331408934,-2.32444617371464,9.30832964936959));
#3781=CARTESIAN_POINT('',(6.09674945075287,-2.73559891583868,8.89694235714158));
#3782=CARTESIAN_POINT('',(6.07352719315481,-2.57660207715763,9.39463951301461));
#3783=CARTESIAN_POINT('',(6.59148632155431,-2.50844239860291,9.37249919730764));
#3784=CARTESIAN_POINT('',(6.14708153532481,-3.08409494399888,9.00765432268959));
#3785=CARTESIAN_POINT('',(6.12807538395407,-2.9457621130581,9.50755180997911));
#3786=CARTESIAN_POINT('',(6.64237765150782,-2.88079878166333,9.489491327481));
#3787=CARTESIAN_POINT('',(6.24213162314735,-3.80280423137688,9.18629140504607));
#3788=CARTESIAN_POINT('',(6.23065791285227,-3.70630468037238,9.68886832882401));
#3789=CARTESIAN_POINT('',(6.73848385141391,-3.64871568486027,9.678261644115));
#3790=CARTESIAN_POINT('',(6.30430770961865,-4.34948357606431,9.26719932229359));
#3791=CARTESIAN_POINT('',(6.29756687680054,-4.28630006555776,9.77032871282925));
#3792=CARTESIAN_POINT('',(6.80135078331266,-4.23282433182217,9.76375908371078));
#3793=CARTESIAN_POINT('',(6.34129580378013,-4.71461041409788,9.29777394224193));
#3794=CARTESIAN_POINT('',(6.33712311466152,-4.67341984133352,9.8002477924421));
#3795=CARTESIAN_POINT('',(6.83874985627953,-4.62295018056735,9.79606805680769));
#3796=CARTESIAN_POINT('',(6.5672038261424,-2.33768376519205,9.31293515350127));
#3797=CARTESIAN_POINT('',(6.43226369610753,-2.3553908764544,9.31908072182864));
#3798=CARTESIAN_POINT('',(6.2354069646646,-2.41367331919794,9.24706925730732));
#3799=CARTESIAN_POINT('',(6.09250467421553,-2.519384497182,9.03711623985216));
#3800=CARTESIAN_POINT('',(6.07236953832931,-2.57330770490132,8.91068120772211));
#3801=CARTESIAN_POINT('',(6.07604648215502,-2.59790821988155,8.84830657377239));
#3802=CARTESIAN_POINT('',(6.0642014729419,-2.51913637744568,-1.40861799075282));
#3803=CARTESIAN_POINT('',(6.04723446673369,-2.40697734473667,-1.91289224258847));
#3804=CARTESIAN_POINT('',(6.5585766995431,-2.33343012183561,-1.89615976126274));
#3805=CARTESIAN_POINT('',(6.02749431960613,-2.27648668656222,-1.3528001932812));
#3806=CARTESIAN_POINT('',(6.00177180734757,-2.11062022458632,-1.85331885089683));
#3807=CARTESIAN_POINT('',(6.52146168895695,-2.03901516356102,-1.82917840429197));
#3808=CARTESIAN_POINT('',(5.9706760740128,-1.92173867890621,-1.21210756225778));
#3809=CARTESIAN_POINT('',(5.93037975918469,-1.67506293495197,-1.69468511076056));
#3810=CARTESIAN_POINT('',(6.46401212951277,-1.60858758094165,-1.66034724706977));
#3811=CARTESIAN_POINT('',(5.89932267889888,-1.50541230376976,-0.920978480359433));
#3812=CARTESIAN_POINT('',(5.83921756904299,-1.16049729082823,-1.35754843871482));
#3813=CARTESIAN_POINT('',(6.39186591889999,-1.10344491244204,-1.31099234879047));
#3814=CARTESIAN_POINT('',(5.85092716180105,-1.23376942344646,-0.662127698208606));
#3815=CARTESIAN_POINT('',(5.77600998271139,-0.819262406605611,-1.05078997826255));
#3816=CARTESIAN_POINT('',(6.34293267383387,-0.773851550983264,-1.00037141020974));
#3817=CARTESIAN_POINT('',(5.80773104602811,-0.99914469469452,-0.358218928453666));
#3818=CARTESIAN_POINT('',(5.7186628127733,-0.521133497458657,-0.684929758989387));
#3819=CARTESIAN_POINT('',(6.29925660121938,-0.489173546764129,-0.635680886503738));
#3820=CARTESIAN_POINT('',(5.77307226592632,-0.815834074988698,-0.0265820936682881));
#3821=CARTESIAN_POINT('',(5.67197387027611,-0.285722280252609,-0.280327135403756));
#3822=CARTESIAN_POINT('',(6.26421272355991,-0.266756661521342,-0.237716684761307));
#3823=CARTESIAN_POINT('',(5.74735427248217,-0.682423401790035,0.333954543503753));
#3824=CARTESIAN_POINT('',(5.63691301120939,-0.112837280241178,0.164260678747114));
#3825=CARTESIAN_POINT('',(6.23820897463667,-0.104885044705964,0.194927279845162));
#3826=CARTESIAN_POINT('',(5.73734758261047,-0.631188180531076,0.584996339969474));
#3827=CARTESIAN_POINT('',(5.62317996293688,-0.0461296007629798,0.475608294311528));
#3828=CARTESIAN_POINT('',(6.22809109931296,-0.0427196429142446,0.496177435603988));
#3829=CARTESIAN_POINT('',(5.73422121325182,-0.615197950221326,0.711055915659706));
#3830=CARTESIAN_POINT('',(5.61887330873184,-0.0252358096576092,0.632497221408588));
#3831=CARTESIAN_POINT('',(6.22492999252313,-0.0233181634700517,0.647448926432293));
#3832=CARTESIAN_POINT('',(5.75293167002076,-0.658873410157457,0.118416920071648));
#3833=CARTESIAN_POINT('',(5.75261658841303,-0.692217172288219,0.124430028001243));
#3834=CARTESIAN_POINT('',(5.75563754641099,-0.725400794257377,0.130591496176317));
#3835=CARTESIAN_POINT('',(5.76189310357236,-0.757953906382962,0.136813686526634));
#3836=CARTESIAN_POINT('',(5.73442854870603,-0.61625846248706,6.05615060511166));
#3837=CARTESIAN_POINT('',(5.61878698103539,-0.0247189140875461,6.12351970484199));
#3838=CARTESIAN_POINT('',(6.2251396317046,-0.0233095015927396,6.11067129344843));
#3839=CARTESIAN_POINT('',(5.73764305928652,-0.632701599461188,6.20771419161323));
#3840=CARTESIAN_POINT('',(5.62294479625257,-0.0448185871724922,6.30159141950276));
#3841=CARTESIAN_POINT('',(6.22838985907462,-0.042310459857443,6.28388682088019));
#3842=CARTESIAN_POINT('',(5.74780583796444,-0.684754994988987,6.50603456268602));
#3843=CARTESIAN_POINT('',(5.63605330546264,-0.108278928992575,6.65124961232184));
#3844=CARTESIAN_POINT('',(6.23866555750788,-0.102461050269296,6.62482438781848));
#3845=CARTESIAN_POINT('',(5.77384515514743,-0.819841958252798,6.94178152757147));
#3846=CARTESIAN_POINT('',(5.66950018143898,-0.272501204017849,7.1603651353298));
#3847=CARTESIAN_POINT('',(6.26499420044045,-0.258561541142206,7.12282091911696));
#3848=CARTESIAN_POINT('',(5.81003007763761,-1.01144065133625,7.35826637989057));
#3849=CARTESIAN_POINT('',(5.71561879959406,-0.504112197275994,7.64390794904403));
#3850=CARTESIAN_POINT('',(6.30158117762419,-0.479964475374579,7.59880360748141));
#3851=CARTESIAN_POINT('',(5.85392941080305,-1.25024894276882,7.73943773414783));
#3852=CARTESIAN_POINT('',(5.77102303070941,-0.790769968327303,8.0829263920624));
#3853=CARTESIAN_POINT('',(6.34596828115809,-0.755920723251512,8.03442801234698));
#3854=CARTESIAN_POINT('',(5.90546742404602,-1.54040346975753,8.09197037948351));
#3855=CARTESIAN_POINT('',(5.8353427450835,-1.13639691540199,8.48524378054231));
#3856=CARTESIAN_POINT('',(6.39807893899361,-1.09121039888312,8.43732246415889));
#3857=CARTESIAN_POINT('',(5.9617969494597,-1.87104087719773,8.40094750446551));
#3858=CARTESIAN_POINT('',(5.90479198189533,-1.52714569167454,8.83429357269371));
#3859=CARTESIAN_POINT('',(6.45503434801924,-1.473280291925,8.79043917842511));
#3860=CARTESIAN_POINT('',(6.02168916925702,-2.24030964420756,8.66514494907279));
#3861=CARTESIAN_POINT('',(5.97770226298722,-1.96022425743368,9.1294246809644));
#3862=CARTESIAN_POINT('',(6.51559203693947,-1.89999086713666,9.09237911511513));
#3863=CARTESIAN_POINT('',(6.06188064062407,-2.5024207322224,8.80521884439748));
#3864=CARTESIAN_POINT('',(6.02618810911687,-2.26663000075776,9.28449054164259));
#3865=CARTESIAN_POINT('',(6.55623008017563,-2.20287479106419,9.25246356692475));
#3866=CARTESIAN_POINT('',(6.08201686367169,-2.63797628326803,8.86682808984547));
#3867=CARTESIAN_POINT('',(6.05031363089866,-2.42455248585018,9.35210769166588));
#3868=CARTESIAN_POINT('',(6.57659003905877,-2.35951676116186,9.32287413314422));
#3869=CARTESIAN_POINT('',(5.75293167002076,-0.658873410157457,6.74926513750859));
#3870=CARTESIAN_POINT('',(5.75261667221073,-0.692208304329707,6.74418625929271));
#3871=CARTESIAN_POINT('',(5.75563614619676,-0.725393507724919,6.73899515499698));
#3872=CARTESIAN_POINT('',(5.76189310357334,-0.757953906388029,6.73376749708741));
#3873=CARTESIAN_POINT('',(6.25290934829168,-0.663597945141813,-30.));
#3874=CARTESIAN_POINT('',(7.1,-9.2499999904326,5.22724236361682));
#3875=CARTESIAN_POINT('',(7.1,-9.2499999904326,5.22724236361682));
#3876=CARTESIAN_POINT('',(6.60003438408038,-13.3275135743284,1.7767941286432));
#3877=CARTESIAN_POINT('',(6.57094492225288,-13.5826285800638,1.75119205196195));
#3878=CARTESIAN_POINT('',(6.55566958620117,-13.7092867220613,1.75107328701345));
#3879=CARTESIAN_POINT('',(6.52363964477746,-13.9615265055755,1.77504672842565));
#3880=CARTESIAN_POINT('',(6.50661768972749,-14.0888767366527,1.79996813363087));
#3881=CARTESIAN_POINT('',(6.47262211005939,-14.331886820499,1.87299287411208));
#3882=CARTESIAN_POINT('',(6.45549459119107,-14.4489410369115,1.9208629224562));
#3883=CARTESIAN_POINT('',(6.4212032883186,-14.674630331382,2.04018555638401));
#3884=CARTESIAN_POINT('',(6.4042081429439,-14.7820726476682,2.11140485400631));
#3885=CARTESIAN_POINT('',(6.37222019325667,-14.9783726528571,2.27112381148061));
#3886=CARTESIAN_POINT('',(6.35695236242384,-15.0690230200866,2.36056606292768));
#3887=CARTESIAN_POINT('',(6.32865474065064,-15.2332370461795,2.55862158591792));
#3888=CARTESIAN_POINT('',(6.31605339126079,-15.3043704486719,2.66428899989531));
#3889=CARTESIAN_POINT('',(6.29432242438009,-15.4252836775674,2.88742542977646));
#3890=CARTESIAN_POINT('',(6.28508334848467,-15.4756372548592,3.00702522250822));
#3891=CARTESIAN_POINT('',(6.27113446853322,-15.5510711896892,3.25179847169713));
#3892=CARTESIAN_POINT('',(6.26637796802371,-15.5764404769431,3.37633853774514));
#3893=CARTESIAN_POINT('',(6.26142306523448,-15.6028576860254,3.63080804443027));
#3894=CARTESIAN_POINT('',(6.26132580756387,-15.6033724725451,3.76111463424248));
#3895=CARTESIAN_POINT('',(6.26583836802538,-15.5793206570421,4.0143435306431));
#3896=CARTESIAN_POINT('',(6.27036835342875,-15.555179490741,4.13943800166981));
#3897=CARTESIAN_POINT('',(6.28404524243861,-15.481282231624,4.3865346797777));
#3898=CARTESIAN_POINT('',(6.29300788196149,-15.4324909769993,4.50500685768967));
#3899=CARTESIAN_POINT('',(6.31438503880162,-15.3137460193623,4.7292185411172));
#3900=CARTESIAN_POINT('',(6.32697578755668,-15.2427976675456,4.83648020666435));
#3901=CARTESIAN_POINT('',(6.35496098117121,-15.0807396926863,5.03534734582623));
#3902=CARTESIAN_POINT('',(6.37004979670642,-14.9913846896636,5.12514224020794));
#3903=CARTESIAN_POINT('',(6.40192743863791,-14.7963390018342,5.28684560373054));
#3904=CARTESIAN_POINT('',(6.41898980770946,-14.6887916474974,5.35943652206981));
#3905=CARTESIAN_POINT('',(6.45303392486921,-14.465487541575,5.47999857211893));
#3906=CARTESIAN_POINT('',(6.4701682303812,-14.3489118903623,5.52910958279077));
#3907=CARTESIAN_POINT('',(6.50439231173097,-14.1052389658141,5.60465204469151));
#3908=CARTESIAN_POINT('',(6.52136103386529,-13.9788377066689,5.63053674234953));
#3909=CARTESIAN_POINT('',(6.55377061028563,-13.7247941512883,5.65697148422544));
#3910=CARTESIAN_POINT('',(6.56943406317679,-13.5953501437272,5.65761871906297));
#3911=CARTESIAN_POINT('',(6.59832128284924,-13.3430082369428,5.63402929063946));
#3912=CARTESIAN_POINT('',(6.61179127318579,-13.2182816388808,5.61018112636021));
#3913=CARTESIAN_POINT('',(6.63689236153063,-12.9715833663682,5.53693325280668));
#3914=CARTESIAN_POINT('',(6.64816418398746,-12.8531252422976,5.4884654084449));
#3915=CARTESIAN_POINT('',(6.66831449226043,-12.6285478639503,5.37015814256049));
#3916=CARTESIAN_POINT('',(6.67732580590727,-12.5208302583922,5.29923647275291));
#3917=CARTESIAN_POINT('',(6.69306288197402,-12.3212658110515,5.13720250916251));
#3918=CARTESIAN_POINT('',(6.69968293292053,-12.2309913947111,5.04769346656544));
#3919=CARTESIAN_POINT('',(6.71102837731605,-12.06819395763,4.85176414022782));
#3920=CARTESIAN_POINT('',(6.71577777705215,-11.9951272657835,4.74363438462914));
#3921=CARTESIAN_POINT('',(6.72333293393761,-11.8740161157908,4.51933130782529));
#3922=CARTESIAN_POINT('',(6.72623559135814,-11.8246402720503,4.40210350522561));
#3923=CARTESIAN_POINT('',(6.73059145893653,-11.7487540030328,4.15630879778868));
#3924=CARTESIAN_POINT('',(6.73199826134586,-11.7231099529282,4.02960634426815));
#3925=CARTESIAN_POINT('',(6.73341721331075,-11.6972245388219,3.77658334855642));
#3926=CARTESIAN_POINT('',(6.73345468882691,-11.6965283941662,3.64835266595463));
#3927=CARTESIAN_POINT('',(6.73211743598904,-11.7209472408285,3.39131065009577));
#3928=CARTESIAN_POINT('',(6.73076398327248,-11.7456390580705,3.26619293227096));
#3929=CARTESIAN_POINT('',(6.72658973215299,-11.8185681535984,3.02250303678844));
#3930=CARTESIAN_POINT('',(6.72369761284834,-11.8679723873422,2.90209028095158));
#3931=CARTESIAN_POINT('',(6.71622281022105,-11.9881724953635,2.6760983508808));
#3932=CARTESIAN_POINT('',(6.71166898587448,-12.0585339107278,2.57023478329292));
#3933=CARTESIAN_POINT('',(6.70045941883468,-12.2202625856361,2.37197876286162));
#3934=CARTESIAN_POINT('',(6.69375157610241,-12.3120887779483,2.27985052636497));
#3935=CARTESIAN_POINT('',(6.6783482271733,-12.5082607023485,2.11839606937924));
#3936=CARTESIAN_POINT('',(6.66957743706533,-12.6138364179126,2.04728560806741));
#3937=CARTESIAN_POINT('',(6.6493202092231,-12.8408047044999,1.92537618966312));
#3938=CARTESIAN_POINT('',(6.63810720499646,-12.9590018241109,1.87638123287459));
#3939=CARTESIAN_POINT('',(6.61355950601,-13.2014730237433,1.80226026089352));
#3940=CARTESIAN_POINT('',(6.60003438408038,-13.3275135743284,1.7767941286432));
#3941=CARTESIAN_POINT('',(6.57094492225288,-13.5826285800638,1.75119205196195));
#3942=CARTESIAN_POINT('',(6.14500311060448,-13.21162948979,1.32589106131234));
#3943=CARTESIAN_POINT('',(6.11620760239344,-13.5232449933306,1.29429963856646));
#3944=CARTESIAN_POINT('',(6.10108662604566,-13.6779542020039,1.29415308975327));
#3945=CARTESIAN_POINT('',(6.0693803522284,-13.9860577060694,1.32373487455439));
#3946=CARTESIAN_POINT('',(6.05253040675202,-14.1416122812041,1.35448638959938));
#3947=CARTESIAN_POINT('',(6.01887835778212,-14.4384419775213,1.44459452720254));
#3948=CARTESIAN_POINT('',(6.00192391521404,-14.5814202725825,1.50366328760648));
#3949=CARTESIAN_POINT('',(5.96797913138853,-14.8570931320857,1.65090024100388));
#3950=CARTESIAN_POINT('',(5.95115572465048,-14.9883307728896,1.73878057065505));
#3951=CARTESIAN_POINT('',(5.91949101825948,-15.2281054767862,1.93586415761324));
#3952=CARTESIAN_POINT('',(5.90437747127555,-15.3388322439003,2.04623051623929));
#3953=CARTESIAN_POINT('',(5.87636580145391,-15.5394148645667,2.29061911919901));
#3954=CARTESIAN_POINT('',(5.86389179069086,-15.6263022312212,2.42100635255189));
#3955=CARTESIAN_POINT('',(5.84238041868011,-15.7739941969734,2.6963432859947));
#3956=CARTESIAN_POINT('',(5.83323470510517,-15.8354996160863,2.84392223675641));
#3957=CARTESIAN_POINT('',(5.8194267807968,-15.9276399569218,3.14595770389927));
#3958=CARTESIAN_POINT('',(5.81471834547595,-15.9586277978862,3.29963265483388));
#3959=CARTESIAN_POINT('',(5.80981351276704,-15.9908956446207,3.61363272038598));
#3960=CARTESIAN_POINT('',(5.80971723790199,-15.9915244412599,3.77442321498431));
#3961=CARTESIAN_POINT('',(5.81418419821968,-15.9621458534843,4.08689244185392));
#3962=CARTESIAN_POINT('',(5.81866840740821,-15.9326581262559,4.24125149532383));
#3963=CARTESIAN_POINT('',(5.83220708928373,-15.842394789791,4.5461539339416));
#3964=CARTESIAN_POINT('',(5.84107915991718,-15.782797702049,4.6923414758231));
#3965=CARTESIAN_POINT('',(5.86224029720122,-15.6377542160486,4.96900520756347));
#3966=CARTESIAN_POINT('',(5.8747038144462,-15.551092883402,5.10135965141125));
#3967=CARTESIAN_POINT('',(5.90240621324656,-15.353143816126,5.34674973992261));
#3968=CARTESIAN_POINT('',(5.91734255390631,-15.243999298464,5.45755123868951));
#3969=CARTESIAN_POINT('',(5.94889806722655,-15.0057567064075,5.65708346340416));
#3970=CARTESIAN_POINT('',(5.96578801834409,-14.8743907647919,5.74665629046445));
#3971=CARTESIAN_POINT('',(5.99948811432255,-14.6016313430832,5.89542260887442));
#3972=CARTESIAN_POINT('',(6.01644927495643,-14.4592376013643,5.956022642144));
#3973=CARTESIAN_POINT('',(6.05032751654294,-14.1615982647246,6.04923749649419));
#3974=CARTESIAN_POINT('',(6.06712476703178,-14.0072028309933,6.08117765650319));
#3975=CARTESIAN_POINT('',(6.09920683959114,-13.6968960722859,6.11379653805688));
#3976=CARTESIAN_POINT('',(6.11471201078668,-13.5387840105578,6.11459518689831));
#3977=CARTESIAN_POINT('',(6.14330732053356,-13.2305557661015,6.08548725104653));
#3978=CARTESIAN_POINT('',(6.15664119447783,-13.0782058816833,6.05606005073312));
#3979=CARTESIAN_POINT('',(6.18148863235764,-12.7768711710544,5.96567658035925));
#3980=CARTESIAN_POINT('',(6.19264655125911,-12.6321780438974,5.90587017561504));
#3981=CARTESIAN_POINT('',(6.21259323747534,-12.3578633573548,5.75988612531222));
#3982=CARTESIAN_POINT('',(6.22151349037046,-12.2262894587673,5.67237305047875));
#3983=CARTESIAN_POINT('',(6.23709154079123,-11.9825273344551,5.47243288522193));
#3984=CARTESIAN_POINT('',(6.24364469507514,-11.8722597803202,5.36198411031828));
#3985=CARTESIAN_POINT('',(6.25487549195637,-11.6734074816385,5.12021910616707));
#3986=CARTESIAN_POINT('',(6.25957689825823,-11.5841586586797,4.9867934913386));
#3987=CARTESIAN_POINT('',(6.26705570908377,-11.4362249381127,4.71001698577375));
#3988=CARTESIAN_POINT('',(6.26992903469296,-11.3759137918811,4.56536492817192));
#3989=CARTESIAN_POINT('',(6.27424088553926,-11.2832209380849,4.26206904296903));
#3990=CARTESIAN_POINT('',(6.27563347198761,-11.2518974823618,4.10572583604732));
#3991=CARTESIAN_POINT('',(6.27703808521808,-11.2202792075893,3.79351067786605));
#3992=CARTESIAN_POINT('',(6.27707518203794,-11.2194288872986,3.63528172811281));
#3993=CARTESIAN_POINT('',(6.27575144235241,-11.2492557929029,3.31810734093285));
#3994=CARTESIAN_POINT('',(6.27441166648874,-11.2794161241106,3.16371960242419));
#3995=CARTESIAN_POINT('',(6.27027959683971,-11.3684968771164,2.86302092868109));
#3996=CARTESIAN_POINT('',(6.2674167028575,-11.4288427008979,2.71443883033877));
#3997=CARTESIAN_POINT('',(6.26001743429533,-11.5756636104398,2.43557838133676));
#3998=CARTESIAN_POINT('',(6.25550962706444,-11.6616080174191,2.30494910626458));
#3999=CARTESIAN_POINT('',(6.24441333447556,-11.8591548544468,2.06031310152003));
#4000=CARTESIAN_POINT('',(6.23777327555675,-11.9713178574411,1.94663239889772));
#4001=CARTESIAN_POINT('',(6.22252557990727,-12.2109361144092,1.7474073099256));
#4002=CARTESIAN_POINT('',(6.21384342002515,-12.3398937570995,1.65966127775259));
#4003=CARTESIAN_POINT('',(6.19379089467444,-12.6171288680541,1.50923238786502));
#4004=CARTESIAN_POINT('',(6.18269119963331,-12.7615031859367,1.44877555809028));
#4005=CARTESIAN_POINT('',(6.15839155903382,-13.0576746508044,1.35731473680389));
#4006=CARTESIAN_POINT('',(6.14500311060448,-13.21162948979,1.32589106131234));
#4007=CARTESIAN_POINT('',(6.11620760239344,-13.5232449933306,1.29429963856646));
#4008=CARTESIAN_POINT('',(6.50888327865069,-4.50015123279678,1.78161249380704));
#4009=CARTESIAN_POINT('',(6.54138808441895,-4.7545455857513,1.75234480524487));
#4010=CARTESIAN_POINT('',(6.55696155899605,-4.88300429313519,1.75037688970736));
#4011=CARTESIAN_POINT('',(6.58594231138831,-5.13543421867424,1.77109671965993));
#4012=CARTESIAN_POINT('',(6.59957581571252,-5.26126970220806,1.79374973973169));
#4013=CARTESIAN_POINT('',(6.6248407279737,-5.50869804215552,1.86434588414269));
#4014=CARTESIAN_POINT('',(6.63613510875196,-5.62688965713395,1.91122833908401));
#4015=CARTESIAN_POINT('',(6.65651012745634,-5.85285447511476,2.02699104299383));
#4016=CARTESIAN_POINT('',(6.66570316611823,-5.9622038273157,2.09736392759792));
#4017=CARTESIAN_POINT('',(6.68156739890816,-6.16232682091743,2.25631242256));
#4018=CARTESIAN_POINT('',(6.68831065807545,-6.25365528894691,2.34463571742227));
#4019=CARTESIAN_POINT('',(6.69992752418189,-6.4194061859144,2.5397505108494));
#4020=CARTESIAN_POINT('',(6.70475969687284,-6.49333267395275,2.64671569246374));
#4021=CARTESIAN_POINT('',(6.71249515589018,-6.61664396450189,2.86910290548098));
#4022=CARTESIAN_POINT('',(6.71550339450393,-6.66753667555603,2.98608482953281));
#4023=CARTESIAN_POINT('',(6.72004671651895,-6.7463538288952,3.23198133526196));
#4024=CARTESIAN_POINT('',(6.7215171649671,-6.77306641846034,3.35729189580027));
#4025=CARTESIAN_POINT('',(6.72310171821602,-6.80190045934685,3.60998891999354));
#4026=CARTESIAN_POINT('',(6.72321101431992,-6.80393844102156,3.73936752962706));
#4027=CARTESIAN_POINT('',(6.72203005834407,-6.78237062362006,3.99558310797627));
#4028=CARTESIAN_POINT('',(6.72076314760004,-6.75921964803081,4.12066296603914));
#4029=CARTESIAN_POINT('',(6.71674625323134,-6.68882579959678,4.36582151953908));
#4030=CARTESIAN_POINT('',(6.71393150586918,-6.64055082337295,4.48709544940282));
#4031=CARTESIAN_POINT('',(6.70668565052714,-6.52340014237076,4.71329451851905));
#4032=CARTESIAN_POINT('',(6.70224757974089,-6.45431341405567,4.82010128125316));
#4033=CARTESIAN_POINT('',(6.69120333616417,-6.29380633412465,5.0212426837444));
#4034=CARTESIAN_POINT('',(6.68467568267982,-6.20372985873521,5.11352361308341));
#4035=CARTESIAN_POINT('',(6.66955806995354,-6.00944746701886,5.27719874385524));
#4036=CARTESIAN_POINT('',(6.66087102847028,-5.90391354611407,5.34993756855657));
#4037=CARTESIAN_POINT('',(6.64092285545248,-5.67829931348188,5.47425316118355));
#4038=CARTESIAN_POINT('',(6.629943321359,-5.56142074800595,5.52419803215761));
#4039=CARTESIAN_POINT('',(6.60571065092957,-5.31961511933206,5.60112769550264));
#4040=CARTESIAN_POINT('',(6.5922328895722,-5.19279966368468,5.62811190335824));
#4041=CARTESIAN_POINT('',(6.56354889500144,-4.93874184302598,5.65639064014373));
#4042=CARTESIAN_POINT('',(6.54813946636782,-4.80964922020567,5.65800796331305));
#4043=CARTESIAN_POINT('',(6.51610263447683,-4.55520092663483,5.6360161287994));
#4044=CARTESIAN_POINT('',(6.49961700923203,-4.43079942367186,5.61279757718666));
#4045=CARTESIAN_POINT('',(6.46583981707019,-4.18704067191173,5.54250990755174));
#4046=CARTESIAN_POINT('',(6.44835497230901,-4.06654447843559,5.49446721663418));
#4047=CARTESIAN_POINT('',(6.41445447922883,-3.84163315207831,5.37799532094808));
#4048=CARTESIAN_POINT('',(6.39778975122189,-3.73531657748334,5.30932291173706));
#4049=CARTESIAN_POINT('',(6.36540190928803,-3.5349163942603,5.14974034797935));
#4050=CARTESIAN_POINT('',(6.35000831771204,-3.44287800268375,5.06017972426459));
#4051=CARTESIAN_POINT('',(6.32202779698815,-3.2792785991044,4.86669363614311));
#4052=CARTESIAN_POINT('',(6.30921293207811,-3.20636117047538,4.7613589793566));
#4053=CARTESIAN_POINT('',(6.28695949819792,-3.08169825225296,4.53618265102216));
#4054=CARTESIAN_POINT('',(6.27780024603722,-3.03146305283159,4.41931850051138));
#4055=CARTESIAN_POINT('',(6.2635470618012,-2.95388170889279,4.17712985789839));
#4056=CARTESIAN_POINT('',(6.25845120958335,-2.92653745947552,4.04963959629566));
#4057=CARTESIAN_POINT('',(6.2531317835201,-2.89801739679825,3.79576162795247));
#4058=CARTESIAN_POINT('',(6.25277853574002,-2.89613650831576,3.66861584407374));
#4059=CARTESIAN_POINT('',(6.25678488071585,-2.91759509559695,3.41285229116955));
#4060=CARTESIAN_POINT('',(6.26120268963715,-2.94125299717859,3.28530580618663));
#4061=CARTESIAN_POINT('',(6.27420543343135,-3.01181408588645,3.04125202034592));
#4062=CARTESIAN_POINT('',(6.28281610813529,-3.05884777470396,2.92263662773481));
#4063=CARTESIAN_POINT('',(6.30406345300157,-3.17728117809876,2.69372179362803));
#4064=CARTESIAN_POINT('',(6.31636445719021,-3.24685385689053,2.58694610679631));
#4065=CARTESIAN_POINT('',(6.34357151011355,-3.40480252256739,2.38889333502334));
#4066=CARTESIAN_POINT('',(6.35872432802958,-3.49467662367735,2.29638113229405));
#4067=CARTESIAN_POINT('',(6.39058071755039,-3.69002113441006,2.13159139663782));
#4068=CARTESIAN_POINT('',(6.40708889555044,-3.79425764954216,2.05991029656991));
#4069=CARTESIAN_POINT('',(6.44089368439208,-4.01607498826955,1.9369202505811));
#4070=CARTESIAN_POINT('',(6.45838555194971,-4.13517526861899,1.88549109557716));
#4071=CARTESIAN_POINT('',(6.49225778467425,-4.37647340934558,1.8084185226586));
#4072=CARTESIAN_POINT('',(6.50888327865069,-4.50015123279678,1.78161249380704));
#4073=CARTESIAN_POINT('',(6.54138808441895,-4.7545455857513,1.75234480524487));
#4074=CARTESIAN_POINT('',(6.06444729519268,-4.46782134647229,1.34143285529358));
#4075=CARTESIAN_POINT('',(6.0966306322744,-4.77736698535889,1.30546436997451));
#4076=CARTESIAN_POINT('',(6.11205008702683,-4.93367482859789,1.30304590290247));
#4077=CARTESIAN_POINT('',(6.14074422320076,-5.24083016305873,1.3285095092204));
#4078=CARTESIAN_POINT('',(6.15424289377409,-5.39394608201726,1.35634890684421));
#4079=CARTESIAN_POINT('',(6.17925793904589,-5.69501551495579,1.44310794075526));
#4080=CARTESIAN_POINT('',(6.19044061972571,-5.83883041697609,1.50072406877945));
#4081=CARTESIAN_POINT('',(6.21061413190751,-6.11378315530776,1.64299048343044));
#4082=CARTESIAN_POINT('',(6.21971625250032,-6.24683884103191,1.72947514246316));
#4083=CARTESIAN_POINT('',(6.23542358990213,-6.49034739059748,1.9248146751684));
#4084=CARTESIAN_POINT('',(6.24210015903294,-6.60147536436922,2.03335946604369));
#4085=CARTESIAN_POINT('',(6.25360213570575,-6.80316013723076,2.27314552114452));
#4086=CARTESIAN_POINT('',(6.25838651878063,-6.89311347820631,2.40460023295303));
#4087=CARTESIAN_POINT('',(6.26604547502032,-7.04315797313969,2.67790269027055));
#4088=CARTESIAN_POINT('',(6.26902396251138,-7.10508394194823,2.82166746388175));
#4089=CARTESIAN_POINT('',(6.27352235160656,-7.20098821730013,3.12386163385307));
#4090=CARTESIAN_POINT('',(6.27497825749423,-7.23349194826679,3.2778618737157));
#4091=CARTESIAN_POINT('',(6.27654713969861,-7.26857704942146,3.58841353153539));
#4092=CARTESIAN_POINT('',(6.27665535487698,-7.27105685422956,3.74741319464526));
#4093=CARTESIAN_POINT('',(6.27548607841627,-7.24481325354223,4.06228897472514));
#4094=CARTESIAN_POINT('',(6.27423169726876,-7.216643274721,4.21600569311578));
#4095=CARTESIAN_POINT('',(6.27025452951292,-7.13098843010308,4.51729295768177));
#4096=CARTESIAN_POINT('',(6.26746761966709,-7.07224770651351,4.66633238593446));
#4097=CARTESIAN_POINT('',(6.26029342498143,-6.9296994071607,4.94431941847139));
#4098=CARTESIAN_POINT('',(6.25589924618929,-6.84563505898162,5.07557944164462));
#4099=CARTESIAN_POINT('',(6.24496422887715,-6.6503309336319,5.3227718896035));
#4100=CARTESIAN_POINT('',(6.23850113311445,-6.54072637756464,5.43618040988869));
#4101=CARTESIAN_POINT('',(6.22353303179212,-6.30432464000643,5.63732873512414));
#4102=CARTESIAN_POINT('',(6.21493190412471,-6.17591154992687,5.72672101296739));
#4103=CARTESIAN_POINT('',(6.19518101617784,-5.90138540192772,5.87949848834966));
#4104=CARTESIAN_POINT('',(6.18431006838282,-5.75916821122296,5.94087816832841));
#4105=CARTESIAN_POINT('',(6.16031705619817,-5.46494046226351,6.03542077154361));
#4106=CARTESIAN_POINT('',(6.14697258832618,-5.31063211881823,6.06858297638274));
#4107=CARTESIAN_POINT('',(6.11857227504069,-5.00149597023539,6.10333609082265));
#4108=CARTESIAN_POINT('',(6.10331524385189,-4.84441678237316,6.10532369787121));
#4109=CARTESIAN_POINT('',(6.07159525244404,-4.53480550887202,6.07829686330957));
#4110=CARTESIAN_POINT('',(6.05527266809487,-4.38343444956395,6.0497624564928));
#4111=CARTESIAN_POINT('',(6.02182952835387,-4.08683015112269,5.963382522209));
#4112=CARTESIAN_POINT('',(6.0045176066614,-3.94021105083831,5.90434052382293));
#4113=CARTESIAN_POINT('',(5.97095238543314,-3.66654019518802,5.76120254887452));
#4114=CARTESIAN_POINT('',(5.95445246962804,-3.53717477649598,5.6768076867473));
#4115=CARTESIAN_POINT('',(5.9223849396235,-3.29332894412651,5.4806889160669));
#4116=CARTESIAN_POINT('',(5.90714358885026,-3.18133713932269,5.37062351161741));
#4117=CARTESIAN_POINT('',(5.87943979217096,-2.98227029169002,5.13283905164277));
#4118=CARTESIAN_POINT('',(5.86675166475914,-2.89354476861815,5.00338817107371));
#4119=CARTESIAN_POINT('',(5.84471831471473,-2.74185562061208,4.72665803433186));
#4120=CARTESIAN_POINT('',(5.83564964646611,-2.68072970828596,4.58303799825393));
#4121=CARTESIAN_POINT('',(5.8215374245543,-2.58632915903117,4.28540060173553));
#4122=CARTESIAN_POINT('',(5.81649196970274,-2.55305682781004,4.12872162104367));
#4123=CARTESIAN_POINT('',(5.81122515213923,-2.51835377362686,3.81671864378521));
#4124=CARTESIAN_POINT('',(5.81087539793591,-2.51606511893149,3.6604630086712));
#4125=CARTESIAN_POINT('',(5.81484212063293,-2.54217580901321,3.34614274464249));
#4126=CARTESIAN_POINT('',(5.81921623794868,-2.57096261256801,3.18939466852976));
#4127=CARTESIAN_POINT('',(5.83209038613755,-2.65682095423419,2.8894651066126));
#4128=CARTESIAN_POINT('',(5.84061590229155,-2.71405128617241,2.74369288407002));
#4129=CARTESIAN_POINT('',(5.86165311342112,-2.85816039504275,2.46236831587323));
#4130=CARTESIAN_POINT('',(5.87383246213484,-2.94281604505876,2.33114648340627));
#4131=CARTESIAN_POINT('',(5.90077044051825,-3.13500710612354,2.08774980388868));
#4132=CARTESIAN_POINT('',(5.91577339885547,-3.24436541428839,1.97405706049166));
#4133=CARTESIAN_POINT('',(5.94731473244728,-3.48205953237975,1.77153894312741));
#4134=CARTESIAN_POINT('',(5.96365964650942,-3.6088939462683,1.68344655452793));
#4135=CARTESIAN_POINT('',(5.99713010999831,-3.87880005487939,1.53229810780912));
#4136=CARTESIAN_POINT('',(6.01444898503225,-4.0237206158045,1.46909431907719));
#4137=CARTESIAN_POINT('',(6.04798622540115,-4.31733085641927,1.37437608728235));
#4138=CARTESIAN_POINT('',(6.06444729519268,-4.46782134647229,1.34143285529358));
#4139=CARTESIAN_POINT('',(6.0966306322744,-4.77736698535889,1.30546436997451));
#4140=MECHANICAL_DESIGN_GEOMETRIC_PRESENTATION_REPRESENTATION('',(#1457),
#4141);
#4141=(
GEOMETRIC_REPRESENTATION_CONTEXT(3)
GLOBAL_UNCERTAINTY_ASSIGNED_CONTEXT((#4142))
GLOBAL_UNIT_ASSIGNED_CONTEXT((#4145,#4144,#4143))
REPRESENTATION_CONTEXT('Eye_Panel','TOP_LEVEL_ASSEMBLY_PART')
);
#4142=UNCERTAINTY_MEASURE_WITH_UNIT(LENGTH_MEASURE(0.0035088021150692),
#4145,'DISTANCE_ACCURACY_VALUE','Maximum Tolerance applied to model');
#4143=(
NAMED_UNIT(*)
SI_UNIT($,.STERADIAN.)
SOLID_ANGLE_UNIT()
);
#4144=(
NAMED_UNIT(*)
PLANE_ANGLE_UNIT()
SI_UNIT($,.RADIAN.)
);
#4145=(
LENGTH_UNIT()
NAMED_UNIT(*)
SI_UNIT(.CENTI.,.METRE.)
);
#4146=PRODUCT_DEFINITION_SHAPE('','',#4147);
#4147=PRODUCT_DEFINITION('','',#4149,#4148);
#4148=PRODUCT_DEFINITION_CONTEXT('',#4155,'design');
#4149=PRODUCT_DEFINITION_FORMATION_WITH_SPECIFIED_SOURCE('','',#4151,
 .NOT_KNOWN.);
#4150=PRODUCT_RELATED_PRODUCT_CATEGORY('','',(#4151));
#4151=PRODUCT('Eye_Panel','Eye_Panel','Eye_Panel',(#4153));
#4152=PRODUCT_CATEGORY('','');
#4153=PRODUCT_CONTEXT('',#4155,'mechanical');
#4154=APPLICATION_PROTOCOL_DEFINITION('international standard',
'ap242_managed_model_based_3d_engineering',2020,#4155);
#4155=APPLICATION_CONTEXT('managed model based 3d engineering');
ENDSEC;
END-ISO-10303-21;
